customer_id,customer_name,gender,birth_date,sido,sigungu,signup_date,latitude,longitude
0000001,김시우,M,2005-06-29,인천,연수구,2023-06-01,37.428937,126.682846
0000002,조수현,F,1996-04-11,울산,동구,2023-06-02,35.516205,129.425624
0000003,윤승민,M,1985-05-31,대전,대덕구,2023-06-02,36.378921,127.443177
0000004,오예준,M,1979-06-15,부산,부산진구,2023-06-02,35.156248,129.056828
0000005,정시우,M,2003-12-09,부산,동래구,2023-06-02,35.202857,129.076308
0000006,강하은,M,2003-08-09,인천,계양구,2023-06-02,37.541331,126.745466
0000007,조지원,F,1993-09-12,서울,강남구,2023-06-02,37.506762,127.025263
0000008,김수현,F,1996-02-03,서울,강남구,2023-06-02,37.485809,127.043491
0000009,서예준,M,2002-05-21,서울,성동구,2023-06-02,37.576037,127.03348
0000010,황시우,M,1978-10-24,서울,강남구,2023-06-02,37.489466,127.022467
0000011,홍현우,M,1973-10-11,서울,송파구,2023-06-02,37.526044,127.101726
0000012,안지원,M,2000-02-16,대구,중구,2023-06-03,35.87333,128.618027
0000013,장지민,M,2000-11-21,서울,마포구,2023-06-03,37.582523,126.912364
0000014,권동현,M,1975-10-21,서울,송파구,2023-06-03,37.527211,127.114209
0000015,서지훈,F,2003-06-14,서울,강남구,2023-06-04,37.493375,127.03537
0000016,임서준,F,2003-07-30,부산,남구,2023-06-04,35.120493,129.085186
0000017,박승민,M,2004-06-18,인천,연수구,2023-06-05,37.400091,126.683625
0000018,한현우,M,1973-08-07,대전,대덕구,2023-06-05,36.366109,127.434212
0000019,장지원,M,2002-09-02,부산,남구,2023-06-05,35.134891,129.094263
0000020,서도윤,F,1986-12-24,서울,성동구,2023-06-05,37.561687,127.040441
0000021,서지우,M,1970-03-02,서울,마포구,2023-06-05,37.582523,126.912364
0000022,한하윤,F,1988-01-31,인천,서구,2023-06-05,37.541082,126.676058
0000023,서지유,F,1971-01-18,대구,수성구,2023-06-06,35.866721,128.649568
0000024,송지성,F,1972-05-02,서울,강남구,2023-06-06,37.489466,127.022467
0000025,정지원,F,1987-08-23,인천,남동구,2023-06-06,37.452294,126.729161
0000026,전동현,M,1973-11-10,광주,북구,2023-06-07,35.182325,126.899092
0000027,이시우,M,1990-10-06,서울,마포구,2023-06-07,37.569019,126.91137
0000028,장하윤,F,1995-09-04,서울,송파구,2023-06-07,37.5014,127.135937
0000029,강영희,F,2002-02-03,부산,동래구,2023-06-08,35.218634,129.091488
0000030,서영희,M,1972-01-13,서울,성동구,2023-06-08,37.551464,127.03869
0000031,최건우,F,2001-08-08,서울,송파구,2023-06-08,37.51955,127.115158
0000032,오민서,M,1975-04-24,서울,성동구,2023-06-08,37.576037,127.03348
0000033,신서연,F,1988-05-27,부산,동래구,2023-06-09,35.207187,129.078356
0000034,전윤서,M,1999-02-12,부산,부산진구,2023-06-09,35.157608,129.051143
0000035,정주원,M,1975-01-16,울산,중구,2023-06-10,35.578704,129.328588
0000036,윤서준,M,2004-02-07,울산,중구,2023-06-10,35.578704,129.328588
0000037,홍지유,F,1975-04-13,인천,남동구,2023-06-10,37.450773,126.747514
0000038,최하윤,F,1997-11-15,서울,송파구,2023-06-11,37.5014,127.135937
0000039,장수현,F,1984-10-15,광주,북구,2023-06-11,35.162623,126.925196
0000040,정서연,M,1994-12-09,서울,성동구,2023-06-11,37.558694,127.046971
0000041,이건우,F,1991-10-03,서울,마포구,2023-06-12,37.57353,126.916356
0000042,서수진,F,1991-07-27,울산,울주군,2023-06-12,35.533543,129.241653
0000043,이건우,M,1992-10-08,서울,송파구,2023-06-12,37.514153,127.094813
0000044,정지훈,F,1979-01-26,인천,연수구,2023-06-12,37.400091,126.683625
0000045,홍철수,M,1979-12-12,인천,남동구,2023-06-13,37.452294,126.729161
0000046,송주원,F,1986-12-29,부산,부산진구,2023-06-13,35.165841,129.062262
0000047,황예준,M,2000-07-20,대전,대덕구,2023-06-13,36.378921,127.443177
0000048,한지성,F,1978-05-08,울산,중구,2023-06-13,35.578704,129.328588
0000049,권서현,M,1975-07-07,서울,송파구,2023-06-14,37.5014,127.135937
0000050,황하은,F,1971-04-15,광주,북구,2023-06-14,35.162623,126.925196
0000051,조건우,M,1990-05-30,서울,서초구,2023-06-14,37.477597,127.042074
0000052,신현우,F,2005-01-01,대전,대덕구,2023-06-14,36.366109,127.434212
0000053,박지민,M,1975-10-16,인천,남동구,2023-06-14,37.452294,126.729161
0000054,홍지성,M,1983-07-15,대구,동구,2023-06-14,35.889942,128.626899
0000055,박건우,M,2003-11-15,서울,강남구,2023-06-15,37.486781,127.030789
0000056,홍민서,M,1970-10-31,대전,대덕구,2023-06-15,36.355969,127.447839
0000057,최윤서,F,1973-10-04,인천,남동구,2023-06-16,37.450773,126.747514
0000058,윤지원,F,1992-02-04,울산,울주군,2023-06-16,35.517505,129.248126
0000059,이수현,M,1973-08-29,대구,북구,2023-06-16,35.912824,128.621362
0000060,장지민,F,2004-06-22,서울,마포구,2023-06-16,37.555331,126.907948
0000061,장수현,F,1996-01-07,서울,성동구,2023-06-17,37.577352,127.050323
0000062,오지원,M,2005-08-12,서울,송파구,2023-06-18,37.5014,127.135937
0000063,오서연,M,1999-09-24,서울,마포구,2023-06-18,37.563645,126.908126
0000064,안철수,M,1982-02-04,서울,마포구,2023-06-18,37.579231,126.921633
0000065,최지원,M,1988-05-31,울산,동구,2023-06-19,35.492899,129.423847
0000066,윤승민,M,1993-04-03,부산,수영구,2023-06-19,35.154477,129.111701
0000067,윤지유,M,1975-01-08,서울,서초구,2023-06-19,37.478985,127.033267
0000068,오서연,F,1978-08-29,서울,강남구,2023-06-19,37.493375,127.03537
0000069,한수현,M,1998-08-18,부산,동래구,2023-06-19,35.210645,129.083455
0000070,권하준,M,1983-12-05,부산,동래구,2023-06-19,35.202857,129.076308
0000071,권지민,M,1978-03-16,인천,남동구,2023-06-20,37.452294,126.729161
0000072,이지유,M,1986-12-03,대전,중구,2023-06-20,36.338939,127.448992
0000073,황민서,M,1996-04-20,인천,부평구,2023-06-20,37.501582,126.711729
0000074,장지유,M,1975-12-31,서울,송파구,2023-06-20,37.51731,127.100273
0000075,임지성,M,1999-09-03,서울,성동구,2023-06-20,37.567738,127.044146
0000076,전지우,M,1994-07-18,대전,대덕구,2023-06-20,36.355969,127.447839
0000077,권시우,F,1977-12-06,대전,서구,2023-06-21,36.355481,127.361029
0000078,장현석,F,1996-12-04,서울,송파구,2023-06-21,37.51731,127.100273
0000079,황하윤,M,1978-07-11,대전,대덕구,2023-06-22,36.364878,127.436737
0000080,황지유,M,1985-09-28,서울,성동구,2023-06-22,37.567738,127.044146
0000081,오지민,M,1979-04-01,대구,수성구,2023-06-22,35.866721,128.649568
0000082,안지훈,F,1974-11-16,부산,동래구,2023-06-23,35.205918,129.063324
0000083,조지훈,M,1982-12-23,인천,연수구,2023-06-23,37.400091,126.683625
0000084,권하준,F,1993-08-11,부산,남구,2023-06-23,35.134891,129.094263
0000085,홍윤서,F,1976-07-30,인천,남동구,2023-06-23,37.452294,126.729161
0000086,최윤서,M,1970-01-11,서울,강남구,2023-06-23,37.494624,127.018984
0000087,신민서,M,1977-07-23,부산,동래구,2023-06-24,35.210645,129.083455
0000088,임철수,F,1995-12-24,대구,중구,2023-06-24,35.87333,128.618027
0000089,전현석,M,1984-05-26,서울,마포구,2023-06-24,37.582523,126.912364
0000090,이시우,M,2000-09-20,인천,연수구,2023-06-25,37.400091,126.683625
0000091,이시우,M,2000-08-22,서울,마포구,2023-06-25,37.579329,126.904005
0000092,박서연,M,1997-12-25,울산,동구,2023-06-25,35.492899,129.423847
0000093,장주원,F,1973-10-22,서울,마포구,2023-06-25,37.555331,126.907948
0000094,정지민,F,1998-04-25,서울,강남구,2023-06-25,37.485809,127.043491
0000095,한도윤,F,1997-12-26,서울,성동구,2023-06-26,37.576037,127.03348
0000096,임수현,F,2000-12-26,서울,송파구,2023-06-26,37.526044,127.101726
0000097,임현석,M,1988-08-24,부산,동래구,2023-06-26,35.202857,129.076308
0000098,황동현,F,2000-12-26,서울,강남구,2023-06-26,37.501172,127.032666
0000099,송하윤,M,1976-12-27,서울,마포구,2023-06-27,37.579329,126.904005
0000100,권지성,F,1972-07-03,부산,동래구,2023-06-27,35.210645,129.083455
0000101,홍지훈,F,1963-12-27,서울,마포구,2023-06-27,37.579329,126.904005
0000102,오지훈,F,2004-12-29,서울,서초구,2023-06-27,37.484243,127.021823
0000103,박지원,M,2000-01-16,서울,성동구,2023-06-27,37.577737,127.017251
0000104,장지호,F,1994-08-12,서울,마포구,2023-06-28,37.562295,126.898744
0000105,서지훈,F,1988-12-28,서울,서초구,2023-06-28,37.483618,127.040159
0000106,최지민,M,1991-08-18,서울,마포구,2023-06-28,37.563645,126.908126
0000107,홍서준,M,1993-03-16,광주,북구,2023-06-28,35.182325,126.899092
0000108,권서준,F,1983-12-28,부산,부산진구,2023-06-28,35.157608,129.051143
0000109,이하준,M,1982-12-29,부산,부산진구,2023-06-29,35.155937,129.048964
0000110,신수현,M,1996-09-16,서울,송파구,2023-06-29,37.510372,127.112456
0000111,한동현,F,1973-02-23,서울,송파구,2023-06-29,37.510372,127.112456
0000112,최지민,F,1985-12-30,서울,서초구,2023-06-30,37.483618,127.040159
0000113,안윤서,F,1965-12-31,서울,송파구,2023-06-30,37.50325,127.119319
0000114,장시우,F,1975-12-30,서울,강남구,2023-06-30,37.494624,127.018984
0000115,권영희,M,1992-12-31,인천,계양구,2023-06-30,37.544605,126.734891
0000116,오건우,F,2000-12-30,인천,부평구,2023-06-30,37.507528,126.716538
0000117,이민서,M,1968-12-30,부산,부산진구,2023-06-30,35.157608,129.051143
0000118,전하은,F,1988-12-30,서울,송파구,2023-06-30,37.516641,127.094043
0000119,신건우,M,1984-07-09,서울,성동구,2023-06-30,37.577737,127.017251
0000120,장시우,F,1971-04-07,서울,강남구,2023-07-01,37.485809,127.043491
0000121,정서윤,F,1988-06-01,부산,동래구,2023-07-01,35.202857,129.076308
0000122,박민서,F,1978-01-01,부산,부산진구,2023-07-01,35.173635,129.074432
0000123,서지원,M,1997-01-01,서울,마포구,2023-07-01,37.579231,126.921633
0000124,권예준,F,1999-01-01,서울,송파구,2023-07-01,37.510372,127.112456
0000125,서지원,F,1986-01-01,부산,남구,2023-07-01,35.134891,129.094263
0000126,최수현,F,1984-01-01,대구,북구,2023-07-01,35.898802,128.615833
0000127,황윤서,M,1987-01-01,서울,강남구,2023-07-01,37.489466,127.022467
0000128,전지호,M,1970-01-19,서울,마포구,2023-07-01,37.562295,126.898744
0000129,안건우,M,2002-01-02,서울,송파구,2023-07-02,37.51955,127.115158
0000130,송현석,M,1970-01-02,대구,북구,2023-07-02,35.898802,128.615833
0000131,홍지원,M,1981-01-02,서울,송파구,2023-07-02,37.508941,127.105223
0000132,장지성,F,2001-01-02,인천,연수구,2023-07-02,37.400091,126.683625
0000133,최승민,F,1984-01-07,서울,마포구,2023-07-02,37.569019,126.91137
0000134,윤지훈,M,1983-09-10,부산,남구,2023-07-02,35.134891,129.094263
0000135,박현석,M,2001-06-21,대구,달서구,2023-07-02,35.817083,128.534496
0000136,신지성,F,1974-06-27,울산,울주군,2023-07-02,35.517505,129.248126
0000137,최시우,M,1990-01-02,대구,중구,2023-07-02,35.87333,128.618027
0000138,신하은,M,1980-11-05,서울,성동구,2023-07-03,37.577737,127.017251
0000139,정시우,F,1972-01-26,부산,해운대구,2023-07-03,35.176365,129.153956
0000140,신승민,M,1980-01-03,서울,송파구,2023-07-03,37.51955,127.115158
0000141,임예준,M,1998-01-03,부산,부산진구,2023-07-03,35.148214,129.054903
0000142,김서윤,F,1981-01-03,부산,부산진구,2023-07-03,35.155937,129.048964
0000143,임하은,F,1979-01-03,대전,대덕구,2023-07-03,36.364878,127.436737
0000144,서지민,F,1992-01-04,서울,서초구,2023-07-04,37.477597,127.042074
0000145,김철수,M,1993-01-04,대전,중구,2023-07-04,36.319807,127.434568
0000146,이주원,M,1985-01-04,서울,강남구,2023-07-04,37.486781,127.030789
0000147,안시우,M,1986-01-18,대전,대덕구,2023-07-04,36.364878,127.436737
0000148,최주원,M,2001-11-21,대구,중구,2023-07-04,35.87333,128.618027
0000149,서현우,M,1973-07-12,인천,남동구,2023-07-04,37.452294,126.729161
0000150,안서윤,M,1996-08-04,부산,해운대구,2023-07-05,35.176365,129.153956
0000151,신하준,M,1979-01-05,부산,해운대구,2023-07-05,35.176365,129.153956
0000152,서현우,F,2001-01-05,서울,강남구,2023-07-05,37.493375,127.03537
0000153,오지유,M,1990-01-05,서울,서초구,2023-07-05,37.484243,127.021823
0000154,오수진,M,2001-01-05,서울,성동구,2023-07-05,37.577352,127.050323
0000155,장서준,M,2002-01-05,부산,부산진구,2023-07-05,35.155937,129.048964
0000156,장하준,F,1986-01-05,부산,부산진구,2023-07-05,35.173635,129.074432
0000157,박예준,F,1971-04-29,울산,남구,2023-07-05,35.545241,129.330526
0000158,최민서,M,1973-01-06,서울,강남구,2023-07-06,37.486781,127.030789
0000159,송지호,M,1976-01-06,서울,성동구,2023-07-06,37.576037,127.03348
0000160,정하준,F,1981-01-06,부산,동래구,2023-07-06,35.210645,129.083455
0000161,강서준,F,1989-01-06,부산,남구,2023-07-06,35.13827,129.08179
0000162,최시우,M,1979-01-06,울산,중구,2023-07-06,35.578704,129.328588
0000163,송현우,M,2004-01-06,대구,동구,2023-07-06,35.889942,128.626899
0000164,안현석,F,1977-01-06,서울,강남구,2023-07-06,37.489466,127.022467
0000165,전윤서,F,1979-01-06,광주,북구,2023-07-06,35.182325,126.899092
0000166,장지성,M,1981-01-06,서울,송파구,2023-07-06,37.508941,127.105223
0000167,안지훈,M,1993-01-06,대구,북구,2023-07-06,35.912824,128.621362
0000168,권지민,M,2005-10-23,부산,동래구,2023-07-06,35.218634,129.091488
0000169,송현우,F,2004-01-19,서울,성동구,2023-07-06,37.558694,127.046971
0000170,강서윤,M,1998-01-07,부산,동래구,2023-07-07,35.210645,129.083455
0000171,안윤서,M,1979-01-07,서울,마포구,2023-07-07,37.567218,126.927162
0000172,홍수현,M,1989-01-07,서울,송파구,2023-07-07,37.51731,127.100273
0000173,이현우,F,1970-01-07,서울,마포구,2023-07-07,37.582523,126.912364
0000174,박민서,F,1995-01-07,부산,동래구,2023-07-07,35.207187,129.078356
0000175,김철수,M,1993-01-07,인천,부평구,2023-07-07,37.501582,126.711729
0000176,정동현,F,1980-11-16,서울,성동구,2023-07-08,37.56004,127.06894
0000177,황하은,F,2000-01-08,부산,동래구,2023-07-08,35.202857,129.076308
0000178,전동현,F,1972-01-08,인천,남동구,2023-07-08,37.450773,126.747514
0000179,신지훈,M,2003-09-02,서울,서초구,2023-07-08,37.485348,127.020431
0000180,강서연,M,1993-10-20,서울,성동구,2023-07-09,37.551464,127.03869
0000181,황지원,M,1984-01-09,부산,동래구,2023-07-09,35.210645,129.083455
0000182,임현우,M,1969-01-09,서울,마포구,2023-07-09,37.563645,126.908126
0000183,장서준,M,2004-01-09,부산,해운대구,2023-07-09,35.163322,129.159222
0000184,홍수진,F,2002-01-09,서울,송파구,2023-07-09,37.510372,127.112456
0000185,홍하은,F,1986-01-09,서울,마포구,2023-07-09,37.567218,126.927162
0000186,안서준,M,1991-09-21,서울,서초구,2023-07-10,37.485348,127.020431
0000187,송수진,M,1974-06-04,서울,서초구,2023-07-10,37.478985,127.033267
0000188,안민준,F,1997-08-20,광주,북구,2023-07-10,35.18152,126.926067
0000189,윤도윤,F,1987-01-10,울산,울주군,2023-07-10,35.533543,129.241653
0000190,강지성,M,1997-03-17,인천,서구,2023-07-10,37.541082,126.676058
0000191,윤서연,F,1972-01-14,광주,북구,2023-07-11,35.158612,126.907869
0000192,권지성,M,2005-10-16,울산,울주군,2023-07-11,35.533543,129.241653
0000193,안하은,F,1987-01-11,대전,대덕구,2023-07-11,36.355969,127.447839
0000194,권철수,F,1973-01-11,울산,남구,2023-07-11,35.54049,129.328761
0000195,장하은,F,1972-01-11,부산,해운대구,2023-07-11,35.176365,129.153956
0000196,이동현,F,1988-01-11,서울,송파구,2023-07-11,37.514153,127.094813
0000197,홍서연,M,1981-01-05,서울,강남구,2023-07-12,37.494624,127.018984
0000198,오지성,F,1981-02-13,광주,북구,2023-07-12,35.158612,126.907869
0000199,강하윤,F,1994-03-26,부산,부산진구,2023-07-12,35.148214,129.054903
0000200,안하준,M,1982-01-12,인천,남동구,2023-07-12,37.431258,126.73738
0000201,최시우,M,1991-01-12,서울,서초구,2023-07-12,37.478985,127.033267
0000202,이서준,F,1997-01-13,서울,마포구,2023-07-13,37.562295,126.898744
0000203,박도윤,F,1975-08-16,부산,부산진구,2023-07-13,35.157608,129.051143
0000204,조도윤,F,1999-01-13,부산,부산진구,2023-07-13,35.153548,129.048878
0000205,이지유,M,1990-02-08,서울,성동구,2023-07-13,37.551464,127.03869
0000206,정하은,M,1969-01-13,부산,부산진구,2023-07-13,35.156248,129.056828
0000207,오철수,F,1994-01-13,부산,동래구,2023-07-13,35.202857,129.076308
0000208,박지민,F,1986-01-14,부산,부산진구,2023-07-14,35.173635,129.074432
0000209,서서연,F,1978-09-23,대구,중구,2023-07-14,35.87333,128.618027
0000210,전주원,F,1978-10-16,부산,부산진구,2023-07-14,35.164516,129.05897
0000211,임서현,M,1984-04-26,부산,동래구,2023-07-14,35.210645,129.083455
0000212,신수현,M,1972-03-09,서울,송파구,2023-07-15,37.528144,127.11822
0000213,신동현,M,1997-11-22,울산,동구,2023-07-15,35.492899,129.423847
0000214,홍윤서,F,1982-01-15,울산,동구,2023-07-15,35.516205,129.425624
0000215,최하준,M,1964-01-15,인천,부평구,2023-07-15,37.507528,126.716538
0000216,정서준,M,2003-01-15,서울,성동구,2023-07-15,37.551464,127.03869
0000217,안지훈,M,1994-01-15,대전,서구,2023-07-15,36.355481,127.361029
0000218,홍건우,F,1988-01-15,서울,마포구,2023-07-15,37.562295,126.898744
0000219,권지호,F,1973-09-03,울산,울주군,2023-07-15,35.533543,129.241653
0000220,강서연,M,2000-01-16,인천,계양구,2023-07-16,37.541331,126.745466
0000221,황수진,F,1997-04-26,대전,중구,2023-07-16,36.319807,127.434568
0000222,최동현,F,1979-01-16,부산,해운대구,2023-07-16,35.163322,129.159222
0000223,장도윤,F,1993-03-19,광주,남구,2023-07-16,35.13845,126.940927
0000224,홍서윤,F,1998-01-19,서울,송파구,2023-07-16,37.51731,127.100273
0000225,안서연,M,1991-01-17,대구,달서구,2023-07-17,35.817083,128.534496
0000226,김윤서,F,1976-01-17,대전,중구,2023-07-17,36.338939,127.448992
0000227,안현석,M,1977-01-18,서울,강남구,2023-07-18,37.486781,127.030789
0000228,장동현,M,1976-01-18,서울,성동구,2023-07-18,37.567738,127.044146
0000229,김지원,F,1980-01-18,대구,수성구,2023-07-18,35.866721,128.649568
0000230,최지유,F,1984-08-03,서울,송파구,2023-07-19,37.51731,127.100273
0000231,임시우,M,1998-09-18,서울,마포구,2023-07-19,37.582523,126.912364
0000232,홍민준,M,1966-01-19,인천,남동구,2023-07-19,37.452294,126.729161
0000233,장하윤,M,2004-10-19,부산,부산진구,2023-07-19,35.155937,129.048964
0000234,서지민,M,1983-01-19,울산,동구,2023-07-19,35.516205,129.425624
0000235,강주원,F,1991-11-15,울산,울주군,2023-07-19,35.533543,129.241653
0000236,홍서연,F,1977-01-19,서울,서초구,2023-07-19,37.484243,127.021823
0000237,김하은,F,1995-07-06,부산,부산진구,2023-07-20,35.155731,129.036082
0000238,서지훈,M,1965-01-20,서울,마포구,2023-07-20,37.567218,126.927162
0000239,홍지호,F,1988-04-11,부산,부산진구,2023-07-21,35.148214,129.054903
0000240,신수진,M,1988-01-21,부산,부산진구,2023-07-21,35.157608,129.051143
0000241,신주원,F,1975-01-01,서울,강남구,2023-07-21,37.489466,127.022467
0000242,한지훈,F,2003-01-21,대구,수성구,2023-07-21,35.866721,128.649568
0000243,정시우,F,1983-05-27,울산,울주군,2023-07-21,35.517505,129.248126
0000244,정지호,M,1974-01-21,부산,부산진구,2023-07-21,35.155731,129.036082
0000245,신지우,F,2005-03-28,광주,북구,2023-07-22,35.158612,126.907869
0000246,서지호,F,2001-01-22,부산,해운대구,2023-07-22,35.163322,129.159222
0000247,한승민,F,1980-01-22,대전,대덕구,2023-07-22,36.355969,127.447839
0000248,정지유,M,2002-01-22,부산,동래구,2023-07-22,35.210645,129.083455
0000249,한현석,F,1977-01-22,서울,마포구,2023-07-22,37.582523,126.912364
0000250,전승민,M,1988-01-22,울산,울주군,2023-07-22,35.533543,129.241653
0000251,한주원,M,1990-01-22,인천,계양구,2023-07-22,37.541331,126.745466
0000252,서시우,M,1996-01-23,부산,부산진구,2023-07-23,35.155937,129.048964
0000253,한주원,F,1982-01-23,서울,송파구,2023-07-23,37.514153,127.094813
0000254,최서현,M,1987-01-23,서울,성동구,2023-07-23,37.576037,127.03348
0000255,오민준,M,1994-01-23,대전,대덕구,2023-07-23,36.366109,127.434212
0000256,박민준,M,1988-06-08,대구,달서구,2023-07-24,35.817083,128.534496
0000257,정민서,M,1991-08-04,부산,동래구,2023-07-24,35.202857,129.076308
0000258,윤시우,M,1987-01-24,부산,해운대구,2023-07-24,35.176365,129.153956
0000259,송서현,M,1977-01-24,부산,동래구,2023-07-24,35.210645,129.083455
0000260,신지성,M,1974-01-24,대전,대덕구,2023-07-24,36.355969,127.447839
0000261,권지유,F,1982-04-04,대구,달서구,2023-07-25,35.817083,128.534496
0000262,임서준,F,1979-01-05,서울,성동구,2023-07-25,37.56004,127.06894
0000263,장수현,F,1969-01-25,부산,부산진구,2023-07-25,35.155731,129.036082
0000264,신서윤,M,1978-01-25,인천,서구,2023-07-25,37.541082,126.676058
0000265,이도윤,F,1973-01-26,서울,강남구,2023-07-26,37.485809,127.043491
0000266,안수진,M,1982-01-26,울산,울주군,2023-07-26,35.517505,129.248126
0000267,임현우,M,1971-08-27,부산,부산진구,2023-07-26,35.155731,129.036082
0000268,이현석,F,1998-10-18,인천,부평구,2023-07-26,37.501582,126.711729
0000269,김하은,F,1975-11-02,부산,부산진구,2023-07-26,35.155937,129.048964
0000270,박하준,F,1973-07-07,서울,강남구,2023-07-26,37.489466,127.022467
0000271,장영희,M,1966-01-27,울산,울주군,2023-07-27,35.517505,129.248126
0000272,안승민,M,1989-08-17,서울,마포구,2023-07-27,37.562295,126.898744
0000273,최철수,M,1987-01-27,서울,성동구,2023-07-27,37.577352,127.050323
0000274,박예준,M,1984-01-27,인천,부평구,2023-07-27,37.507528,126.716538
0000275,황도윤,M,1988-01-27,서울,강남구,2023-07-27,37.494624,127.018984
0000276,조동현,F,1969-01-28,서울,마포구,2023-07-28,37.579231,126.921633
0000277,홍건우,F,1974-01-28,광주,동구,2023-07-28,35.148286,126.932418
0000278,송서윤,M,2004-04-29,부산,부산진구,2023-07-28,35.164516,129.05897
0000279,오지성,F,1976-03-07,서울,성동구,2023-07-28,37.558694,127.046971
0000280,이도윤,F,1990-04-09,대구,중구,2023-07-28,35.87333,128.618027
0000281,윤서현,M,1972-01-29,서울,마포구,2023-07-29,37.562295,126.898744
0000282,조승민,M,1992-01-29,부산,남구,2023-07-29,35.120493,129.085186
0000283,이지훈,M,1987-01-29,광주,북구,2023-07-29,35.162623,126.925196
0000284,신예준,F,1978-04-17,부산,부산진구,2023-07-29,35.155937,129.048964
0000285,임하윤,M,2002-11-02,서울,마포구,2023-07-29,37.57353,126.916356
0000286,한서현,M,1986-02-25,광주,북구,2023-07-29,35.158612,126.907869
0000287,윤도윤,M,1980-01-30,대전,유성구,2023-07-30,36.35391,127.351198
0000288,강민서,M,1976-01-30,인천,부평구,2023-07-30,37.501582,126.711729
0000289,서주원,M,1966-01-30,서울,성동구,2023-07-30,37.561687,127.040441
0000290,황민서,M,1981-03-30,울산,중구,2023-07-31,35.578704,129.328588
0000291,신서연,M,2003-03-15,부산,부산진구,2023-07-31,35.148214,129.054903
0000292,박지우,F,1972-08-23,부산,남구,2023-07-31,35.120493,129.085186
0000293,오서현,F,1972-04-09,서울,송파구,2023-07-31,37.516641,127.094043
0000294,조하은,F,1969-02-01,인천,연수구,2023-08-01,37.428937,126.682846
0000295,서도윤,F,1995-08-16,부산,동래구,2023-08-01,35.202857,129.076308
0000296,한지유,M,1992-02-01,대전,대덕구,2023-08-01,36.366109,127.434212
0000297,홍서현,F,1999-06-04,부산,동래구,2023-08-02,35.218634,129.091488
0000298,한수현,M,1995-02-02,부산,동래구,2023-08-02,35.210645,129.083455
0000299,김윤서,M,2004-02-02,대전,유성구,2023-08-02,36.35391,127.351198
0000300,황지호,M,1987-02-03,서울,마포구,2023-08-03,37.555331,126.907948
0000301,김도윤,M,1994-02-03,서울,강남구,2023-08-03,37.493375,127.03537
0000302,전수진,M,1977-08-17,서울,마포구,2023-08-03,37.569019,126.91137
0000303,서건우,F,2004-03-11,부산,부산진구,2023-08-03,35.157608,129.051143
0000304,박철수,F,1981-02-04,대전,중구,2023-08-04,36.338939,127.448992
0000305,장승민,F,1974-02-04,부산,부산진구,2023-08-04,35.155937,129.048964
0000306,윤도윤,F,1988-02-04,대구,달서구,2023-08-04,35.817083,128.534496
0000307,송민서,F,1996-02-12,대구,수성구,2023-08-04,35.866721,128.649568
0000308,홍수현,M,1987-02-05,부산,부산진구,2023-08-05,35.148214,129.054903
0000309,서지훈,M,1978-11-26,서울,성동구,2023-08-05,37.577737,127.017251
0000310,홍지민,F,1979-02-05,서울,성동구,2023-08-05,37.56004,127.06894
0000311,서철수,M,2003-02-05,서울,마포구,2023-08-05,37.562295,126.898744
0000312,신하윤,F,1997-02-05,서울,송파구,2023-08-05,37.528144,127.11822
0000313,전영희,M,1985-02-06,대전,대덕구,2023-08-06,36.355969,127.447839
0000314,오지성,F,1987-02-06,서울,마포구,2023-08-06,37.563645,126.908126
0000315,박서현,F,1993-02-06,부산,부산진구,2023-08-06,35.155731,129.036082
0000316,서민서,M,1988-02-06,서울,송파구,2023-08-06,37.516641,127.094043
0000317,송서윤,M,1969-02-07,대구,달서구,2023-08-07,35.817083,128.534496
0000318,황수현,M,1989-02-08,울산,중구,2023-08-08,35.578704,129.328588
0000319,최민준,F,1994-03-18,인천,연수구,2023-08-08,37.400091,126.683625
0000320,최지유,M,1989-02-09,부산,남구,2023-08-09,35.13827,129.08179
0000321,정철수,F,1973-02-09,울산,동구,2023-08-09,35.516205,129.425624
0000322,윤시우,F,1982-07-02,서울,송파구,2023-08-09,37.5014,127.135937
0000323,홍서준,F,1986-02-10,서울,송파구,2023-08-10,37.528144,127.11822
0000324,홍현석,M,1982-02-10,서울,마포구,2023-08-10,37.555331,126.907948
0000325,강건우,M,2001-02-10,울산,중구,2023-08-10,35.578704,129.328588
0000326,오서윤,M,2003-02-10,부산,부산진구,2023-08-10,35.156248,129.056828
0000327,김서연,M,1983-04-09,부산,부산진구,2023-08-11,35.155937,129.048964
0000328,이지우,F,1997-04-15,대전,대덕구,2023-08-11,36.378921,127.443177
0000329,최서현,M,1981-03-06,대전,중구,2023-08-11,36.319807,127.434568
0000330,박하준,F,1988-02-11,부산,동래구,2023-08-11,35.205918,129.063324
0000331,황지성,F,1974-02-11,인천,계양구,2023-08-11,37.544605,126.734891
0000332,서지민,F,1975-02-11,서울,서초구,2023-08-11,37.492387,127.030204
0000333,오지우,F,1982-02-17,광주,동구,2023-08-11,35.148286,126.932418
0000334,조현우,F,1999-07-25,대전,중구,2023-08-12,36.338939,127.448992
0000335,정하윤,F,1998-02-12,서울,강남구,2023-08-12,37.486781,127.030789
0000336,홍수현,M,1984-02-12,서울,성동구,2023-08-12,37.558694,127.046971
0000337,홍민준,M,1975-02-12,서울,마포구,2023-08-12,37.579231,126.921633
0000338,박동현,F,1984-05-02,서울,성동구,2023-08-13,37.561687,127.040441
0000339,박지민,M,1994-02-13,대전,대덕구,2023-08-13,36.366109,127.434212
0000340,임시우,F,1988-02-13,대구,동구,2023-08-13,35.889942,128.626899
0000341,안서현,F,1971-06-24,서울,마포구,2023-08-13,37.57353,126.916356
0000342,홍지민,M,1984-02-13,서울,송파구,2023-08-13,37.514153,127.094813
0000343,안현석,F,1993-02-13,울산,울주군,2023-08-13,35.533543,129.241653
0000344,서지유,M,1973-07-15,대구,달서구,2023-08-14,35.817083,128.534496
0000345,한지훈,F,1990-02-14,울산,동구,2023-08-14,35.492899,129.423847
0000346,강주원,F,1991-02-15,대전,중구,2023-08-15,36.319807,127.434568
0000347,황지성,F,1999-02-15,부산,부산진구,2023-08-15,35.148214,129.054903
0000348,이지성,F,1990-02-16,서울,강남구,2023-08-16,37.494624,127.018984
0000349,홍현우,M,1979-12-10,서울,강남구,2023-08-16,37.506762,127.025263
0000350,장서연,F,1996-02-16,서울,성동구,2023-08-16,37.567738,127.044146
0000351,전지우,M,1977-02-16,대전,유성구,2023-08-16,36.35391,127.351198
0000352,조철수,F,1998-02-16,광주,북구,2023-08-16,35.162623,126.925196
0000353,이지성,M,1997-02-17,서울,마포구,2023-08-17,37.579231,126.921633
0000354,오민서,M,1986-02-17,인천,남동구,2023-08-17,37.431258,126.73738
0000355,송수현,F,1980-12-04,서울,성동구,2023-08-17,37.567738,127.044146
0000356,권도윤,M,1991-02-20,부산,부산진구,2023-08-18,35.156248,129.056828
0000357,홍현우,M,1984-02-19,서울,송파구,2023-08-19,37.508941,127.105223
0000358,최윤서,F,1979-02-19,서울,서초구,2023-08-19,37.477597,127.042074
0000359,이승민,M,1987-02-19,대전,대덕구,2023-08-19,36.378921,127.443177
0000360,장시우,M,1985-02-19,대구,북구,2023-08-19,35.912824,128.621362
0000361,신서윤,M,1986-02-19,대전,대덕구,2023-08-19,36.364878,127.436737
0000362,한지훈,M,1982-02-20,서울,송파구,2023-08-20,37.508941,127.105223
0000363,서민서,F,2002-02-20,부산,부산진구,2023-08-20,35.156248,129.056828
0000364,송윤서,M,1988-02-20,서울,성동구,2023-08-20,37.577737,127.017251
0000365,윤민서,M,1999-05-07,서울,성동구,2023-08-20,37.551464,127.03869
0000366,신건우,F,2001-02-20,울산,동구,2023-08-20,35.492899,129.423847
0000367,박수현,M,1980-03-20,인천,계양구,2023-08-20,37.541331,126.745466
0000368,전수현,M,1988-02-20,서울,서초구,2023-08-20,37.485348,127.020431
0000369,한민준,M,1976-02-21,대구,달서구,2023-08-21,35.817083,128.534496
0000370,윤서준,F,1990-03-17,인천,부평구,2023-08-21,37.507528,126.716538
0000371,박현우,F,1997-02-21,울산,동구,2023-08-21,35.492899,129.423847
0000372,신서현,F,1985-02-21,부산,남구,2023-08-21,35.134891,129.094263
0000373,강동현,M,1999-02-23,인천,남동구,2023-08-23,37.450773,126.747514
0000374,장서현,M,1996-02-23,부산,해운대구,2023-08-23,35.163322,129.159222
0000375,안동현,M,1990-02-23,서울,마포구,2023-08-23,37.562295,126.898744
0000376,김민서,M,1980-02-23,부산,남구,2023-08-23,35.13827,129.08179
0000377,임서연,M,1979-02-23,서울,마포구,2023-08-23,37.567218,126.927162
0000378,황영희,F,1964-02-23,인천,부평구,2023-08-23,37.501582,126.711729
0000379,신건우,F,1977-02-23,부산,남구,2023-08-23,35.134891,129.094263
0000380,송시우,M,1984-02-24,서울,강남구,2023-08-24,37.506762,127.025263
0000381,임하윤,M,1987-02-24,광주,북구,2023-08-24,35.162623,126.925196
0000382,전영희,M,2003-01-25,대전,대덕구,2023-08-24,36.366109,127.434212
0000383,전현석,M,1978-02-25,부산,부산진구,2023-08-25,35.153548,129.048878
0000384,강하은,F,1982-04-08,부산,부산진구,2023-08-25,35.165841,129.062262
0000385,신하준,F,1978-08-27,서울,서초구,2023-08-26,37.483618,127.040159
0000386,강시우,F,1990-02-27,서울,성동구,2023-08-27,37.561687,127.040441
0000387,이지성,F,2002-02-27,부산,해운대구,2023-08-27,35.176365,129.153956
0000388,오하윤,M,1964-02-27,부산,부산진구,2023-08-27,35.173635,129.074432
0000389,조서현,F,1977-02-27,서울,송파구,2023-08-27,37.527211,127.114209
0000390,윤윤서,F,1998-02-27,서울,마포구,2023-08-27,37.579329,126.904005
0000391,장건우,M,2003-02-27,서울,성동구,2023-08-27,37.551464,127.03869
0000392,장수진,F,1980-02-27,울산,동구,2023-08-27,35.516205,129.425624
0000393,홍도윤,M,1999-02-28,서울,마포구,2023-08-28,37.563645,126.908126
0000394,전동현,M,1999-07-27,대전,중구,2023-08-29,36.319807,127.434568
0000395,송하준,M,1978-08-24,부산,남구,2023-08-29,35.134891,129.094263
0000396,한하윤,M,2001-08-12,울산,동구,2023-08-29,35.516205,129.425624
0000397,정수진,F,1992-07-15,부산,부산진구,2023-08-29,35.148214,129.054903
0000398,한지성,M,1974-09-23,서울,강남구,2023-08-31,37.501172,127.032666
0000399,김지원,M,1987-06-23,부산,동래구,2023-08-31,35.202857,129.076308
0000400,정하윤,F,1991-03-01,서울,마포구,2023-09-01,37.567218,126.927162
0000401,송수진,M,2000-03-01,서울,서초구,2023-09-01,37.483618,127.040159
0000402,홍하준,M,1976-02-13,부산,남구,2023-09-01,35.13827,129.08179
0000403,정지우,M,1982-07-05,대전,대덕구,2023-09-01,36.364878,127.436737
0000404,윤시우,M,1978-10-19,대전,중구,2023-09-02,36.319807,127.434568
0000405,박수현,M,1971-07-19,대전,중구,2023-09-02,36.338939,127.448992
0000406,이승민,M,1999-01-28,울산,남구,2023-09-02,35.545241,129.330526
0000407,김시우,F,1983-03-02,서울,송파구,2023-09-02,37.51731,127.100273
0000408,박시우,F,2000-06-15,서울,강남구,2023-09-02,37.485809,127.043491
0000409,신하윤,M,1988-01-03,서울,송파구,2023-09-02,37.516641,127.094043
0000410,최현석,F,1970-07-18,인천,연수구,2023-09-02,37.400091,126.683625
0000411,김시우,F,1978-03-02,서울,성동구,2023-09-02,37.551464,127.03869
0000412,윤민서,F,1970-04-02,광주,북구,2023-09-02,35.162623,126.925196
0000413,장수진,F,1973-03-03,서울,서초구,2023-09-03,37.485348,127.020431
0000414,임현석,F,1997-01-17,서울,서초구,2023-09-03,37.477597,127.042074
0000415,강도윤,F,1969-03-03,대전,대덕구,2023-09-03,36.364878,127.436737
0000416,한지우,M,1973-07-28,대전,대덕구,2023-09-04,36.364878,127.436737
0000417,정현석,M,1996-05-08,부산,부산진구,2023-09-04,35.173635,129.074432
0000418,최서현,F,1965-03-04,대전,대덕구,2023-09-04,36.355969,127.447839
0000419,이승민,M,1970-06-25,대전,중구,2023-09-04,36.319807,127.434568
0000420,서지훈,M,1971-02-04,서울,서초구,2023-09-04,37.477597,127.042074
0000421,황지민,M,1991-03-05,대전,대덕구,2023-09-05,36.364878,127.436737
0000422,조서윤,F,1964-03-05,대전,중구,2023-09-05,36.319807,127.434568
0000423,윤민서,M,1996-09-26,서울,송파구,2023-09-05,37.51731,127.100273
0000424,홍철수,F,1996-10-09,서울,송파구,2023-09-05,37.51955,127.115158
0000425,권윤서,F,1991-03-05,부산,동래구,2023-09-05,35.210645,129.083455
0000426,임지원,F,1986-05-13,부산,해운대구,2023-09-05,35.163322,129.159222
0000427,강시우,M,2003-05-16,인천,남동구,2023-09-06,37.452294,126.729161
0000428,전시우,M,1964-03-07,대구,달서구,2023-09-07,35.817083,128.534496
0000429,한건우,M,1984-03-07,서울,송파구,2023-09-07,37.51731,127.100273
0000430,정예준,F,1975-03-07,대전,대덕구,2023-09-07,36.378921,127.443177
0000431,장예준,F,1985-03-07,서울,강남구,2023-09-07,37.493375,127.03537
0000432,신도윤,F,2002-01-17,울산,중구,2023-09-08,35.578704,129.328588
0000433,전지성,F,1994-03-08,서울,강남구,2023-09-08,37.507388,127.043409
0000434,강지유,M,1986-07-21,부산,남구,2023-09-08,35.120493,129.085186
0000435,윤민준,M,1983-11-09,서울,서초구,2023-09-08,37.484243,127.021823
0000436,이지호,F,1997-03-03,서울,강남구,2023-09-08,37.493375,127.03537
0000437,신서현,F,1986-03-09,서울,마포구,2023-09-09,37.569019,126.91137
0000438,정지성,F,1986-03-09,인천,연수구,2023-09-09,37.400091,126.683625
0000439,최수현,F,1991-04-01,서울,서초구,2023-09-09,37.483618,127.040159
0000440,황서연,M,1982-01-12,부산,동래구,2023-09-09,35.205918,129.063324
0000441,최지성,M,2002-10-30,부산,부산진구,2023-09-09,35.156248,129.056828
0000442,권주원,F,1994-07-26,서울,강남구,2023-09-09,37.507388,127.043409
0000443,임서현,M,1999-03-11,서울,성동구,2023-09-09,37.577352,127.050323
0000444,장민서,M,1996-06-20,서울,송파구,2023-09-10,37.528144,127.11822
0000445,이지민,M,2001-09-08,서울,성동구,2023-09-10,37.577737,127.017251
0000446,임지원,F,1989-10-02,서울,강남구,2023-09-10,37.486781,127.030789
0000447,권주원,M,1977-03-10,서울,송파구,2023-09-10,37.514153,127.094813
0000448,임서연,F,2000-05-29,서울,성동구,2023-09-10,37.577352,127.050323
0000449,임지원,F,1999-05-24,서울,마포구,2023-09-10,37.579329,126.904005
0000450,이도윤,F,1993-03-10,서울,성동구,2023-09-10,37.56004,127.06894
0000451,서서연,M,1991-03-11,대구,달서구,2023-09-11,35.817083,128.534496
0000452,신지민,M,1982-11-20,서울,송파구,2023-09-12,37.50325,127.119319
0000453,정건우,F,1987-03-12,서울,성동구,2023-09-12,37.576037,127.03348
0000454,조철수,F,1999-04-19,부산,남구,2023-09-12,35.120493,129.085186
0000455,최수진,M,2000-07-17,서울,송파구,2023-09-12,37.50325,127.119319
0000456,윤지호,F,1975-03-13,서울,성동구,2023-09-13,37.56004,127.06894
0000457,한지유,F,1990-03-01,부산,수영구,2023-09-14,35.154477,129.111701
0000458,박서현,F,1990-03-03,서울,마포구,2023-09-14,37.567218,126.927162
0000459,이민준,M,1990-03-14,서울,마포구,2023-09-14,37.563645,126.908126
0000460,서지우,M,2003-03-14,부산,남구,2023-09-14,35.120493,129.085186
0000461,신하윤,M,1989-07-09,부산,부산진구,2023-09-14,35.165841,129.062262
0000462,박지원,F,1988-03-14,광주,동구,2023-09-14,35.148286,126.932418
0000463,정현우,M,1999-03-14,인천,부평구,2023-09-14,37.507528,126.716538
0000464,황윤서,M,1985-06-02,부산,부산진구,2023-09-14,35.165841,129.062262
0000465,김지성,F,1970-03-15,부산,부산진구,2023-09-15,35.164516,129.05897
0000466,박건우,F,1970-06-16,대전,중구,2023-09-15,36.338939,127.448992
0000467,송동현,M,1980-04-23,부산,수영구,2023-09-15,35.154477,129.111701
0000468,김민준,F,1986-10-25,대구,수성구,2023-09-15,35.866721,128.649568
0000469,최민준,M,1991-05-26,서울,강남구,2023-09-15,37.507388,127.043409
0000470,박철수,F,1982-03-15,서울,송파구,2023-09-15,37.526044,127.101726
0000471,서건우,F,1987-05-02,서울,송파구,2023-09-15,37.510372,127.112456
0000472,윤지성,F,1979-12-11,울산,울주군,2023-09-16,35.517505,129.248126
0000473,김동현,M,1986-03-16,부산,부산진구,2023-09-16,35.155937,129.048964
0000474,임지호,M,1990-03-16,대전,중구,2023-09-16,36.319807,127.434568
0000475,강수진,M,1984-06-13,울산,울주군,2023-09-16,35.517505,129.248126
0000476,오예준,M,1987-04-29,서울,송파구,2023-09-16,37.516641,127.094043
0000477,신지우,F,2002-02-05,부산,부산진구,2023-09-16,35.164516,129.05897
0000478,강윤서,F,1984-02-03,서울,강남구,2023-09-16,37.506762,127.025263
0000479,권승민,M,1988-06-06,광주,북구,2023-09-17,35.18152,126.926067
0000480,조지원,F,1986-06-02,서울,송파구,2023-09-17,37.516641,127.094043
0000481,황지우,F,1973-04-03,대전,대덕구,2023-09-17,36.355969,127.447839
0000482,안하은,M,1990-07-16,인천,부평구,2023-09-17,37.501582,126.711729
0000483,김서준,M,1987-06-10,서울,송파구,2023-09-18,37.516641,127.094043
0000484,강하준,M,2005-04-22,대전,중구,2023-09-18,36.319807,127.434568
0000485,최현우,F,1991-03-18,서울,강남구,2023-09-18,37.493375,127.03537
0000486,신서윤,F,1973-10-25,부산,해운대구,2023-09-18,35.176365,129.153956
0000487,장하은,M,1985-03-19,인천,남동구,2023-09-19,37.452294,126.729161
0000488,장지민,M,2003-08-06,부산,해운대구,2023-09-19,35.163322,129.159222
0000489,조지원,M,1976-03-19,부산,부산진구,2023-09-19,35.155731,129.036082
0000490,권서연,F,1980-05-12,서울,강남구,2023-09-20,37.493375,127.03537
0000491,한현석,M,2001-10-12,부산,부산진구,2023-09-20,35.164516,129.05897
0000492,황승민,M,1980-11-12,부산,동래구,2023-09-20,35.218634,129.091488
0000493,송민준,F,1976-12-24,서울,성동구,2023-09-20,37.558694,127.046971
0000494,신동현,M,1976-03-21,광주,북구,2023-09-21,35.158612,126.907869
0000495,권예준,M,1987-02-23,서울,성동구,2023-09-21,37.558694,127.046971
0000496,이주원,M,1974-03-21,서울,강남구,2023-09-21,37.507388,127.043409
0000497,이민서,M,1986-09-29,서울,강남구,2023-09-21,37.506762,127.025263
0000498,한서연,F,1994-10-10,서울,서초구,2023-09-21,37.485348,127.020431
0000499,안예준,M,1990-10-03,부산,수영구,2023-09-22,35.154477,129.111701
0000500,강수진,M,1981-04-03,부산,부산진구,2023-09-22,35.156248,129.056828
0000501,안지우,F,1971-01-01,서울,서초구,2023-09-22,37.484243,127.021823
0000502,송서현,F,1990-01-17,서울,송파구,2023-09-22,37.510372,127.112456
0000503,정서윤,F,1977-03-23,서울,송파구,2023-09-23,37.50325,127.119319
0000504,김하준,F,1988-03-23,서울,마포구,2023-09-23,37.555331,126.907948
0000505,정지우,M,1973-12-14,서울,성동구,2023-09-23,37.56004,127.06894
0000506,권도윤,F,1979-05-06,부산,수영구,2023-09-23,35.154477,129.111701
0000507,황수진,M,1977-03-27,서울,서초구,2023-09-23,37.478985,127.033267
0000508,홍지민,F,1993-09-15,인천,남동구,2023-09-23,37.450773,126.747514
0000509,한지성,F,1973-05-19,울산,동구,2023-09-23,35.492899,129.423847
0000510,서서준,M,1991-03-23,서울,성동구,2023-09-23,37.576037,127.03348
0000511,임승민,F,1997-08-03,울산,남구,2023-09-24,35.54049,129.328761
0000512,박하준,M,1992-03-24,광주,동구,2023-09-24,35.148286,126.932418
0000513,김지원,M,1994-08-16,서울,송파구,2023-09-24,37.516641,127.094043
0000514,이지훈,F,1980-07-11,광주,북구,2023-09-24,35.158612,126.907869
0000515,안현석,M,2003-08-20,광주,동구,2023-09-24,35.148286,126.932418
0000516,권현우,M,1965-03-24,대구,달서구,2023-09-24,35.817083,128.534496
0000517,오서준,M,1983-05-26,인천,계양구,2023-09-24,37.544605,126.734891
0000518,신서윤,F,2005-02-21,광주,북구,2023-09-24,35.182325,126.899092
0000519,윤승민,M,2003-10-05,광주,북구,2023-09-24,35.18152,126.926067
0000520,김서윤,M,1994-03-21,울산,동구,2023-09-24,35.516205,129.425624
0000521,신영희,M,1989-08-15,울산,남구,2023-09-24,35.54049,129.328761
0000522,박수현,F,1981-12-10,인천,남동구,2023-09-24,37.452294,126.729161
0000523,조민준,M,1973-05-19,부산,부산진구,2023-09-25,35.155937,129.048964
0000524,강서연,F,1994-11-08,서울,성동구,2023-09-25,37.576037,127.03348
0000525,정동현,M,1984-03-25,서울,성동구,2023-09-25,37.577737,127.017251
0000526,최윤서,F,1972-06-25,인천,남동구,2023-09-25,37.431258,126.73738
0000527,조지호,M,1990-03-25,부산,부산진구,2023-09-25,35.155937,129.048964
0000528,박지민,F,2005-07-20,서울,강남구,2023-09-25,37.506762,127.025263
0000529,송영희,F,1972-12-17,부산,부산진구,2023-09-25,35.155937,129.048964
0000530,이현우,M,1970-11-23,인천,부평구,2023-09-25,37.507528,126.716538
0000531,이예준,F,1984-01-09,서울,송파구,2023-09-25,37.51955,127.115158
0000532,이지훈,F,1989-03-26,광주,북구,2023-09-26,35.158612,126.907869
0000533,임수현,F,1984-03-26,대구,수성구,2023-09-26,35.866721,128.649568
0000534,오영희,M,1991-03-26,인천,서구,2023-09-26,37.541082,126.676058
0000535,홍하준,M,2001-10-15,인천,남동구,2023-09-26,37.452294,126.729161
0000536,황지유,M,1976-11-22,서울,송파구,2023-09-26,37.510372,127.112456
0000537,이서현,F,1976-06-25,서울,성동구,2023-09-26,37.577352,127.050323
0000538,오현우,M,1995-12-28,부산,부산진구,2023-09-26,35.156248,129.056828
0000539,장하은,M,1965-03-27,부산,남구,2023-09-27,35.13827,129.08179
0000540,이승민,F,1999-01-04,대전,대덕구,2023-09-27,36.366109,127.434212
0000541,정하준,M,1977-10-03,대전,대덕구,2023-09-27,36.355969,127.447839
0000542,조지원,M,1995-05-13,서울,성동구,2023-09-27,37.558694,127.046971
0000543,서서현,F,2001-10-12,서울,강남구,2023-09-28,37.494624,127.018984
0000544,권서준,M,1997-04-03,대전,중구,2023-09-28,36.319807,127.434568
0000545,전현석,F,2001-12-30,서울,강남구,2023-09-28,37.506762,127.025263
0000546,오도윤,M,1987-05-13,부산,남구,2023-09-28,35.13827,129.08179
0000547,안건우,M,1990-03-29,부산,부산진구,2023-09-29,35.173635,129.074432
0000548,최현석,M,1996-03-29,울산,울주군,2023-09-29,35.533543,129.241653
0000549,윤건우,F,1976-03-29,서울,송파구,2023-09-29,37.516641,127.094043
0000550,김민서,M,2005-01-05,부산,부산진구,2023-09-30,35.156248,129.056828
0000551,임서준,M,1985-03-31,서울,성동구,2023-09-30,37.577737,127.017251
0000552,신현석,M,1996-04-26,부산,부산진구,2023-09-30,35.155731,129.036082
0000553,오윤서,M,1979-03-30,서울,성동구,2023-09-30,37.576037,127.03348
0000554,안지성,F,1991-05-27,부산,부산진구,2023-09-30,35.153548,129.048878
0000555,한서연,F,1989-03-31,대전,대덕구,2023-09-30,36.364878,127.436737
0000556,전현우,M,1997-04-01,대구,중구,2023-10-01,35.87333,128.618027
0000557,윤지성,M,1985-01-18,서울,송파구,2023-10-01,37.526044,127.101726
0000558,신지훈,F,1986-02-28,대구,중구,2023-10-02,35.87333,128.618027
0000559,강수진,M,1997-04-02,서울,성동구,2023-10-02,37.577737,127.017251
0000560,장수진,F,1984-04-02,서울,성동구,2023-10-02,37.577737,127.017251
0000561,홍영희,F,1992-08-19,부산,수영구,2023-10-03,35.154477,129.111701
0000562,최서연,M,1995-04-03,서울,강남구,2023-10-03,37.493375,127.03537
0000563,송현석,M,1999-05-20,인천,부평구,2023-10-04,37.507528,126.716538
0000564,최수현,M,1991-01-03,서울,강남구,2023-10-04,37.485809,127.043491
0000565,서지민,F,1990-11-15,서울,강남구,2023-10-04,37.485809,127.043491
0000566,권동현,M,2003-10-11,대구,달서구,2023-10-05,35.817083,128.534496
0000567,전영희,M,1973-10-12,서울,서초구,2023-10-05,37.492387,127.030204
0000568,홍현우,F,2000-09-12,대구,북구,2023-10-05,35.898802,128.615833
0000569,최윤서,M,1985-02-18,서울,서초구,2023-10-05,37.478985,127.033267
0000570,전지호,F,2004-06-09,인천,계양구,2023-10-05,37.541331,126.745466
0000571,송민서,F,1976-03-03,서울,강남구,2023-10-06,37.493375,127.03537
0000572,서지호,F,1992-04-06,부산,부산진구,2023-10-06,35.156248,129.056828
0000573,조주원,M,1987-03-28,인천,부평구,2023-10-06,37.501582,126.711729
0000574,한도윤,M,1972-04-06,울산,동구,2023-10-06,35.516205,129.425624
0000575,조승민,F,1979-02-10,서울,강남구,2023-10-06,37.501172,127.032666
0000576,조예준,F,1976-10-05,광주,동구,2023-10-07,35.148286,126.932418
0000577,서윤서,F,1993-11-26,부산,남구,2023-10-07,35.13827,129.08179
0000578,윤하은,M,2001-01-26,부산,부산진구,2023-10-07,35.153548,129.048878
0000579,홍예준,F,2001-09-17,서울,강남구,2023-10-08,37.507388,127.043409
0000580,장예준,F,1983-08-28,대전,대덕구,2023-10-08,36.355969,127.447839
0000581,이지유,M,2005-12-10,광주,북구,2023-10-08,35.158612,126.907869
0000582,임윤서,M,1984-04-09,서울,서초구,2023-10-09,37.477597,127.042074
0000583,윤주원,F,1971-11-11,서울,강남구,2023-10-09,37.493375,127.03537
0000584,조서현,M,1972-01-29,인천,남동구,2023-10-09,37.431258,126.73738
0000585,윤수진,F,1971-03-09,서울,송파구,2023-10-10,37.510372,127.112456
0000586,권지훈,F,1988-04-10,서울,마포구,2023-10-10,37.57353,126.916356
0000587,윤도윤,M,1981-03-09,서울,성동구,2023-10-10,37.551464,127.03869
0000588,장예준,M,1974-04-10,광주,남구,2023-10-10,35.13845,126.940927
0000589,황민준,F,2004-06-23,대구,북구,2023-10-10,35.912824,128.621362
0000590,강시우,F,1991-04-10,울산,남구,2023-10-10,35.545241,129.330526
0000591,서서윤,F,1988-04-10,광주,동구,2023-10-10,35.148286,126.932418
0000592,윤도윤,F,2002-04-11,서울,서초구,2023-10-11,37.478985,127.033267
0000593,최지성,M,1975-04-11,서울,성동구,2023-10-11,37.576037,127.03348
0000594,황하윤,M,1978-12-25,서울,송파구,2023-10-11,37.526044,127.101726
0000595,강서윤,M,1972-05-24,광주,동구,2023-10-11,35.148286,126.932418
0000596,박하은,M,1982-11-28,대구,북구,2023-10-12,35.912824,128.621362
0000597,서영희,F,1992-03-20,서울,송파구,2023-10-12,37.528144,127.11822
0000598,이주원,F,1989-05-04,부산,부산진구,2023-10-13,35.165841,129.062262
0000599,서건우,M,1988-06-18,부산,해운대구,2023-10-13,35.163322,129.159222
0000600,한서현,F,1977-07-15,대구,북구,2023-10-13,35.898802,128.615833
0000601,전주원,F,2001-04-13,인천,부평구,2023-10-13,37.501582,126.711729
0000602,장하준,M,1980-04-14,서울,강남구,2023-10-14,37.506762,127.025263
0000603,장하은,F,1984-05-04,울산,울주군,2023-10-14,35.517505,129.248126
0000604,오지성,M,1994-09-29,서울,서초구,2023-10-14,37.492387,127.030204
0000605,최건우,F,1973-02-26,인천,계양구,2023-10-14,37.541331,126.745466
0000606,임하준,M,1997-05-12,울산,중구,2023-10-15,35.578704,129.328588
0000607,오수현,F,1997-04-19,부산,부산진구,2023-10-15,35.165841,129.062262
0000608,권철수,F,1987-04-15,대구,동구,2023-10-15,35.889942,128.626899
0000609,서예준,M,1999-04-15,광주,동구,2023-10-15,35.148286,126.932418
0000610,장예준,F,1992-09-01,서울,강남구,2023-10-16,37.506762,127.025263
0000611,최하윤,M,1997-04-16,부산,동래구,2023-10-16,35.202857,129.076308
0000612,권윤서,M,1993-04-16,울산,동구,2023-10-16,35.492899,129.423847
0000613,윤하윤,M,2000-07-10,인천,남동구,2023-10-16,37.452294,126.729161
0000614,안윤서,M,2004-08-09,부산,부산진구,2023-10-16,35.165841,129.062262
0000615,안철수,F,1981-04-16,서울,마포구,2023-10-16,37.569019,126.91137
0000616,장영희,F,1992-08-12,울산,남구,2023-10-17,35.545241,129.330526
0000617,전지우,M,1981-05-26,서울,성동구,2023-10-17,37.558694,127.046971
0000618,전영희,F,1979-11-09,서울,성동구,2023-10-18,37.56004,127.06894
0000619,황영희,M,1978-04-18,서울,서초구,2023-10-18,37.484243,127.021823
0000620,송승민,M,1983-08-14,울산,동구,2023-10-18,35.492899,129.423847
0000621,조지호,F,1973-04-18,부산,부산진구,2023-10-18,35.155937,129.048964
0000622,홍건우,F,1973-04-18,광주,동구,2023-10-18,35.148286,126.932418
0000623,이지성,F,1972-09-21,부산,해운대구,2023-10-19,35.163322,129.159222
0000624,오주원,F,1996-04-19,광주,북구,2023-10-19,35.18152,126.926067
0000625,정시우,M,2003-04-19,대구,동구,2023-10-19,35.889942,128.626899
0000626,신건우,M,1971-12-23,서울,강남구,2023-10-19,37.485809,127.043491
0000627,정민서,M,1992-05-08,대전,대덕구,2023-10-20,36.366109,127.434212
0000628,전지우,M,2005-05-11,부산,동래구,2023-10-20,35.210645,129.083455
0000629,정민서,F,1987-04-20,서울,마포구,2023-10-20,37.582523,126.912364
0000630,홍도윤,F,1985-04-20,서울,서초구,2023-10-20,37.483618,127.040159
0000631,한윤서,F,1993-06-26,인천,계양구,2023-10-20,37.541331,126.745466
0000632,정도윤,M,1986-04-21,부산,남구,2023-10-21,35.13827,129.08179
0000633,서영희,M,1996-04-21,인천,계양구,2023-10-21,37.544605,126.734891
0000634,서서윤,F,1978-04-01,부산,해운대구,2023-10-21,35.176365,129.153956
0000635,전민서,F,1973-11-02,서울,강남구,2023-10-21,37.507388,127.043409
0000636,김철수,F,1990-07-18,서울,송파구,2023-10-21,37.527211,127.114209
0000637,한주원,F,1983-07-29,서울,송파구,2023-10-22,37.527211,127.114209
0000638,한하윤,M,1980-04-17,서울,서초구,2023-10-22,37.48525,127.024041
0000639,한예준,F,2001-11-22,대구,북구,2023-10-22,35.912824,128.621362
0000640,김현우,F,1980-12-29,서울,송파구,2023-10-22,37.51731,127.100273
0000641,정지호,M,1984-04-22,대구,동구,2023-10-22,35.889942,128.626899
0000642,서하윤,F,1986-05-31,대구,동구,2023-10-22,35.889942,128.626899
0000643,정서연,M,2004-03-20,서울,성동구,2023-10-23,37.56004,127.06894
0000644,신수진,F,1979-09-25,인천,남동구,2023-10-23,37.431258,126.73738
0000645,권윤서,M,1978-04-23,서울,성동구,2023-10-23,37.577352,127.050323
0000646,송민준,F,1995-04-23,서울,강남구,2023-10-23,37.486781,127.030789
0000647,강현석,M,1982-04-23,서울,강남구,2023-10-23,37.507388,127.043409
0000648,김지훈,F,1981-04-14,서울,마포구,2023-10-23,37.582523,126.912364
0000649,전하은,F,1980-12-29,서울,송파구,2023-10-23,37.527211,127.114209
0000650,송하윤,F,1983-01-02,서울,강남구,2023-10-24,37.501172,127.032666
0000651,이건우,M,2004-04-04,대전,대덕구,2023-10-24,36.366109,127.434212
0000652,송수현,M,1979-10-01,울산,울주군,2023-10-26,35.533543,129.241653
0000653,강현석,M,2001-04-13,대구,달서구,2023-10-26,35.817083,128.534496
0000654,장민서,F,2002-07-19,인천,서구,2023-10-26,37.541082,126.676058
0000655,전현석,M,1984-04-26,서울,마포구,2023-10-26,37.567218,126.927162
0000656,안수진,F,1977-06-27,서울,마포구,2023-10-27,37.57353,126.916356
0000657,최현우,F,1986-03-29,인천,계양구,2023-10-27,37.541331,126.745466
0000658,강지성,M,2002-04-04,부산,남구,2023-10-27,35.120493,129.085186
0000659,장지원,F,1984-03-05,부산,부산진구,2023-10-27,35.155937,129.048964
0000660,김민준,F,1971-06-10,서울,강남구,2023-10-27,37.486781,127.030789
0000661,서지민,F,2003-04-28,광주,북구,2023-10-28,35.162623,126.925196
0000662,김지원,M,1991-12-14,서울,서초구,2023-10-28,37.484243,127.021823
0000663,장지원,F,1993-11-02,서울,서초구,2023-10-28,37.485348,127.020431
0000664,전지훈,F,1988-04-28,서울,서초구,2023-10-28,37.484243,127.021823
0000665,전승민,M,1996-10-07,부산,남구,2023-10-28,35.13827,129.08179
0000666,최지훈,M,2004-06-30,서울,송파구,2023-10-28,37.514153,127.094813
0000667,한시우,M,1985-01-19,광주,북구,2023-10-29,35.18152,126.926067
0000668,전지원,F,2001-11-16,서울,서초구,2023-10-29,37.483618,127.040159
0000669,서시우,F,1993-02-26,울산,울주군,2023-10-30,35.533543,129.241653
0000670,안수진,F,1990-08-26,서울,성동구,2023-10-30,37.567738,127.044146
0000671,한도윤,M,1976-05-23,서울,서초구,2023-10-30,37.492387,127.030204
0000672,전서연,M,1980-03-13,인천,남동구,2023-10-31,37.452294,126.729161
0000673,임수현,F,1990-12-08,대전,유성구,2023-11-01,36.35391,127.351198
0000674,윤현우,F,1974-10-22,울산,울주군,2023-11-01,35.533543,129.241653
0000675,홍현석,M,1994-01-05,서울,송파구,2023-11-01,37.50325,127.119319
0000676,한수진,F,1980-03-20,서울,마포구,2023-11-01,37.579329,126.904005
0000677,안민준,F,2001-05-01,울산,울주군,2023-11-01,35.517505,129.248126
0000678,이동현,F,1974-05-01,서울,서초구,2023-11-01,37.484243,127.021823
0000679,권도윤,M,1988-09-14,서울,강남구,2023-11-01,37.493375,127.03537
0000680,오수현,M,2000-08-31,부산,부산진구,2023-11-01,35.165841,129.062262
0000681,서지훈,M,1975-10-07,서울,서초구,2023-11-01,37.485348,127.020431
0000682,서시우,M,1974-07-26,서울,마포구,2023-11-01,37.555331,126.907948
0000683,황지우,F,1969-05-02,서울,마포구,2023-11-02,37.569019,126.91137
0000684,권하은,M,1999-03-30,대구,달서구,2023-11-02,35.817083,128.534496
0000685,송하윤,M,1974-02-13,서울,서초구,2023-11-02,37.484243,127.021823
0000686,임수현,F,1976-04-19,부산,남구,2023-11-02,35.13827,129.08179
0000687,전지호,M,1964-05-02,서울,강남구,2023-11-02,37.494624,127.018984
0000688,임서준,F,1982-05-02,서울,송파구,2023-11-02,37.514153,127.094813
0000689,송서현,F,1981-01-07,울산,동구,2023-11-02,35.516205,129.425624
0000690,황승민,M,1971-07-09,서울,성동구,2023-11-02,37.577352,127.050323
0000691,안지민,M,1986-12-04,부산,동래구,2023-11-02,35.202857,129.076308
0000692,장시우,M,1980-06-30,서울,마포구,2023-11-02,37.579231,126.921633
0000693,윤지유,F,2004-05-02,서울,송파구,2023-11-03,37.5014,127.135937
0000694,권승민,F,1976-11-05,서울,마포구,2023-11-03,37.562295,126.898744
0000695,송수현,M,1999-09-10,인천,계양구,2023-11-03,37.544605,126.734891
0000696,송서윤,M,2005-11-11,부산,부산진구,2023-11-03,35.157608,129.051143
0000697,서영희,F,1988-12-05,부산,부산진구,2023-11-03,35.165841,129.062262
0000698,황시우,M,1996-06-12,서울,강남구,2023-11-03,37.489466,127.022467
0000699,송서현,F,1999-05-17,서울,강남구,2023-11-04,37.489466,127.022467
0000700,김지유,F,1997-05-04,서울,성동구,2023-11-04,37.567738,127.044146
0000701,임민서,M,1980-05-04,울산,울주군,2023-11-04,35.533543,129.241653
0000702,전건우,M,1988-07-01,대구,달서구,2023-11-04,35.817083,128.534496
0000703,한지훈,M,1981-10-04,인천,계양구,2023-11-04,37.544605,126.734891
0000704,임건우,F,1971-02-27,서울,송파구,2023-11-04,37.51731,127.100273
0000705,한주원,F,1992-05-04,서울,송파구,2023-11-04,37.528144,127.11822
0000706,김수진,F,1982-07-22,부산,부산진구,2023-11-04,35.164516,129.05897
0000707,장수진,M,2004-06-07,부산,동래구,2023-11-05,35.207187,129.078356
0000708,안윤서,F,2003-11-13,부산,부산진구,2023-11-05,35.155731,129.036082
0000709,서건우,F,1982-05-31,인천,연수구,2023-11-05,37.428937,126.682846
0000710,한현우,M,1977-03-29,부산,남구,2023-11-05,35.120493,129.085186
0000711,박수진,F,2001-10-30,서울,성동구,2023-11-05,37.558694,127.046971
0000712,한동현,M,1977-06-14,대전,대덕구,2023-11-05,36.378921,127.443177
0000713,황현우,M,1980-05-05,울산,남구,2023-11-05,35.545241,129.330526
0000714,이영희,M,1981-05-05,서울,송파구,2023-11-05,37.51731,127.100273
0000715,박승민,M,1982-05-06,서울,강남구,2023-11-06,37.489466,127.022467
0000716,서하준,M,1977-02-28,울산,울주군,2023-11-06,35.517505,129.248126
0000717,장서준,F,1994-05-26,대구,동구,2023-11-06,35.889942,128.626899
0000718,박현우,F,1983-04-05,서울,강남구,2023-11-06,37.501172,127.032666
0000719,신하은,M,2004-05-07,부산,남구,2023-11-07,35.120493,129.085186
0000720,안하윤,F,1988-07-05,서울,송파구,2023-11-07,37.51955,127.115158
0000721,장지성,F,1989-05-04,부산,수영구,2023-11-07,35.154477,129.111701
0000722,임동현,F,1991-05-07,서울,강남구,2023-11-07,37.493375,127.03537
0000723,박하준,F,1997-02-23,부산,부산진구,2023-11-08,35.173635,129.074432
0000724,이지훈,M,1986-01-31,부산,부산진구,2023-11-08,35.153548,129.048878
0000725,이수진,F,2001-08-24,서울,마포구,2023-11-08,37.563645,126.908126
0000726,홍지민,M,2004-02-04,부산,부산진구,2023-11-08,35.155937,129.048964
0000727,강수진,M,2004-12-23,부산,동래구,2023-11-08,35.205918,129.063324
0000728,이지원,M,1987-01-31,서울,마포구,2023-11-09,37.582523,126.912364
0000729,홍하준,F,1998-01-31,서울,서초구,2023-11-09,37.483618,127.040159
0000730,신철수,M,1978-05-09,서울,마포구,2023-11-09,37.563645,126.908126
0000731,윤수현,F,1984-02-02,서울,송파구,2023-11-09,37.527211,127.114209
0000732,오서현,M,2003-05-22,서울,강남구,2023-11-09,37.506762,127.025263
0000733,김지유,M,1975-10-15,부산,해운대구,2023-11-09,35.163322,129.159222
0000734,한현우,M,1999-01-24,서울,강남구,2023-11-09,37.507388,127.043409
0000735,안예준,M,1990-05-09,인천,남동구,2023-11-09,37.450773,126.747514
0000736,한주원,M,1983-06-26,서울,마포구,2023-11-10,37.57353,126.916356
0000737,서하은,F,1987-02-24,부산,동래구,2023-11-10,35.202857,129.076308
0000738,장현우,M,1980-11-28,울산,동구,2023-11-10,35.492899,129.423847
0000739,황서준,M,1979-05-10,대구,수성구,2023-11-10,35.866721,128.649568
0000740,홍현석,M,2002-05-10,인천,남동구,2023-11-10,37.452294,126.729161
0000741,이서현,M,1974-06-25,부산,부산진구,2023-11-10,35.156248,129.056828
0000742,홍서현,M,1996-03-27,부산,동래구,2023-11-10,35.218634,129.091488
0000743,서민준,M,1984-08-13,광주,북구,2023-11-10,35.182325,126.899092
0000744,서도윤,F,2001-02-10,인천,계양구,2023-11-10,37.544605,126.734891
0000745,임지민,F,1994-07-06,울산,남구,2023-11-10,35.54049,129.328761
0000746,서지우,M,2005-11-26,서울,마포구,2023-11-11,37.579231,126.921633
0000747,한동현,M,1985-11-25,울산,남구,2023-11-11,35.545241,129.330526
0000748,정하은,M,1985-05-03,대구,동구,2023-11-11,35.889942,128.626899
0000749,김하준,M,1980-02-14,울산,동구,2023-11-11,35.492899,129.423847
0000750,최영희,F,1996-02-15,서울,성동구,2023-11-11,37.577352,127.050323
0000751,전지원,F,1994-09-09,대전,대덕구,2023-11-12,36.378921,127.443177
0000752,오서윤,F,1966-05-12,서울,송파구,2023-11-12,37.516641,127.094043
0000753,임하준,M,1999-09-19,서울,성동구,2023-11-12,37.577352,127.050323
0000754,송영희,M,1974-12-24,서울,강남구,2023-11-13,37.494624,127.018984
0000755,김현우,F,1973-05-16,부산,부산진구,2023-11-13,35.155937,129.048964
0000756,최지성,M,1970-05-25,인천,계양구,2023-11-13,37.541331,126.745466
0000757,김지호,M,1980-05-13,서울,강남구,2023-11-13,37.507388,127.043409
0000758,박주원,M,1991-05-13,서울,마포구,2023-11-13,37.567218,126.927162
0000759,최예준,F,2004-02-28,인천,연수구,2023-11-13,37.428937,126.682846
0000760,서수현,F,1973-10-07,서울,마포구,2023-11-13,37.555331,126.907948
0000761,신시우,F,2000-06-24,광주,남구,2023-11-13,35.13845,126.940927
0000762,윤민서,M,1988-07-22,울산,울주군,2023-11-13,35.533543,129.241653
0000763,신현석,M,1990-10-17,대전,대덕구,2023-11-13,36.355969,127.447839
0000764,전승민,F,1981-07-17,서울,강남구,2023-11-13,37.507388,127.043409
0000765,조현석,M,1978-08-24,부산,남구,2023-11-13,35.13827,129.08179
0000766,송현석,M,1990-05-08,서울,강남구,2023-11-14,37.485809,127.043491
0000767,한지성,M,1984-12-05,인천,남동구,2023-11-14,37.450773,126.747514
0000768,한현석,M,1999-01-28,부산,부산진구,2023-11-14,35.148214,129.054903
0000769,한서연,F,2003-03-18,대구,중구,2023-11-14,35.87333,128.618027
0000770,정현석,F,1993-04-27,대구,중구,2023-11-14,35.87333,128.618027
0000771,오수현,M,1998-05-15,서울,강남구,2023-11-15,37.486781,127.030789
0000772,서서현,F,1983-10-16,광주,동구,2023-11-15,35.148286,126.932418
0000773,김현우,F,1985-06-06,부산,동래구,2023-11-15,35.202857,129.076308
0000774,홍지민,M,1979-03-28,서울,마포구,2023-11-15,37.57353,126.916356
0000775,장현석,M,1984-11-02,서울,마포구,2023-11-15,37.569019,126.91137
0000776,최지호,M,1986-02-12,대전,대덕구,2023-11-15,36.378921,127.443177
0000777,이지유,F,1990-09-16,서울,마포구,2023-11-15,37.57353,126.916356
0000778,박윤서,M,1973-08-21,서울,송파구,2023-11-15,37.527211,127.114209
0000779,조지성,M,1972-08-24,서울,마포구,2023-11-16,37.569019,126.91137
0000780,이현석,F,1980-07-13,인천,부평구,2023-11-16,37.501582,126.711729
0000781,박도윤,M,2004-06-27,인천,계양구,2023-11-16,37.541331,126.745466
0000782,김수진,F,1994-04-20,울산,울주군,2023-11-16,35.533543,129.241653
0000783,임민서,F,1981-05-29,서울,송파구,2023-11-16,37.5014,127.135937
0000784,강수진,M,2005-05-25,부산,동래구,2023-11-16,35.218634,129.091488
0000785,이도윤,F,1980-12-03,부산,해운대구,2023-11-16,35.163322,129.159222
0000786,서지훈,F,1973-11-23,서울,송파구,2023-11-16,37.510372,127.112456
0000787,황민서,F,1978-01-05,서울,송파구,2023-11-17,37.508941,127.105223
0000788,권수현,M,1986-04-06,부산,동래구,2023-11-17,35.202857,129.076308
0000789,오시우,F,1978-03-27,광주,남구,2023-11-17,35.13845,126.940927
0000790,한동현,F,1992-11-21,울산,울주군,2023-11-17,35.533543,129.241653
0000791,정수현,F,1974-01-08,부산,동래구,2023-11-18,35.218634,129.091488
0000792,오수현,M,1971-04-13,부산,부산진구,2023-11-18,35.173635,129.074432
0000793,권서윤,F,2003-08-10,부산,부산진구,2023-11-18,35.156248,129.056828
0000794,김윤서,M,1972-01-17,광주,남구,2023-11-18,35.13845,126.940927
0000795,전건우,F,2004-09-04,부산,수영구,2023-11-18,35.154477,129.111701
0000796,임하준,M,1974-05-18,서울,마포구,2023-11-18,37.582523,126.912364
0000797,최하은,M,2000-07-17,서울,마포구,2023-11-18,37.569019,126.91137
0000798,최민서,M,1976-02-28,서울,송파구,2023-11-19,37.528144,127.11822
0000799,오시우,M,1970-02-04,서울,송파구,2023-11-19,37.508941,127.105223
0000800,임도윤,M,1988-10-16,부산,해운대구,2023-11-19,35.176365,129.153956
0000801,조수현,F,2004-09-13,인천,남동구,2023-11-20,37.452294,126.729161
0000802,신하준,M,1988-12-01,인천,부평구,2023-11-20,37.507528,126.716538
0000803,조지호,M,1981-07-06,서울,서초구,2023-11-20,37.485348,127.020431
0000804,최수현,M,2003-12-17,서울,송파구,2023-11-20,37.50325,127.119319
0000805,이현석,M,1978-08-13,서울,마포구,2023-11-20,37.569019,126.91137
0000806,송시우,M,2001-10-21,서울,송파구,2023-11-20,37.528144,127.11822
0000807,전지우,F,1978-02-26,대전,서구,2023-11-20,36.355481,127.361029
0000808,오지호,F,1986-05-21,서울,마포구,2023-11-21,37.57353,126.916356
0000809,장수진,M,1978-12-22,서울,마포구,2023-11-21,37.569019,126.91137
0000810,오지우,M,2000-11-28,서울,강남구,2023-11-21,37.507388,127.043409
0000811,홍서연,F,1987-02-20,부산,남구,2023-11-21,35.134891,129.094263
0000812,윤지민,F,1988-06-14,대전,중구,2023-11-21,36.319807,127.434568
0000813,홍지우,F,1983-03-18,대구,동구,2023-11-21,35.889942,128.626899
0000814,강수현,F,1975-06-02,서울,성동구,2023-11-22,37.567738,127.044146
0000815,김서연,F,1972-07-21,인천,남동구,2023-11-22,37.452294,126.729161
0000816,전하은,F,1980-12-23,서울,성동구,2023-11-22,37.576037,127.03348
0000817,강도윤,F,1986-11-25,부산,부산진구,2023-11-22,35.155731,129.036082
0000818,김민준,F,1996-12-26,부산,해운대구,2023-11-22,35.163322,129.159222
0000819,권민서,M,1979-05-06,서울,마포구,2023-11-22,37.57353,126.916356
0000820,박건우,M,2000-03-13,서울,송파구,2023-11-22,37.510372,127.112456
0000821,장도윤,M,1990-05-22,서울,마포구,2023-11-22,37.57353,126.916356
0000822,전수진,F,1999-05-22,서울,마포구,2023-11-22,37.563645,126.908126
0000823,송민준,M,1994-03-26,대구,달서구,2023-11-22,35.817083,128.534496
0000824,조영희,F,1996-05-01,인천,연수구,2023-11-22,37.400091,126.683625
0000825,강민준,F,1999-02-24,부산,해운대구,2023-11-23,35.176365,129.153956
0000826,홍하윤,F,2005-11-11,서울,성동구,2023-11-23,37.551464,127.03869
0000827,서서준,F,1976-02-25,광주,북구,2023-11-23,35.18152,126.926067
0000828,송서준,F,1995-12-15,서울,서초구,2023-11-23,37.477597,127.042074
0000829,황지유,F,1985-05-23,대전,대덕구,2023-11-23,36.364878,127.436737
0000830,신지훈,M,1990-07-10,서울,성동구,2023-11-23,37.577737,127.017251
0000831,강지훈,F,2002-10-07,서울,마포구,2023-11-23,37.57353,126.916356
0000832,황영희,M,1990-01-08,부산,부산진구,2023-11-23,35.155731,129.036082
0000833,조민준,F,1995-02-24,울산,울주군,2023-11-23,35.517505,129.248126
0000834,권하준,M,1976-12-01,부산,부산진구,2023-11-23,35.155731,129.036082
0000835,정지원,M,1979-12-30,서울,송파구,2023-11-24,37.5014,127.135937
0000836,서시우,M,1977-05-01,서울,강남구,2023-11-24,37.486781,127.030789
0000837,최서연,F,1989-10-07,서울,강남구,2023-11-24,37.489466,127.022467
0000838,서민준,M,1992-12-04,부산,동래구,2023-11-25,35.207187,129.078356
0000839,이서연,M,1983-06-27,광주,북구,2023-11-25,35.158612,126.907869
0000840,오서연,F,1988-11-19,광주,남구,2023-11-25,35.13845,126.940927
0000841,안민준,M,1977-10-23,부산,부산진구,2023-11-25,35.153548,129.048878
0000842,송도윤,M,1970-05-25,인천,계양구,2023-11-25,37.541331,126.745466
0000843,권건우,M,1981-03-10,부산,남구,2023-11-26,35.120493,129.085186
0000844,최예준,F,1978-05-24,서울,송파구,2023-11-26,37.527211,127.114209
0000845,조수현,F,1984-05-23,서울,강남구,2023-11-26,37.507388,127.043409
0000846,황서연,M,1991-07-06,부산,부산진구,2023-11-26,35.173635,129.074432
0000847,오영희,M,1977-12-23,대전,대덕구,2023-11-26,36.355969,127.447839
0000848,정영희,F,1995-03-27,대구,중구,2023-11-27,35.87333,128.618027
0000849,정하윤,F,1982-11-06,울산,울주군,2023-11-27,35.517505,129.248126
0000850,한수진,F,1992-11-05,광주,북구,2023-11-27,35.158612,126.907869
0000851,조하윤,M,1992-03-13,서울,성동구,2023-11-27,37.56004,127.06894
0000852,서현석,M,2003-06-12,대전,중구,2023-11-27,36.319807,127.434568
0000853,박지민,F,1999-08-08,서울,마포구,2023-11-28,37.555331,126.907948
0000854,윤지우,F,1981-05-28,부산,동래구,2023-11-28,35.210645,129.083455
0000855,장건우,F,2004-07-04,서울,서초구,2023-11-28,37.478985,127.033267
0000856,임윤서,M,2001-10-02,서울,강남구,2023-11-28,37.485809,127.043491
0000857,조서연,F,1993-08-22,서울,송파구,2023-11-28,37.516641,127.094043
0000858,박동현,F,1975-07-08,부산,부산진구,2023-11-28,35.155731,129.036082
0000859,신지호,F,1975-11-05,부산,남구,2023-11-28,35.134891,129.094263
0000860,한하준,F,1976-10-18,대전,중구,2023-11-28,36.319807,127.434568
0000861,서도윤,M,1985-05-09,울산,울주군,2023-11-28,35.517505,129.248126
0000862,최시우,F,1996-05-29,대전,서구,2023-11-29,36.355481,127.361029
0000863,최건우,F,1994-08-12,부산,동래구,2023-11-30,35.207187,129.078356
0000864,이하준,M,1987-05-24,인천,서구,2023-11-30,37.541082,126.676058
0000865,한민준,F,2001-05-06,서울,마포구,2023-11-30,37.562295,126.898744
0000866,임서현,M,1972-06-01,서울,강남구,2023-11-30,37.494624,127.018984
0000867,송수현,F,1990-12-20,서울,송파구,2023-12-01,37.516641,127.094043
0000868,김동현,M,1970-11-21,서울,송파구,2023-12-01,37.514153,127.094813
0000869,오승민,M,1993-07-21,서울,마포구,2023-12-01,37.563645,126.908126
0000870,한예준,F,1999-06-21,서울,송파구,2023-12-01,37.508941,127.105223
0000871,이건우,M,2004-09-03,서울,송파구,2023-12-01,37.508941,127.105223
0000872,김철수,F,2000-06-23,부산,부산진구,2023-12-02,35.165841,129.062262
0000873,조지유,F,1996-02-14,대전,중구,2023-12-02,36.319807,127.434568
0000874,정지성,M,1976-07-22,울산,동구,2023-12-02,35.516205,129.425624
0000875,강지원,F,1970-08-10,울산,동구,2023-12-02,35.516205,129.425624
0000876,한지원,F,1993-11-21,서울,서초구,2023-12-02,37.477597,127.042074
0000877,장지원,F,1983-06-11,대구,북구,2023-12-03,35.898802,128.615833
0000878,정지유,M,2000-02-02,부산,부산진구,2023-12-03,35.165841,129.062262
0000879,한동현,F,1972-09-15,서울,강남구,2023-12-03,37.501172,127.032666
0000880,안민서,M,1974-10-14,부산,부산진구,2023-12-03,35.153548,129.048878
0000881,서서연,M,1971-05-15,서울,성동구,2023-12-03,37.577352,127.050323
0000882,황하윤,F,1987-08-04,부산,부산진구,2023-12-03,35.156248,129.056828
0000883,오철수,M,1972-08-23,울산,울주군,2023-12-04,35.533543,129.241653
0000884,윤민서,M,1970-05-28,울산,울주군,2023-12-04,35.533543,129.241653
0000885,정지민,M,1999-09-18,인천,부평구,2023-12-04,37.507528,126.716538
0000886,신하윤,F,1986-07-28,서울,송파구,2023-12-04,37.51955,127.115158
0000887,조지성,M,2003-06-08,대구,북구,2023-12-04,35.912824,128.621362
0000888,정지유,M,1979-07-12,부산,남구,2023-12-04,35.120493,129.085186
0000889,강서연,F,1986-06-05,서울,강남구,2023-12-05,37.489466,127.022467
0000890,김민준,F,1987-11-21,부산,부산진구,2023-12-05,35.173635,129.074432
0000891,홍영희,F,1983-01-24,인천,연수구,2023-12-05,37.400091,126.683625
0000892,홍지훈,F,1990-10-29,대전,중구,2023-12-05,36.319807,127.434568
0000893,송서현,M,1974-09-02,울산,울주군,2023-12-05,35.533543,129.241653
0000894,황지우,M,2001-06-05,서울,마포구,2023-12-05,37.555331,126.907948
0000895,권승민,M,1989-07-03,울산,남구,2023-12-06,35.54049,129.328761
0000896,서철수,F,1987-12-03,인천,남동구,2023-12-06,37.452294,126.729161
0000897,박현우,F,2001-08-06,대구,동구,2023-12-07,35.889942,128.626899
0000898,박지성,F,2003-06-07,서울,송파구,2023-12-07,37.5014,127.135937
0000899,정민준,M,1989-04-06,서울,강남구,2023-12-07,37.489466,127.022467
0000900,장수진,F,1997-07-30,울산,중구,2023-12-07,35.578704,129.328588
0000901,강지성,F,1997-06-04,울산,남구,2023-12-08,35.54049,129.328761
0000902,최승민,F,2005-09-17,대전,대덕구,2023-12-08,36.378921,127.443177
0000903,신철수,M,1983-06-08,서울,마포구,2023-12-08,37.563645,126.908126
0000904,윤현우,M,1999-03-02,인천,서구,2023-12-08,37.541082,126.676058
0000905,신하준,M,1987-06-08,서울,강남구,2023-12-08,37.486781,127.030789
0000906,권철수,F,1984-06-08,서울,성동구,2023-12-08,37.577352,127.050323
0000907,한윤서,M,1988-04-23,부산,부산진구,2023-12-08,35.155731,129.036082
0000908,장민준,F,1990-03-11,서울,서초구,2023-12-09,37.483618,127.040159
0000909,신지호,M,1993-02-05,인천,연수구,2023-12-09,37.428937,126.682846
0000910,임도윤,M,1985-06-09,부산,부산진구,2023-12-09,35.173635,129.074432
0000911,김서윤,F,1986-03-21,광주,북구,2023-12-09,35.162623,126.925196
0000912,강하준,M,1993-04-02,서울,강남구,2023-12-09,37.494624,127.018984
0000913,임지호,F,2002-01-14,서울,마포구,2023-12-10,37.563645,126.908126
0000914,강민준,M,1974-11-18,서울,송파구,2023-12-10,37.526044,127.101726
0000915,강수현,F,1996-10-10,울산,울주군,2023-12-10,35.533543,129.241653
0000916,안시우,M,1997-09-01,대전,서구,2023-12-10,36.355481,127.361029
0000917,안지민,M,2002-05-15,부산,해운대구,2023-12-10,35.176365,129.153956
0000918,조서연,M,1997-12-18,인천,계양구,2023-12-10,37.541331,126.745466
0000919,권서연,M,1993-06-10,광주,남구,2023-12-10,35.13845,126.940927
0000920,김서연,M,1989-11-01,서울,마포구,2023-12-11,37.567218,126.927162
0000921,한지훈,F,1973-07-06,부산,부산진구,2023-12-11,35.155937,129.048964
0000922,장하은,F,1992-10-11,서울,송파구,2023-12-11,37.526044,127.101726
0000923,서지우,M,1991-06-11,광주,남구,2023-12-11,35.13845,126.940927
0000924,정철수,F,1996-01-26,서울,서초구,2023-12-12,37.483618,127.040159
0000925,강건우,M,1977-09-15,대전,대덕구,2023-12-12,36.364878,127.436737
0000926,권민준,M,1999-06-12,서울,송파구,2023-12-12,37.510372,127.112456
0000927,강도윤,M,1985-09-14,서울,송파구,2023-12-12,37.51731,127.100273
0000928,임지우,M,1964-06-12,대구,달서구,2023-12-12,35.817083,128.534496
0000929,장현우,M,1985-06-13,울산,동구,2023-12-13,35.492899,129.423847
0000930,안주원,F,1977-05-06,부산,수영구,2023-12-13,35.154477,129.111701
0000931,정수진,F,1989-11-14,서울,마포구,2023-12-13,37.563645,126.908126
0000932,한현석,M,2004-07-05,서울,송파구,2023-12-13,37.50325,127.119319
0000933,김현석,M,1974-05-14,인천,계양구,2023-12-13,37.544605,126.734891
0000934,박민준,M,1973-11-18,대구,달서구,2023-12-13,35.817083,128.534496
0000935,이수현,M,1984-05-01,서울,마포구,2023-12-13,37.579329,126.904005
0000936,김하준,M,1987-03-25,서울,성동구,2023-12-13,37.576037,127.03348
0000937,안시우,F,1972-10-31,서울,송파구,2023-12-14,37.5014,127.135937
0000938,조주원,F,2003-12-08,부산,부산진구,2023-12-14,35.165841,129.062262
0000939,안지유,M,1999-03-14,서울,마포구,2023-12-14,37.567218,126.927162
0000940,권서연,F,2004-06-15,울산,울주군,2023-12-15,35.517505,129.248126
0000941,한서현,F,1995-05-26,서울,마포구,2023-12-15,37.569019,126.91137
0000942,김하윤,M,1985-10-16,대구,중구,2023-12-15,35.87333,128.618027
0000943,정현석,M,1986-12-31,서울,송파구,2023-12-16,37.510372,127.112456
0000944,장지유,M,1977-06-16,인천,남동구,2023-12-16,37.431258,126.73738
0000945,강지성,M,1983-06-24,인천,남동구,2023-12-16,37.452294,126.729161
0000946,강서연,F,1976-03-13,서울,송파구,2023-12-16,37.514153,127.094813
0000947,서지우,F,1980-03-04,서울,강남구,2023-12-16,37.485809,127.043491
0000948,권주원,M,1984-02-27,서울,마포구,2023-12-16,37.569019,126.91137
0000949,이동현,F,2003-02-14,서울,성동구,2023-12-16,37.567738,127.044146
0000950,이민서,M,1979-06-16,광주,북구,2023-12-16,35.162623,126.925196
0000951,김현우,M,1991-06-16,광주,북구,2023-12-16,35.18152,126.926067
0000952,오민준,M,1998-06-13,서울,강남구,2023-12-17,37.486781,127.030789
0000953,전현석,M,1979-05-11,서울,마포구,2023-12-17,37.567218,126.927162
0000954,조예준,M,1972-11-28,대전,대덕구,2023-12-17,36.366109,127.434212
0000955,송하은,F,1980-04-14,서울,성동구,2023-12-17,37.567738,127.044146
0000956,신지호,F,1984-10-03,부산,동래구,2023-12-17,35.205918,129.063324
0000957,윤건우,F,2003-10-31,부산,동래구,2023-12-17,35.202857,129.076308
0000958,윤수현,F,1997-02-11,서울,송파구,2023-12-17,37.50325,127.119319
0000959,윤하은,M,2001-11-13,서울,마포구,2023-12-18,37.569019,126.91137
0000960,서서현,M,1990-10-20,서울,서초구,2023-12-18,37.483618,127.040159
0000961,전지성,F,1999-07-17,부산,부산진구,2023-12-18,35.156248,129.056828
0000962,오서현,M,1985-06-18,울산,울주군,2023-12-18,35.517505,129.248126
0000963,황철수,M,2001-01-06,서울,성동구,2023-12-18,37.567738,127.044146
0000964,권하은,M,1991-11-08,서울,송파구,2023-12-18,37.510372,127.112456
0000965,송주원,F,1993-12-13,서울,송파구,2023-12-18,37.51731,127.100273
0000966,강지유,M,1971-05-20,부산,수영구,2023-12-19,35.154477,129.111701
0000967,임지유,F,1998-12-23,울산,동구,2023-12-19,35.492899,129.423847
0000968,강현석,F,2001-12-01,대구,달서구,2023-12-19,35.817083,128.534496
0000969,송민서,M,1998-05-12,서울,강남구,2023-12-19,37.507388,127.043409
0000970,서현우,F,2005-05-13,서울,성동구,2023-12-19,37.551464,127.03869
0000971,오하은,M,1982-06-20,인천,계양구,2023-12-20,37.544605,126.734891
0000972,황서연,F,1997-06-20,부산,남구,2023-12-20,35.120493,129.085186
0000973,임민준,M,2004-07-30,대전,중구,2023-12-20,36.319807,127.434568
0000974,황지민,F,1985-12-30,서울,송파구,2023-12-20,37.526044,127.101726
0000975,김지원,F,1982-07-21,대전,서구,2023-12-20,36.355481,127.361029
0000976,한지훈,F,1986-01-06,부산,부산진구,2023-12-21,35.157608,129.051143
0000977,서하윤,F,1972-01-29,대구,달서구,2023-12-21,35.817083,128.534496
0000978,최지유,M,1982-06-12,광주,북구,2023-12-21,35.158612,126.907869
0000979,홍서윤,M,1983-03-06,서울,서초구,2023-12-21,37.483618,127.040159
0000980,전지민,M,1984-06-22,부산,부산진구,2023-12-22,35.155731,129.036082
0000981,장지민,M,1986-02-25,광주,북구,2023-12-22,35.158612,126.907869
0000982,신서윤,M,1997-02-02,부산,동래구,2023-12-22,35.207187,129.078356
0000983,안하은,F,2001-12-12,부산,부산진구,2023-12-22,35.155937,129.048964
0000984,전서연,F,1991-06-22,대전,서구,2023-12-22,36.355481,127.361029
0000985,오현우,F,1976-03-05,광주,북구,2023-12-22,35.158612,126.907869
0000986,장지유,M,2003-09-28,서울,송파구,2023-12-22,37.526044,127.101726
0000987,정지호,F,1987-02-12,서울,송파구,2023-12-22,37.514153,127.094813
0000988,홍영희,M,1997-10-25,인천,부평구,2023-12-23,37.507528,126.716538
0000989,이하윤,M,1991-06-23,서울,송파구,2023-12-23,37.510372,127.112456
0000990,장서연,F,1994-02-14,대구,달서구,2023-12-23,35.817083,128.534496
0000991,한영희,M,1974-10-21,서울,강남구,2023-12-23,37.494624,127.018984
0000992,한수진,F,1990-04-14,울산,울주군,2023-12-24,35.533543,129.241653
0000993,오윤서,F,1973-10-20,서울,강남구,2023-12-24,37.485809,127.043491
0000994,권서윤,F,2000-06-24,서울,송파구,2023-12-24,37.51955,127.115158
0000995,정지호,F,2002-05-31,부산,부산진구,2023-12-24,35.155731,129.036082
0000996,한민서,M,2000-10-04,서울,강남구,2023-12-24,37.506762,127.025263
0000997,홍서현,M,1983-08-29,서울,송파구,2023-12-25,37.526044,127.101726
0000998,한윤서,F,1997-05-07,부산,해운대구,2023-12-25,35.176365,129.153956
0000999,오철수,F,1992-06-14,대구,북구,2023-12-25,35.912824,128.621362
0001000,전주원,M,1986-02-02,인천,부평구,2023-12-25,37.507528,126.716538
0001001,송지민,F,1976-06-25,서울,송파구,2023-12-25,37.514153,127.094813
0001002,권동현,M,1980-06-26,부산,동래구,2023-12-26,35.210645,129.083455
0001003,강수진,M,1993-10-13,인천,계양구,2023-12-26,37.544605,126.734891
0001004,전하준,F,2002-05-24,인천,연수구,2023-12-26,37.428937,126.682846
0001005,서동현,F,2001-10-12,서울,강남구,2023-12-26,37.494624,127.018984
0001006,조동현,M,1982-05-26,서울,마포구,2023-12-26,37.579329,126.904005
0001007,홍하윤,M,1990-08-02,인천,부평구,2023-12-27,37.501582,126.711729
0001008,임지훈,F,2002-06-27,서울,서초구,2023-12-27,37.48525,127.024041
0001009,김지민,M,1979-04-04,서울,강남구,2023-12-28,37.493375,127.03537
0001010,신민서,M,2005-07-13,부산,부산진구,2023-12-28,35.173635,129.074432
0001011,안시우,F,1992-04-07,서울,서초구,2023-12-28,37.48525,127.024041
0001012,한현석,M,2003-09-20,인천,계양구,2023-12-28,37.541331,126.745466
0001013,임승민,F,1996-11-22,인천,부평구,2023-12-28,37.501582,126.711729
0001014,서서연,M,1986-04-23,대전,중구,2023-12-29,36.338939,127.448992
0001015,오하준,F,1983-12-17,울산,중구,2023-12-29,35.578704,129.328588
0001016,임시우,M,1971-09-08,울산,중구,2023-12-29,35.578704,129.328588
0001017,박동현,F,1975-12-31,부산,남구,2023-12-30,35.134891,129.094263
0001018,황지우,F,1980-09-05,서울,성동구,2023-12-30,37.551464,127.03869
0001019,송서현,F,1978-08-26,서울,송파구,2023-12-31,37.508941,127.105223
0001020,강민준,M,1974-05-13,광주,남구,2023-12-31,35.13845,126.940927
0001021,안지원,M,2003-09-12,인천,부평구,2023-12-31,37.507528,126.716538
0001022,장민서,F,2002-04-18,대전,중구,2023-12-31,36.319807,127.434568
0001023,권영희,F,1986-06-03,서울,송파구,2023-12-31,37.516641,127.094043
0001024,홍지호,M,1975-07-01,광주,남구,2024-01-01,35.13845,126.940927
0001025,송철수,M,1991-07-19,서울,마포구,2024-01-02,37.579231,126.921633
0001026,오서연,F,1997-10-15,서울,송파구,2024-01-02,37.528144,127.11822
0001027,정지우,F,1975-11-07,서울,서초구,2024-01-02,37.492387,127.030204
0001028,윤영희,M,2005-05-23,서울,송파구,2024-01-02,37.516641,127.094043
0001029,황도윤,M,2005-01-08,대전,중구,2024-01-02,36.319807,127.434568
0001030,권승민,M,1978-12-28,부산,해운대구,2024-01-03,35.163322,129.159222
0001031,서지원,F,2001-09-30,울산,동구,2024-01-03,35.492899,129.423847
0001032,송서연,M,1977-06-28,부산,동래구,2024-01-03,35.218634,129.091488
0001033,임영희,F,1992-12-08,대구,북구,2024-01-04,35.912824,128.621362
0001034,안수진,F,1974-01-14,서울,마포구,2024-01-04,37.569019,126.91137
0001035,서지우,M,1986-11-22,부산,남구,2024-01-04,35.134891,129.094263
0001036,한동현,F,1970-07-04,인천,남동구,2024-01-04,37.431258,126.73738
0001037,이윤서,M,1998-10-06,광주,북구,2024-01-04,35.18152,126.926067
0001038,한주원,M,1998-03-05,서울,마포구,2024-01-05,37.579329,126.904005
0001039,권승민,F,1978-07-25,서울,강남구,2024-01-05,37.489466,127.022467
0001040,조현석,F,1988-09-16,울산,동구,2024-01-05,35.516205,129.425624
0001041,강도윤,F,1986-05-23,부산,부산진구,2024-01-06,35.164516,129.05897
0001042,강영희,M,1982-11-24,서울,강남구,2024-01-06,37.489466,127.022467
0001043,정영희,M,1996-08-08,서울,강남구,2024-01-06,37.493375,127.03537
0001044,오지민,M,1970-02-05,서울,마포구,2024-01-06,37.579231,126.921633
0001045,최건우,M,1998-12-05,서울,성동구,2024-01-06,37.56004,127.06894
0001046,이지민,M,2002-06-24,서울,성동구,2024-01-06,37.551464,127.03869
0001047,조철수,M,1996-08-17,서울,송파구,2024-01-07,37.510372,127.112456
0001048,조서현,F,1992-07-07,서울,마포구,2024-01-07,37.563645,126.908126
0001049,최하준,M,1979-03-26,서울,성동구,2024-01-07,37.567738,127.044146
0001050,권승민,F,1985-08-21,대구,북구,2024-01-07,35.898802,128.615833
0001051,홍서준,F,1980-05-05,인천,남동구,2024-01-07,37.450773,126.747514
0001052,최주원,F,2000-08-01,서울,강남구,2024-01-07,37.486781,127.030789
0001053,강동현,M,1991-06-22,대전,대덕구,2024-01-07,36.355969,127.447839
0001054,윤수진,M,1972-02-03,부산,남구,2024-01-07,35.13827,129.08179
0001055,조지우,M,1982-02-23,광주,북구,2024-01-08,35.162623,126.925196
0001056,장지유,F,1995-11-19,서울,강남구,2024-01-09,37.507388,127.043409
0001057,송서현,M,1990-10-29,서울,서초구,2024-01-09,37.485348,127.020431
0001058,송지유,M,1988-11-02,부산,부산진구,2024-01-09,35.148214,129.054903
0001059,송서윤,M,2002-07-09,서울,송파구,2024-01-09,37.510372,127.112456
0001060,안승민,M,1973-07-09,부산,부산진구,2024-01-09,35.165841,129.062262
0001061,장현석,F,2005-07-12,대전,중구,2024-01-09,36.338939,127.448992
0001062,송윤서,F,1970-05-19,대구,동구,2024-01-09,35.889942,128.626899
0001063,송지민,M,1979-05-05,부산,부산진구,2024-01-10,35.148214,129.054903
0001064,오철수,F,1992-05-05,인천,연수구,2024-01-10,37.400091,126.683625
0001065,김현석,M,1994-01-02,서울,성동구,2024-01-11,37.567738,127.044146
0001066,조윤서,F,1991-05-23,부산,수영구,2024-01-11,35.154477,129.111701
0001067,황주원,M,1994-09-24,서울,마포구,2024-01-11,37.57353,126.916356
0001068,김승민,M,1976-12-10,부산,수영구,2024-01-11,35.154477,129.111701
0001069,홍서준,M,1976-11-10,인천,남동구,2024-01-11,37.431258,126.73738
0001070,최수진,F,1976-01-16,인천,계양구,2024-01-11,37.541331,126.745466
0001071,윤건우,M,1981-04-05,광주,남구,2024-01-11,35.13845,126.940927
0001072,서철수,F,1988-02-02,인천,남동구,2024-01-12,37.431258,126.73738
0001073,안지민,M,1994-09-15,광주,동구,2024-01-12,35.148286,126.932418
0001074,권서현,M,2003-10-25,부산,부산진구,2024-01-12,35.155937,129.048964
0001075,조민서,F,1977-10-16,인천,계양구,2024-01-13,37.541331,126.745466
0001076,홍서윤,M,1991-12-28,인천,계양구,2024-01-13,37.544605,126.734891
0001077,오지훈,F,1988-01-05,부산,부산진구,2024-01-14,35.164516,129.05897
0001078,홍민서,M,1972-07-11,대전,중구,2024-01-14,36.319807,127.434568
0001079,안하은,M,1984-11-11,부산,해운대구,2024-01-14,35.163322,129.159222
0001080,송시우,M,1996-12-28,부산,해운대구,2024-01-15,35.176365,129.153956
0001081,정현우,M,1974-04-05,부산,부산진구,2024-01-15,35.164516,129.05897
0001082,강지성,F,1975-10-03,서울,송파구,2024-01-15,37.51731,127.100273
0001083,조예준,F,1982-03-18,부산,동래구,2024-01-15,35.207187,129.078356
0001084,강현우,M,1972-12-11,서울,성동구,2024-01-16,37.558694,127.046971
0001085,오서윤,F,2005-03-28,인천,남동구,2024-01-16,37.431258,126.73738
0001086,한수현,M,1999-06-09,대구,중구,2024-01-17,35.87333,128.618027
0001087,한민준,F,1984-07-17,서울,강남구,2024-01-17,37.486781,127.030789
0001088,신건우,F,1991-09-07,울산,남구,2024-01-17,35.545241,129.330526
0001089,홍윤서,M,1996-01-07,부산,부산진구,2024-01-18,35.173635,129.074432
0001090,윤윤서,F,2002-09-30,부산,부산진구,2024-01-18,35.153548,129.048878
0001091,정승민,M,1971-08-12,부산,부산진구,2024-01-18,35.157608,129.051143
0001092,장민준,F,1976-03-14,서울,성동구,2024-01-18,37.56004,127.06894
0001093,박수진,M,1995-11-30,대구,동구,2024-01-18,35.889942,128.626899
0001094,신승민,M,1970-10-12,서울,강남구,2024-01-18,37.489466,127.022467
0001095,윤지원,F,2004-02-06,서울,송파구,2024-01-19,37.514153,127.094813
0001096,황하은,F,1989-06-07,서울,마포구,2024-01-19,37.569019,126.91137
0001097,오지유,M,1989-11-18,부산,남구,2024-01-19,35.134891,129.094263
0001098,박수진,M,1986-11-17,서울,강남구,2024-01-19,37.493375,127.03537
0001099,최도윤,F,1998-12-06,부산,남구,2024-01-19,35.120493,129.085186
0001100,신영희,M,1987-07-19,부산,동래구,2024-01-19,35.218634,129.091488
0001101,윤지훈,F,2001-07-19,서울,송파구,2024-01-19,37.510372,127.112456
0001102,황지원,M,2005-08-17,서울,강남구,2024-01-20,37.507388,127.043409
0001103,강서준,F,2002-07-01,서울,송파구,2024-01-20,37.514153,127.094813
0001104,송윤서,M,1972-02-21,서울,송파구,2024-01-20,37.526044,127.101726
0001105,서하은,F,1987-11-02,울산,울주군,2024-01-21,35.517505,129.248126
0001106,강지훈,F,1999-09-17,서울,마포구,2024-01-21,37.579329,126.904005
0001107,임영희,M,2004-07-21,서울,서초구,2024-01-21,37.48525,127.024041
0001108,강서현,F,1984-06-13,인천,부평구,2024-01-21,37.507528,126.716538
0001109,서현석,F,1990-07-22,서울,마포구,2024-01-22,37.582523,126.912364
0001110,박서준,M,1995-07-22,부산,수영구,2024-01-22,35.154477,129.111701
0001111,장철수,F,1973-02-02,대구,중구,2024-01-22,35.87333,128.618027
0001112,안지원,F,1982-09-28,서울,송파구,2024-01-22,37.528144,127.11822
0001113,서시우,M,2005-03-25,서울,송파구,2024-01-22,37.528144,127.11822
0001114,강철수,F,1982-06-28,서울,마포구,2024-01-22,37.57353,126.916356
0001115,오건우,F,1994-07-22,서울,송파구,2024-01-22,37.5014,127.135937
0001116,장하준,F,1991-02-03,서울,송파구,2024-01-23,37.514153,127.094813
0001117,정서준,F,2002-11-23,부산,부산진구,2024-01-23,35.173635,129.074432
0001118,최서연,F,1995-07-13,서울,성동구,2024-01-23,37.551464,127.03869
0001119,장예준,M,1987-01-06,울산,남구,2024-01-23,35.545241,129.330526
0001120,서지유,F,1971-11-12,울산,남구,2024-01-24,35.54049,129.328761
0001121,서동현,M,1992-06-29,서울,송파구,2024-01-24,37.526044,127.101726
0001122,최시우,F,1991-04-07,광주,북구,2024-01-24,35.162623,126.925196
0001123,한도윤,F,1971-02-11,부산,부산진구,2024-01-24,35.153548,129.048878
0001124,장서현,F,1976-10-31,서울,마포구,2024-01-24,37.562295,126.898744
0001125,황지호,M,1979-07-24,광주,남구,2024-01-24,35.13845,126.940927
0001126,최수현,F,1996-03-02,서울,송파구,2024-01-24,37.514153,127.094813
0001127,최수현,M,1995-07-06,대전,유성구,2024-01-25,36.35391,127.351198
0001128,황건우,M,1999-01-06,서울,강남구,2024-01-26,37.489466,127.022467
0001129,박동현,M,1980-07-26,부산,남구,2024-01-26,35.134891,129.094263
0001130,한서준,F,1982-03-14,부산,동래구,2024-01-26,35.202857,129.076308
0001131,신서준,F,1981-01-31,부산,해운대구,2024-01-26,35.163322,129.159222
0001132,송윤서,F,1991-07-27,울산,울주군,2024-01-27,35.533543,129.241653
0001133,정승민,F,1986-02-28,서울,성동구,2024-01-27,37.577352,127.050323
0001134,장지유,F,1984-07-27,대구,동구,2024-01-27,35.889942,128.626899
0001135,황도윤,M,2000-07-25,부산,남구,2024-01-28,35.134891,129.094263
0001136,임지성,M,1990-06-17,부산,부산진구,2024-01-28,35.153548,129.048878
0001137,조서연,F,1991-07-28,서울,마포구,2024-01-28,37.579329,126.904005
0001138,홍서윤,F,1972-10-25,인천,부평구,2024-01-28,37.507528,126.716538
0001139,장서연,M,1971-12-24,서울,송파구,2024-01-28,37.516641,127.094043
0001140,오윤서,M,2001-07-29,대전,서구,2024-01-29,36.355481,127.361029
0001141,윤건우,F,1989-07-29,서울,마포구,2024-01-29,37.579329,126.904005
0001142,홍지민,M,1990-11-10,울산,울주군,2024-01-29,35.533543,129.241653
0001143,조건우,F,1997-05-28,서울,마포구,2024-01-29,37.555331,126.907948
0001144,오영희,F,1998-07-29,부산,부산진구,2024-01-29,35.164516,129.05897
0001145,최예준,M,1983-09-21,인천,부평구,2024-01-30,37.507528,126.716538
0001146,안예준,F,1982-10-10,부산,남구,2024-01-30,35.13827,129.08179
0001147,조영희,F,1978-09-02,대구,북구,2024-01-30,35.912824,128.621362
0001148,조지호,M,1990-07-24,서울,강남구,2024-01-30,37.486781,127.030789
0001149,오서윤,M,1988-12-09,부산,부산진구,2024-01-30,35.165841,129.062262
0001150,강민준,F,1988-04-29,부산,동래구,2024-01-30,35.210645,129.083455
0001151,안수진,F,1993-09-13,부산,남구,2024-01-30,35.13827,129.08179
0001152,장예준,F,1987-06-11,인천,부평구,2024-01-31,37.501582,126.711729
0001153,송철수,M,1991-06-12,울산,울주군,2024-01-31,35.533543,129.241653
0001154,서지성,F,1978-10-18,서울,강남구,2024-01-31,37.485809,127.043491
0001155,송지훈,M,1985-03-30,인천,남동구,2024-01-31,37.431258,126.73738
0001156,황수현,F,1993-10-25,부산,동래구,2024-02-01,35.205918,129.063324
0001157,오서현,F,1996-08-01,서울,송파구,2024-02-01,37.50325,127.119319
0001158,홍예준,M,1982-08-01,인천,계양구,2024-02-01,37.544605,126.734891
0001159,이동현,M,1990-12-23,서울,서초구,2024-02-01,37.484243,127.021823
0001160,정수진,M,1971-12-23,서울,강남구,2024-02-01,37.493375,127.03537
0001161,송지우,F,1976-07-30,대구,북구,2024-02-01,35.898802,128.615833
0001162,서민준,F,1986-09-29,서울,서초구,2024-02-02,37.478985,127.033267
0001163,윤민서,M,1992-01-30,광주,북구,2024-02-02,35.158612,126.907869
0001164,윤지민,F,2001-09-28,광주,동구,2024-02-02,35.148286,126.932418
0001165,안수진,M,1981-12-24,부산,부산진구,2024-02-03,35.164516,129.05897
0001166,강지원,M,1998-05-28,울산,울주군,2024-02-03,35.533543,129.241653
0001167,송하은,M,2003-08-03,부산,부산진구,2024-02-03,35.164516,129.05897
0001168,최지호,F,1985-10-11,인천,서구,2024-02-03,37.541082,126.676058
0001169,박주원,F,1995-08-03,광주,동구,2024-02-03,35.148286,126.932418
0001170,안예준,F,1971-05-11,대전,중구,2024-02-04,36.338939,127.448992
0001171,조서윤,M,1989-08-04,부산,부산진구,2024-02-04,35.165841,129.062262
0001172,권도윤,F,2001-08-18,대전,대덕구,2024-02-04,36.378921,127.443177
0001173,최하준,M,1993-03-19,서울,마포구,2024-02-05,37.579231,126.921633
0001174,정민서,F,1976-08-05,서울,마포구,2024-02-05,37.562295,126.898744
0001175,송지성,F,1969-08-05,대구,수성구,2024-02-05,35.866721,128.649568
0001176,김민준,M,1999-09-30,광주,북구,2024-02-05,35.162623,126.925196
0001177,강지훈,M,1993-02-15,부산,부산진구,2024-02-06,35.157608,129.051143
0001178,이시우,F,1998-05-11,광주,북구,2024-02-06,35.182325,126.899092
0001179,강하준,M,1998-09-09,대전,대덕구,2024-02-06,36.366109,127.434212
0001180,한지훈,M,1991-08-06,서울,송파구,2024-02-06,37.508941,127.105223
0001181,장서현,M,1986-11-09,인천,계양구,2024-02-06,37.544605,126.734891
0001182,안하윤,M,1992-08-06,울산,동구,2024-02-06,35.516205,129.425624
0001183,황서윤,M,2000-02-16,부산,부산진구,2024-02-06,35.155937,129.048964
0001184,이수진,M,1977-08-07,광주,남구,2024-02-07,35.13845,126.940927
0001185,김승민,F,1996-08-07,부산,남구,2024-02-07,35.120493,129.085186
0001186,윤서준,F,1978-11-15,서울,성동구,2024-02-07,37.577352,127.050323
0001187,한지원,M,1974-01-22,부산,부산진구,2024-02-07,35.156248,129.056828
0001188,강하윤,F,2004-07-04,부산,부산진구,2024-02-07,35.155731,129.036082
0001189,홍수진,F,1995-12-09,서울,성동구,2024-02-07,37.577352,127.050323
0001190,김시우,M,1994-06-28,부산,부산진구,2024-02-07,35.155937,129.048964
0001191,김지호,M,2001-05-13,부산,동래구,2024-02-07,35.218634,129.091488
0001192,권시우,F,1981-02-20,서울,성동구,2024-02-07,37.567738,127.044146
0001193,황지훈,M,1998-09-04,서울,송파구,2024-02-08,37.528144,127.11822
0001194,최지원,M,1993-06-13,서울,강남구,2024-02-08,37.485809,127.043491
0001195,윤지민,M,1975-08-21,서울,강남구,2024-02-08,37.489466,127.022467
0001196,이시우,F,1978-12-27,광주,북구,2024-02-09,35.182325,126.899092
0001197,김지원,M,1973-07-15,서울,송파구,2024-02-09,37.508941,127.105223
0001198,홍지호,M,1986-11-29,대전,대덕구,2024-02-09,36.364878,127.436737
0001199,임서현,M,1978-04-03,광주,북구,2024-02-10,35.158612,126.907869
0001200,전지우,F,2005-05-24,서울,송파구,2024-02-10,37.514153,127.094813
0001201,한서현,M,1973-03-03,부산,남구,2024-02-10,35.13827,129.08179
0001202,장민서,M,1986-08-10,대전,중구,2024-02-10,36.319807,127.434568
0001203,서지유,M,1990-08-10,인천,남동구,2024-02-10,37.452294,126.729161
0001204,강하은,F,1992-12-18,광주,북구,2024-02-10,35.182325,126.899092
0001205,장현우,F,1996-01-09,서울,서초구,2024-02-11,37.483618,127.040159
0001206,강서연,M,2004-02-05,울산,동구,2024-02-11,35.516205,129.425624
0001207,강동현,M,2001-08-14,울산,울주군,2024-02-11,35.533543,129.241653
0001208,전지민,M,1992-11-18,서울,마포구,2024-02-12,37.555331,126.907948
0001209,서수현,M,1980-04-09,대구,달서구,2024-02-12,35.817083,128.534496
0001210,오현우,M,1987-02-17,인천,남동구,2024-02-12,37.450773,126.747514
0001211,강서현,M,1976-06-27,울산,울주군,2024-02-12,35.517505,129.248126
0001212,권지호,F,1975-07-10,서울,강남구,2024-02-13,37.486781,127.030789
0001213,송수진,F,2000-04-22,서울,성동구,2024-02-13,37.567738,127.044146
0001214,황서현,F,1994-03-19,서울,서초구,2024-02-13,37.492387,127.030204
0001215,이예준,F,1993-11-20,서울,서초구,2024-02-13,37.492387,127.030204
0001216,조지훈,F,1973-08-13,서울,송파구,2024-02-13,37.514153,127.094813
0001217,이서현,F,1983-06-29,인천,연수구,2024-02-13,37.400091,126.683625
0001218,황지민,M,1977-03-14,서울,송파구,2024-02-13,37.50325,127.119319
0001219,박하준,M,1992-11-11,부산,부산진구,2024-02-14,35.165841,129.062262
0001220,김시우,F,2005-01-30,부산,남구,2024-02-14,35.13827,129.08179
0001221,오하준,F,1970-12-26,인천,부평구,2024-02-14,37.501582,126.711729
0001222,조시우,F,1970-11-21,서울,마포구,2024-02-14,37.579231,126.921633
0001223,이서현,F,1996-02-20,대전,서구,2024-02-14,36.355481,127.361029
0001224,서서연,F,1987-08-15,서울,서초구,2024-02-15,37.48525,127.024041
0001225,윤지유,F,1977-02-26,서울,마포구,2024-02-15,37.562295,126.898744
0001226,권서윤,F,1997-11-25,부산,부산진구,2024-02-15,35.155937,129.048964
0001227,임동현,F,1992-05-11,인천,계양구,2024-02-15,37.544605,126.734891
0001228,박서윤,F,2000-09-29,서울,성동구,2024-02-15,37.561687,127.040441
0001229,전영희,M,2004-11-28,광주,북구,2024-02-15,35.162623,126.925196
0001230,전윤서,M,2005-06-04,부산,동래구,2024-02-15,35.202857,129.076308
0001231,한하은,F,1982-11-30,서울,성동구,2024-02-16,37.561687,127.040441
0001232,강하준,F,1999-12-11,부산,부산진구,2024-02-16,35.165841,129.062262
0001233,홍건우,F,2002-11-06,서울,강남구,2024-02-17,37.494624,127.018984
0001234,오지호,M,1992-02-18,광주,북구,2024-02-17,35.158612,126.907869
0001235,최하준,F,1977-06-30,서울,강남구,2024-02-17,37.489466,127.022467
0001236,최영희,M,1988-08-17,부산,남구,2024-02-17,35.13827,129.08179
0001237,임하은,F,2005-02-02,광주,북구,2024-02-17,35.18152,126.926067
0001238,김지성,F,1991-07-30,서울,성동구,2024-02-17,37.56004,127.06894
0001239,오지우,M,1993-04-26,광주,남구,2024-02-17,35.13845,126.940927
0001240,안민서,F,1988-03-11,대전,유성구,2024-02-17,36.35391,127.351198
0001241,송서연,F,1995-04-02,서울,마포구,2024-02-18,37.569019,126.91137
0001242,임지훈,M,2003-03-18,대전,유성구,2024-02-18,36.35391,127.351198
0001243,장윤서,M,1996-07-15,대구,수성구,2024-02-18,35.866721,128.649568
0001244,한현석,F,1987-06-19,서울,서초구,2024-02-18,37.477597,127.042074
0001245,강시우,M,1973-06-28,서울,마포구,2024-02-18,37.569019,126.91137
0001246,김지민,M,1999-08-25,서울,성동구,2024-02-19,37.567738,127.044146
0001247,오지성,F,1978-03-18,울산,남구,2024-02-19,35.545241,129.330526
0001248,최지훈,F,1988-08-18,광주,남구,2024-02-19,35.13845,126.940927
0001249,강하은,M,2005-06-09,대전,중구,2024-02-19,36.338939,127.448992
0001250,황하은,M,1982-10-09,부산,동래구,2024-02-19,35.202857,129.076308
0001251,신지우,M,1988-10-26,광주,북구,2024-02-20,35.158612,126.907869
0001252,전주원,F,1966-08-20,부산,부산진구,2024-02-20,35.164516,129.05897
0001253,최동현,M,1976-07-18,부산,해운대구,2024-02-20,35.176365,129.153956
0001254,이윤서,F,1979-11-18,광주,남구,2024-02-20,35.13845,126.940927
0001255,권지훈,F,1985-05-10,울산,울주군,2024-02-20,35.533543,129.241653
0001256,이하준,M,1996-10-23,부산,부산진구,2024-02-20,35.165841,129.062262
0001257,최하준,F,1987-01-06,서울,강남구,2024-02-20,37.486781,127.030789
0001258,강지민,M,2000-09-02,부산,부산진구,2024-02-20,35.155731,129.036082
0001259,박지우,M,1985-10-16,울산,울주군,2024-02-20,35.517505,129.248126
0001260,권서윤,M,1984-08-21,대전,대덕구,2024-02-21,36.364878,127.436737
0001261,오하준,M,1994-09-28,서울,마포구,2024-02-21,37.563645,126.908126
0001262,김하윤,F,1992-03-21,서울,마포구,2024-02-21,37.562295,126.898744
0001263,송하윤,M,1999-12-13,울산,울주군,2024-02-21,35.533543,129.241653
0001264,이지원,F,1990-02-03,부산,부산진구,2024-02-21,35.148214,129.054903
0001265,송승민,M,1988-08-22,대구,동구,2024-02-22,35.889942,128.626899
0001266,황하준,F,1975-02-05,서울,송파구,2024-02-22,37.508941,127.105223
0001267,임지성,F,2005-09-20,부산,부산진구,2024-02-22,35.164516,129.05897
0001268,임서현,M,1970-06-16,서울,마포구,2024-02-23,37.563645,126.908126
0001269,이현우,M,1987-06-14,대구,달서구,2024-02-23,35.817083,128.534496
0001270,박하준,M,1991-07-08,서울,서초구,2024-02-23,37.492387,127.030204
0001271,신서현,M,1971-12-03,울산,울주군,2024-02-23,35.517505,129.248126
0001272,한하은,M,2001-08-29,서울,성동구,2024-02-23,37.577737,127.017251
0001273,최지호,F,1969-08-23,서울,강남구,2024-02-23,37.494624,127.018984
0001274,황철수,F,1980-06-14,대구,달서구,2024-02-23,35.817083,128.534496
0001275,안서현,M,1990-03-12,울산,울주군,2024-02-23,35.517505,129.248126
0001276,권지성,M,1986-06-15,서울,성동구,2024-02-24,37.567738,127.044146
0001277,임서현,F,2001-03-04,서울,성동구,2024-02-24,37.551464,127.03869
0001278,김현우,F,1970-02-05,서울,송파구,2024-02-24,37.528144,127.11822
0001279,박지원,M,1979-06-25,대구,동구,2024-02-24,35.889942,128.626899
0001280,임시우,M,1996-12-28,인천,연수구,2024-02-24,37.400091,126.683625
0001281,강현석,M,1994-08-24,광주,북구,2024-02-24,35.158612,126.907869
0001282,홍지유,M,2000-05-25,광주,북구,2024-02-25,35.162623,126.925196
0001283,조건우,M,1996-12-03,서울,송파구,2024-02-25,37.527211,127.114209
0001284,강하준,M,1998-03-26,부산,동래구,2024-02-26,35.202857,129.076308
0001285,오지성,F,1973-08-16,울산,동구,2024-02-26,35.516205,129.425624
0001286,김지훈,M,1997-10-17,서울,성동구,2024-02-26,37.561687,127.040441
0001287,신서준,M,1979-09-05,서울,성동구,2024-02-26,37.567738,127.044146
0001288,안시우,F,1990-08-26,부산,수영구,2024-02-26,35.154477,129.111701
0001289,송예준,M,1990-02-02,서울,송파구,2024-02-26,37.527211,127.114209
0001290,한동현,F,2003-03-22,서울,마포구,2024-02-26,37.555331,126.907948
0001291,정하은,F,1986-08-26,광주,북구,2024-02-26,35.162623,126.925196
0001292,안하준,M,2004-04-27,대구,북구,2024-02-26,35.898802,128.615833
0001293,박수진,M,1995-10-13,서울,마포구,2024-02-27,37.555331,126.907948
0001294,한시우,M,1997-05-28,서울,서초구,2024-02-27,37.484243,127.021823
0001295,윤서준,M,1982-12-26,인천,연수구,2024-02-27,37.428937,126.682846
0001296,박지성,F,1977-12-16,서울,성동구,2024-02-27,37.558694,127.046971
0001297,전하윤,F,1988-07-27,서울,성동구,2024-02-27,37.558694,127.046971
0001298,홍영희,M,2005-12-29,서울,서초구,2024-02-28,37.477597,127.042074
0001299,임지유,M,1981-04-08,인천,연수구,2024-02-28,37.400091,126.683625
0001300,이지민,F,1980-07-08,광주,북구,2024-02-28,35.18152,126.926067
0001301,조서현,M,1986-02-10,서울,마포구,2024-02-28,37.555331,126.907948
0001302,최서현,M,1972-09-25,서울,마포구,2024-02-28,37.567218,126.927162
0001303,강하준,F,1971-01-30,광주,동구,2024-02-28,35.148286,126.932418
0001304,오승민,M,1997-03-07,광주,동구,2024-02-28,35.148286,126.932418
0001305,황현석,F,1977-10-05,부산,부산진구,2024-02-28,35.156248,129.056828
0001306,임민준,F,1985-08-30,대전,서구,2024-02-29,36.355481,127.361029
0001307,임서연,F,2001-08-31,서울,송파구,2024-02-29,37.514153,127.094813
0001308,안윤서,F,1979-05-18,서울,마포구,2024-02-29,37.567218,126.927162
0001309,장서연,M,1984-08-31,대구,수성구,2024-02-29,35.866721,128.649568
0001310,임주원,F,2000-12-13,부산,부산진구,2024-02-29,35.156248,129.056828
0001311,강서준,F,1970-09-01,서울,서초구,2024-03-01,37.485348,127.020431
0001312,이지우,F,1976-09-12,부산,부산진구,2024-03-01,35.155731,129.036082
0001313,황하윤,M,1978-02-08,부산,부산진구,2024-03-01,35.155937,129.048964
0001314,조지우,M,1971-07-26,서울,강남구,2024-03-01,37.493375,127.03537
0001315,서지호,F,1996-04-15,인천,서구,2024-03-01,37.541082,126.676058
0001316,임서준,M,2002-12-04,광주,남구,2024-03-01,35.13845,126.940927
0001317,장하은,F,1999-10-28,부산,수영구,2024-03-02,35.154477,129.111701
0001318,박지우,M,1982-06-19,서울,강남구,2024-03-02,37.507388,127.043409
0001319,서지민,F,1987-03-19,서울,송파구,2024-03-02,37.527211,127.114209
0001320,전하준,M,1994-03-27,서울,마포구,2024-03-02,37.555331,126.907948
0001321,권승민,M,1988-12-03,광주,동구,2024-03-03,35.148286,126.932418
0001322,안윤서,F,1972-04-03,서울,송파구,2024-03-03,37.50325,127.119319
0001323,윤수진,F,1986-10-16,부산,남구,2024-03-03,35.120493,129.085186
0001324,장동현,M,1985-01-10,서울,송파구,2024-03-03,37.514153,127.094813
0001325,김수현,F,1989-08-03,서울,송파구,2024-03-04,37.51955,127.115158
0001326,정승민,F,1998-07-15,부산,부산진구,2024-03-04,35.148214,129.054903
0001327,황하은,M,1998-12-14,서울,성동구,2024-03-04,37.577352,127.050323
0001328,박서현,F,1980-08-20,부산,동래구,2024-03-04,35.205918,129.063324
0001329,전현우,F,1992-08-25,인천,남동구,2024-03-04,37.450773,126.747514
0001330,한지성,F,1994-04-30,서울,마포구,2024-03-05,37.562295,126.898744
0001331,이수현,F,2003-02-10,부산,부산진구,2024-03-05,35.153548,129.048878
0001332,권지민,F,1981-07-15,부산,남구,2024-03-05,35.120493,129.085186
0001333,권윤서,M,1990-02-21,대전,중구,2024-03-05,36.338939,127.448992
0001334,김지성,F,1977-01-23,대구,중구,2024-03-05,35.87333,128.618027
0001335,정지원,F,1993-10-04,대구,달서구,2024-03-05,35.817083,128.534496
0001336,황승민,M,2003-02-07,서울,서초구,2024-03-05,37.477597,127.042074
0001337,서윤서,M,1985-04-21,서울,서초구,2024-03-06,37.478985,127.033267
0001338,안시우,F,1997-09-29,인천,계양구,2024-03-06,37.541331,126.745466
0001339,최수진,M,1980-05-19,서울,성동구,2024-03-06,37.577352,127.050323
0001340,신수진,M,1999-05-19,서울,성동구,2024-03-06,37.577737,127.017251
0001341,안승민,F,1987-03-13,광주,남구,2024-03-06,35.13845,126.940927
0001342,최철수,M,1972-03-07,인천,계양구,2024-03-06,37.544605,126.734891
0001343,강승민,M,1992-09-06,부산,해운대구,2024-03-06,35.163322,129.159222
0001344,윤지원,F,1994-05-05,부산,수영구,2024-03-06,35.154477,129.111701
0001345,안주원,M,1985-01-21,서울,마포구,2024-03-07,37.562295,126.898744
0001346,강건우,F,1970-10-14,서울,송파구,2024-03-07,37.516641,127.094043
0001347,안하은,F,1973-04-06,서울,마포구,2024-03-07,37.57353,126.916356
0001348,권현우,F,1987-01-09,부산,남구,2024-03-07,35.13827,129.08179
0001349,전현석,M,1965-09-07,인천,부평구,2024-03-07,37.507528,126.716538
0001350,한지유,M,1998-08-26,서울,송파구,2024-03-08,37.526044,127.101726
0001351,이시우,F,1977-08-10,서울,강남구,2024-03-08,37.507388,127.043409
0001352,서현석,M,1987-09-01,서울,송파구,2024-03-08,37.508941,127.105223
0001353,오지민,F,1985-07-31,부산,부산진구,2024-03-08,35.153548,129.048878
0001354,송예준,M,1983-10-27,대구,수성구,2024-03-08,35.866721,128.649568
0001355,임지성,M,1996-06-08,서울,마포구,2024-03-08,37.567218,126.927162
0001356,장시우,M,1991-09-08,서울,송파구,2024-03-08,37.5014,127.135937
0001357,권민준,F,1995-03-18,서울,성동구,2024-03-09,37.558694,127.046971
0001358,김승민,F,1970-07-13,서울,송파구,2024-03-09,37.508941,127.105223
0001359,최시우,M,1981-07-24,서울,송파구,2024-03-09,37.51731,127.100273
0001360,임하윤,F,1986-09-09,인천,연수구,2024-03-09,37.400091,126.683625
0001361,황영희,F,1993-05-09,서울,성동구,2024-03-10,37.576037,127.03348
0001362,서지호,M,1976-07-24,광주,남구,2024-03-10,35.13845,126.940927
0001363,안하윤,M,1979-10-20,부산,동래구,2024-03-10,35.207187,129.078356
0001364,정하윤,M,2000-08-24,서울,강남구,2024-03-10,37.489466,127.022467
0001365,송승민,M,2003-09-12,서울,마포구,2024-03-10,37.579231,126.921633
0001366,장도윤,M,1971-04-06,서울,성동구,2024-03-10,37.551464,127.03869
0001367,조지유,F,1980-03-12,인천,계양구,2024-03-10,37.544605,126.734891
0001368,권민준,F,1981-05-22,서울,서초구,2024-03-10,37.478985,127.033267
0001369,임영희,F,2000-04-07,대전,대덕구,2024-03-11,36.366109,127.434212
0001370,신민준,M,1994-05-30,서울,서초구,2024-03-11,37.48525,127.024041
0001371,강지원,F,1982-10-28,울산,중구,2024-03-11,35.578704,129.328588
0001372,전지우,F,1977-04-17,광주,북구,2024-03-11,35.18152,126.926067
0001373,임지원,M,1981-02-10,광주,남구,2024-03-11,35.13845,126.940927
0001374,권동현,F,1989-02-08,대전,대덕구,2024-03-11,36.355969,127.447839
0001375,박지유,M,1977-02-08,서울,송파구,2024-03-11,37.5014,127.135937
0001376,강지성,M,1990-10-19,서울,마포구,2024-03-11,37.579231,126.921633
0001377,이수진,F,2003-05-19,인천,남동구,2024-03-12,37.450773,126.747514
0001378,이건우,M,1977-08-05,광주,북구,2024-03-12,35.182325,126.899092
0001379,김서연,M,2005-07-15,부산,남구,2024-03-12,35.13827,129.08179
0001380,최시우,F,1996-02-09,서울,서초구,2024-03-12,37.478985,127.033267
0001381,장동현,F,1995-09-13,서울,강남구,2024-03-13,37.485809,127.043491
0001382,한서윤,M,1985-09-13,서울,강남구,2024-03-13,37.486781,127.030789
0001383,오지우,F,1981-11-02,울산,남구,2024-03-13,35.54049,129.328761
0001384,조동현,F,1988-01-14,서울,성동구,2024-03-13,37.567738,127.044146
0001385,서도윤,F,1984-12-11,서울,서초구,2024-03-13,37.484243,127.021823
0001386,권철수,F,1986-12-11,서울,서초구,2024-03-14,37.485348,127.020431
0001387,송하은,M,1989-11-17,서울,강남구,2024-03-14,37.485809,127.043491
0001388,신지유,M,1991-09-14,대전,대덕구,2024-03-14,36.355969,127.447839
0001389,전주원,M,1984-11-13,서울,송파구,2024-03-14,37.516641,127.094043
0001390,임지호,M,1980-10-01,대전,유성구,2024-03-14,36.35391,127.351198
0001391,조지민,F,1973-03-24,부산,부산진구,2024-03-14,35.148214,129.054903
0001392,한서준,M,1975-04-22,광주,북구,2024-03-15,35.18152,126.926067
0001393,박지민,M,1999-12-29,서울,서초구,2024-03-15,37.477597,127.042074
0001394,홍하은,M,1977-06-26,대구,달서구,2024-03-15,35.817083,128.534496
0001395,송도윤,F,1972-04-10,서울,서초구,2024-03-16,37.477597,127.042074
0001396,조현우,F,1974-01-04,부산,부산진구,2024-03-16,35.157608,129.051143
0001397,최도윤,M,1990-07-13,인천,부평구,2024-03-16,37.507528,126.716538
0001398,강예준,F,1974-03-02,광주,동구,2024-03-16,35.148286,126.932418
0001399,박수현,M,1991-05-26,서울,서초구,2024-03-16,37.484243,127.021823
0001400,윤지성,F,1997-10-04,대전,중구,2024-03-17,36.319807,127.434568
0001401,김수진,F,1988-09-17,서울,성동구,2024-03-17,37.561687,127.040441
0001402,한서현,F,1988-01-22,서울,마포구,2024-03-17,37.563645,126.908126
0001403,최수현,M,1975-05-05,서울,성동구,2024-03-18,37.577737,127.017251
0001404,한시우,F,1979-11-15,대구,북구,2024-03-18,35.912824,128.621362
0001405,신지유,M,1988-12-18,인천,서구,2024-03-18,37.541082,126.676058
0001406,신서준,F,1996-09-18,대전,유성구,2024-03-19,36.35391,127.351198
0001407,전서준,F,1991-03-09,부산,남구,2024-03-19,35.13827,129.08179
0001408,권민서,M,1983-07-03,부산,부산진구,2024-03-19,35.173635,129.074432
0001409,서지우,F,2005-12-20,서울,강남구,2024-03-20,37.485809,127.043491
0001410,강민준,M,1998-12-29,광주,북구,2024-03-20,35.162623,126.925196
0001411,박도윤,M,1979-02-25,인천,연수구,2024-03-20,37.428937,126.682846
0001412,조하은,M,1999-02-08,광주,남구,2024-03-20,35.13845,126.940927
0001413,한현우,F,1973-04-17,부산,부산진구,2024-03-20,35.165841,129.062262
0001414,서수진,M,1988-08-27,대구,북구,2024-03-20,35.898802,128.615833
0001415,송서윤,F,1981-05-03,서울,서초구,2024-03-20,37.485348,127.020431
0001416,김현우,M,1986-02-19,서울,성동구,2024-03-20,37.567738,127.044146
0001417,황하은,M,1994-02-26,서울,성동구,2024-03-20,37.561687,127.040441
0001418,송동현,F,1970-07-26,부산,부산진구,2024-03-21,35.165841,129.062262
0001419,이예준,M,1979-02-18,대구,북구,2024-03-21,35.898802,128.615833
0001420,전지훈,F,2000-08-20,서울,서초구,2024-03-21,37.478985,127.033267
0001421,서현석,M,1988-11-30,인천,부평구,2024-03-21,37.507528,126.716538
0001422,강서현,F,2001-06-23,서울,송파구,2024-03-22,37.514153,127.094813
0001423,신현석,M,1972-06-12,서울,마포구,2024-03-22,37.563645,126.908126
0001424,조민준,M,1983-08-19,부산,부산진구,2024-03-22,35.156248,129.056828
0001425,강민준,M,1997-10-24,부산,부산진구,2024-03-22,35.173635,129.074432
0001426,장지훈,F,1974-04-24,서울,마포구,2024-03-23,37.563645,126.908126
0001427,윤서연,F,1974-07-24,서울,성동구,2024-03-23,37.551464,127.03869
0001428,홍수현,M,2003-07-10,서울,강남구,2024-03-23,37.486781,127.030789
0001429,홍지유,M,1977-09-23,서울,강남구,2024-03-23,37.489466,127.022467
0001430,한수현,M,1981-02-04,대전,대덕구,2024-03-23,36.364878,127.436737
0001431,김민준,F,1994-05-26,서울,송파구,2024-03-23,37.514153,127.094813
0001432,권주원,M,1991-01-06,인천,남동구,2024-03-23,37.431258,126.73738
0001433,조건우,M,1982-09-22,서울,마포구,2024-03-24,37.562295,126.898744
0001434,윤서윤,M,1971-11-25,부산,부산진구,2024-03-24,35.148214,129.054903
0001435,오하은,F,1995-06-01,서울,마포구,2024-03-24,37.569019,126.91137
0001436,최지훈,F,1994-09-24,부산,부산진구,2024-03-24,35.153548,129.048878
0001437,이지성,M,1981-09-24,부산,남구,2024-03-24,35.120493,129.085186
0001438,장지민,M,1995-07-03,부산,수영구,2024-03-24,35.154477,129.111701
0001439,장건우,F,1988-08-16,서울,마포구,2024-03-24,37.579329,126.904005
0001440,전수현,M,2004-05-01,부산,동래구,2024-03-24,35.207187,129.078356
0001441,신시우,M,2003-01-05,부산,남구,2024-03-24,35.120493,129.085186
0001442,권하윤,F,1985-04-04,부산,부산진구,2024-03-24,35.156248,129.056828
0001443,정서윤,F,1983-11-14,부산,남구,2024-03-25,35.13827,129.08179
0001444,한지원,F,1989-12-23,부산,남구,2024-03-25,35.134891,129.094263
0001445,안지민,F,1991-02-02,대전,서구,2024-03-25,36.355481,127.361029
0001446,정건우,M,1987-08-24,대전,중구,2024-03-25,36.338939,127.448992
0001447,임윤서,F,1983-02-02,서울,마포구,2024-03-25,37.579231,126.921633
0001448,한민서,M,2004-05-08,부산,부산진구,2024-03-25,35.155937,129.048964
0001449,서지성,F,1980-10-10,대전,대덕구,2024-03-26,36.378921,127.443177
0001450,서지훈,F,1974-09-10,대전,중구,2024-03-26,36.338939,127.448992
0001451,황지유,M,1978-04-23,인천,서구,2024-03-26,37.541082,126.676058
0001452,한서윤,M,1990-01-13,부산,수영구,2024-03-26,35.154477,129.111701
0001453,강서연,F,1973-09-10,부산,부산진구,2024-03-27,35.156248,129.056828
0001454,안하윤,M,1982-09-27,대전,대덕구,2024-03-27,36.366109,127.434212
0001455,최수현,F,1987-12-11,대전,대덕구,2024-03-27,36.378921,127.443177
0001456,이지호,M,2001-12-29,울산,중구,2024-03-27,35.578704,129.328588
0001457,권수현,M,1981-05-21,대구,중구,2024-03-27,35.87333,128.618027
0001458,강도윤,F,2001-09-20,서울,송파구,2024-03-27,37.51731,127.100273
0001459,오건우,M,1991-07-29,서울,송파구,2024-03-27,37.528144,127.11822
0001460,안지유,F,2002-05-10,서울,마포구,2024-03-27,37.569019,126.91137
0001461,이하준,F,1992-01-07,부산,부산진구,2024-03-28,35.157608,129.051143
0001462,서지민,M,1972-09-02,울산,울주군,2024-03-28,35.517505,129.248126
0001463,김하준,F,1971-12-21,서울,마포구,2024-03-28,37.563645,126.908126
0001464,최현석,M,1981-07-02,서울,강남구,2024-03-29,37.485809,127.043491
0001465,김시우,F,1982-11-09,대구,중구,2024-03-29,35.87333,128.618027
0001466,권예준,M,2005-11-26,광주,북구,2024-03-29,35.18152,126.926067
0001467,송수진,M,1976-12-14,광주,북구,2024-03-29,35.18152,126.926067
0001468,이현우,M,1992-01-08,인천,연수구,2024-03-29,37.400091,126.683625
0001469,오현우,F,1976-08-13,부산,남구,2024-03-29,35.134891,129.094263
0001470,서현석,F,1979-12-09,부산,남구,2024-03-29,35.120493,129.085186
0001471,강지성,M,1994-09-30,서울,마포구,2024-03-30,37.579329,126.904005
0001472,장현석,M,1990-02-21,인천,계양구,2024-03-30,37.541331,126.745466
0001473,서서윤,F,1989-08-22,서울,마포구,2024-03-30,37.555331,126.907948
0001474,홍지우,F,1970-03-11,대전,중구,2024-03-30,36.319807,127.434568
0001475,권현석,M,1998-03-25,서울,서초구,2024-03-30,37.48525,127.024041
0001476,오지성,M,1994-05-20,서울,송파구,2024-03-30,37.510372,127.112456
0001477,홍서현,F,1988-05-02,서울,강남구,2024-03-31,37.501172,127.032666
0001478,서서현,M,2005-12-04,인천,서구,2024-03-31,37.541082,126.676058
0001479,최하윤,F,1981-06-20,부산,수영구,2024-04-01,35.154477,129.111701
0001480,전지유,M,1996-08-21,부산,부산진구,2024-04-01,35.173635,129.074432
0001481,한지원,M,1974-01-12,울산,동구,2024-04-01,35.492899,129.423847
0001482,정현우,F,1999-07-17,대구,중구,2024-04-01,35.87333,128.618027
0001483,김예준,F,1998-04-21,부산,부산진구,2024-04-01,35.155937,129.048964
0001484,최민준,F,2002-10-01,서울,서초구,2024-04-01,37.48525,127.024041
0001485,박현석,M,1988-02-10,인천,계양구,2024-04-01,37.544605,126.734891
0001486,장주원,F,1997-10-12,부산,부산진구,2024-04-02,35.156248,129.056828
0001487,정영희,F,1989-06-19,부산,해운대구,2024-04-02,35.163322,129.159222
0001488,홍지우,M,1984-10-02,대전,대덕구,2024-04-02,36.366109,127.434212
0001489,윤지호,F,1984-10-02,대전,서구,2024-04-02,36.355481,127.361029
0001490,서민서,M,1975-06-23,서울,강남구,2024-04-02,37.489466,127.022467
0001491,한주원,F,1999-03-28,대전,대덕구,2024-04-02,36.378921,127.443177
0001492,신지훈,M,2001-05-16,부산,부산진구,2024-04-02,35.153548,129.048878
0001493,윤서준,M,1975-07-09,부산,부산진구,2024-04-03,35.155731,129.036082
0001494,한시우,F,1986-08-23,부산,부산진구,2024-04-03,35.153548,129.048878
0001495,임하준,M,2001-08-18,서울,성동구,2024-04-03,37.577352,127.050323
0001496,홍시우,F,2004-07-19,서울,마포구,2024-04-03,37.569019,126.91137
0001497,송동현,F,2004-05-11,부산,해운대구,2024-04-04,35.176365,129.153956
0001498,임지유,M,2005-09-28,부산,동래구,2024-04-04,35.202857,129.076308
0001499,송승민,M,1979-09-14,대전,유성구,2024-04-04,36.35391,127.351198
0001500,최지호,M,2002-11-23,서울,마포구,2024-04-05,37.562295,126.898744
0001501,안시우,F,1989-10-05,대전,중구,2024-04-05,36.319807,127.434568
0001502,오주원,F,1992-06-21,서울,서초구,2024-04-05,37.478985,127.033267
0001503,강수진,M,1981-12-26,인천,서구,2024-04-06,37.541082,126.676058
0001504,정지훈,M,1972-10-18,부산,동래구,2024-04-06,35.205918,129.063324
0001505,이서연,M,1973-01-23,서울,마포구,2024-04-06,37.567218,126.927162
0001506,윤지호,F,1981-10-06,대전,대덕구,2024-04-06,36.364878,127.436737
0001507,송서현,F,2003-08-31,부산,남구,2024-04-07,35.13827,129.08179
0001508,오현석,F,1993-11-29,인천,남동구,2024-04-07,37.452294,126.729161
0001509,서지호,F,1992-09-10,서울,마포구,2024-04-07,37.562295,126.898744
0001510,송서윤,M,1997-07-24,대구,달서구,2024-04-07,35.817083,128.534496
0001511,안수현,F,1985-01-25,서울,성동구,2024-04-07,37.576037,127.03348
0001512,오윤서,F,1996-08-17,인천,남동구,2024-04-08,37.450773,126.747514
0001513,황지호,F,1991-11-04,서울,송파구,2024-04-08,37.528144,127.11822
0001514,장하준,M,2000-06-24,부산,부산진구,2024-04-08,35.148214,129.054903
0001515,한지훈,F,1994-10-04,울산,중구,2024-04-08,35.578704,129.328588
0001516,오현우,M,1984-02-27,서울,서초구,2024-04-08,37.477597,127.042074
0001517,안하준,M,2003-11-19,서울,강남구,2024-04-08,37.494624,127.018984
0001518,신예준,F,1984-11-25,대전,유성구,2024-04-08,36.35391,127.351198
0001519,황지성,F,1989-07-21,울산,동구,2024-04-08,35.492899,129.423847
0001520,김지호,F,1972-03-11,서울,성동구,2024-04-08,37.576037,127.03348
0001521,정주원,F,1991-06-19,서울,송파구,2024-04-09,37.51731,127.100273
0001522,송승민,M,1983-10-09,대전,유성구,2024-04-09,36.35391,127.351198
0001523,오윤서,F,1997-05-02,서울,성동구,2024-04-09,37.577352,127.050323
0001524,권지우,M,1984-04-11,서울,성동구,2024-04-09,37.577352,127.050323
0001525,전하은,M,1992-02-27,서울,강남구,2024-04-09,37.507388,127.043409
0001526,박예준,F,1985-12-14,인천,부평구,2024-04-10,37.501582,126.711729
0001527,이하은,F,1998-02-21,부산,부산진구,2024-04-10,35.148214,129.054903
0001528,전하준,M,1998-12-09,인천,계양구,2024-04-10,37.544605,126.734891
0001529,강윤서,F,1998-10-01,서울,성동구,2024-04-11,37.567738,127.044146
0001530,이시우,M,1986-02-13,대구,북구,2024-04-12,35.898802,128.615833
0001531,최서연,F,1974-06-08,서울,서초구,2024-04-12,37.48525,127.024041
0001532,송현우,M,1973-03-03,부산,부산진구,2024-04-12,35.155731,129.036082
0001533,권시우,F,1974-06-25,부산,부산진구,2024-04-12,35.155731,129.036082
0001534,임현우,M,1975-02-28,서울,성동구,2024-04-12,37.577737,127.017251
0001535,박지민,F,2001-03-25,서울,송파구,2024-04-12,37.528144,127.11822
0001536,임승민,F,1996-08-14,부산,동래구,2024-04-13,35.207187,129.078356
0001537,강민준,M,1973-09-04,서울,서초구,2024-04-13,37.483618,127.040159
0001538,정시우,M,1993-10-22,서울,성동구,2024-04-14,37.558694,127.046971
0001539,이하윤,M,1973-04-12,서울,성동구,2024-04-14,37.577352,127.050323
0001540,안수현,M,1995-01-18,서울,마포구,2024-04-14,37.555331,126.907948
0001541,전시우,M,2004-06-13,서울,강남구,2024-04-14,37.485809,127.043491
0001542,강승민,M,1995-04-26,서울,강남구,2024-04-14,37.486781,127.030789
0001543,박지훈,F,2000-10-14,서울,송파구,2024-04-14,37.51955,127.115158
0001544,강현석,F,1998-04-24,서울,마포구,2024-04-15,37.579329,126.904005
0001545,이건우,M,1974-06-21,부산,남구,2024-04-15,35.120493,129.085186
0001546,김동현,F,2004-03-05,부산,부산진구,2024-04-15,35.165841,129.062262
0001547,서수진,F,1982-11-09,울산,남구,2024-04-15,35.545241,129.330526
0001548,최현석,M,1994-11-22,인천,연수구,2024-04-15,37.428937,126.682846
0001549,조하윤,M,1977-01-10,대구,중구,2024-04-15,35.87333,128.618027
0001550,권동현,M,1979-06-20,인천,남동구,2024-04-16,37.431258,126.73738
0001551,오윤서,M,1992-04-18,인천,계양구,2024-04-16,37.541331,126.745466
0001552,서민서,F,1981-10-16,울산,중구,2024-04-16,35.578704,129.328588
0001553,황하은,M,2000-04-08,서울,마포구,2024-04-16,37.579329,126.904005
0001554,전지유,M,1972-06-15,서울,강남구,2024-04-16,37.494624,127.018984
0001555,전지원,F,1996-02-19,부산,동래구,2024-04-16,35.202857,129.076308
0001556,이지우,M,1997-03-18,서울,강남구,2024-04-16,37.507388,127.043409
0001557,김지호,F,1994-10-17,서울,강남구,2024-04-17,37.494624,127.018984
0001558,오시우,F,1998-07-31,대구,달서구,2024-04-17,35.817083,128.534496
0001559,이예준,F,1995-07-31,서울,성동구,2024-04-17,37.561687,127.040441
0001560,황서준,M,1990-03-20,서울,성동구,2024-04-17,37.561687,127.040441
0001561,권수현,F,1975-07-12,서울,마포구,2024-04-17,37.582523,126.912364
0001562,홍시우,M,1990-09-26,대전,서구,2024-04-17,36.355481,127.361029
0001563,임현우,M,1990-03-09,부산,동래구,2024-04-17,35.202857,129.076308
0001564,정지원,M,1993-10-18,광주,동구,2024-04-18,35.148286,126.932418
0001565,임서현,M,1979-10-18,대전,서구,2024-04-18,36.355481,127.361029
0001566,강수진,M,2003-04-08,서울,마포구,2024-04-18,37.569019,126.91137
0001567,권민서,M,1970-06-17,부산,동래구,2024-04-19,35.202857,129.076308
0001568,황건우,F,1971-07-02,인천,부평구,2024-04-19,37.507528,126.716538
0001569,오서연,M,1980-12-24,광주,동구,2024-04-19,35.148286,126.932418
0001570,홍동현,M,1976-03-24,서울,성동구,2024-04-19,37.561687,127.040441
0001571,임예준,F,1980-02-17,부산,부산진구,2024-04-19,35.165841,129.062262
0001572,윤지유,M,1989-06-05,부산,동래구,2024-04-20,35.202857,129.076308
0001573,김하준,F,1993-06-27,서울,강남구,2024-04-20,37.507388,127.043409
0001574,정지민,F,1998-03-30,인천,서구,2024-04-20,37.541082,126.676058
0001575,홍승민,F,1982-12-19,서울,마포구,2024-04-20,37.579231,126.921633
0001576,최지성,F,1987-04-11,부산,동래구,2024-04-20,35.210645,129.083455
0001577,강수진,F,1992-10-10,부산,남구,2024-04-20,35.120493,129.085186
0001578,한건우,F,1992-08-22,부산,부산진구,2024-04-21,35.155731,129.036082
0001579,박지훈,M,1992-02-14,부산,부산진구,2024-04-21,35.173635,129.074432
0001580,송민준,M,1986-04-25,서울,서초구,2024-04-21,37.478985,127.033267
0001581,강서윤,M,1990-07-16,서울,송파구,2024-04-21,37.514153,127.094813
0001582,윤예준,M,1974-02-10,울산,울주군,2024-04-21,35.517505,129.248126
0001583,최수진,M,1993-03-12,대전,대덕구,2024-04-21,36.366109,127.434212
0001584,오건우,M,2004-01-04,부산,남구,2024-04-22,35.134891,129.094263
0001585,조시우,M,1983-06-13,울산,울주군,2024-04-22,35.533543,129.241653
0001586,안승민,M,1990-09-11,서울,서초구,2024-04-22,37.484243,127.021823
0001587,오지우,F,1993-11-08,서울,성동구,2024-04-22,37.576037,127.03348
0001588,정지성,M,1982-11-14,서울,송파구,2024-04-22,37.528144,127.11822
0001589,정건우,F,1974-02-03,대전,대덕구,2024-04-22,36.364878,127.436737
0001590,최수진,F,1985-06-05,대전,대덕구,2024-04-22,36.355969,127.447839
0001591,임지우,F,1979-01-14,대구,동구,2024-04-22,35.889942,128.626899
0001592,임민서,M,2000-03-10,광주,북구,2024-04-23,35.158612,126.907869
0001593,황지우,M,1979-10-23,서울,마포구,2024-04-23,37.555331,126.907948
0001594,권지훈,M,1992-06-12,울산,동구,2024-04-23,35.516205,129.425624
0001595,장윤서,F,1993-11-15,서울,성동구,2024-04-23,37.56004,127.06894
0001596,김주원,F,2001-08-02,울산,동구,2024-04-23,35.492899,129.423847
0001597,임서연,F,1970-05-14,부산,부산진구,2024-04-23,35.155731,129.036082
0001598,윤현우,F,1975-08-19,인천,연수구,2024-04-23,37.428937,126.682846
0001599,장주원,F,1998-11-25,울산,남구,2024-04-23,35.54049,129.328761
0001600,황윤서,M,1995-10-23,인천,서구,2024-04-23,37.541082,126.676058
0001601,임지원,F,1970-05-27,인천,연수구,2024-04-24,37.400091,126.683625
0001602,전민준,F,1973-04-05,울산,동구,2024-04-24,35.516205,129.425624
0001603,전수진,F,2000-09-21,광주,동구,2024-04-24,35.148286,126.932418
0001604,최수진,M,1983-02-25,인천,계양구,2024-04-24,37.544605,126.734891
0001605,조수진,F,1983-06-21,부산,부산진구,2024-04-25,35.156248,129.056828
0001606,김지훈,M,2000-03-06,부산,남구,2024-04-25,35.13827,129.08179
0001607,신서준,M,1977-06-18,서울,강남구,2024-04-26,37.486781,127.030789
0001608,오서현,F,1983-04-10,부산,부산진구,2024-04-26,35.157608,129.051143
0001609,정주원,F,1971-10-09,인천,서구,2024-04-27,37.541082,126.676058
0001610,오민서,M,1978-09-21,부산,해운대구,2024-04-27,35.176365,129.153956
0001611,임수현,F,1985-10-23,대전,대덕구,2024-04-27,36.364878,127.436737
0001612,신수진,M,1978-05-15,부산,부산진구,2024-04-27,35.155731,129.036082
0001613,송서준,M,1971-11-07,서울,강남구,2024-04-27,37.493375,127.03537
0001614,오하은,F,1981-07-19,인천,계양구,2024-04-28,37.544605,126.734891
0001615,안철수,F,1973-08-13,서울,강남구,2024-04-28,37.494624,127.018984
0001616,오지성,F,1995-12-10,대전,대덕구,2024-04-28,36.355969,127.447839
0001617,전지호,M,1998-09-15,서울,성동구,2024-04-28,37.576037,127.03348
0001618,임지훈,F,1973-02-13,서울,송파구,2024-04-28,37.528144,127.11822
0001619,황주원,F,2003-10-28,대전,대덕구,2024-04-28,36.366109,127.434212
0001620,임도윤,M,1988-05-23,서울,서초구,2024-04-29,37.483618,127.040159
0001621,안승민,F,1987-11-19,대전,중구,2024-04-29,36.319807,127.434568
0001622,장서연,M,2005-10-08,부산,부산진구,2024-04-29,35.155937,129.048964
0001623,전지유,F,2000-03-03,서울,서초구,2024-04-29,37.478985,127.033267
0001624,정동현,M,1974-01-25,서울,성동구,2024-04-29,37.577352,127.050323
0001625,안하은,M,2002-02-06,광주,동구,2024-04-29,35.148286,126.932418
0001626,황지훈,F,1989-10-30,대구,수성구,2024-04-30,35.866721,128.649568
0001627,임건우,M,1995-08-27,부산,부산진구,2024-04-30,35.155937,129.048964
0001628,송서준,M,1973-05-14,광주,동구,2024-04-30,35.148286,126.932418
0001629,권지우,F,1999-03-14,부산,부산진구,2024-04-30,35.173635,129.074432
0001630,이현우,F,1970-06-23,대구,북구,2024-04-30,35.912824,128.621362
0001631,조동현,M,1995-04-24,서울,성동구,2024-04-30,37.56004,127.06894
0001632,강서현,M,1983-10-31,부산,동래구,2024-04-30,35.205918,129.063324
0001633,강승민,F,2001-06-03,인천,부평구,2024-05-01,37.507528,126.716538
0001634,박서준,M,1988-01-24,서울,마포구,2024-05-01,37.569019,126.91137
0001635,김지호,M,1977-06-16,부산,동래구,2024-05-01,35.210645,129.083455
0001636,송윤서,F,1983-03-21,대구,북구,2024-05-02,35.912824,128.621362
0001637,안서준,F,1979-11-02,서울,송파구,2024-05-02,37.51955,127.115158
0001638,홍영희,M,1999-01-04,서울,송파구,2024-05-02,37.508941,127.105223
0001639,윤현석,M,1972-03-08,서울,송파구,2024-05-02,37.50325,127.119319
0001640,임승민,F,1997-08-04,부산,부산진구,2024-05-02,35.165841,129.062262
0001641,김주원,M,1997-01-17,부산,동래구,2024-05-02,35.207187,129.078356
0001642,홍지유,F,1974-10-03,부산,남구,2024-05-03,35.120493,129.085186
0001643,권수현,M,1975-11-12,서울,성동구,2024-05-03,37.551464,127.03869
0001644,정주원,F,1991-04-11,서울,송파구,2024-05-03,37.51955,127.115158
0001645,서지민,M,1984-07-12,대구,수성구,2024-05-03,35.866721,128.649568
0001646,권시우,F,2000-06-10,서울,성동구,2024-05-04,37.551464,127.03869
0001647,서지유,F,1994-02-16,부산,동래구,2024-05-04,35.207187,129.078356
0001648,임서준,M,1983-09-04,인천,계양구,2024-05-04,37.544605,126.734891
0001649,정철수,M,1975-08-02,광주,북구,2024-05-05,35.182325,126.899092
0001650,한지호,M,1987-05-11,서울,송파구,2024-05-05,37.516641,127.094043
0001651,최도윤,M,1992-02-23,부산,부산진구,2024-05-05,35.155731,129.036082
0001652,조도윤,M,1984-03-23,서울,강남구,2024-05-05,37.506762,127.025263
0001653,한민서,M,1984-12-24,서울,송파구,2024-05-05,37.510372,127.112456
0001654,전동현,M,1987-11-06,부산,수영구,2024-05-06,35.154477,129.111701
0001655,윤지훈,M,1978-12-12,부산,해운대구,2024-05-06,35.176365,129.153956
0001656,김민준,M,1998-11-16,부산,동래구,2024-05-06,35.210645,129.083455
0001657,홍동현,M,1998-12-03,부산,부산진구,2024-05-06,35.157608,129.051143
0001658,강건우,F,1991-10-18,서울,서초구,2024-05-06,37.48525,127.024041
0001659,정시우,F,1975-07-24,대전,중구,2024-05-06,36.338939,127.448992
0001660,신지원,M,1984-03-12,서울,마포구,2024-05-07,37.555331,126.907948
0001661,조주원,F,2001-08-31,대전,유성구,2024-05-07,36.35391,127.351198
0001662,조지민,F,1977-04-20,부산,동래구,2024-05-07,35.205918,129.063324
0001663,정주원,M,1984-07-05,대전,대덕구,2024-05-07,36.355969,127.447839
0001664,권현우,F,1980-12-14,서울,성동구,2024-05-07,37.567738,127.044146
0001665,정서연,M,1985-05-26,서울,마포구,2024-05-08,37.563645,126.908126
0001666,오지훈,M,1978-11-08,대구,중구,2024-05-08,35.87333,128.618027
0001667,전서윤,F,1996-08-08,부산,남구,2024-05-08,35.134891,129.094263
0001668,전승민,F,1984-10-31,서울,마포구,2024-05-09,37.562295,126.898744
0001669,전하윤,M,1998-01-03,서울,송파구,2024-05-09,37.516641,127.094043
0001670,한건우,M,1974-03-08,서울,서초구,2024-05-09,37.478985,127.033267
0001671,한서연,F,1987-11-09,서울,성동구,2024-05-09,37.577352,127.050323
0001672,윤수현,M,2004-08-18,광주,북구,2024-05-09,35.158612,126.907869
0001673,안도윤,M,1977-07-27,부산,부산진구,2024-05-09,35.155937,129.048964
0001674,김주원,M,1981-06-20,대구,북구,2024-05-09,35.898802,128.615833
0001675,임건우,F,1997-11-19,서울,서초구,2024-05-10,37.483618,127.040159
0001676,김하은,M,1992-08-07,울산,동구,2024-05-10,35.492899,129.423847
0001677,박지우,M,2003-12-07,울산,울주군,2024-05-10,35.517505,129.248126
0001678,신서연,F,1991-08-11,대전,대덕구,2024-05-10,36.366109,127.434212
0001679,김수진,F,1975-01-20,서울,송파구,2024-05-11,37.51955,127.115158
0001680,서수진,M,1998-10-30,서울,마포구,2024-05-11,37.555331,126.907948
0001681,최서연,F,1977-12-05,인천,연수구,2024-05-11,37.428937,126.682846
0001682,전지유,F,1980-11-30,서울,강남구,2024-05-11,37.507388,127.043409
0001683,임주원,M,2004-08-15,인천,서구,2024-05-11,37.541082,126.676058
0001684,윤지훈,F,1992-08-09,대전,중구,2024-05-11,36.338939,127.448992
0001685,김건우,M,2001-02-06,부산,남구,2024-05-12,35.13827,129.08179
0001686,서영희,M,1978-12-15,서울,마포구,2024-05-12,37.582523,126.912364
0001687,강서준,M,1979-08-25,부산,남구,2024-05-12,35.120493,129.085186
0001688,이현우,F,1973-07-17,광주,동구,2024-05-12,35.148286,126.932418
0001689,권하은,M,1992-05-30,부산,부산진구,2024-05-12,35.155731,129.036082
0001690,황현우,F,1971-12-27,인천,부평구,2024-05-13,37.501582,126.711729
0001691,서현우,F,1982-02-10,울산,울주군,2024-05-13,35.517505,129.248126
0001692,서영희,F,1981-03-05,서울,송파구,2024-05-13,37.50325,127.119319
0001693,오현석,F,1997-05-17,서울,마포구,2024-05-13,37.562295,126.898744
0001694,조시우,M,1981-11-27,서울,송파구,2024-05-13,37.5014,127.135937
0001695,정서연,F,1972-08-06,서울,송파구,2024-05-13,37.51731,127.100273
0001696,홍현석,M,1992-11-22,울산,동구,2024-05-13,35.492899,129.423847
0001697,홍승민,F,1989-11-10,서울,성동구,2024-05-13,37.577352,127.050323
0001698,최시우,F,1991-10-15,서울,송파구,2024-05-13,37.516641,127.094043
0001699,신민준,F,1973-12-08,서울,성동구,2024-05-14,37.577737,127.017251
0001700,강서연,F,1975-09-29,서울,강남구,2024-05-14,37.494624,127.018984
0001701,윤건우,M,1979-06-06,부산,해운대구,2024-05-14,35.176365,129.153956
0001702,송주원,F,1978-07-11,부산,동래구,2024-05-14,35.207187,129.078356
0001703,전하윤,F,1977-07-28,인천,연수구,2024-05-14,37.400091,126.683625
0001704,윤수진,F,1979-11-29,서울,송파구,2024-05-14,37.514153,127.094813
0001705,안하윤,F,1988-11-14,서울,마포구,2024-05-14,37.562295,126.898744
0001706,한지유,M,1976-09-15,인천,남동구,2024-05-15,37.450773,126.747514
0001707,황예준,M,1970-11-14,울산,동구,2024-05-15,35.492899,129.423847
0001708,오승민,M,1973-10-30,부산,부산진구,2024-05-16,35.164516,129.05897
0001709,이서준,F,2002-09-29,대구,동구,2024-05-16,35.889942,128.626899
0001710,서서윤,F,1988-11-16,인천,남동구,2024-05-16,37.452294,126.729161
0001711,권서윤,F,2004-03-20,서울,서초구,2024-05-16,37.48525,127.024041
0001712,권서윤,F,2000-05-04,울산,남구,2024-05-16,35.545241,129.330526
0001713,이지유,M,1996-08-30,서울,서초구,2024-05-17,37.492387,127.030204
0001714,한수진,F,1977-12-07,서울,서초구,2024-05-17,37.478985,127.033267
0001715,홍영희,M,1970-07-30,대전,중구,2024-05-17,36.338939,127.448992
0001716,정주원,M,1977-08-27,서울,강남구,2024-05-17,37.494624,127.018984
0001717,오시우,F,1982-08-15,인천,계양구,2024-05-17,37.544605,126.734891
0001718,오서현,F,2004-07-14,서울,강남구,2024-05-18,37.493375,127.03537
0001719,권현석,M,1996-11-18,서울,성동구,2024-05-18,37.551464,127.03869
0001720,조현석,F,1975-11-12,서울,송파구,2024-05-18,37.508941,127.105223
0001721,장예준,M,1973-04-06,서울,강남구,2024-05-18,37.507388,127.043409
0001722,장영희,M,1984-05-14,부산,남구,2024-05-18,35.134891,129.094263
0001723,이시우,F,1997-11-18,부산,남구,2024-05-18,35.13827,129.08179
0001724,윤지민,M,1978-10-27,서울,강남구,2024-05-18,37.507388,127.043409
0001725,정수진,M,2002-03-10,광주,북구,2024-05-19,35.182325,126.899092
0001726,전주원,F,1976-11-15,서울,송파구,2024-05-19,37.51955,127.115158
0001727,최서연,M,1972-06-26,인천,부평구,2024-05-19,37.501582,126.711729
0001728,송영희,M,1992-11-04,울산,울주군,2024-05-19,35.533543,129.241653
0001729,안하은,M,1974-10-11,서울,서초구,2024-05-19,37.48525,127.024041
0001730,신하은,F,1981-01-24,서울,서초구,2024-05-20,37.484243,127.021823
0001731,서하은,F,1979-03-08,대구,북구,2024-05-20,35.898802,128.615833
0001732,홍영희,F,1982-08-23,서울,서초구,2024-05-20,37.484243,127.021823
0001733,서수현,F,1991-05-27,서울,강남구,2024-05-20,37.485809,127.043491
0001734,정건우,M,1995-12-23,서울,서초구,2024-05-20,37.483618,127.040159
0001735,황현석,M,1990-09-07,서울,마포구,2024-05-20,37.567218,126.927162
0001736,정수진,F,2003-03-02,서울,마포구,2024-05-20,37.567218,126.927162
0001737,최지유,F,1984-09-19,광주,북구,2024-05-21,35.158612,126.907869
0001738,조하준,F,1980-11-21,서울,강남구,2024-05-21,37.489466,127.022467
0001739,한지호,F,1995-05-27,광주,북구,2024-05-21,35.182325,126.899092
0001740,오시우,M,1984-09-05,부산,수영구,2024-05-21,35.154477,129.111701
0001741,임서현,M,2004-02-29,광주,동구,2024-05-21,35.148286,126.932418
0001742,강현우,M,1988-12-04,서울,마포구,2024-05-22,37.567218,126.927162
0001743,송하은,F,1995-06-26,대구,북구,2024-05-22,35.912824,128.621362
0001744,최동현,M,1979-01-29,부산,부산진구,2024-05-22,35.173635,129.074432
0001745,강민서,F,1970-11-22,서울,마포구,2024-05-22,37.562295,126.898744
0001746,홍시우,M,1991-07-29,서울,서초구,2024-05-23,37.492387,127.030204
0001747,서민서,F,2005-08-05,서울,서초구,2024-05-23,37.485348,127.020431
0001748,전서연,F,1985-04-15,울산,울주군,2024-05-23,35.533543,129.241653
0001749,임서윤,M,1996-08-26,서울,서초구,2024-05-23,37.478985,127.033267
0001750,신현우,M,1989-11-27,서울,마포구,2024-05-24,37.567218,126.927162
0001751,최영희,M,1975-04-22,부산,부산진구,2024-05-24,35.173635,129.074432
0001752,조지유,M,2001-11-09,서울,성동구,2024-05-24,37.576037,127.03348
0001753,서서준,M,1980-01-07,서울,송파구,2024-05-25,37.50325,127.119319
0001754,홍윤서,F,2004-04-28,인천,계양구,2024-05-25,37.541331,126.745466
0001755,오지원,M,1980-07-02,부산,부산진구,2024-05-25,35.148214,129.054903
0001756,임윤서,M,1990-05-05,서울,성동구,2024-05-25,37.561687,127.040441
0001757,서지민,M,1982-06-13,인천,부평구,2024-05-25,37.507528,126.716538
0001758,신철수,M,1972-11-25,서울,송파구,2024-05-25,37.508941,127.105223
0001759,윤지유,F,1994-08-13,대구,북구,2024-05-25,35.898802,128.615833
0001760,홍지호,M,1997-11-25,서울,강남구,2024-05-25,37.486781,127.030789
0001761,장지민,F,1989-02-17,부산,동래구,2024-05-26,35.218634,129.091488
0001762,임승민,M,1988-06-23,부산,동래구,2024-05-26,35.210645,129.083455
0001763,정하준,F,1980-02-10,인천,남동구,2024-05-26,37.431258,126.73738
0001764,윤서윤,F,1975-09-19,대구,북구,2024-05-26,35.912824,128.621362
0001765,안하윤,M,1990-04-05,서울,강남구,2024-05-27,37.485809,127.043491
0001766,권지성,F,1996-08-10,대전,대덕구,2024-05-27,36.366109,127.434212
0001767,송지민,M,1992-03-29,부산,부산진구,2024-05-27,35.173635,129.074432
0001768,임하준,F,1997-03-04,울산,남구,2024-05-27,35.54049,129.328761
0001769,정하준,F,1973-11-15,대전,중구,2024-05-27,36.319807,127.434568
0001770,서지성,M,1978-02-10,서울,서초구,2024-05-28,37.478985,127.033267
0001771,송하은,F,2005-04-10,부산,동래구,2024-05-28,35.218634,129.091488
0001772,서예준,M,2004-07-13,인천,부평구,2024-05-28,37.501582,126.711729
0001773,송현석,M,1997-08-16,대전,대덕구,2024-05-28,36.366109,127.434212
0001774,박서연,M,2003-05-07,부산,동래구,2024-05-28,35.218634,129.091488
0001775,장동현,M,1978-11-28,인천,계양구,2024-05-28,37.544605,126.734891
0001776,안민서,F,1971-12-21,대전,대덕구,2024-05-29,36.378921,127.443177
0001777,임승민,M,2001-10-25,서울,강남구,2024-05-29,37.501172,127.032666
0001778,강주원,M,2003-01-11,부산,동래구,2024-05-29,35.205918,129.063324
0001779,신수현,F,1992-11-25,울산,동구,2024-05-29,35.492899,129.423847
0001780,서현우,M,1992-02-22,서울,송파구,2024-05-29,37.50325,127.119319
0001781,정지호,F,1979-09-29,서울,마포구,2024-05-29,37.562295,126.898744
0001782,윤윤서,F,2001-07-17,부산,부산진구,2024-05-29,35.164516,129.05897
0001783,윤서준,M,1985-11-30,울산,남구,2024-05-30,35.54049,129.328761
0001784,최지훈,F,1983-09-24,대구,북구,2024-05-30,35.898802,128.615833
0001785,한동현,F,1985-05-11,서울,성동구,2024-05-30,37.561687,127.040441
0001786,윤지성,F,1979-03-10,서울,성동구,2024-05-31,37.561687,127.040441
0001787,오건우,M,1977-10-24,인천,남동구,2024-05-31,37.450773,126.747514
0001788,전지유,M,2002-05-20,울산,남구,2024-05-31,35.54049,129.328761
0001789,정건우,M,2001-08-01,광주,북구,2024-05-31,35.182325,126.899092
0001790,조영희,M,1976-05-28,서울,성동구,2024-05-31,37.576037,127.03348
0001791,전승민,M,2001-09-18,부산,수영구,2024-05-31,35.154477,129.111701
0001792,강서연,M,1991-02-25,서울,마포구,2024-05-31,37.555331,126.907948
0001793,김수진,F,1986-12-02,서울,마포구,2024-06-02,37.555331,126.907948
0001794,조서현,F,2003-09-01,서울,성동구,2024-06-02,37.577737,127.017251
0001795,서서준,M,1974-12-02,부산,부산진구,2024-06-02,35.153548,129.048878
0001796,조서준,M,1995-01-18,서울,송파구,2024-06-03,37.51955,127.115158
0001797,윤서준,M,1982-03-26,대구,수성구,2024-06-03,35.866721,128.649568
0001798,조현우,M,1990-03-20,대전,대덕구,2024-06-03,36.366109,127.434212
0001799,박현석,M,1971-08-21,서울,성동구,2024-06-03,37.56004,127.06894
0001800,조건우,M,1984-08-30,서울,송파구,2024-06-04,37.510372,127.112456
0001801,홍민서,M,1985-05-15,서울,송파구,2024-06-04,37.50325,127.119319
0001802,서지호,M,1973-02-12,서울,강남구,2024-06-05,37.489466,127.022467
0001803,신도윤,F,1975-11-30,인천,연수구,2024-06-05,37.428937,126.682846
0001804,권철수,M,1975-05-04,서울,성동구,2024-06-05,37.56004,127.06894
0001805,홍지원,F,1985-02-18,대전,중구,2024-06-05,36.338939,127.448992
0001806,홍서현,F,2003-01-19,부산,남구,2024-06-05,35.13827,129.08179
0001807,서수진,M,1976-12-05,서울,송파구,2024-06-05,37.528144,127.11822
0001808,안수현,M,1980-04-07,서울,마포구,2024-06-05,37.569019,126.91137
0001809,정하은,M,1976-12-05,부산,동래구,2024-06-05,35.218634,129.091488
0001810,이서준,F,1980-07-14,인천,계양구,2024-06-06,37.544605,126.734891
0001811,서지원,F,1985-03-18,부산,해운대구,2024-06-06,35.176365,129.153956
0001812,장서윤,M,1970-02-21,서울,송파구,2024-06-06,37.5014,127.135937
0001813,권민준,F,2003-11-19,대전,중구,2024-06-07,36.319807,127.434568
0001814,권윤서,M,1972-03-24,대전,대덕구,2024-06-07,36.364878,127.436737
0001815,최건우,F,1973-12-07,대전,대덕구,2024-06-07,36.364878,127.436737
0001816,조하윤,M,2004-03-19,대전,서구,2024-06-08,36.355481,127.361029
0001817,임지유,M,1995-07-07,서울,송파구,2024-06-08,37.514153,127.094813
0001818,이지우,F,1997-12-08,부산,동래구,2024-06-08,35.205918,129.063324
0001819,홍지우,F,1990-06-07,대전,대덕구,2024-06-08,36.355969,127.447839
0001820,정지우,M,1972-02-24,서울,강남구,2024-06-09,37.485809,127.043491
0001821,안지성,F,1974-12-10,인천,남동구,2024-06-10,37.431258,126.73738
0001822,오지호,M,2000-12-10,부산,해운대구,2024-06-10,35.163322,129.159222
0001823,한민서,M,1996-02-13,서울,강남구,2024-06-10,37.489466,127.022467
0001824,윤철수,F,1987-03-20,부산,부산진구,2024-06-10,35.173635,129.074432
0001825,박현우,F,1972-05-17,대전,대덕구,2024-06-10,36.366109,127.434212
0001826,한철수,M,2002-11-24,대전,중구,2024-06-10,36.338939,127.448992
0001827,신건우,F,2004-01-10,서울,마포구,2024-06-10,37.567218,126.927162
0001828,박지훈,F,1979-02-12,서울,송파구,2024-06-11,37.508941,127.105223
0001829,조지훈,F,1975-06-22,서울,마포구,2024-06-12,37.57353,126.916356
0001830,임지유,M,1982-05-14,울산,남구,2024-06-12,35.545241,129.330526
0001831,박영희,M,1986-01-21,울산,남구,2024-06-12,35.54049,129.328761
0001832,임서준,M,2001-07-30,부산,부산진구,2024-06-14,35.156248,129.056828
0001833,김승민,M,1986-01-11,부산,부산진구,2024-06-14,35.164516,129.05897
0001834,한철수,M,2002-03-21,부산,부산진구,2024-06-14,35.165841,129.062262
0001835,서서현,F,1990-08-13,서울,마포구,2024-06-14,37.579329,126.904005
0001836,이지호,F,1998-01-12,광주,동구,2024-06-15,35.148286,126.932418
0001837,윤현우,F,1982-10-25,광주,북구,2024-06-15,35.18152,126.926067
0001838,강지우,M,1981-12-11,부산,동래구,2024-06-15,35.218634,129.091488
0001839,김지성,M,1980-11-30,서울,성동구,2024-06-15,37.577352,127.050323
0001840,임윤서,M,1992-09-24,부산,부산진구,2024-06-15,35.153548,129.048878
0001841,윤서윤,M,1992-12-24,서울,송파구,2024-06-15,37.527211,127.114209
0001842,조민준,F,1972-03-17,울산,동구,2024-06-16,35.492899,129.423847
0001843,홍현석,M,1988-05-07,대전,서구,2024-06-16,36.355481,127.361029
0001844,이서윤,M,1996-01-26,울산,동구,2024-06-16,35.492899,129.423847
0001845,조수현,F,1998-11-05,부산,해운대구,2024-06-16,35.176365,129.153956
0001846,정서현,M,1976-01-25,서울,서초구,2024-06-17,37.492387,127.030204
0001847,임철수,M,2001-12-17,서울,강남구,2024-06-17,37.486781,127.030789
0001848,권서현,M,1989-03-18,서울,성동구,2024-06-18,37.576037,127.03348
0001849,전수진,F,1988-05-04,대전,유성구,2024-06-19,36.35391,127.351198
0001850,최수진,F,2003-10-14,서울,강남구,2024-06-19,37.506762,127.025263
0001851,임수현,F,2004-05-29,인천,연수구,2024-06-19,37.400091,126.683625
0001852,신주원,F,1970-12-20,광주,북구,2024-06-20,35.18152,126.926067
0001853,한주원,M,1976-11-11,서울,성동구,2024-06-21,37.56004,127.06894
0001854,윤서준,M,1972-07-08,서울,송파구,2024-06-21,37.528144,127.11822
0001855,황동현,M,2005-02-11,부산,수영구,2024-06-21,35.154477,129.111701
0001856,전하준,M,1970-11-21,울산,남구,2024-06-22,35.54049,129.328761
0001857,서서연,F,1988-05-13,서울,서초구,2024-06-22,37.484243,127.021823
0001858,황윤서,F,1982-03-03,울산,동구,2024-06-22,35.492899,129.423847
0001859,오하은,M,1975-02-16,울산,남구,2024-06-23,35.545241,129.330526
0001860,신민서,M,1966-12-23,인천,계양구,2024-06-23,37.541331,126.745466
0001861,권민서,M,2004-07-28,서울,강남구,2024-06-24,37.506762,127.025263
0001862,황하은,F,1999-11-09,서울,강남구,2024-06-24,37.506762,127.025263
0001863,권지우,M,1994-09-10,인천,남동구,2024-06-24,37.431258,126.73738
0001864,황서준,M,1999-01-16,인천,계양구,2024-06-24,37.541331,126.745466
0001865,권지성,M,1977-06-07,대구,북구,2024-06-24,35.898802,128.615833
0001866,조지훈,M,1978-10-28,부산,남구,2024-06-25,35.120493,129.085186
0001867,김영희,M,2004-04-30,대전,유성구,2024-06-25,36.35391,127.351198
0001868,한철수,M,1972-10-12,부산,수영구,2024-06-26,35.154477,129.111701
0001869,박하윤,M,1995-12-26,울산,울주군,2024-06-26,35.533543,129.241653
0001870,송지훈,M,1966-12-26,대구,중구,2024-06-26,35.87333,128.618027
0001871,한건우,F,1974-05-21,인천,부평구,2024-06-26,37.501582,126.711729
0001872,홍현우,F,1989-05-13,서울,마포구,2024-06-27,37.579231,126.921633
0001873,김윤서,F,1997-12-16,서울,마포구,2024-06-27,37.555331,126.907948
0001874,오서현,F,1985-12-27,부산,남구,2024-06-27,35.13827,129.08179
0001875,홍영희,M,1986-12-27,대전,중구,2024-06-27,36.338939,127.448992
0001876,송하윤,M,1994-10-17,서울,마포구,2024-06-28,37.555331,126.907948
0001877,장현석,F,1989-03-06,인천,계양구,2024-06-28,37.541331,126.745466
0001878,박철수,M,1984-04-18,서울,마포구,2024-06-28,37.563645,126.908126
0001879,조지민,M,1979-12-28,서울,강남구,2024-06-28,37.486781,127.030789
0001880,신서준,F,1977-03-29,서울,성동구,2024-06-28,37.558694,127.046971
0001881,장주원,F,2003-07-02,부산,부산진구,2024-06-29,35.164516,129.05897
0001882,권하윤,M,1999-05-18,서울,마포구,2024-06-29,37.569019,126.91137
0001883,홍서윤,M,1973-06-08,서울,마포구,2024-06-29,37.579329,126.904005
0001884,강건우,M,2004-03-29,부산,부산진구,2024-06-29,35.165841,129.062262
0001885,정현우,F,1984-12-31,대전,대덕구,2024-06-30,36.366109,127.434212
0001886,조도윤,M,1981-12-30,인천,남동구,2024-06-30,37.431258,126.73738
0001887,박지호,M,1990-12-30,부산,남구,2024-06-30,35.120493,129.085186
0001888,장주원,F,1982-12-31,부산,부산진구,2024-06-30,35.173635,129.074432
0001889,윤승민,M,1999-12-31,서울,성동구,2024-06-30,37.567738,127.044146
0001890,홍서준,M,1987-06-01,서울,서초구,2024-06-30,37.483618,127.040159
0001891,전지성,F,1986-12-31,인천,연수구,2024-06-30,37.428937,126.682846
0001892,이윤서,F,1965-12-30,부산,부산진구,2024-06-30,35.164516,129.05897
0001893,한윤서,M,1987-01-01,서울,송파구,2024-07-01,37.50325,127.119319
0001894,황철수,M,1990-08-08,울산,울주군,2024-07-01,35.517505,129.248126
0001895,신수현,F,1966-01-01,서울,강남구,2024-07-01,37.506762,127.025263
0001896,조지유,M,1981-01-01,서울,송파구,2024-07-01,37.5014,127.135937
0001897,장지훈,M,1998-07-07,대전,중구,2024-07-01,36.338939,127.448992
0001898,오건우,F,1984-06-09,서울,성동구,2024-07-02,37.577737,127.017251
0001899,황수현,M,1985-04-02,서울,마포구,2024-07-02,37.582523,126.912364
0001900,전현우,M,1996-05-08,서울,마포구,2024-07-02,37.57353,126.916356
0001901,정시우,F,1983-08-02,대전,서구,2024-07-02,36.355481,127.361029
0001902,박수진,F,1992-06-13,서울,마포구,2024-07-02,37.563645,126.908126
0001903,오하준,M,1990-09-08,대구,북구,2024-07-03,35.912824,128.621362
0001904,임서현,M,2003-11-24,서울,강남구,2024-07-03,37.493375,127.03537
0001905,조현우,F,2002-11-23,대전,대덕구,2024-07-03,36.355969,127.447839
0001906,안지호,M,1989-04-06,대전,대덕구,2024-07-03,36.364878,127.436737
0001907,강서현,M,1991-01-03,인천,서구,2024-07-03,37.541082,126.676058
0001908,송지원,F,1996-01-03,서울,마포구,2024-07-03,37.582523,126.912364
0001909,윤현우,F,2005-01-03,인천,연수구,2024-07-03,37.400091,126.683625
0001910,장하준,F,1973-01-03,서울,마포구,2024-07-03,37.563645,126.908126
0001911,오시우,F,1977-03-04,대구,북구,2024-07-03,35.912824,128.621362
0001912,정윤서,F,1993-01-03,부산,부산진구,2024-07-03,35.157608,129.051143
0001913,한서준,M,1984-03-21,대구,중구,2024-07-03,35.87333,128.618027
0001914,최수진,M,1981-08-10,서울,송파구,2024-07-04,37.50325,127.119319
0001915,최민서,F,1994-01-04,서울,서초구,2024-07-04,37.48525,127.024041
0001916,임지훈,F,2005-06-15,대구,수성구,2024-07-04,35.866721,128.649568
0001917,황수진,F,1972-09-05,서울,송파구,2024-07-04,37.50325,127.119319
0001918,안승민,F,1996-06-01,대전,중구,2024-07-04,36.319807,127.434568
0001919,정현석,F,1999-12-25,울산,동구,2024-07-05,35.516205,129.425624
0001920,신지우,F,2004-03-25,대전,유성구,2024-07-05,36.35391,127.351198
0001921,임서윤,M,1998-06-30,부산,동래구,2024-07-05,35.202857,129.076308
0001922,정예준,M,1983-01-05,서울,강남구,2024-07-05,37.494624,127.018984
0001923,권서윤,F,1971-09-28,서울,성동구,2024-07-06,37.561687,127.040441
0001924,서하준,F,1985-01-06,서울,서초구,2024-07-06,37.477597,127.042074
0001925,이지성,M,1990-01-06,광주,북구,2024-07-06,35.162623,126.925196
0001926,강현우,M,1990-07-10,서울,마포구,2024-07-06,37.57353,126.916356
0001927,안하윤,M,1988-03-18,대구,수성구,2024-07-06,35.866721,128.649568
0001928,김민준,F,2001-09-30,서울,서초구,2024-07-06,37.483618,127.040159
0001929,송하준,F,1994-03-15,서울,강남구,2024-07-06,37.486781,127.030789
0001930,홍예준,M,1974-01-01,광주,북구,2024-07-06,35.182325,126.899092
0001931,홍현석,M,1977-01-06,서울,송파구,2024-07-06,37.527211,127.114209
0001932,최현석,F,1980-02-22,광주,북구,2024-07-06,35.162623,126.925196
0001933,김민서,F,1973-01-06,울산,중구,2024-07-06,35.578704,129.328588
0001934,윤지우,M,2001-01-07,부산,동래구,2024-07-07,35.210645,129.083455
0001935,이승민,F,1983-05-13,서울,서초구,2024-07-07,37.483618,127.040159
0001936,한예준,F,1965-01-07,서울,강남구,2024-07-07,37.489466,127.022467
0001937,안민서,F,2005-05-08,광주,북구,2024-07-07,35.162623,126.925196
0001938,황지원,F,2001-01-08,광주,북구,2024-07-08,35.182325,126.899092
0001939,신동현,M,1995-05-02,부산,해운대구,2024-07-08,35.163322,129.159222
0001940,임지성,M,1983-01-08,인천,남동구,2024-07-08,37.431258,126.73738
0001941,조영희,F,1991-04-12,부산,남구,2024-07-08,35.13827,129.08179
0001942,권철수,M,1976-09-17,서울,서초구,2024-07-08,37.48525,127.024041
0001943,윤수현,F,1996-07-22,광주,남구,2024-07-08,35.13845,126.940927
0001944,안윤서,F,1994-01-08,울산,동구,2024-07-08,35.492899,129.423847
0001945,강건우,F,1976-05-30,서울,송파구,2024-07-09,37.508941,127.105223
0001946,김하준,F,1996-12-03,대구,수성구,2024-07-09,35.866721,128.649568
0001947,윤예준,F,1981-05-27,광주,남구,2024-07-09,35.13845,126.940927
0001948,전지민,M,2002-11-15,서울,성동구,2024-07-09,37.567738,127.044146
0001949,홍수진,F,1977-01-09,울산,울주군,2024-07-09,35.533543,129.241653
0001950,정서준,M,2004-11-18,인천,계양구,2024-07-10,37.541331,126.745466
0001951,송서준,M,1991-02-22,서울,성동구,2024-07-10,37.56004,127.06894
0001952,홍예준,M,2004-09-16,부산,남구,2024-07-10,35.120493,129.085186
0001953,임철수,F,1994-01-10,부산,해운대구,2024-07-10,35.163322,129.159222
0001954,안수진,F,2002-12-22,대구,동구,2024-07-10,35.889942,128.626899
0001955,윤수현,M,1999-11-10,광주,남구,2024-07-10,35.13845,126.940927
0001956,이건우,F,1993-01-10,서울,서초구,2024-07-10,37.492387,127.030204
0001957,황영희,M,1989-01-11,서울,마포구,2024-07-11,37.562295,126.898744
0001958,이서현,F,1986-09-29,서울,마포구,2024-07-12,37.562295,126.898744
0001959,황주원,F,2005-01-12,서울,서초구,2024-07-12,37.483618,127.040159
0001960,송지유,F,1990-01-12,대전,대덕구,2024-07-12,36.366109,127.434212
0001961,박민준,M,1982-09-09,대전,대덕구,2024-07-12,36.364878,127.436737
0001962,강시우,F,1995-07-08,부산,남구,2024-07-13,35.134891,129.094263
0001963,서지훈,F,1982-11-27,대구,수성구,2024-07-13,35.866721,128.649568
0001964,임동현,F,1988-01-14,인천,남동구,2024-07-14,37.452294,126.729161
0001965,한현우,M,1976-09-08,서울,성동구,2024-07-14,37.576037,127.03348
0001966,한현석,F,1988-10-13,대전,대덕구,2024-07-14,36.366109,127.434212
0001967,권서준,M,1990-08-16,대전,서구,2024-07-14,36.355481,127.361029
0001968,신지민,F,1995-01-14,서울,마포구,2024-07-14,37.567218,126.927162
0001969,장시우,M,1991-01-14,인천,남동구,2024-07-14,37.431258,126.73738
0001970,신지성,F,1975-01-03,대전,대덕구,2024-07-14,36.355969,127.447839
0001971,임철수,F,1999-05-02,부산,부산진구,2024-07-14,35.165841,129.062262
0001972,홍지우,F,1986-01-15,서울,서초구,2024-07-15,37.478985,127.033267
0001973,오시우,F,1991-10-20,인천,서구,2024-07-15,37.541082,126.676058
0001974,신지우,F,1983-12-17,부산,부산진구,2024-07-15,35.157608,129.051143
0001975,신서준,F,1987-01-30,서울,성동구,2024-07-15,37.577352,127.050323
0001976,안수현,M,1975-07-03,부산,남구,2024-07-16,35.120493,129.085186
0001977,서민준,F,2004-08-01,인천,부평구,2024-07-16,37.501582,126.711729
0001978,조지호,F,1985-01-16,대구,중구,2024-07-16,35.87333,128.618027
0001979,송승민,M,1972-08-09,서울,성동구,2024-07-17,37.577737,127.017251
0001980,서지호,M,1972-02-01,서울,성동구,2024-07-17,37.576037,127.03348
0001981,권예준,M,1988-03-28,서울,성동구,2024-07-17,37.577737,127.017251
0001982,윤수진,M,1979-01-17,서울,송파구,2024-07-17,37.514153,127.094813
0001983,조승민,M,1992-01-17,인천,계양구,2024-07-17,37.544605,126.734891
0001984,박건우,M,1973-01-17,울산,동구,2024-07-17,35.516205,129.425624
0001985,박도윤,F,2003-04-26,대전,서구,2024-07-17,36.355481,127.361029
0001986,홍도윤,M,2000-02-12,부산,부산진구,2024-07-17,35.165841,129.062262
0001987,신현우,M,1967-01-18,인천,남동구,2024-07-18,37.452294,126.729161
0001988,이서준,F,1993-01-18,인천,연수구,2024-07-18,37.428937,126.682846
0001989,한수현,F,1980-01-18,광주,북구,2024-07-18,35.182325,126.899092
0001990,임현석,F,1988-01-18,대구,동구,2024-07-18,35.889942,128.626899
0001991,정지호,M,1985-01-18,서울,송파구,2024-07-18,37.516641,127.094043
0001992,임현우,M,1977-09-08,대구,중구,2024-07-18,35.87333,128.618027
0001993,신지성,F,1971-10-29,서울,마포구,2024-07-18,37.579329,126.904005
0001994,권시우,M,1988-01-19,서울,서초구,2024-07-19,37.48525,127.024041
0001995,권지훈,F,1974-06-19,서울,마포구,2024-07-19,37.562295,126.898744
0001996,오현우,M,1966-01-19,인천,계양구,2024-07-19,37.544605,126.734891
0001997,강지호,F,1979-02-13,울산,울주군,2024-07-19,35.533543,129.241653
0001998,홍서준,F,1988-08-11,대구,달서구,2024-07-19,35.817083,128.534496
0001999,최지유,M,1998-12-11,서울,마포구,2024-07-19,37.582523,126.912364
0002000,안철수,M,1983-03-12,서울,마포구,2024-07-20,37.579329,126.904005
0002001,한하은,M,1998-01-20,부산,동래구,2024-07-20,35.210645,129.083455
0002002,박지유,F,1998-10-03,대구,북구,2024-07-20,35.912824,128.621362
0002003,송지성,F,1987-11-12,서울,마포구,2024-07-20,37.562295,126.898744
0002004,안시우,F,1979-02-20,인천,계양구,2024-07-20,37.544605,126.734891
0002005,오서준,F,1979-01-21,서울,마포구,2024-07-21,37.569019,126.91137
0002006,권수진,M,1982-10-30,서울,성동구,2024-07-21,37.561687,127.040441
0002007,신수진,M,1999-01-05,울산,동구,2024-07-21,35.492899,129.423847
0002008,안예준,M,1977-12-12,서울,성동구,2024-07-21,37.558694,127.046971
0002009,조동현,F,1996-01-21,대전,대덕구,2024-07-21,36.364878,127.436737
0002010,한지민,M,1977-07-29,부산,부산진구,2024-07-22,35.156248,129.056828
0002011,안수진,M,1995-12-02,서울,송파구,2024-07-22,37.5014,127.135937
0002012,신지훈,M,1993-01-23,대구,동구,2024-07-23,35.889942,128.626899
0002013,윤서준,F,2002-04-04,서울,마포구,2024-07-23,37.569019,126.91137
0002014,권민서,M,1993-01-23,서울,성동구,2024-07-23,37.558694,127.046971
0002015,안지호,F,1974-01-15,서울,성동구,2024-07-23,37.576037,127.03348
0002016,황지민,M,1995-05-31,부산,해운대구,2024-07-23,35.163322,129.159222
0002017,오주원,M,1987-08-12,대전,대덕구,2024-07-23,36.355969,127.447839
0002018,강주원,M,1989-01-12,인천,남동구,2024-07-24,37.452294,126.729161
0002019,오민서,M,2000-01-24,서울,성동구,2024-07-24,37.558694,127.046971
0002020,장도윤,F,1976-05-06,서울,서초구,2024-07-24,37.48525,127.024041
0002021,전지민,M,1979-10-27,대구,달서구,2024-07-24,35.817083,128.534496
0002022,서동현,F,1973-08-25,광주,동구,2024-07-24,35.148286,126.932418
0002023,최하은,F,1991-03-21,광주,북구,2024-07-24,35.182325,126.899092
0002024,최하은,F,1966-01-25,부산,동래구,2024-07-25,35.207187,129.078356
0002025,정지훈,M,1986-10-28,대구,북구,2024-07-25,35.898802,128.615833
0002026,박주원,F,1971-01-25,대구,달서구,2024-07-25,35.817083,128.534496
0002027,신지원,F,1982-01-05,서울,송파구,2024-07-25,37.514153,127.094813
0002028,이하준,F,1996-09-27,서울,서초구,2024-07-26,37.492387,127.030204
0002029,이하은,M,1998-06-04,부산,동래구,2024-07-26,35.218634,129.091488
0002030,장지호,M,1978-01-26,부산,동래구,2024-07-26,35.218634,129.091488
0002031,장승민,M,2002-01-26,서울,마포구,2024-07-26,37.57353,126.916356
0002032,권지우,F,1982-07-28,부산,부산진구,2024-07-26,35.155937,129.048964
0002033,김도윤,M,1970-09-06,서울,마포구,2024-07-26,37.579329,126.904005
0002034,서하준,F,1990-07-05,서울,송파구,2024-07-26,37.51731,127.100273
0002035,김서연,M,1995-01-27,대전,대덕구,2024-07-27,36.355969,127.447839
0002036,김서윤,F,1979-02-27,서울,성동구,2024-07-27,37.558694,127.046971
0002037,이동현,F,2000-01-03,서울,송파구,2024-07-27,37.526044,127.101726
0002038,박도윤,F,1980-01-27,서울,마포구,2024-07-27,37.569019,126.91137
0002039,안지유,M,1987-09-21,서울,강남구,2024-07-28,37.485809,127.043491
0002040,정건우,M,1989-01-28,서울,성동구,2024-07-28,37.551464,127.03869
0002041,장예준,M,1978-01-28,울산,울주군,2024-07-28,35.533543,129.241653
0002042,안지성,M,1980-01-07,대전,유성구,2024-07-28,36.35391,127.351198
0002043,황수현,F,1989-01-28,서울,송파구,2024-07-28,37.527211,127.114209
0002044,한서현,F,1993-03-02,인천,서구,2024-07-28,37.541082,126.676058
0002045,조서연,F,1991-04-26,서울,성동구,2024-07-28,37.551464,127.03869
0002046,신예준,M,1983-12-26,대구,달서구,2024-07-28,35.817083,128.534496
0002047,조철수,M,1992-04-15,서울,마포구,2024-07-28,37.567218,126.927162
0002048,임서현,F,2004-01-16,광주,북구,2024-07-28,35.182325,126.899092
0002049,서예준,F,1989-11-07,대구,달서구,2024-07-28,35.817083,128.534496
0002050,황하은,F,1996-06-15,부산,부산진구,2024-07-29,35.155731,129.036082
0002051,안예준,M,1978-12-14,서울,송파구,2024-07-29,37.514153,127.094813
0002052,정윤서,M,1971-05-21,서울,송파구,2024-07-29,37.527211,127.114209
0002053,최민서,F,1990-01-29,서울,송파구,2024-07-29,37.510372,127.112456
0002054,오현우,F,2000-02-04,대구,북구,2024-07-29,35.898802,128.615833
0002055,전서연,M,1994-01-29,부산,부산진구,2024-07-29,35.148214,129.054903
0002056,최지호,F,1991-01-29,대구,중구,2024-07-29,35.87333,128.618027
0002057,윤승민,F,2003-02-09,대전,대덕구,2024-07-30,36.364878,127.436737
0002058,안서윤,M,1991-06-01,서울,서초구,2024-07-30,37.478985,127.033267
0002059,박서현,F,1990-01-08,부산,부산진구,2024-07-30,35.156248,129.056828
0002060,홍영희,M,2004-01-30,대구,북구,2024-07-30,35.898802,128.615833
0002061,최영희,M,1983-10-25,서울,서초구,2024-07-30,37.478985,127.033267
0002062,한민준,M,2003-02-23,서울,성동구,2024-07-30,37.577352,127.050323
0002063,서지민,F,1972-11-15,부산,부산진구,2024-07-30,35.165841,129.062262
0002064,홍지성,M,1981-09-05,서울,마포구,2024-07-31,37.569019,126.91137
0002065,전서윤,M,1996-07-23,부산,동래구,2024-07-31,35.218634,129.091488
0002066,최민서,M,1975-04-23,서울,강남구,2024-07-31,37.507388,127.043409
0002067,임도윤,M,1991-01-31,서울,성동구,2024-07-31,37.558694,127.046971
0002068,송수현,F,1987-01-31,인천,부평구,2024-07-31,37.501582,126.711729
0002069,조예준,F,1981-01-31,서울,성동구,2024-07-31,37.561687,127.040441
0002070,한하은,F,2005-01-31,서울,마포구,2024-07-31,37.567218,126.927162
0002071,오수현,M,1993-01-31,부산,남구,2024-07-31,35.134891,129.094263
0002072,박건우,M,1991-02-01,서울,성동구,2024-08-01,37.56004,127.06894
0002073,오하준,M,1998-07-23,부산,동래구,2024-08-01,35.218634,129.091488
0002074,장지훈,F,1978-04-27,대구,달서구,2024-08-01,35.817083,128.534496
0002075,한윤서,F,1998-04-22,부산,부산진구,2024-08-01,35.155731,129.036082
0002076,오서준,M,1981-02-02,서울,강남구,2024-08-02,37.494624,127.018984
0002077,서윤서,M,1988-02-02,광주,동구,2024-08-02,35.148286,126.932418
0002078,박민준,F,1998-01-01,서울,송파구,2024-08-02,37.5014,127.135937
0002079,안현우,M,1974-02-02,서울,마포구,2024-08-02,37.562295,126.898744
0002080,강민준,M,1993-01-13,광주,북구,2024-08-02,35.182325,126.899092
0002081,안지우,F,1982-01-27,서울,성동구,2024-08-02,37.577352,127.050323
0002082,최지원,F,1998-02-03,부산,부산진구,2024-08-03,35.156248,129.056828
0002083,최서연,F,2000-02-05,서울,마포구,2024-08-03,37.563645,126.908126
0002084,최서준,M,1979-07-21,부산,남구,2024-08-03,35.134891,129.094263
0002085,이현우,F,2000-11-20,인천,계양구,2024-08-03,37.544605,126.734891
0002086,서지원,M,1970-02-03,부산,남구,2024-08-03,35.120493,129.085186
0002087,정지원,F,1971-01-12,서울,송파구,2024-08-03,37.516641,127.094043
0002088,윤서연,M,2000-10-27,인천,연수구,2024-08-04,37.400091,126.683625
0002089,윤건우,M,1986-01-22,부산,부산진구,2024-08-04,35.157608,129.051143
0002090,박지민,M,1998-09-27,서울,마포구,2024-08-04,37.579329,126.904005
0002091,김지원,M,2002-10-31,대구,수성구,2024-08-04,35.866721,128.649568
0002092,임지유,M,1978-02-08,서울,송파구,2024-08-04,37.51955,127.115158
0002093,최서연,F,1965-02-04,인천,부평구,2024-08-04,37.507528,126.716538
0002094,황지성,M,1991-10-31,부산,남구,2024-08-04,35.134891,129.094263
0002095,안지유,M,1965-02-04,서울,성동구,2024-08-04,37.576037,127.03348
0002096,윤시우,F,1990-08-30,울산,동구,2024-08-05,35.516205,129.425624
0002097,정건우,F,1998-02-03,서울,성동구,2024-08-05,37.551464,127.03869
0002098,박건우,M,2000-08-09,대구,수성구,2024-08-05,35.866721,128.649568
0002099,오하은,M,1991-12-09,울산,동구,2024-08-05,35.492899,129.423847
0002100,박현우,M,1979-03-15,서울,마포구,2024-08-06,37.562295,126.898744
0002101,윤수진,F,1987-08-15,울산,남구,2024-08-06,35.54049,129.328761
0002102,권윤서,F,1978-10-11,울산,중구,2024-08-06,35.578704,129.328588
0002103,전윤서,M,1986-12-21,대구,수성구,2024-08-06,35.866721,128.649568
0002104,전철수,M,1988-10-31,부산,부산진구,2024-08-06,35.164516,129.05897
0002105,홍하준,F,1988-02-06,서울,강남구,2024-08-06,37.501172,127.032666
0002106,최지원,M,1975-05-01,부산,부산진구,2024-08-06,35.173635,129.074432
0002107,오예준,M,1984-09-05,부산,동래구,2024-08-07,35.202857,129.076308
0002108,최윤서,M,1978-06-06,인천,남동구,2024-08-07,37.452294,126.729161
0002109,조서윤,F,1973-07-20,서울,마포구,2024-08-07,37.579329,126.904005
0002110,강수현,M,1987-02-07,대전,중구,2024-08-07,36.338939,127.448992
0002111,조서연,F,1984-02-07,서울,성동구,2024-08-07,37.558694,127.046971
0002112,김서연,M,1988-02-07,서울,송파구,2024-08-07,37.51731,127.100273
0002113,조지훈,M,1986-02-07,대구,수성구,2024-08-07,35.866721,128.649568
0002114,홍현우,F,1985-10-28,광주,북구,2024-08-08,35.182325,126.899092
0002115,박예준,F,1976-02-08,광주,북구,2024-08-08,35.158612,126.907869
0002116,안동현,M,1981-02-08,대전,중구,2024-08-08,36.338939,127.448992
0002117,윤지민,M,1983-07-15,부산,동래구,2024-08-08,35.218634,129.091488
0002118,조지민,M,1981-07-10,부산,수영구,2024-08-09,35.154477,129.111701
0002119,안동현,M,1980-09-23,서울,성동구,2024-08-09,37.561687,127.040441
0002120,장도윤,F,1976-10-10,인천,남동구,2024-08-09,37.450773,126.747514
0002121,박윤서,M,1997-11-23,서울,서초구,2024-08-09,37.485348,127.020431
0002122,안예준,F,1997-05-08,서울,성동구,2024-08-09,37.561687,127.040441
0002123,권서윤,M,2002-04-23,서울,서초구,2024-08-09,37.483618,127.040159
0002124,서지호,F,2001-08-23,울산,남구,2024-08-09,35.545241,129.330526
0002125,강시우,F,2000-06-07,서울,강남구,2024-08-09,37.486781,127.030789
0002126,서지민,M,2003-07-28,서울,마포구,2024-08-09,37.567218,126.927162
0002127,송현석,M,1971-02-10,대전,서구,2024-08-10,36.355481,127.361029
0002128,전지호,M,1985-07-23,서울,마포구,2024-08-10,37.579231,126.921633
0002129,송철수,F,1997-09-14,대구,달서구,2024-08-10,35.817083,128.534496
0002130,이하윤,F,1987-02-10,서울,마포구,2024-08-10,37.569019,126.91137
0002131,조수진,F,1973-03-28,인천,남동구,2024-08-11,37.452294,126.729161
0002132,전주원,M,1980-02-13,광주,남구,2024-08-11,35.13845,126.940927
0002133,최수현,M,1979-04-12,광주,동구,2024-08-11,35.148286,126.932418
0002134,오현우,F,1979-09-11,서울,송파구,2024-08-11,37.51955,127.115158
0002135,정철수,F,1988-12-10,대구,수성구,2024-08-11,35.866721,128.649568
0002136,박서윤,F,1973-08-19,대구,북구,2024-08-11,35.912824,128.621362
0002137,전지호,M,1999-01-27,서울,성동구,2024-08-11,37.561687,127.040441
0002138,강도윤,M,1996-02-12,인천,계양구,2024-08-12,37.544605,126.734891
0002139,안도윤,M,1972-10-19,서울,강남구,2024-08-12,37.494624,127.018984
0002140,권주원,M,1996-02-12,울산,중구,2024-08-12,35.578704,129.328588
0002141,김지우,M,1985-05-11,서울,강남구,2024-08-13,37.501172,127.032666
0002142,황지원,M,1991-05-06,서울,강남구,2024-08-13,37.506762,127.025263
0002143,이영희,F,1990-06-25,부산,남구,2024-08-13,35.134891,129.094263
0002144,임서윤,M,2005-08-11,부산,부산진구,2024-08-13,35.153548,129.048878
0002145,안지원,M,1987-02-14,부산,부산진구,2024-08-14,35.155731,129.036082
0002146,신지성,F,1992-02-14,부산,부산진구,2024-08-14,35.165841,129.062262
0002147,한지민,M,1990-02-14,인천,부평구,2024-08-14,37.501582,126.711729
0002148,장서현,F,1970-05-03,부산,부산진구,2024-08-14,35.148214,129.054903
0002149,김수진,F,1987-07-11,서울,마포구,2024-08-14,37.582523,126.912364
0002150,정영희,F,1999-11-12,서울,성동구,2024-08-14,37.576037,127.03348
0002151,황윤서,M,1972-05-31,서울,서초구,2024-08-15,37.48525,127.024041
0002152,김민준,M,1995-09-11,광주,북구,2024-08-16,35.18152,126.926067
0002153,김지훈,M,2001-02-16,부산,해운대구,2024-08-16,35.176365,129.153956
0002154,강현석,F,1976-02-16,부산,수영구,2024-08-16,35.154477,129.111701
0002155,홍민서,F,2001-03-26,대구,달서구,2024-08-16,35.817083,128.534496
0002156,안하준,F,1973-04-17,인천,계양구,2024-08-16,37.541331,126.745466
0002157,홍지유,F,1995-02-09,서울,송파구,2024-08-16,37.527211,127.114209
0002158,장하은,F,1998-08-15,광주,북구,2024-08-17,35.162623,126.925196
0002159,전지우,M,1989-02-17,대구,북구,2024-08-17,35.898802,128.615833
0002160,전지우,F,1998-02-13,대전,중구,2024-08-17,36.338939,127.448992
0002161,서건우,M,1992-04-04,서울,송파구,2024-08-17,37.514153,127.094813
0002162,신윤서,M,1994-02-17,서울,서초구,2024-08-17,37.477597,127.042074
0002163,신현석,F,1985-01-30,대전,대덕구,2024-08-18,36.364878,127.436737
0002164,최수현,F,1979-02-18,울산,동구,2024-08-18,35.516205,129.425624
0002165,최지원,M,1970-06-28,부산,부산진구,2024-08-18,35.157608,129.051143
0002166,한서현,M,1981-01-09,부산,부산진구,2024-08-19,35.153548,129.048878
0002167,안주원,F,1973-10-21,부산,부산진구,2024-08-19,35.148214,129.054903
0002168,정지민,F,2001-05-22,부산,부산진구,2024-08-19,35.155731,129.036082
0002169,송서준,F,1971-02-19,서울,송파구,2024-08-19,37.510372,127.112456
0002170,신주원,M,2001-10-08,서울,송파구,2024-08-20,37.51955,127.115158
0002171,강서현,M,1998-10-07,광주,남구,2024-08-20,35.13845,126.940927
0002172,한도윤,M,1995-02-20,서울,송파구,2024-08-20,37.516641,127.094043
0002173,안지호,F,1971-01-06,서울,마포구,2024-08-20,37.563645,126.908126
0002174,전건우,M,1991-12-12,광주,북구,2024-08-21,35.158612,126.907869
0002175,장현우,F,1991-02-21,인천,부평구,2024-08-21,37.501582,126.711729
0002176,이윤서,F,1980-09-15,부산,남구,2024-08-21,35.120493,129.085186
0002177,서승민,F,1991-08-22,서울,성동구,2024-08-21,37.551464,127.03869
0002178,황하윤,F,1979-02-21,서울,송파구,2024-08-21,37.50325,127.119319
0002179,신시우,M,1992-01-24,대전,유성구,2024-08-22,36.35391,127.351198
0002180,권동현,M,1988-02-22,인천,연수구,2024-08-22,37.400091,126.683625
0002181,김건우,F,1984-03-19,인천,부평구,2024-08-22,37.507528,126.716538
0002182,한서연,M,1976-01-20,부산,남구,2024-08-22,35.13827,129.08179
0002183,임도윤,F,1998-07-08,서울,송파구,2024-08-23,37.508941,127.105223
0002184,박민준,M,1966-02-23,대전,서구,2024-08-23,36.355481,127.361029
0002185,박동현,M,2001-06-24,서울,강남구,2024-08-23,37.493375,127.03537
0002186,이지훈,M,2002-12-22,인천,남동구,2024-08-23,37.450773,126.747514
0002187,장지우,F,1998-11-27,인천,연수구,2024-08-24,37.428937,126.682846
0002188,최영희,M,1986-06-11,인천,남동구,2024-08-24,37.450773,126.747514
0002189,장현우,F,1983-10-31,대구,북구,2024-08-24,35.912824,128.621362
0002190,서지유,M,1998-09-01,서울,강남구,2024-08-24,37.486781,127.030789
0002191,윤승민,F,1981-02-25,부산,부산진구,2024-08-25,35.165841,129.062262
0002192,황서현,M,1979-10-24,울산,남구,2024-08-25,35.54049,129.328761
0002193,황지원,F,1979-02-26,대구,북구,2024-08-26,35.898802,128.615833
0002194,신승민,F,2004-02-26,대전,중구,2024-08-26,36.338939,127.448992
0002195,한서연,F,2002-02-26,울산,동구,2024-08-26,35.516205,129.425624
0002196,윤하준,M,1973-10-17,대구,북구,2024-08-27,35.898802,128.615833
0002197,전수현,F,1965-02-27,부산,부산진구,2024-08-27,35.155937,129.048964
0002198,한철수,F,1987-08-09,광주,동구,2024-08-27,35.148286,126.932418
0002199,정철수,F,1980-05-04,서울,성동구,2024-08-27,37.551464,127.03869
0002200,권도윤,M,1973-02-27,부산,남구,2024-08-27,35.120493,129.085186
0002201,조현우,M,1983-05-04,서울,성동구,2024-08-28,37.577352,127.050323
0002202,정현석,F,1987-08-17,서울,성동구,2024-08-28,37.561687,127.040441
0002203,정수현,F,1971-05-27,서울,송파구,2024-08-28,37.508941,127.105223
0002204,박윤서,M,1988-06-22,대구,달서구,2024-08-28,35.817083,128.534496
0002205,조지원,F,2000-05-05,서울,마포구,2024-08-29,37.57353,126.916356
0002206,장현석,F,1983-01-02,부산,해운대구,2024-08-29,35.163322,129.159222
0002207,임지민,M,1990-01-19,서울,서초구,2024-08-29,37.492387,127.030204
0002208,황건우,M,1984-10-05,인천,연수구,2024-08-29,37.400091,126.683625
0002209,임서연,M,1974-06-13,서울,송파구,2024-08-29,37.50325,127.119319
0002210,최지민,F,1970-09-07,서울,송파구,2024-08-30,37.516641,127.094043
0002211,강서윤,M,2005-11-12,울산,울주군,2024-08-30,35.533543,129.241653
0002212,조민준,M,1991-10-21,대구,동구,2024-08-30,35.889942,128.626899
0002213,김지우,F,1977-02-13,대전,대덕구,2024-08-30,36.378921,127.443177
0002214,장수현,F,1974-03-04,부산,부산진구,2024-08-31,35.156248,129.056828
0002215,전지민,M,2003-07-06,서울,강남구,2024-08-31,37.485809,127.043491
0002216,이지유,F,1983-10-16,서울,성동구,2024-08-31,37.577737,127.017251
0002217,전수진,M,1992-09-19,서울,마포구,2024-08-31,37.579329,126.904005
0002218,황민준,F,1995-08-24,대구,북구,2024-08-31,35.912824,128.621362
0002219,정도윤,F,1976-11-30,부산,수영구,2024-09-01,35.154477,129.111701
0002220,송윤서,F,1986-03-01,부산,부산진구,2024-09-01,35.153548,129.048878
0002221,장하윤,M,1996-06-28,대구,달서구,2024-09-01,35.817083,128.534496
0002222,신현석,F,2001-03-01,서울,강남구,2024-09-01,37.486781,127.030789
0002223,황지성,M,1976-03-01,울산,동구,2024-09-01,35.492899,129.423847
0002224,오지원,M,1994-07-17,서울,송파구,2024-09-01,37.516641,127.094043
0002225,박서연,M,1973-06-10,울산,남구,2024-09-01,35.54049,129.328761
0002226,신하준,M,1991-02-24,서울,송파구,2024-09-02,37.528144,127.11822
0002227,장윤서,F,2004-03-02,부산,남구,2024-09-02,35.120493,129.085186
0002228,조하윤,M,1994-03-02,부산,남구,2024-09-02,35.134891,129.094263
0002229,이지민,F,1989-03-07,서울,송파구,2024-09-02,37.526044,127.101726
0002230,황동현,M,1994-09-29,서울,성동구,2024-09-03,37.561687,127.040441
0002231,이하윤,M,1984-07-08,대구,북구,2024-09-03,35.912824,128.621362
0002232,이서연,F,1987-01-22,서울,성동구,2024-09-03,37.56004,127.06894
0002233,조윤서,M,1975-10-16,부산,부산진구,2024-09-03,35.155731,129.036082
0002234,윤주원,F,1980-07-30,광주,북구,2024-09-03,35.162623,126.925196
0002235,송지성,M,1995-06-18,서울,성동구,2024-09-04,37.576037,127.03348
0002236,신지훈,M,2004-03-04,부산,남구,2024-09-04,35.134891,129.094263
0002237,최승민,F,1972-02-10,대구,달서구,2024-09-04,35.817083,128.534496
0002238,조하준,F,2005-01-18,서울,송파구,2024-09-05,37.508941,127.105223
0002239,윤민준,F,1997-11-02,서울,마포구,2024-09-05,37.579329,126.904005
0002240,서하윤,F,1979-03-05,부산,부산진구,2024-09-05,35.153548,129.048878
0002241,박서현,M,1998-02-07,서울,송파구,2024-09-05,37.51731,127.100273
0002242,안예준,F,1993-08-09,서울,성동구,2024-09-05,37.576037,127.03348
0002243,이지호,F,2004-09-23,인천,계양구,2024-09-05,37.541331,126.745466
0002244,안서연,F,1975-03-06,대구,북구,2024-09-06,35.912824,128.621362
0002245,강지원,F,1985-03-06,서울,마포구,2024-09-06,37.562295,126.898744
0002246,김지민,F,1996-02-21,인천,남동구,2024-09-06,37.452294,126.729161
0002247,이윤서,F,1972-11-22,서울,서초구,2024-09-06,37.485348,127.020431
0002248,박민서,F,1995-06-30,서울,마포구,2024-09-06,37.563645,126.908126
0002249,조지호,M,1983-12-09,서울,마포구,2024-09-07,37.562295,126.898744
0002250,강지호,M,1976-03-07,서울,서초구,2024-09-07,37.477597,127.042074
0002251,정주원,M,1982-08-12,부산,부산진구,2024-09-08,35.155731,129.036082
0002252,신하윤,M,1991-03-09,부산,남구,2024-09-09,35.134891,129.094263
0002253,임서현,M,1988-03-10,울산,울주군,2024-09-10,35.517505,129.248126
0002254,최서현,F,1999-12-20,부산,부산진구,2024-09-10,35.165841,129.062262
0002255,이철수,M,1994-01-12,인천,부평구,2024-09-10,37.507528,126.716538
0002256,전예준,M,1986-03-11,대전,유성구,2024-09-11,36.35391,127.351198
0002257,임승민,F,2004-07-27,서울,성동구,2024-09-11,37.567738,127.044146
0002258,윤지훈,F,1975-03-11,인천,서구,2024-09-11,37.541082,126.676058
0002259,황서준,M,1982-03-12,울산,동구,2024-09-12,35.516205,129.425624
0002260,오건우,M,1973-03-13,부산,동래구,2024-09-13,35.207187,129.078356
0002261,황건우,M,1999-03-04,서울,서초구,2024-09-13,37.485348,127.020431
0002262,윤서윤,F,1999-03-13,광주,북구,2024-09-13,35.182325,126.899092
0002263,김지유,M,2002-02-10,부산,남구,2024-09-13,35.13827,129.08179
0002264,장영희,M,1975-03-13,인천,남동구,2024-09-13,37.450773,126.747514
0002265,홍지우,F,1982-10-12,서울,송파구,2024-09-14,37.526044,127.101726
0002266,한도윤,F,1973-03-14,서울,송파구,2024-09-14,37.5014,127.135937
0002267,김지민,M,1989-11-05,인천,남동구,2024-09-15,37.452294,126.729161
0002268,이예준,F,1973-03-17,대전,유성구,2024-09-15,36.35391,127.351198
0002269,전도윤,M,2002-03-15,대전,유성구,2024-09-15,36.35391,127.351198
0002270,권건우,F,1979-07-01,서울,송파구,2024-09-15,37.510372,127.112456
0002271,이서현,M,1997-03-15,울산,울주군,2024-09-15,35.533543,129.241653
0002272,장수진,F,1995-03-13,서울,서초구,2024-09-15,37.477597,127.042074
0002273,서서연,F,1982-03-15,서울,송파구,2024-09-15,37.516641,127.094043
0002274,김현석,M,1986-07-11,부산,부산진구,2024-09-15,35.157608,129.051143
0002275,안지유,M,1970-03-15,부산,해운대구,2024-09-15,35.176365,129.153956
0002276,황서준,M,1983-03-16,서울,성동구,2024-09-16,37.561687,127.040441
0002277,최서준,M,2003-09-29,서울,마포구,2024-09-16,37.563645,126.908126
0002278,조윤서,F,1995-02-20,서울,송파구,2024-09-16,37.528144,127.11822
0002279,임수현,M,1979-06-28,서울,성동구,2024-09-16,37.577737,127.017251
0002280,홍하윤,F,1994-12-17,서울,송파구,2024-09-16,37.51955,127.115158
0002281,박하윤,F,2001-05-21,인천,계양구,2024-09-16,37.541331,126.745466
0002282,임지유,M,1982-05-15,대구,북구,2024-09-17,35.898802,128.615833
0002283,홍주원,F,1997-11-13,서울,강남구,2024-09-17,37.501172,127.032666
0002284,최철수,M,1974-03-06,인천,남동구,2024-09-17,37.452294,126.729161
0002285,권건우,F,1978-03-17,부산,부산진구,2024-09-17,35.155731,129.036082
0002286,이수현,M,1991-08-29,인천,계양구,2024-09-17,37.544605,126.734891
0002287,오현석,F,1980-08-25,울산,동구,2024-09-17,35.516205,129.425624
0002288,박서연,M,1982-01-14,부산,부산진구,2024-09-18,35.153548,129.048878
0002289,서하준,F,1986-03-18,인천,남동구,2024-09-18,37.450773,126.747514
0002290,이건우,F,1992-03-18,서울,강남구,2024-09-18,37.506762,127.025263
0002291,장지우,F,1994-09-09,서울,마포구,2024-09-18,37.555331,126.907948
0002292,서지우,M,2005-12-11,인천,남동구,2024-09-19,37.450773,126.747514
0002293,조윤서,F,1987-01-28,인천,남동구,2024-09-19,37.431258,126.73738
0002294,오수진,M,2003-09-05,서울,마포구,2024-09-19,37.57353,126.916356
0002295,오수현,F,2005-03-19,서울,송파구,2024-09-19,37.51731,127.100273
0002296,황수진,F,1992-08-25,서울,마포구,2024-09-20,37.563645,126.908126
0002297,조예준,F,1973-03-20,울산,울주군,2024-09-20,35.533543,129.241653
0002298,정지성,M,1980-03-20,서울,강남구,2024-09-20,37.486781,127.030789
0002299,신지유,F,1966-03-21,부산,부산진구,2024-09-21,35.165841,129.062262
0002300,정지민,M,1984-02-29,인천,부평구,2024-09-21,37.501582,126.711729
0002301,오수현,M,1981-03-21,대전,대덕구,2024-09-21,36.355969,127.447839
0002302,한수현,F,1993-03-16,인천,남동구,2024-09-21,37.431258,126.73738
0002303,최지민,F,1971-03-21,부산,동래구,2024-09-21,35.218634,129.091488
0002304,신하준,M,1986-03-21,인천,부평구,2024-09-21,37.501582,126.711729
0002305,신서준,M,1992-01-14,서울,송파구,2024-09-22,37.5014,127.135937
0002306,김지우,M,1975-02-16,대전,대덕구,2024-09-22,36.364878,127.436737
0002307,서승민,M,1986-09-07,부산,동래구,2024-09-23,35.205918,129.063324
0002308,임서현,M,1984-12-31,서울,성동구,2024-09-23,37.558694,127.046971
0002309,안승민,M,2005-10-03,대전,서구,2024-09-24,36.355481,127.361029
0002310,이지민,M,1993-05-19,서울,송파구,2024-09-24,37.510372,127.112456
0002311,한지민,F,2005-05-21,대구,달서구,2024-09-25,35.817083,128.534496
0002312,권지호,M,1977-03-26,광주,북구,2024-09-26,35.18152,126.926067
0002313,권수진,F,1995-03-26,서울,마포구,2024-09-26,37.582523,126.912364
0002314,송윤서,M,2002-07-29,서울,서초구,2024-09-27,37.492387,127.030204
0002315,신하윤,F,2005-11-17,서울,서초구,2024-09-28,37.477597,127.042074
0002316,안시우,M,2005-12-26,대구,동구,2024-09-28,35.889942,128.626899
0002317,안수현,F,1972-05-05,울산,남구,2024-09-28,35.545241,129.330526
0002318,조서연,M,1977-10-10,대전,중구,2024-09-28,36.319807,127.434568
0002319,송민서,M,1980-08-14,서울,송파구,2024-09-29,37.526044,127.101726
0002320,송시우,F,1974-07-18,대구,북구,2024-09-30,35.898802,128.615833
0002321,윤윤서,M,1966-03-30,울산,동구,2024-09-30,35.516205,129.425624
0002322,최주원,F,1977-03-21,대전,중구,2024-09-30,36.338939,127.448992
0002323,임서연,M,1982-03-31,서울,마포구,2024-09-30,37.569019,126.91137
0002324,조지성,M,2000-03-31,부산,부산진구,2024-09-30,35.153548,129.048878
0002325,한지성,F,1989-04-01,울산,남구,2024-10-01,35.545241,129.330526
0002326,최서윤,F,1966-04-01,대구,북구,2024-10-01,35.898802,128.615833
0002327,임현석,F,1982-05-03,울산,동구,2024-10-01,35.492899,129.423847
0002328,서윤서,M,1989-07-03,서울,성동구,2024-10-02,37.567738,127.044146
0002329,오민준,M,1972-05-30,서울,강남구,2024-10-02,37.506762,127.025263
0002330,한시우,M,1977-01-11,부산,부산진구,2024-10-02,35.173635,129.074432
0002331,안지우,M,1993-07-31,울산,동구,2024-10-02,35.516205,129.425624
0002332,정민준,F,2002-09-12,서울,성동구,2024-10-02,37.576037,127.03348
0002333,송주원,M,1995-04-02,서울,서초구,2024-10-02,37.492387,127.030204
0002334,최수현,M,1992-04-02,광주,북구,2024-10-02,35.18152,126.926067
0002335,한지민,F,2004-11-17,서울,송파구,2024-10-02,37.514153,127.094813
0002336,김하윤,M,1994-05-03,서울,마포구,2024-10-03,37.569019,126.91137
0002337,이건우,M,1979-04-04,서울,서초구,2024-10-03,37.478985,127.033267
0002338,김지우,F,1975-01-23,인천,서구,2024-10-03,37.541082,126.676058
0002339,강지원,F,1970-09-19,부산,남구,2024-10-03,35.134891,129.094263
0002340,장현석,F,1987-03-06,서울,서초구,2024-10-03,37.484243,127.021823
0002341,권서연,M,2001-02-08,서울,강남구,2024-10-03,37.485809,127.043491
0002342,홍지훈,M,1982-08-28,부산,해운대구,2024-10-04,35.163322,129.159222
0002343,송하준,F,2003-04-04,대전,유성구,2024-10-04,36.35391,127.351198
0002344,전동현,F,2000-02-27,서울,송파구,2024-10-04,37.508941,127.105223
0002345,전지유,F,1966-04-04,부산,부산진구,2024-10-04,35.155731,129.036082
0002346,조지원,M,2003-07-18,서울,마포구,2024-10-04,37.579231,126.921633
0002347,안현석,F,1998-09-17,서울,마포구,2024-10-04,37.582523,126.912364
0002348,이지우,M,1982-05-28,인천,계양구,2024-10-04,37.541331,126.745466
0002349,정동현,F,1986-09-08,서울,서초구,2024-10-05,37.492387,127.030204
0002350,황민준,F,2002-07-11,서울,송파구,2024-10-05,37.516641,127.094043
0002351,한건우,F,1981-03-20,서울,강남구,2024-10-05,37.507388,127.043409
0002352,송지호,F,1982-09-15,대구,북구,2024-10-05,35.898802,128.615833
0002353,조건우,M,1992-11-09,서울,송파구,2024-10-05,37.526044,127.101726
0002354,윤지호,F,1986-04-05,대전,중구,2024-10-05,36.319807,127.434568
0002355,권서연,F,1986-12-29,서울,송파구,2024-10-06,37.51731,127.100273
0002356,전주원,F,2005-03-31,서울,송파구,2024-10-06,37.514153,127.094813
0002357,정수현,M,1981-04-06,대전,유성구,2024-10-06,36.35391,127.351198
0002358,오민준,F,2003-05-01,인천,계양구,2024-10-06,37.544605,126.734891
0002359,송수현,M,1995-09-22,울산,동구,2024-10-06,35.492899,129.423847
0002360,강하윤,F,2000-04-06,울산,동구,2024-10-06,35.492899,129.423847
0002361,오영희,M,2000-04-06,서울,강남구,2024-10-06,37.485809,127.043491
0002362,한동현,F,1971-11-22,인천,남동구,2024-10-06,37.450773,126.747514
0002363,최지호,F,1996-04-07,서울,송파구,2024-10-07,37.527211,127.114209
0002364,오하윤,F,1986-02-10,서울,강남구,2024-10-07,37.507388,127.043409
0002365,송영희,M,1985-09-01,대구,동구,2024-10-07,35.889942,128.626899
0002366,안서연,F,1986-05-02,부산,동래구,2024-10-07,35.218634,129.091488
0002367,이민서,F,1999-06-14,인천,부평구,2024-10-08,37.501582,126.711729
0002368,권지원,F,1978-04-20,서울,성동구,2024-10-08,37.56004,127.06894
0002369,홍영희,M,1997-05-28,울산,남구,2024-10-08,35.54049,129.328761
0002370,오민서,M,1997-06-28,인천,연수구,2024-10-08,37.428937,126.682846
0002371,서지훈,M,1987-10-28,광주,북구,2024-10-09,35.182325,126.899092
0002372,오민서,F,1977-06-21,대전,대덕구,2024-10-09,36.355969,127.447839
0002373,윤현우,F,1971-01-21,서울,송파구,2024-10-09,37.5014,127.135937
0002374,박서연,M,1987-04-09,서울,서초구,2024-10-09,37.485348,127.020431
0002375,전하윤,M,1988-04-09,서울,성동구,2024-10-09,37.558694,127.046971
0002376,권시우,F,2005-09-14,부산,동래구,2024-10-09,35.210645,129.083455
0002377,강지우,M,1989-10-06,서울,서초구,2024-10-10,37.484243,127.021823
0002378,조서현,M,1997-04-02,광주,북구,2024-10-10,35.182325,126.899092
0002379,안지훈,F,1987-08-03,서울,성동구,2024-10-10,37.56004,127.06894
0002380,박승민,F,1979-11-05,서울,송파구,2024-10-10,37.527211,127.114209
0002381,이하은,M,2000-06-02,대전,서구,2024-10-10,36.355481,127.361029
0002382,권영희,M,1984-03-05,부산,수영구,2024-10-10,35.154477,129.111701
0002383,윤주원,F,1998-11-27,서울,송파구,2024-10-10,37.527211,127.114209
0002384,황예준,M,1985-04-10,울산,남구,2024-10-10,35.545241,129.330526
0002385,임서윤,F,1994-04-20,광주,북구,2024-10-11,35.158612,126.907869
0002386,한민서,M,1972-05-02,서울,마포구,2024-10-11,37.579231,126.921633
0002387,전하준,F,1997-11-27,인천,남동구,2024-10-11,37.431258,126.73738
0002388,송도윤,F,1984-04-11,서울,마포구,2024-10-11,37.562295,126.898744
0002389,황하준,F,1992-04-11,부산,해운대구,2024-10-11,35.176365,129.153956
0002390,권도윤,F,1973-04-10,울산,중구,2024-10-12,35.578704,129.328588
0002391,윤지유,F,1994-12-21,서울,서초구,2024-10-12,37.483618,127.040159
0002392,권민서,M,2005-05-08,서울,강남구,2024-10-12,37.486781,127.030789
0002393,이서현,F,1972-12-20,서울,성동구,2024-10-12,37.577737,127.017251
0002394,강지호,F,1975-03-01,부산,부산진구,2024-10-12,35.153548,129.048878
0002395,박수진,F,1972-01-11,서울,강남구,2024-10-12,37.506762,127.025263
0002396,송동현,F,1981-12-20,부산,동래구,2024-10-13,35.205918,129.063324
0002397,전윤서,M,1979-11-12,광주,북구,2024-10-13,35.182325,126.899092
0002398,오주원,M,1987-05-07,서울,성동구,2024-10-13,37.558694,127.046971
0002399,강지민,F,1984-05-03,대구,달서구,2024-10-13,35.817083,128.534496
0002400,김서연,M,1973-04-23,서울,송파구,2024-10-13,37.5014,127.135937
0002401,권서준,F,1984-03-30,서울,송파구,2024-10-13,37.516641,127.094043
0002402,안건우,F,1985-10-03,울산,중구,2024-10-14,35.578704,129.328588
0002403,안수현,F,1994-04-14,서울,마포구,2024-10-14,37.569019,126.91137
0002404,서서현,F,1990-10-13,부산,해운대구,2024-10-15,35.176365,129.153956
0002405,안영희,F,2004-04-04,서울,성동구,2024-10-15,37.577737,127.017251
0002406,장예준,M,1992-04-15,서울,송파구,2024-10-15,37.51731,127.100273
0002407,박승민,M,1983-04-15,인천,남동구,2024-10-15,37.452294,126.729161
0002408,조서현,M,1983-01-20,인천,남동구,2024-10-15,37.431258,126.73738
0002409,조하준,M,2005-04-15,부산,동래구,2024-10-15,35.207187,129.078356
0002410,장영희,M,1975-03-13,서울,송파구,2024-10-15,37.510372,127.112456
0002411,정서윤,F,1972-09-01,서울,성동구,2024-10-15,37.561687,127.040441
0002412,안서준,M,1995-09-27,부산,해운대구,2024-10-16,35.176365,129.153956
0002413,최현석,F,1985-02-21,인천,계양구,2024-10-16,37.541331,126.745466
0002414,김지유,F,1982-09-26,서울,서초구,2024-10-16,37.478985,127.033267
0002415,장지우,F,2001-03-09,인천,계양구,2024-10-16,37.544605,126.734891
0002416,전건우,M,1997-02-05,인천,남동구,2024-10-16,37.431258,126.73738
0002417,조수현,F,2000-07-03,인천,남동구,2024-10-16,37.450773,126.747514
0002418,최승민,M,1976-12-14,인천,남동구,2024-10-16,37.450773,126.747514
0002419,신수현,F,1996-03-08,인천,연수구,2024-10-16,37.400091,126.683625
0002420,이서준,M,1988-07-24,대구,동구,2024-10-17,35.889942,128.626899
0002421,황지원,M,1974-10-03,서울,마포구,2024-10-17,37.563645,126.908126
0002422,박서현,F,1972-11-05,대구,달서구,2024-10-17,35.817083,128.534496
0002423,신동현,F,2004-04-17,부산,부산진구,2024-10-17,35.173635,129.074432
0002424,최민서,M,1991-04-17,광주,북구,2024-10-17,35.158612,126.907869
0002425,김승민,M,1992-08-02,부산,부산진구,2024-10-17,35.173635,129.074432
0002426,정예준,F,1980-04-20,서울,마포구,2024-10-17,37.555331,126.907948
0002427,신지원,F,1983-10-23,대전,대덕구,2024-10-17,36.364878,127.436737
0002428,안지성,F,1977-06-13,서울,송파구,2024-10-17,37.528144,127.11822
0002429,황건우,F,2000-07-02,서울,송파구,2024-10-17,37.528144,127.11822
0002430,강지훈,M,1973-01-19,부산,부산진구,2024-10-17,35.156248,129.056828
0002431,김하준,F,2000-04-18,서울,서초구,2024-10-18,37.492387,127.030204
0002432,박시우,F,1987-03-27,서울,성동구,2024-10-18,37.576037,127.03348
0002433,전지성,M,1995-11-26,부산,동래구,2024-10-18,35.218634,129.091488
0002434,권지성,M,1971-03-23,인천,연수구,2024-10-18,37.428937,126.682846
0002435,한윤서,M,1988-04-18,광주,동구,2024-10-18,35.148286,126.932418
0002436,황지훈,M,1972-06-24,서울,마포구,2024-10-18,37.562295,126.898744
0002437,송지원,M,1981-01-13,서울,성동구,2024-10-19,37.577352,127.050323
0002438,강주원,M,1993-01-22,서울,강남구,2024-10-19,37.494624,127.018984
0002439,박하준,F,1974-08-14,서울,마포구,2024-10-19,37.582523,126.912364
0002440,임승민,F,1992-03-06,부산,동래구,2024-10-19,35.210645,129.083455
0002441,장영희,M,1978-07-31,서울,마포구,2024-10-19,37.563645,126.908126
0002442,장서윤,M,1975-08-25,서울,송파구,2024-10-19,37.508941,127.105223
0002443,황민서,M,1993-12-23,대전,중구,2024-10-20,36.338939,127.448992
0002444,박지원,M,1994-12-01,인천,남동구,2024-10-20,37.452294,126.729161
0002445,장지민,M,1988-09-20,울산,중구,2024-10-20,35.578704,129.328588
0002446,황지호,F,1979-05-24,부산,부산진구,2024-10-20,35.148214,129.054903
0002447,정지호,F,1975-04-04,서울,성동구,2024-10-21,37.567738,127.044146
0002448,오서연,M,1994-04-01,서울,성동구,2024-10-21,37.558694,127.046971
0002449,서지호,M,1997-09-21,부산,부산진구,2024-10-21,35.155731,129.036082
0002450,권서현,F,1988-04-03,부산,남구,2024-10-21,35.13827,129.08179
0002451,최승민,F,2002-09-28,서울,송파구,2024-10-21,37.51731,127.100273
0002452,김동현,M,1977-01-06,서울,강남구,2024-10-21,37.507388,127.043409
0002453,전지원,M,2003-03-11,부산,동래구,2024-10-21,35.218634,129.091488
0002454,김하은,M,1993-01-06,인천,계양구,2024-10-22,37.544605,126.734891
0002455,김서준,F,1981-10-27,서울,성동구,2024-10-23,37.551464,127.03869
0002456,이수진,F,1988-04-23,서울,송파구,2024-10-23,37.5014,127.135937
0002457,정민서,M,1983-08-24,서울,마포구,2024-10-23,37.582523,126.912364
0002458,조민준,M,1980-11-27,광주,북구,2024-10-23,35.182325,126.899092
0002459,신서현,M,1988-01-16,부산,동래구,2024-10-23,35.218634,129.091488
0002460,강도윤,F,1976-09-20,대구,달서구,2024-10-23,35.817083,128.534496
0002461,박도윤,M,1974-02-08,부산,부산진구,2024-10-24,35.173635,129.074432
0002462,장동현,M,1991-04-24,인천,남동구,2024-10-24,37.431258,126.73738
0002463,전지성,M,2003-04-25,서울,마포구,2024-10-25,37.562295,126.898744
0002464,최지유,M,1988-01-15,서울,송파구,2024-10-25,37.510372,127.112456
0002465,신시우,M,1978-07-11,서울,강남구,2024-10-25,37.493375,127.03537
0002466,홍주원,M,1994-12-02,부산,동래구,2024-10-25,35.202857,129.076308
0002467,정지훈,M,1990-03-25,울산,남구,2024-10-26,35.54049,129.328761
0002468,박서준,F,1980-12-26,부산,부산진구,2024-10-26,35.153548,129.048878
0002469,서현석,M,1976-07-14,서울,성동구,2024-10-26,37.567738,127.044146
0002470,서서현,M,1989-07-29,울산,남구,2024-10-26,35.545241,129.330526
0002471,오지원,F,1991-08-04,부산,수영구,2024-10-26,35.154477,129.111701
0002472,안서현,M,1979-09-03,서울,서초구,2024-10-26,37.477597,127.042074
0002473,조수진,M,1974-07-14,광주,남구,2024-10-27,35.13845,126.940927
0002474,이수현,M,1979-03-29,부산,부산진구,2024-10-28,35.164516,129.05897
0002475,송예준,F,1998-12-27,광주,동구,2024-10-28,35.148286,126.932418
0002476,최수진,M,1979-01-02,서울,서초구,2024-10-28,37.48525,127.024041
0002477,이하윤,M,1978-04-28,인천,남동구,2024-10-28,37.452294,126.729161
0002478,서동현,M,1974-11-17,인천,계양구,2024-10-28,37.541331,126.745466
0002479,권현우,F,1994-04-29,서울,서초구,2024-10-29,37.485348,127.020431
0002480,최지호,F,1981-06-22,부산,부산진구,2024-10-30,35.157608,129.051143
0002481,한서윤,F,1999-08-22,서울,서초구,2024-10-30,37.484243,127.021823
0002482,송서준,F,2003-04-30,서울,성동구,2024-10-30,37.561687,127.040441
0002483,송건우,M,1979-11-18,인천,남동구,2024-10-30,37.450773,126.747514
0002484,장수현,F,1994-01-09,서울,마포구,2024-10-30,37.57353,126.916356
0002485,신윤서,F,1987-09-27,대구,북구,2024-10-31,35.898802,128.615833
0002486,김현석,F,1984-09-22,대구,동구,2024-10-31,35.889942,128.626899
0002487,권지원,M,1995-03-28,서울,서초구,2024-10-31,37.48525,127.024041
0002488,임지원,M,1977-12-14,서울,성동구,2024-10-31,37.558694,127.046971
0002489,전승민,F,1983-07-26,서울,송파구,2024-10-31,37.527211,127.114209
0002490,안지민,F,1990-12-15,광주,남구,2024-10-31,35.13845,126.940927
0002491,황건우,F,1974-10-02,인천,서구,2024-11-01,37.541082,126.676058
0002492,송하은,F,1974-08-04,서울,송파구,2024-11-01,37.51955,127.115158
0002493,장윤서,F,1972-03-26,서울,성동구,2024-11-01,37.577352,127.050323
0002494,송현석,F,1975-07-02,인천,남동구,2024-11-01,37.452294,126.729161
0002495,윤지민,M,1980-07-22,대전,서구,2024-11-01,36.355481,127.361029
0002496,전수현,F,1994-10-17,광주,북구,2024-11-01,35.158612,126.907869
0002497,서수현,F,2002-03-25,인천,연수구,2024-11-01,37.400091,126.683625
0002498,윤수현,M,1974-01-25,서울,서초구,2024-11-02,37.48525,127.024041
0002499,김지우,F,1987-08-15,울산,동구,2024-11-02,35.492899,129.423847
0002500,최윤서,F,1975-07-21,대전,중구,2024-11-02,36.319807,127.434568
0002501,한지유,M,1982-05-25,울산,남구,2024-11-02,35.54049,129.328761
0002502,윤서윤,M,1991-05-02,광주,북구,2024-11-02,35.18152,126.926067
0002503,송도윤,F,2000-06-14,대전,대덕구,2024-11-02,36.364878,127.436737
0002504,임지민,M,1984-05-08,부산,동래구,2024-11-02,35.202857,129.076308
0002505,홍예준,F,1991-07-30,부산,부산진구,2024-11-02,35.165841,129.062262
0002506,오승민,M,1998-06-09,서울,송파구,2024-11-02,37.50325,127.119319
0002507,이하은,F,1996-06-01,대구,중구,2024-11-02,35.87333,128.618027
0002508,윤수진,F,1989-08-29,서울,송파구,2024-11-02,37.51731,127.100273
0002509,오지민,M,1975-03-18,서울,강남구,2024-11-03,37.501172,127.032666
0002510,안현우,F,1992-05-03,서울,서초구,2024-11-03,37.485348,127.020431
0002511,강지호,M,1999-08-02,서울,성동구,2024-11-03,37.576037,127.03348
0002512,박지유,F,1986-07-15,부산,동래구,2024-11-04,35.202857,129.076308
0002513,박지성,M,1993-05-04,서울,성동구,2024-11-04,37.567738,127.044146
0002514,장수현,F,1999-05-04,대구,중구,2024-11-04,35.87333,128.618027
0002515,권서윤,M,2004-02-06,부산,동래구,2024-11-04,35.202857,129.076308
0002516,오지훈,F,1976-05-04,인천,연수구,2024-11-04,37.428937,126.682846
0002517,서민서,F,1982-08-19,인천,서구,2024-11-04,37.541082,126.676058
0002518,안서현,F,2005-12-02,서울,마포구,2024-11-05,37.567218,126.927162
0002519,신서준,M,1975-05-29,부산,남구,2024-11-05,35.134891,129.094263
0002520,김지민,F,1992-05-25,서울,송파구,2024-11-05,37.50325,127.119319
0002521,홍서현,F,1974-10-10,서울,서초구,2024-11-05,37.492387,127.030204
0002522,안영희,M,1991-12-11,부산,부산진구,2024-11-05,35.164516,129.05897
0002523,김수현,F,1987-01-07,대구,중구,2024-11-05,35.87333,128.618027
0002524,권하준,M,1976-06-13,울산,동구,2024-11-06,35.492899,129.423847
0002525,최하윤,F,1999-04-14,부산,부산진구,2024-11-06,35.173635,129.074432
0002526,강수진,F,1978-02-13,대전,대덕구,2024-11-06,36.355969,127.447839
0002527,황수진,M,1991-03-24,인천,연수구,2024-11-06,37.400091,126.683625
0002528,한윤서,F,2001-04-16,서울,서초구,2024-11-07,37.492387,127.030204
0002529,이지훈,M,2000-12-21,대전,대덕구,2024-11-07,36.355969,127.447839
0002530,이서윤,F,2001-12-24,서울,성동구,2024-11-07,37.561687,127.040441
0002531,오주원,F,1973-09-04,서울,성동구,2024-11-07,37.551464,127.03869
0002532,강윤서,F,1985-05-07,울산,중구,2024-11-07,35.578704,129.328588
0002533,신지유,F,1995-05-07,인천,계양구,2024-11-07,37.541331,126.745466
0002534,조수진,M,1990-01-29,인천,남동구,2024-11-07,37.431258,126.73738
0002535,장민서,F,1995-05-08,부산,부산진구,2024-11-08,35.157608,129.051143
0002536,전지훈,M,1991-11-25,서울,강남구,2024-11-08,37.485809,127.043491
0002537,송윤서,M,2001-11-05,서울,마포구,2024-11-08,37.582523,126.912364
0002538,서지훈,M,1988-05-08,인천,연수구,2024-11-08,37.400091,126.683625
0002539,최영희,M,1992-02-08,부산,남구,2024-11-08,35.120493,129.085186
0002540,조하준,M,1982-10-01,광주,북구,2024-11-09,35.182325,126.899092
0002541,김수진,F,2001-05-26,부산,부산진구,2024-11-09,35.155731,129.036082
0002542,전서준,F,1981-10-27,서울,서초구,2024-11-09,37.483618,127.040159
0002543,이서현,M,1990-08-01,광주,남구,2024-11-09,35.13845,126.940927
0002544,임서현,F,1983-05-09,서울,강남구,2024-11-09,37.507388,127.043409
0002545,오건우,M,1973-07-09,서울,서초구,2024-11-10,37.478985,127.033267
0002546,송서현,M,2004-01-15,부산,부산진구,2024-11-10,35.155731,129.036082
0002547,송철수,M,2003-05-19,부산,부산진구,2024-11-11,35.153548,129.048878
0002548,권동현,F,1977-03-30,서울,강남구,2024-11-11,37.506762,127.025263
0002549,임민준,M,1992-06-16,서울,마포구,2024-11-11,37.582523,126.912364
0002550,한지유,M,1977-12-31,서울,마포구,2024-11-11,37.555331,126.907948
0002551,최민서,F,1990-09-04,부산,부산진구,2024-11-11,35.165841,129.062262
0002552,임서연,F,1982-01-11,서울,서초구,2024-11-12,37.477597,127.042074
0002553,신건우,M,1978-07-20,서울,강남구,2024-11-12,37.501172,127.032666
0002554,한영희,M,1996-06-02,서울,마포구,2024-11-12,37.579231,126.921633
0002555,강서현,M,1970-05-12,서울,성동구,2024-11-12,37.576037,127.03348
0002556,강영희,M,1999-05-20,서울,마포구,2024-11-12,37.567218,126.927162
0002557,정하준,M,2001-07-25,서울,송파구,2024-11-12,37.5014,127.135937
0002558,이민서,M,1996-05-12,부산,해운대구,2024-11-12,35.163322,129.159222
0002559,신지훈,F,2005-05-05,서울,강남구,2024-11-12,37.485809,127.043491
0002560,윤시우,M,1994-11-06,울산,동구,2024-11-12,35.492899,129.423847
0002561,임영희,M,1973-11-14,서울,송파구,2024-11-13,37.51955,127.115158
0002562,안수진,M,1971-12-08,울산,동구,2024-11-13,35.492899,129.423847
0002563,신지유,F,1974-05-13,대구,동구,2024-11-13,35.889942,128.626899
0002564,신서준,M,1996-12-02,부산,해운대구,2024-11-13,35.163322,129.159222
0002565,임예준,M,2002-03-13,울산,울주군,2024-11-14,35.533543,129.241653
0002566,권지훈,M,2003-05-26,서울,성동구,2024-11-14,37.576037,127.03348
0002567,서하은,M,1986-04-11,서울,강남구,2024-11-15,37.493375,127.03537
0002568,최현석,M,1971-10-26,서울,강남구,2024-11-15,37.507388,127.043409
0002569,최민서,F,1997-01-08,대구,달서구,2024-11-15,35.817083,128.534496
0002570,홍수진,F,1983-05-15,부산,해운대구,2024-11-15,35.176365,129.153956
0002571,서수현,M,1997-07-13,서울,송파구,2024-11-15,37.5014,127.135937
0002572,박윤서,F,2003-04-02,부산,남구,2024-11-15,35.134891,129.094263
0002573,홍윤서,F,1973-04-17,울산,남구,2024-11-16,35.545241,129.330526
0002574,김수현,M,1970-05-16,부산,부산진구,2024-11-16,35.165841,129.062262
0002575,김승민,F,2000-08-11,인천,남동구,2024-11-16,37.450773,126.747514
0002576,신예준,M,1990-12-06,서울,성동구,2024-11-17,37.551464,127.03869
0002577,전서윤,M,1983-05-17,인천,계양구,2024-11-17,37.541331,126.745466
0002578,조도윤,M,1998-06-14,서울,서초구,2024-11-17,37.477597,127.042074
0002579,한지호,F,1988-07-13,서울,서초구,2024-11-17,37.485348,127.020431
0002580,전수현,M,1979-12-16,서울,송파구,2024-11-18,37.51955,127.115158
0002581,임민서,M,1973-05-13,서울,성동구,2024-11-18,37.577737,127.017251
0002582,송영희,F,1973-10-02,서울,송파구,2024-11-18,37.51955,127.115158
0002583,이지우,F,1973-12-13,대전,대덕구,2024-11-18,36.364878,127.436737
0002584,조지훈,F,1971-05-18,부산,수영구,2024-11-18,35.154477,129.111701
0002585,한철수,M,2004-08-30,서울,송파구,2024-11-18,37.526044,127.101726
0002586,권지원,M,1972-12-31,부산,부산진구,2024-11-18,35.153548,129.048878
0002587,정동현,M,1991-01-22,인천,남동구,2024-11-20,37.452294,126.729161
0002588,권지민,F,1993-07-26,인천,계양구,2024-11-20,37.541331,126.745466
0002589,신윤서,F,1986-10-07,서울,송파구,2024-11-20,37.514153,127.094813
0002590,한지민,F,1975-07-22,부산,부산진구,2024-11-20,35.156248,129.056828
0002591,신민준,F,1983-12-13,서울,마포구,2024-11-20,37.563645,126.908126
0002592,홍윤서,M,2000-06-14,서울,서초구,2024-11-20,37.48525,127.024041
0002593,안예준,M,1982-12-25,부산,동래구,2024-11-20,35.205918,129.063324
0002594,한철수,M,1999-10-16,서울,송파구,2024-11-20,37.508941,127.105223
0002595,이하윤,F,1989-02-25,대구,북구,2024-11-20,35.898802,128.615833
0002596,이수진,F,1971-04-17,서울,강남구,2024-11-21,37.486781,127.030789
0002597,윤지유,M,1982-03-08,대전,유성구,2024-11-21,36.35391,127.351198
0002598,장수현,F,1981-05-22,대전,대덕구,2024-11-22,36.355969,127.447839
0002599,최동현,M,1989-05-22,인천,연수구,2024-11-22,37.400091,126.683625
0002600,최지성,F,1991-02-21,서울,마포구,2024-11-23,37.567218,126.927162
0002601,강지우,M,1983-06-02,서울,송파구,2024-11-23,37.526044,127.101726
0002602,박서연,F,1994-04-05,광주,북구,2024-11-23,35.182325,126.899092
0002603,최서현,M,1973-11-02,광주,남구,2024-11-24,35.13845,126.940927
0002604,임지유,F,1989-11-18,서울,마포구,2024-11-24,37.579231,126.921633
0002605,전하윤,M,2003-01-26,부산,동래구,2024-11-24,35.202857,129.076308
0002606,최철수,M,2004-04-10,부산,부산진구,2024-11-24,35.155937,129.048964
0002607,김지유,M,1970-09-12,서울,서초구,2024-11-24,37.485348,127.020431
0002608,조철수,F,1982-12-22,부산,동래구,2024-11-24,35.207187,129.078356
0002609,오동현,F,1976-02-23,서울,마포구,2024-11-24,37.579231,126.921633
0002610,김서준,F,1980-11-17,서울,서초구,2024-11-24,37.483618,127.040159
0002611,한서현,M,1977-05-25,부산,남구,2024-11-25,35.13827,129.08179
0002612,윤지유,M,1975-03-11,부산,동래구,2024-11-25,35.202857,129.076308
0002613,오서윤,F,1997-04-23,부산,부산진구,2024-11-25,35.164516,129.05897
0002614,한서준,F,1989-04-09,인천,남동구,2024-11-25,37.450773,126.747514
0002615,임철수,F,1975-01-04,서울,서초구,2024-11-25,37.477597,127.042074
0002616,박주원,M,2002-05-25,대전,대덕구,2024-11-25,36.355969,127.447839
0002617,신윤서,M,1988-01-06,울산,남구,2024-11-26,35.54049,129.328761
0002618,박서현,M,1983-05-26,울산,동구,2024-11-26,35.492899,129.423847
0002619,송하윤,F,1982-06-25,서울,성동구,2024-11-27,37.551464,127.03869
0002620,전승민,M,1989-01-02,부산,부산진구,2024-11-27,35.157608,129.051143
0002621,최주원,F,1998-05-18,인천,남동구,2024-11-27,37.431258,126.73738
0002622,김예준,M,1983-05-27,울산,남구,2024-11-27,35.545241,129.330526
0002623,서예준,F,1975-01-25,광주,남구,2024-11-28,35.13845,126.940927
0002624,강지민,F,2000-06-13,인천,서구,2024-11-28,37.541082,126.676058
0002625,서예준,F,1973-02-22,대구,북구,2024-11-28,35.912824,128.621362
0002626,신서윤,M,2004-03-01,서울,송파구,2024-11-28,37.527211,127.114209
0002627,김도윤,F,1986-05-28,서울,강남구,2024-11-28,37.493375,127.03537
0002628,권승민,F,1981-03-13,부산,부산진구,2024-11-28,35.164516,129.05897
0002629,서건우,M,2004-03-22,서울,서초구,2024-11-28,37.48525,127.024041
0002630,안지원,M,1976-02-11,서울,서초구,2024-11-28,37.484243,127.021823
0002631,권수진,M,1974-05-22,인천,부평구,2024-11-29,37.501582,126.711729
0002632,한서연,F,1980-05-29,부산,부산진구,2024-11-29,35.165841,129.062262
0002633,박동현,M,1984-06-07,부산,부산진구,2024-11-30,35.155731,129.036082
0002634,황현우,F,1985-05-31,부산,부산진구,2024-11-30,35.156248,129.056828
0002635,장서현,F,1992-05-31,인천,남동구,2024-11-30,37.431258,126.73738
0002636,최주원,F,1992-05-30,서울,성동구,2024-11-30,37.577352,127.050323
0002637,오철수,F,1974-03-26,울산,울주군,2024-11-30,35.517505,129.248126
0002638,이지원,F,1983-03-18,서울,성동구,2024-11-30,37.561687,127.040441
0002639,신서준,M,1980-07-13,인천,남동구,2024-12-01,37.431258,126.73738
0002640,권건우,F,1987-07-25,서울,송파구,2024-12-01,37.526044,127.101726
0002641,정동현,F,2003-07-08,서울,송파구,2024-12-01,37.508941,127.105223
0002642,안민서,M,1978-04-18,인천,남동구,2024-12-01,37.450773,126.747514
0002643,황주원,F,1999-06-24,광주,북구,2024-12-02,35.162623,126.925196
0002644,전민서,M,1976-01-05,인천,남동구,2024-12-02,37.431258,126.73738
0002645,송민서,M,1986-05-28,서울,강남구,2024-12-02,37.501172,127.032666
0002646,강하윤,F,1988-02-29,부산,동래구,2024-12-02,35.218634,129.091488
0002647,정수진,M,1984-11-26,서울,강남구,2024-12-02,37.494624,127.018984
0002648,강수진,M,1970-09-14,서울,마포구,2024-12-02,37.579329,126.904005
0002649,이하준,F,2001-02-08,인천,부평구,2024-12-02,37.507528,126.716538
0002650,이지우,F,1979-04-16,서울,송파구,2024-12-02,37.508941,127.105223
0002651,이하은,F,1971-01-02,대구,북구,2024-12-02,35.912824,128.621362
0002652,안도윤,M,2002-01-05,서울,송파구,2024-12-02,37.514153,127.094813
0002653,안현석,F,2000-07-27,부산,동래구,2024-12-03,35.207187,129.078356
0002654,정민준,M,1972-07-17,대전,대덕구,2024-12-03,36.364878,127.436737
0002655,임지원,F,1972-12-03,대구,북구,2024-12-03,35.912824,128.621362
0002656,박서준,M,2001-02-14,서울,송파구,2024-12-03,37.528144,127.11822
0002657,박예준,M,1973-01-19,서울,서초구,2024-12-03,37.485348,127.020431
0002658,한현우,F,1979-06-03,서울,마포구,2024-12-03,37.57353,126.916356
0002659,강지원,F,1982-03-26,부산,수영구,2024-12-04,35.154477,129.111701
0002660,안시우,F,1996-09-14,서울,마포구,2024-12-04,37.567218,126.927162
0002661,이승민,M,1990-06-04,서울,송파구,2024-12-04,37.526044,127.101726
0002662,박서윤,M,1986-08-01,부산,남구,2024-12-04,35.13827,129.08179
0002663,송철수,F,1990-06-04,서울,송파구,2024-12-04,37.510372,127.112456
0002664,송지호,M,1986-01-17,부산,남구,2024-12-04,35.13827,129.08179
0002665,서서현,M,1979-04-17,서울,마포구,2024-12-05,37.579231,126.921633
0002666,조서현,F,1984-11-06,서울,서초구,2024-12-05,37.477597,127.042074
0002667,황철수,F,2005-09-14,부산,부산진구,2024-12-05,35.156248,129.056828
0002668,강지호,M,2001-11-17,서울,마포구,2024-12-05,37.582523,126.912364
0002669,임현우,M,1994-07-06,인천,남동구,2024-12-05,37.431258,126.73738
0002670,안민준,M,1979-05-16,서울,송파구,2024-12-05,37.516641,127.094043
0002671,안철수,F,1990-07-09,서울,송파구,2024-12-05,37.528144,127.11822
0002672,송지성,M,1987-04-29,부산,부산진구,2024-12-05,35.157608,129.051143
0002673,안동현,M,1988-11-16,서울,송파구,2024-12-05,37.51731,127.100273
0002674,권민준,F,2001-01-20,부산,부산진구,2024-12-05,35.157608,129.051143
0002675,박수진,M,1971-06-06,서울,마포구,2024-12-06,37.562295,126.898744
0002676,조영희,M,1989-05-11,부산,부산진구,2024-12-06,35.164516,129.05897
0002677,이하윤,M,2001-05-14,서울,송파구,2024-12-06,37.528144,127.11822
0002678,강지우,M,1987-12-06,울산,동구,2024-12-06,35.492899,129.423847
0002679,강하준,F,1999-03-25,서울,강남구,2024-12-06,37.494624,127.018984
0002680,황민서,M,1980-09-18,서울,성동구,2024-12-06,37.576037,127.03348
0002681,임하윤,F,1999-08-25,서울,서초구,2024-12-07,37.492387,127.030204
0002682,권영희,M,1989-11-09,서울,서초구,2024-12-07,37.478985,127.033267
0002683,홍윤서,F,1986-01-03,부산,부산진구,2024-12-07,35.164516,129.05897
0002684,윤지민,M,1998-05-17,서울,마포구,2024-12-07,37.563645,126.908126
0002685,송현석,F,1993-10-09,인천,남동구,2024-12-08,37.450773,126.747514
0002686,이하은,M,2005-09-21,서울,성동구,2024-12-08,37.567738,127.044146
0002687,안철수,M,1971-02-11,인천,부평구,2024-12-08,37.501582,126.711729
0002688,황주원,M,1983-08-03,울산,남구,2024-12-08,35.54049,129.328761
0002689,안철수,F,2001-05-03,서울,마포구,2024-12-08,37.582523,126.912364
0002690,오예준,M,2000-01-23,부산,부산진구,2024-12-08,35.164516,129.05897
0002691,임수진,M,2003-04-12,울산,남구,2024-12-08,35.54049,129.328761
0002692,임지민,F,2002-05-13,광주,북구,2024-12-09,35.162623,126.925196
0002693,오시우,M,1993-10-06,서울,성동구,2024-12-10,37.577737,127.017251
0002694,안철수,F,1993-05-19,부산,부산진구,2024-12-10,35.165841,129.062262
0002695,최서윤,F,1991-09-29,서울,송파구,2024-12-10,37.514153,127.094813
0002696,임민서,M,1984-03-17,서울,서초구,2024-12-10,37.48525,127.024041
0002697,장도윤,F,1991-06-02,서울,성동구,2024-12-10,37.558694,127.046971
0002698,홍지호,F,2005-09-07,부산,수영구,2024-12-10,35.154477,129.111701
0002699,임하준,F,2002-06-10,서울,강남구,2024-12-10,37.489466,127.022467
0002700,권지호,F,1977-09-03,서울,마포구,2024-12-11,37.579231,126.921633
0002701,안서연,F,1974-08-17,서울,마포구,2024-12-11,37.582523,126.912364
0002702,오서윤,F,2005-12-22,대구,중구,2024-12-11,35.87333,128.618027
0002703,오현석,M,2002-12-15,서울,마포구,2024-12-11,37.567218,126.927162
0002704,안서준,M,1983-01-28,서울,송파구,2024-12-11,37.516641,127.094043
0002705,강수진,M,1990-12-22,서울,강남구,2024-12-12,37.506762,127.025263
0002706,정동현,F,1970-01-10,서울,강남구,2024-12-12,37.494624,127.018984
0002707,임지훈,M,2000-09-27,울산,동구,2024-12-12,35.516205,129.425624
0002708,박지호,M,1987-03-09,부산,남구,2024-12-12,35.134891,129.094263
0002709,박하윤,M,1992-06-12,서울,마포구,2024-12-12,37.562295,126.898744
0002710,조예준,F,1999-01-31,부산,부산진구,2024-12-12,35.153548,129.048878
0002711,윤서윤,M,1979-11-16,부산,부산진구,2024-12-12,35.148214,129.054903
0002712,한지성,M,1995-09-13,울산,울주군,2024-12-12,35.533543,129.241653
0002713,황철수,F,1998-12-04,부산,부산진구,2024-12-12,35.164516,129.05897
0002714,권민서,M,1975-09-15,대전,중구,2024-12-12,36.338939,127.448992
0002715,윤예준,M,1990-11-01,부산,동래구,2024-12-13,35.207187,129.078356
0002716,장서준,M,1988-02-18,서울,송파구,2024-12-13,37.51731,127.100273
0002717,전지성,M,1993-06-13,부산,해운대구,2024-12-13,35.176365,129.153956
0002718,임서윤,F,2004-08-04,광주,북구,2024-12-14,35.162623,126.925196
0002719,안민서,F,1990-11-01,인천,남동구,2024-12-14,37.450773,126.747514
0002720,최지유,M,1985-10-21,부산,부산진구,2024-12-14,35.153548,129.048878
0002721,신주원,F,1991-01-26,서울,서초구,2024-12-14,37.484243,127.021823
0002722,권도윤,F,2005-11-09,인천,계양구,2024-12-14,37.544605,126.734891
0002723,신영희,F,1994-05-01,광주,북구,2024-12-14,35.158612,126.907869
0002724,윤지호,F,1988-12-17,인천,계양구,2024-12-14,37.544605,126.734891
0002725,최지유,M,1986-02-05,대전,중구,2024-12-15,36.338939,127.448992
0002726,장지성,M,2000-04-24,서울,성동구,2024-12-15,37.577352,127.050323
0002727,이수진,F,2002-12-29,서울,성동구,2024-12-15,37.567738,127.044146
0002728,이수현,M,1991-10-12,대전,서구,2024-12-15,36.355481,127.361029
0002729,전지원,F,1967-06-16,서울,서초구,2024-12-16,37.478985,127.033267
0002730,권하윤,M,1978-06-16,울산,울주군,2024-12-16,35.533543,129.241653
0002731,신철수,M,1970-09-26,광주,남구,2024-12-16,35.13845,126.940927
0002732,한지훈,F,1984-01-18,부산,부산진구,2024-12-16,35.155731,129.036082
0002733,이현우,F,1975-06-16,대구,달서구,2024-12-16,35.817083,128.534496
0002734,김윤서,F,1970-06-16,광주,북구,2024-12-16,35.162623,126.925196
0002735,권동현,F,2001-07-10,서울,마포구,2024-12-16,37.567218,126.927162
0002736,임현석,F,1980-09-30,서울,강남구,2024-12-16,37.501172,127.032666
0002737,신윤서,M,1999-11-09,광주,북구,2024-12-16,35.182325,126.899092
0002738,정수진,F,1992-06-17,서울,마포구,2024-12-17,37.582523,126.912364
0002739,홍동현,M,1976-06-17,서울,강남구,2024-12-17,37.486781,127.030789
0002740,정윤서,F,1965-06-17,서울,성동구,2024-12-17,37.576037,127.03348
0002741,송서현,F,1991-06-04,부산,부산진구,2024-12-17,35.157608,129.051143
0002742,권하윤,F,1989-03-15,서울,마포구,2024-12-17,37.579231,126.921633
0002743,권수진,F,1994-06-18,서울,송파구,2024-12-18,37.50325,127.119319
0002744,오민서,F,1997-12-04,서울,서초구,2024-12-18,37.48525,127.024041
0002745,신지호,M,1995-12-12,서울,성동구,2024-12-18,37.561687,127.040441
0002746,서하은,M,1999-10-29,서울,강남구,2024-12-18,37.506762,127.025263
0002747,이승민,M,1980-06-30,대전,유성구,2024-12-18,36.35391,127.351198
0002748,임민서,F,1987-07-07,서울,서초구,2024-12-18,37.48525,127.024041
0002749,신지원,F,2002-05-07,대전,중구,2024-12-18,36.319807,127.434568
0002750,서지호,M,2004-07-14,울산,울주군,2024-12-19,35.517505,129.248126
0002751,임민준,M,1987-06-25,인천,남동구,2024-12-19,37.452294,126.729161
0002752,임지원,M,1995-03-20,부산,부산진구,2024-12-19,35.164516,129.05897
0002753,신예준,M,1999-02-26,대구,달서구,2024-12-19,35.817083,128.534496
0002754,정서현,F,1978-12-07,서울,송파구,2024-12-20,37.514153,127.094813
0002755,오현우,M,2005-11-15,서울,서초구,2024-12-20,37.492387,127.030204
0002756,전주원,M,2000-12-25,서울,서초구,2024-12-20,37.483618,127.040159
0002757,황수현,F,1993-06-14,서울,송파구,2024-12-20,37.5014,127.135937
0002758,조지훈,F,1993-03-07,서울,성동구,2024-12-20,37.577352,127.050323
0002759,권하윤,M,2004-07-08,서울,마포구,2024-12-20,37.567218,126.927162
0002760,권서준,F,1972-05-05,인천,서구,2024-12-20,37.541082,126.676058
0002761,전민서,M,2002-05-18,부산,부산진구,2024-12-20,35.173635,129.074432
0002762,송수진,F,1985-11-17,대전,대덕구,2024-12-20,36.378921,127.443177
0002763,최수진,M,2002-02-25,인천,계양구,2024-12-21,37.541331,126.745466
0002764,장지우,M,1999-07-27,서울,서초구,2024-12-21,37.483618,127.040159
0002765,강도윤,F,1996-07-20,부산,동래구,2024-12-21,35.218634,129.091488
0002766,임하준,F,1983-12-23,부산,부산진구,2024-12-21,35.156248,129.056828
0002767,신영희,F,1988-10-10,대구,달서구,2024-12-21,35.817083,128.534496
0002768,서시우,F,1976-07-10,부산,부산진구,2024-12-22,35.153548,129.048878
0002769,박하은,M,1990-07-24,서울,강남구,2024-12-22,37.486781,127.030789
0002770,윤수현,F,1974-06-27,대전,중구,2024-12-22,36.338939,127.448992
0002771,장주원,M,2005-11-23,서울,성동구,2024-12-22,37.561687,127.040441
0002772,신서준,M,1999-06-22,광주,북구,2024-12-22,35.182325,126.899092
0002773,윤지우,M,1976-07-18,서울,마포구,2024-12-22,37.569019,126.91137
0002774,권현우,F,1975-08-13,부산,부산진구,2024-12-22,35.156248,129.056828
0002775,정지유,M,1976-12-14,서울,서초구,2024-12-22,37.477597,127.042074
0002776,홍주원,M,1978-11-24,울산,울주군,2024-12-22,35.517505,129.248126
0002777,홍윤서,F,1990-03-12,서울,성동구,2024-12-22,37.56004,127.06894
0002778,장현우,F,1971-03-26,대구,북구,2024-12-23,35.898802,128.615833
0002779,황시우,F,1986-06-23,서울,송파구,2024-12-23,37.51731,127.100273
0002780,신수진,F,2005-06-21,인천,남동구,2024-12-23,37.431258,126.73738
0002781,한하은,F,1972-11-24,서울,마포구,2024-12-23,37.582523,126.912364
0002782,황서준,M,1989-04-13,서울,성동구,2024-12-23,37.551464,127.03869
0002783,정하준,M,2004-09-26,서울,송파구,2024-12-23,37.50325,127.119319
0002784,최주원,M,1975-04-08,울산,울주군,2024-12-23,35.517505,129.248126
0002785,권승민,F,1993-09-14,부산,부산진구,2024-12-23,35.153548,129.048878
0002786,강지원,M,2005-09-22,부산,부산진구,2024-12-24,35.156248,129.056828
0002787,신수현,F,1998-08-23,부산,부산진구,2024-12-24,35.157608,129.051143
0002788,전민준,F,1992-05-28,서울,성동구,2024-12-24,37.551464,127.03869
0002789,장지원,F,1991-10-10,서울,성동구,2024-12-24,37.561687,127.040441
0002790,정민서,F,2002-02-07,서울,송파구,2024-12-24,37.527211,127.114209
0002791,오지훈,F,1974-07-29,서울,서초구,2024-12-24,37.485348,127.020431
0002792,서수현,M,2002-05-20,서울,송파구,2024-12-24,37.527211,127.114209
0002793,홍지훈,F,1980-05-12,울산,동구,2024-12-24,35.492899,129.423847
0002794,임철수,F,1976-04-10,대전,중구,2024-12-24,36.319807,127.434568
0002795,김지성,F,1980-10-10,인천,부평구,2024-12-24,37.501582,126.711729
0002796,조윤서,F,1989-06-24,서울,성동구,2024-12-24,37.561687,127.040441
0002797,최서현,F,1984-05-15,울산,남구,2024-12-25,35.54049,129.328761
0002798,강서연,M,1975-09-10,서울,강남구,2024-12-25,37.485809,127.043491
0002799,한주원,M,2004-06-25,부산,남구,2024-12-25,35.134891,129.094263
0002800,이주원,F,1992-07-16,광주,북구,2024-12-25,35.162623,126.925196
0002801,이서연,F,1999-07-24,서울,송파구,2024-12-25,37.527211,127.114209
0002802,장지민,F,1986-08-18,서울,마포구,2024-12-25,37.57353,126.916356
0002803,박서현,M,2002-09-19,부산,부산진구,2024-12-26,35.155731,129.036082
0002804,신주원,F,1995-03-08,부산,부산진구,2024-12-26,35.148214,129.054903
0002805,서서연,M,1979-03-09,광주,북구,2024-12-27,35.182325,126.899092
0002806,서서현,F,1984-12-15,서울,성동구,2024-12-27,37.561687,127.040441
0002807,서서현,M,2005-11-02,서울,서초구,2024-12-27,37.483618,127.040159
0002808,황영희,M,1983-07-13,서울,마포구,2024-12-27,37.567218,126.927162
0002809,서건우,M,1975-06-28,대전,대덕구,2024-12-28,36.355969,127.447839
0002810,정하은,M,1997-02-09,광주,북구,2024-12-28,35.162623,126.925196
0002811,김현석,M,1973-12-21,부산,부산진구,2024-12-28,35.165841,129.062262
0002812,서예준,M,1984-04-14,부산,해운대구,2024-12-28,35.163322,129.159222
0002813,권서윤,M,1971-08-29,서울,서초구,2024-12-29,37.485348,127.020431
0002814,조하준,M,1987-07-22,부산,동래구,2024-12-29,35.210645,129.083455
0002815,신지성,F,1994-06-03,인천,계양구,2024-12-29,37.541331,126.745466
0002816,신현석,M,2003-10-05,울산,남구,2024-12-29,35.54049,129.328761
0002817,홍동현,F,1999-02-06,서울,서초구,2024-12-29,37.477597,127.042074
0002818,오하준,M,1970-07-26,서울,송파구,2024-12-30,37.50325,127.119319
0002819,한하은,F,2000-03-10,서울,송파구,2024-12-30,37.5014,127.135937
0002820,강승민,M,1983-08-31,서울,서초구,2024-12-30,37.477597,127.042074
0002821,장수진,F,1977-02-13,울산,울주군,2024-12-30,35.533543,129.241653
0002822,강지호,F,1994-04-09,부산,부산진구,2024-12-30,35.164516,129.05897
0002823,임지훈,M,1995-10-04,서울,마포구,2024-12-30,37.567218,126.927162
0002824,한철수,F,1972-06-20,서울,마포구,2024-12-31,37.57353,126.916356
0002825,김건우,F,1998-03-13,서울,성동구,2024-12-31,37.577737,127.017251
0002826,안철수,M,2002-07-15,서울,서초구,2024-12-31,37.477597,127.042074
0002827,강현석,M,1996-08-10,광주,북구,2024-12-31,35.182325,126.899092
0002828,송예준,M,1992-05-20,서울,송파구,2024-12-31,37.526044,127.101726
0002829,임시우,F,2005-09-15,울산,중구,2025-01-01,35.578704,129.328588
0002830,임서윤,F,2002-07-01,서울,강남구,2025-01-01,37.489466,127.022467
0002831,이도윤,M,1996-12-18,대전,대덕구,2025-01-01,36.378921,127.443177
0002832,오서현,F,1974-03-21,인천,남동구,2025-01-01,37.450773,126.747514
0002833,안서연,F,1982-05-03,부산,남구,2025-01-01,35.120493,129.085186
0002834,오지우,F,1975-09-08,서울,송파구,2025-01-01,37.5014,127.135937
0002835,조건우,F,1977-03-01,서울,강남구,2025-01-01,37.485809,127.043491
0002836,신윤서,M,1980-09-28,인천,연수구,2025-01-01,37.400091,126.683625
0002837,송철수,F,1998-11-08,서울,송파구,2025-01-02,37.527211,127.114209
0002838,장서현,F,1986-08-25,대전,대덕구,2025-01-02,36.364878,127.436737
0002839,임민서,F,1978-12-28,대구,달서구,2025-01-02,35.817083,128.534496
0002840,권민서,M,1983-07-18,대전,대덕구,2025-01-02,36.364878,127.436737
0002841,황윤서,M,1970-11-20,인천,부평구,2025-01-02,37.507528,126.716538
0002842,송현우,M,1979-09-23,대전,대덕구,2025-01-02,36.355969,127.447839
0002843,전하은,F,1981-01-03,광주,북구,2025-01-02,35.18152,126.926067
0002844,임도윤,F,1971-05-28,서울,송파구,2025-01-02,37.508941,127.105223
0002845,안승민,F,1996-06-30,대전,중구,2025-01-03,36.319807,127.434568
0002846,서지우,M,1998-02-07,서울,송파구,2025-01-03,37.510372,127.112456
0002847,이현우,M,1985-10-14,대전,중구,2025-01-03,36.338939,127.448992
0002848,조민준,M,2000-03-09,서울,송파구,2025-01-03,37.526044,127.101726
0002849,강주원,F,1982-07-03,광주,북구,2025-01-03,35.158612,126.907869
0002850,김건우,M,1975-10-08,대구,북구,2025-01-03,35.912824,128.621362
0002851,황동현,F,1976-08-13,서울,송파구,2025-01-03,37.527211,127.114209
0002852,조하준,M,1983-11-27,대구,북구,2025-01-04,35.898802,128.615833
0002853,장서연,M,1975-02-04,부산,부산진구,2025-01-04,35.173635,129.074432
0002854,홍민서,M,1997-10-24,서울,마포구,2025-01-04,37.579231,126.921633
0002855,박주원,M,1983-03-20,부산,남구,2025-01-04,35.134891,129.094263
0002856,조윤서,F,1974-05-24,인천,계양구,2025-01-04,37.541331,126.745466
0002857,강현석,M,1975-09-22,인천,계양구,2025-01-04,37.544605,126.734891
0002858,정수진,F,1999-12-30,광주,남구,2025-01-04,35.13845,126.940927
0002859,이승민,F,1978-09-03,서울,송파구,2025-01-04,37.528144,127.11822
0002860,장서연,M,1975-07-09,서울,송파구,2025-01-04,37.516641,127.094043
0002861,전수진,F,1992-10-17,광주,북구,2025-01-05,35.182325,126.899092
0002862,장하준,M,1982-05-02,부산,부산진구,2025-01-05,35.148214,129.054903
0002863,송예준,M,1985-03-13,서울,강남구,2025-01-05,37.489466,127.022467
0002864,황지호,F,1988-09-29,서울,강남구,2025-01-06,37.489466,127.022467
0002865,윤지민,F,1986-07-30,서울,송파구,2025-01-06,37.528144,127.11822
0002866,송윤서,M,1977-03-25,서울,서초구,2025-01-06,37.483618,127.040159
0002867,권서윤,F,1972-11-04,서울,서초구,2025-01-06,37.48525,127.024041
0002868,오시우,F,1970-06-08,대전,중구,2025-01-06,36.338939,127.448992
0002869,장서현,M,1996-01-14,대전,중구,2025-01-06,36.338939,127.448992
0002870,홍철수,M,1996-12-24,울산,동구,2025-01-07,35.516205,129.425624
0002871,신서연,M,1991-04-23,대전,대덕구,2025-01-07,36.355969,127.447839
0002872,오지원,F,1979-10-28,부산,해운대구,2025-01-07,35.163322,129.159222
0002873,홍지원,M,1995-07-07,부산,부산진구,2025-01-07,35.153548,129.048878
0002874,정서준,F,2003-11-16,서울,서초구,2025-01-08,37.485348,127.020431
0002875,황건우,M,1985-03-12,서울,성동구,2025-01-08,37.561687,127.040441
0002876,전지민,F,1986-08-16,서울,송파구,2025-01-08,37.514153,127.094813
0002877,권지유,F,2002-04-13,서울,성동구,2025-01-08,37.577737,127.017251
0002878,김서현,M,1972-10-22,서울,마포구,2025-01-08,37.563645,126.908126
0002879,송수진,M,1973-08-17,대전,대덕구,2025-01-08,36.364878,127.436737
0002880,신지성,F,1994-07-08,대구,북구,2025-01-08,35.898802,128.615833
0002881,황서연,F,1971-12-08,부산,남구,2025-01-08,35.120493,129.085186
0002882,이지민,M,1976-07-08,대전,대덕구,2025-01-08,36.364878,127.436737
0002883,서서윤,F,1982-11-17,울산,동구,2025-01-09,35.516205,129.425624
0002884,권주원,F,1977-12-16,부산,동래구,2025-01-09,35.205918,129.063324
0002885,이하윤,M,1993-04-09,부산,해운대구,2025-01-09,35.163322,129.159222
0002886,송동현,F,2003-08-28,부산,동래구,2025-01-10,35.218634,129.091488
0002887,전주원,F,1983-07-10,서울,강남구,2025-01-10,37.485809,127.043491
0002888,최예준,M,1971-05-21,서울,성동구,2025-01-10,37.577352,127.050323
0002889,홍서준,M,1989-07-10,부산,부산진구,2025-01-10,35.156248,129.056828
0002890,안지성,F,1979-07-10,서울,강남구,2025-01-10,37.494624,127.018984
0002891,이서준,F,1979-01-11,서울,송파구,2025-01-10,37.5014,127.135937
0002892,권주원,F,1985-06-21,서울,마포구,2025-01-10,37.582523,126.912364
0002893,최도윤,M,2003-07-10,광주,북구,2025-01-10,35.18152,126.926067
0002894,최지훈,M,1992-09-15,부산,부산진구,2025-01-10,35.155731,129.036082
0002895,임현석,M,1978-10-07,울산,중구,2025-01-11,35.578704,129.328588
0002896,안현우,F,1986-02-15,인천,남동구,2025-01-11,37.452294,126.729161
0002897,홍지성,F,1986-10-22,부산,부산진구,2025-01-11,35.155937,129.048964
0002898,장영희,M,2005-02-09,대구,달서구,2025-01-11,35.817083,128.534496
0002899,최하은,F,1980-11-09,서울,마포구,2025-01-12,37.562295,126.898744
0002900,전하은,F,1996-05-08,부산,남구,2025-01-12,35.134891,129.094263
0002901,한지성,M,2005-03-17,서울,마포구,2025-01-13,37.579329,126.904005
0002902,정시우,M,1974-11-27,서울,송파구,2025-01-13,37.527211,127.114209
0002903,최하윤,M,1977-06-08,인천,남동구,2025-01-13,37.452294,126.729161
0002904,김서연,F,1995-05-13,서울,마포구,2025-01-13,37.579329,126.904005
0002905,권하은,M,2004-09-06,부산,동래구,2025-01-14,35.218634,129.091488
0002906,김영희,F,2002-05-15,부산,부산진구,2025-01-14,35.165841,129.062262
0002907,권서현,M,1983-05-29,부산,부산진구,2025-01-14,35.155937,129.048964
0002908,강민준,F,2001-07-21,인천,남동구,2025-01-14,37.452294,126.729161
0002909,조현석,M,2004-11-08,대구,북구,2025-01-14,35.898802,128.615833
0002910,윤영희,F,1993-09-15,인천,남동구,2025-01-14,37.431258,126.73738
0002911,한현우,M,1998-09-28,서울,마포구,2025-01-14,37.579231,126.921633
0002912,강철수,M,1983-07-04,대전,대덕구,2025-01-14,36.378921,127.443177
0002913,권예준,F,1988-01-02,서울,송파구,2025-01-15,37.51731,127.100273
0002914,강윤서,M,2000-07-15,부산,남구,2025-01-15,35.120493,129.085186
0002915,조승민,M,1983-07-08,서울,마포구,2025-01-15,37.582523,126.912364
0002916,황서준,F,1999-04-15,대전,서구,2025-01-15,36.355481,127.361029
0002917,황주원,M,1972-04-24,인천,계양구,2025-01-15,37.544605,126.734891
0002918,안수진,F,1988-04-14,부산,동래구,2025-01-16,35.218634,129.091488
0002919,윤지원,M,1992-08-01,인천,남동구,2025-01-16,37.450773,126.747514
0002920,황건우,F,1977-11-27,서울,서초구,2025-01-16,37.478985,127.033267
0002921,임서현,F,2001-04-30,부산,부산진구,2025-01-16,35.155937,129.048964
0002922,김수진,F,1975-04-22,광주,북구,2025-01-16,35.18152,126.926067
0002923,황지우,M,1994-06-03,서울,마포구,2025-01-17,37.579231,126.921633
0002924,임주원,F,1983-09-26,서울,송파구,2025-01-17,37.510372,127.112456
0002925,홍지민,F,2001-10-17,부산,부산진구,2025-01-17,35.155731,129.036082
0002926,이서윤,M,1997-07-17,서울,서초구,2025-01-17,37.477597,127.042074
0002927,윤서윤,F,1974-09-30,부산,부산진구,2025-01-17,35.148214,129.054903
0002928,윤지원,F,1993-01-13,대전,대덕구,2025-01-17,36.355969,127.447839
0002929,황하준,F,1972-11-22,서울,마포구,2025-01-17,37.567218,126.927162
0002930,임지성,M,1983-10-17,서울,강남구,2025-01-18,37.507388,127.043409
0002931,이영희,M,1986-07-18,서울,성동구,2025-01-18,37.558694,127.046971
0002932,안동현,F,2000-07-18,대전,대덕구,2025-01-18,36.378921,127.443177
0002933,서동현,M,1984-03-27,인천,부평구,2025-01-18,37.507528,126.716538
0002934,조철수,M,1993-05-25,서울,성동구,2025-01-18,37.561687,127.040441
0002935,조지우,F,1997-10-14,서울,송파구,2025-01-18,37.514153,127.094813
0002936,윤서연,M,1981-02-17,광주,북구,2025-01-18,35.158612,126.907869
0002937,이하윤,F,1998-10-23,대전,서구,2025-01-19,36.355481,127.361029
0002938,임시우,F,2001-08-18,울산,울주군,2025-01-19,35.533543,129.241653
0002939,안하준,M,1979-07-26,서울,송파구,2025-01-19,37.508941,127.105223
0002940,김윤서,F,1977-04-09,서울,성동구,2025-01-19,37.56004,127.06894
0002941,김민준,M,1986-07-22,서울,강남구,2025-01-20,37.493375,127.03537
0002942,오지우,F,1986-03-01,인천,연수구,2025-01-20,37.400091,126.683625
0002943,김하준,M,1974-07-20,광주,동구,2025-01-20,35.148286,126.932418
0002944,강민준,F,1992-07-08,울산,울주군,2025-01-20,35.533543,129.241653
0002945,전철수,M,2004-12-29,서울,송파구,2025-01-20,37.510372,127.112456
0002946,신현우,F,1992-11-19,인천,연수구,2025-01-20,37.428937,126.682846
0002947,홍서연,F,2000-07-20,울산,동구,2025-01-20,35.516205,129.425624
0002948,한건우,M,1993-04-23,부산,부산진구,2025-01-20,35.157608,129.051143
0002949,김주원,M,2002-02-25,부산,부산진구,2025-01-20,35.156248,129.056828
0002950,최하윤,M,1999-11-05,서울,강남구,2025-01-20,37.501172,127.032666
0002951,홍지훈,F,1970-07-19,서울,서초구,2025-01-21,37.48525,127.024041
0002952,조하준,M,2005-08-10,대구,북구,2025-01-21,35.912824,128.621362
0002953,조건우,M,1978-05-13,서울,마포구,2025-01-21,37.582523,126.912364
0002954,김현석,M,2005-10-10,인천,부평구,2025-01-22,37.501582,126.711729
0002955,윤지민,F,2004-07-28,인천,남동구,2025-01-22,37.431258,126.73738
0002956,임지민,M,1994-08-14,서울,마포구,2025-01-22,37.562295,126.898744
0002957,홍하은,F,1995-12-27,서울,송파구,2025-01-23,37.5014,127.135937
0002958,서하윤,M,1988-05-26,서울,마포구,2025-01-23,37.579231,126.921633
0002959,조지우,M,1987-11-09,서울,강남구,2025-01-23,37.494624,127.018984
0002960,서서연,F,1982-12-15,부산,부산진구,2025-01-23,35.164516,129.05897
0002961,임민준,M,1986-03-24,서울,서초구,2025-01-23,37.478985,127.033267
0002962,신현우,M,1993-05-07,서울,송파구,2025-01-23,37.5014,127.135937
0002963,권서현,F,2004-03-28,서울,성동구,2025-01-23,37.551464,127.03869
0002964,박도윤,F,1990-11-17,부산,부산진구,2025-01-23,35.153548,129.048878
0002965,전서윤,F,1986-03-15,서울,강남구,2025-01-23,37.485809,127.043491
0002966,임윤서,F,1994-02-04,부산,남구,2025-01-24,35.134891,129.094263
0002967,서예준,M,2004-09-12,부산,동래구,2025-01-24,35.207187,129.078356
0002968,강하은,F,1992-07-04,부산,부산진구,2025-01-24,35.156248,129.056828
0002969,오민준,M,1988-11-27,광주,북구,2025-01-24,35.158612,126.907869
0002970,신민서,F,1982-04-17,서울,송파구,2025-01-24,37.528144,127.11822
0002971,장도윤,M,1998-11-20,인천,남동구,2025-01-24,37.452294,126.729161
0002972,김하윤,M,2001-03-06,서울,송파구,2025-01-25,37.50325,127.119319
0002973,송지우,F,1988-05-23,서울,송파구,2025-01-25,37.526044,127.101726
0002974,전철수,F,1988-08-25,서울,송파구,2025-01-25,37.526044,127.101726
0002975,최주원,M,1989-06-20,대전,대덕구,2025-01-25,36.364878,127.436737
0002976,강동현,M,1975-12-11,서울,성동구,2025-01-25,37.577352,127.050323
0002977,강예준,M,2004-09-26,광주,북구,2025-01-25,35.18152,126.926067
0002978,전윤서,F,1988-07-11,울산,울주군,2025-01-26,35.517505,129.248126
0002979,김철수,M,1973-06-27,인천,연수구,2025-01-26,37.400091,126.683625
0002980,김민서,F,1975-10-26,인천,연수구,2025-01-26,37.400091,126.683625
0002981,최수현,F,1972-03-19,서울,서초구,2025-01-26,37.485348,127.020431
0002982,최지호,M,1980-06-15,광주,북구,2025-01-26,35.18152,126.926067
0002983,안서준,M,1975-07-26,서울,서초구,2025-01-26,37.485348,127.020431
0002984,홍서준,M,2001-09-02,울산,남구,2025-01-26,35.545241,129.330526
0002985,오지우,M,1980-05-18,인천,부평구,2025-01-26,37.507528,126.716538
0002986,최지민,F,1977-06-07,울산,남구,2025-01-26,35.54049,129.328761
0002987,송승민,M,2004-08-22,서울,마포구,2025-01-27,37.579231,126.921633
0002988,한서준,M,1998-07-07,대전,중구,2025-01-27,36.338939,127.448992
0002989,한서현,M,1984-03-23,서울,송파구,2025-01-27,37.510372,127.112456
0002990,김동현,M,1995-06-02,서울,성동구,2025-01-27,37.561687,127.040441
0002991,서시우,M,1975-09-06,서울,서초구,2025-01-27,37.485348,127.020431
0002992,황서준,F,1982-01-13,서울,송파구,2025-01-27,37.5014,127.135937
0002993,홍윤서,M,1973-07-26,부산,부산진구,2025-01-27,35.173635,129.074432
0002994,정시우,F,1977-06-08,서울,서초구,2025-01-27,37.477597,127.042074
0002995,김도윤,M,1997-02-03,인천,부평구,2025-01-28,37.501582,126.711729
0002996,홍지훈,F,1984-03-09,대구,수성구,2025-01-28,35.866721,128.649568
0002997,신윤서,F,1994-05-21,대구,수성구,2025-01-28,35.866721,128.649568
0002998,한수진,M,1998-10-18,대구,동구,2025-01-28,35.889942,128.626899
0002999,황민서,F,1971-09-21,서울,송파구,2025-01-28,37.527211,127.114209
0003000,윤지우,M,1990-09-27,울산,동구,2025-01-28,35.516205,129.425624
0003001,정지원,F,1995-01-05,서울,마포구,2025-01-28,37.555331,126.907948
0003002,김서윤,F,1996-09-06,대구,수성구,2025-01-28,35.866721,128.649568
0003003,강건우,M,1984-04-15,서울,송파구,2025-01-28,37.5014,127.135937
0003004,전철수,M,1990-02-27,대전,유성구,2025-01-29,36.35391,127.351198
0003005,황서윤,M,1977-09-13,서울,송파구,2025-01-29,37.50325,127.119319
0003006,조서윤,F,2005-08-03,부산,부산진구,2025-01-29,35.156248,129.056828
0003007,박서윤,M,1981-02-12,서울,서초구,2025-01-29,37.477597,127.042074
0003008,한도윤,F,2001-11-01,서울,송파구,2025-01-29,37.526044,127.101726
0003009,송서연,M,1976-07-29,서울,성동구,2025-01-29,37.558694,127.046971
0003010,윤지호,M,1979-07-19,부산,동래구,2025-01-29,35.218634,129.091488
0003011,홍지성,M,1976-06-21,부산,부산진구,2025-01-29,35.156248,129.056828
0003012,조민서,M,2005-06-07,광주,북구,2025-01-30,35.158612,126.907869
0003013,장영희,F,1998-12-22,부산,부산진구,2025-01-30,35.153548,129.048878
0003014,김현우,F,1981-08-03,인천,남동구,2025-01-30,37.431258,126.73738
0003015,서예준,M,1976-12-13,부산,남구,2025-01-30,35.134891,129.094263
0003016,오지우,F,1970-10-06,서울,마포구,2025-01-31,37.579329,126.904005
0003017,안지유,F,1994-07-31,서울,강남구,2025-01-31,37.489466,127.022467
0003018,안지민,F,1972-01-02,서울,성동구,2025-01-31,37.577352,127.050323
0003019,한서연,F,1988-07-29,부산,부산진구,2025-01-31,35.153548,129.048878
0003020,서서윤,M,1979-11-05,서울,성동구,2025-01-31,37.577352,127.050323
0003021,송철수,M,1985-06-20,서울,강남구,2025-01-31,37.486781,127.030789
0003022,최하은,M,1992-07-31,광주,남구,2025-01-31,35.13845,126.940927
0003023,정하윤,F,1990-02-03,대전,대덕구,2025-01-31,36.378921,127.443177
0003024,오승민,F,1984-07-26,부산,동래구,2025-02-01,35.205918,129.063324
0003025,장시우,F,1975-08-01,서울,강남구,2025-02-01,37.493375,127.03537
0003026,한하은,F,1996-03-18,부산,부산진구,2025-02-01,35.148214,129.054903
0003027,임예준,M,1970-10-02,서울,서초구,2025-02-01,37.48525,127.024041
0003028,황민서,M,1991-03-15,서울,성동구,2025-02-01,37.577737,127.017251
0003029,강지원,F,2002-11-16,서울,송파구,2025-02-02,37.50325,127.119319
0003030,정동현,F,2001-08-02,서울,서초구,2025-02-02,37.48525,127.024041
0003031,안도윤,M,1992-02-07,부산,부산진구,2025-02-02,35.148214,129.054903
0003032,이주원,F,1999-02-20,서울,강남구,2025-02-02,37.486781,127.030789
0003033,홍지민,M,1979-08-02,서울,마포구,2025-02-02,37.563645,126.908126
0003034,송서현,M,1991-08-02,울산,울주군,2025-02-02,35.517505,129.248126
0003035,홍주원,F,1986-08-02,서울,성동구,2025-02-02,37.561687,127.040441
0003036,신건우,M,1992-07-25,서울,송파구,2025-02-02,37.510372,127.112456
0003037,권건우,F,1989-03-03,서울,송파구,2025-02-03,37.51955,127.115158
0003038,권윤서,F,1991-07-27,서울,서초구,2025-02-03,37.477597,127.042074
0003039,조예준,F,2003-01-11,서울,마포구,2025-02-03,37.562295,126.898744
0003040,이서준,F,1981-06-28,서울,성동구,2025-02-03,37.576037,127.03348
0003041,김동현,M,1982-02-12,서울,송파구,2025-02-03,37.50325,127.119319
0003042,전지원,M,1990-08-03,서울,송파구,2025-02-03,37.508941,127.105223
0003043,강서연,M,1999-08-03,서울,성동구,2025-02-03,37.576037,127.03348
0003044,오승민,M,1990-11-23,광주,북구,2025-02-03,35.18152,126.926067
0003045,정서현,F,2001-08-03,서울,강남구,2025-02-03,37.489466,127.022467
0003046,한현석,M,1977-08-24,부산,부산진구,2025-02-04,35.164516,129.05897
0003047,안서준,M,1985-01-24,울산,중구,2025-02-04,35.578704,129.328588
0003048,안주원,M,1983-04-15,서울,송파구,2025-02-04,37.514153,127.094813
0003049,전하은,M,1980-07-24,부산,부산진구,2025-02-04,35.153548,129.048878
0003050,임하준,F,1996-01-15,부산,부산진구,2025-02-04,35.156248,129.056828
0003051,오지원,F,1989-08-04,부산,동래구,2025-02-04,35.210645,129.083455
0003052,권승민,F,1999-05-01,대전,대덕구,2025-02-04,36.366109,127.434212
0003053,황현우,M,1986-05-14,서울,송파구,2025-02-04,37.51955,127.115158
0003054,윤도윤,M,2004-09-13,서울,서초구,2025-02-04,37.48525,127.024041
0003055,김서현,F,1974-08-29,서울,마포구,2025-02-04,37.579329,126.904005
0003056,서지원,M,1993-12-23,인천,연수구,2025-02-05,37.400091,126.683625
0003057,임하은,M,1981-08-05,부산,부산진구,2025-02-05,35.155937,129.048964
0003058,신민서,F,1977-07-03,울산,남구,2025-02-05,35.545241,129.330526
0003059,권서윤,M,1983-10-01,인천,남동구,2025-02-05,37.450773,126.747514
0003060,조영희,F,1991-12-18,서울,송파구,2025-02-06,37.508941,127.105223
0003061,최지유,F,1977-09-23,광주,북구,2025-02-06,35.182325,126.899092
0003062,송지민,M,1978-11-23,부산,부산진구,2025-02-06,35.155731,129.036082
0003063,정동현,M,1978-08-06,서울,성동구,2025-02-06,37.561687,127.040441
0003064,정하준,F,1981-07-05,부산,동래구,2025-02-06,35.218634,129.091488
0003065,안예준,F,1993-04-23,서울,서초구,2025-02-06,37.484243,127.021823
0003066,최민준,M,1982-08-06,부산,남구,2025-02-06,35.134891,129.094263
0003067,강예준,F,1976-06-19,서울,성동구,2025-02-07,37.567738,127.044146
0003068,강서준,F,1975-04-19,서울,송파구,2025-02-07,37.50325,127.119319
0003069,안민준,F,1979-10-03,부산,부산진구,2025-02-07,35.165841,129.062262
0003070,홍도윤,M,1994-12-17,부산,동래구,2025-02-07,35.218634,129.091488
0003071,신철수,F,1995-07-30,부산,수영구,2025-02-07,35.154477,129.111701
0003072,조건우,F,2001-09-26,인천,남동구,2025-02-08,37.431258,126.73738
0003073,김민준,F,1976-07-17,대구,북구,2025-02-08,35.912824,128.621362
0003074,정도윤,M,1985-11-14,대전,대덕구,2025-02-08,36.355969,127.447839
0003075,전민준,M,1974-06-29,부산,해운대구,2025-02-08,35.176365,129.153956
0003076,박하준,F,1976-10-02,대전,대덕구,2025-02-08,36.366109,127.434212
0003077,장철수,F,1996-03-28,대구,달서구,2025-02-09,35.817083,128.534496
0003078,최서현,F,1991-10-16,서울,마포구,2025-02-09,37.579231,126.921633
0003079,윤건우,F,1967-08-09,인천,계양구,2025-02-09,37.544605,126.734891
0003080,홍서연,M,2003-01-18,서울,성동구,2025-02-09,37.577352,127.050323
0003081,서철수,M,1990-09-19,대구,달서구,2025-02-09,35.817083,128.534496
0003082,김철수,M,1970-08-08,서울,송파구,2025-02-10,37.510372,127.112456
0003083,한민서,M,1974-04-15,부산,동래구,2025-02-10,35.218634,129.091488
0003084,최윤서,M,1966-08-10,광주,북구,2025-02-10,35.158612,126.907869
0003085,최건우,M,1982-01-14,서울,서초구,2025-02-10,37.477597,127.042074
0003086,서수진,F,2001-08-18,부산,동래구,2025-02-10,35.202857,129.076308
0003087,오예준,F,2002-06-23,서울,강남구,2025-02-10,37.489466,127.022467
0003088,서지원,F,1981-03-05,서울,성동구,2025-02-11,37.558694,127.046971
0003089,최민서,F,1993-07-23,서울,마포구,2025-02-11,37.555331,126.907948
0003090,권지원,M,2001-01-06,서울,강남구,2025-02-11,37.485809,127.043491
0003091,송지우,F,1992-05-03,서울,성동구,2025-02-11,37.576037,127.03348
0003092,박민준,M,1976-09-04,대전,대덕구,2025-02-11,36.378921,127.443177
0003093,임서윤,M,1997-03-29,울산,중구,2025-02-11,35.578704,129.328588
0003094,윤하은,F,1992-05-29,부산,부산진구,2025-02-12,35.155731,129.036082
0003095,김승민,F,1983-03-28,대전,중구,2025-02-12,36.319807,127.434568
0003096,전민준,F,1977-05-26,서울,서초구,2025-02-12,37.484243,127.021823
0003097,김지원,F,2003-07-29,서울,마포구,2025-02-12,37.563645,126.908126
0003098,황건우,F,1985-01-18,서울,강남구,2025-02-12,37.489466,127.022467
0003099,조지성,M,1999-02-06,대구,북구,2025-02-12,35.898802,128.615833
0003100,오지민,M,1996-12-30,서울,성동구,2025-02-12,37.567738,127.044146
0003101,김현석,M,2000-08-17,대전,대덕구,2025-02-13,36.355969,127.447839
0003102,박지민,M,1979-05-22,부산,부산진구,2025-02-13,35.164516,129.05897
0003103,김하은,M,1989-10-20,대구,동구,2025-02-13,35.889942,128.626899
0003104,신수진,F,1981-12-03,광주,남구,2025-02-13,35.13845,126.940927
0003105,송지유,F,1996-12-15,울산,중구,2025-02-13,35.578704,129.328588
0003106,장하준,F,1986-01-20,서울,송파구,2025-02-13,37.528144,127.11822
0003107,이서연,M,1998-12-17,인천,부평구,2025-02-13,37.507528,126.716538
0003108,안시우,M,1980-08-31,부산,동래구,2025-02-13,35.205918,129.063324
0003109,전민준,M,1976-12-04,서울,마포구,2025-02-13,37.569019,126.91137
0003110,황동현,M,1998-08-24,부산,부산진구,2025-02-14,35.173635,129.074432
0003111,최지민,F,1979-07-04,서울,송파구,2025-02-14,37.528144,127.11822
0003112,김시우,F,1977-05-27,서울,마포구,2025-02-14,37.582523,126.912364
0003113,송지호,M,1999-01-16,서울,송파구,2025-02-14,37.527211,127.114209
0003114,신현석,F,1997-10-03,서울,마포구,2025-02-14,37.582523,126.912364
0003115,신영희,M,1993-11-10,부산,부산진구,2025-02-15,35.164516,129.05897
0003116,정철수,M,2003-11-10,서울,마포구,2025-02-15,37.563645,126.908126
0003117,황도윤,M,1965-08-15,서울,마포구,2025-02-15,37.579231,126.921633
0003118,전지우,F,1988-01-16,광주,북구,2025-02-15,35.158612,126.907869
0003119,정민준,F,1979-06-29,부산,부산진구,2025-02-15,35.164516,129.05897
0003120,이철수,F,1995-06-22,서울,성동구,2025-02-15,37.576037,127.03348
0003121,김예준,M,1999-04-28,부산,부산진구,2025-02-15,35.156248,129.056828
0003122,장하은,M,1996-04-17,대전,유성구,2025-02-15,36.35391,127.351198
0003123,정건우,M,1984-06-25,서울,마포구,2025-02-15,37.57353,126.916356
0003124,강서윤,M,1971-10-30,대구,달서구,2025-02-15,35.817083,128.534496
0003125,신지우,M,1995-05-28,부산,해운대구,2025-02-16,35.176365,129.153956
0003126,오현석,F,1979-06-15,인천,연수구,2025-02-16,37.428937,126.682846
0003127,송민준,M,1998-12-23,울산,울주군,2025-02-16,35.517505,129.248126
0003128,서현석,M,1991-05-24,대전,대덕구,2025-02-16,36.378921,127.443177
0003129,강민서,M,1982-01-28,부산,부산진구,2025-02-17,35.156248,129.056828
0003130,신지민,M,1982-06-27,인천,서구,2025-02-17,37.541082,126.676058
0003131,김지우,M,1967-08-17,인천,계양구,2025-02-17,37.544605,126.734891
0003132,박영희,F,1983-12-11,대전,대덕구,2025-02-17,36.355969,127.447839
0003133,전수진,F,1975-09-29,서울,성동구,2025-02-17,37.576037,127.03348
0003134,강시우,F,1991-11-10,부산,부산진구,2025-02-17,35.157608,129.051143
0003135,송지유,F,1986-01-12,서울,성동구,2025-02-17,37.56004,127.06894
0003136,이영희,M,1986-08-10,서울,강남구,2025-02-18,37.507388,127.043409
0003137,강지훈,F,1977-08-18,부산,남구,2025-02-18,35.13827,129.08179
0003138,강서현,F,1998-03-31,서울,강남구,2025-02-18,37.507388,127.043409
0003139,조윤서,F,1987-12-12,인천,남동구,2025-02-18,37.452294,126.729161
0003140,한윤서,F,2000-07-16,서울,성동구,2025-02-19,37.577737,127.017251
0003141,이지성,F,1999-08-19,광주,동구,2025-02-19,35.148286,126.932418
0003142,송민서,F,1988-01-15,인천,남동구,2025-02-19,37.431258,126.73738
0003143,신지성,M,2004-01-21,서울,강남구,2025-02-19,37.494624,127.018984
0003144,서수진,F,2001-11-08,광주,북구,2025-02-20,35.18152,126.926067
0003145,정동현,F,1997-12-13,서울,강남구,2025-02-20,37.489466,127.022467
0003146,송민준,F,1994-05-30,서울,마포구,2025-02-20,37.555331,126.907948
0003147,신지훈,F,1966-08-20,인천,부평구,2025-02-20,37.507528,126.716538
0003148,서하은,F,1998-11-01,부산,부산진구,2025-02-21,35.153548,129.048878
0003149,송서현,F,1980-03-07,인천,부평구,2025-02-21,37.507528,126.716538
0003150,황지민,M,1982-03-16,서울,송파구,2025-02-21,37.51955,127.115158
0003151,송서현,F,1976-03-31,인천,연수구,2025-02-21,37.400091,126.683625
0003152,신지성,F,1994-08-04,서울,서초구,2025-02-22,37.484243,127.021823
0003153,권민준,M,1974-03-25,서울,마포구,2025-02-22,37.579329,126.904005
0003154,황지성,M,1978-08-27,인천,남동구,2025-02-22,37.431258,126.73738
0003155,전민준,F,1977-02-24,인천,부평구,2025-02-23,37.507528,126.716538
0003156,권지우,F,1972-10-23,인천,부평구,2025-02-23,37.507528,126.716538
0003157,신수진,M,1998-06-29,서울,송파구,2025-02-24,37.51955,127.115158
0003158,조수현,F,1983-01-26,서울,마포구,2025-02-24,37.579329,126.904005
0003159,최서연,F,1978-04-29,부산,부산진구,2025-02-24,35.165841,129.062262
0003160,김서준,M,2003-03-14,서울,마포구,2025-02-25,37.569019,126.91137
0003161,장지유,M,1986-05-30,서울,송파구,2025-02-25,37.510372,127.112456
0003162,정지호,M,1999-01-25,울산,울주군,2025-02-25,35.517505,129.248126
0003163,신건우,F,1990-03-27,서울,송파구,2025-02-25,37.526044,127.101726
0003164,송수현,M,1993-10-01,서울,서초구,2025-02-25,37.484243,127.021823
0003165,안지훈,M,1985-08-20,부산,부산진구,2025-02-25,35.156248,129.056828
0003166,장서현,M,1988-08-25,부산,동래구,2025-02-25,35.202857,129.076308
0003167,조지민,F,1974-11-11,서울,송파구,2025-02-25,37.50325,127.119319
0003168,임수현,M,1991-09-29,인천,서구,2025-02-25,37.541082,126.676058
0003169,신수진,M,1996-11-27,서울,마포구,2025-02-25,37.579329,126.904005
0003170,안현석,M,1972-11-10,인천,부평구,2025-02-26,37.507528,126.716538
0003171,안건우,F,2001-02-01,울산,동구,2025-02-26,35.516205,129.425624
0003172,한지호,M,2002-03-26,인천,계양구,2025-02-26,37.544605,126.734891
0003173,황현석,M,1970-04-01,서울,성동구,2025-02-26,37.558694,127.046971
0003174,한지우,F,1985-08-26,부산,부산진구,2025-02-26,35.153548,129.048878
0003175,김서연,F,1993-02-05,서울,서초구,2025-02-26,37.478985,127.033267
0003176,박수진,F,2000-04-28,울산,동구,2025-02-26,35.492899,129.423847
0003177,정지민,F,1976-06-11,인천,남동구,2025-02-26,37.452294,126.729161
0003178,송건우,M,1975-01-24,서울,마포구,2025-02-27,37.579231,126.921633
0003179,황지성,F,1971-12-22,서울,강남구,2025-02-27,37.507388,127.043409
0003180,최하윤,M,1974-09-18,인천,부평구,2025-02-27,37.507528,126.716538
0003181,임수현,M,1979-08-27,대전,중구,2025-02-27,36.319807,127.434568
0003182,전서현,F,1995-05-26,서울,송파구,2025-02-27,37.50325,127.119319
0003183,최동현,F,1999-12-04,울산,남구,2025-02-27,35.545241,129.330526
0003184,오하은,M,1970-04-02,서울,강남구,2025-02-27,37.507388,127.043409
0003185,한시우,F,2001-09-28,대전,대덕구,2025-02-27,36.378921,127.443177
0003186,서서준,M,1988-06-23,서울,마포구,2025-02-27,37.563645,126.908126
0003187,윤민준,F,1980-05-20,서울,송파구,2025-02-27,37.510372,127.112456
0003188,최수현,F,1979-08-29,서울,서초구,2025-02-28,37.485348,127.020431
0003189,송도윤,F,1981-08-30,인천,남동구,2025-02-28,37.452294,126.729161
0003190,전하윤,F,1987-08-31,서울,송파구,2025-02-28,37.5014,127.135937
0003191,장서윤,F,1972-09-26,울산,동구,2025-02-28,35.516205,129.425624
0003192,조동현,M,1993-07-08,대전,서구,2025-02-28,36.355481,127.361029
0003193,임예준,M,1971-02-14,서울,성동구,2025-02-28,37.576037,127.03348
0003194,홍영희,M,1997-07-01,대전,유성구,2025-02-28,36.35391,127.351198
0003195,안수진,M,1984-04-04,서울,강남구,2025-02-28,37.485809,127.043491
0003196,황지유,F,1971-05-29,부산,부산진구,2025-02-28,35.156248,129.056828
0003197,신서준,F,1976-10-28,대전,대덕구,2025-02-28,36.378921,127.443177
0003198,윤서현,M,2000-03-31,인천,남동구,2025-02-28,37.452294,126.729161
0003199,전철수,F,1974-03-09,서울,서초구,2025-02-28,37.48525,127.024041
0003200,권하은,M,2002-11-15,서울,성동구,2025-02-28,37.551464,127.03869
0003201,정지원,M,1973-08-11,서울,마포구,2025-03-01,37.562295,126.898744
0003202,권하윤,F,1971-03-23,대구,수성구,2025-03-01,35.866721,128.649568
0003203,한하은,F,1973-09-01,서울,강남구,2025-03-01,37.494624,127.018984
0003204,오서윤,M,2000-10-10,울산,동구,2025-03-01,35.492899,129.423847
0003205,이서연,M,1975-09-17,울산,중구,2025-03-01,35.578704,129.328588
0003206,박서윤,F,2004-09-25,서울,서초구,2025-03-01,37.485348,127.020431
0003207,조민서,F,1978-04-15,서울,송파구,2025-03-01,37.516641,127.094043
0003208,정수진,F,1974-11-10,부산,수영구,2025-03-01,35.154477,129.111701
0003209,전현우,F,1983-06-06,서울,마포구,2025-03-02,37.569019,126.91137
0003210,오지민,M,1976-08-28,광주,북구,2025-03-02,35.18152,126.926067
0003211,박승민,M,1986-07-16,서울,서초구,2025-03-02,37.483618,127.040159
0003212,윤하윤,M,2003-07-07,인천,남동구,2025-03-03,37.452294,126.729161
0003213,이하윤,M,1992-09-21,대전,중구,2025-03-03,36.319807,127.434568
0003214,홍철수,F,2001-03-27,부산,부산진구,2025-03-03,35.148214,129.054903
0003215,김지유,M,1977-02-03,서울,마포구,2025-03-03,37.562295,126.898744
0003216,신지호,F,1983-09-04,서울,송파구,2025-03-04,37.51731,127.100273
0003217,황민서,M,1993-01-24,대구,북구,2025-03-04,35.898802,128.615833
0003218,송예준,F,1988-05-12,서울,서초구,2025-03-04,37.485348,127.020431
0003219,윤주원,M,1978-01-29,서울,서초구,2025-03-05,37.492387,127.030204
0003220,홍서현,F,1994-09-12,서울,성동구,2025-03-05,37.576037,127.03348
0003221,황하윤,F,1993-04-11,서울,마포구,2025-03-06,37.57353,126.916356
0003222,전서윤,F,1981-09-06,부산,부산진구,2025-03-06,35.164516,129.05897
0003223,장민서,M,1979-11-11,부산,동래구,2025-03-06,35.218634,129.091488
0003224,장하준,M,1980-09-06,인천,연수구,2025-03-06,37.400091,126.683625
0003225,안지원,M,1970-06-19,부산,부산진구,2025-03-06,35.165841,129.062262
0003226,윤시우,M,1996-07-26,대구,수성구,2025-03-06,35.866721,128.649568
0003227,권민서,M,1979-07-20,부산,부산진구,2025-03-06,35.157608,129.051143
0003228,김시우,F,2003-07-18,부산,해운대구,2025-03-06,35.163322,129.159222
0003229,정서연,F,1972-03-14,광주,북구,2025-03-06,35.162623,126.925196
0003230,이하준,M,1985-05-21,서울,성동구,2025-03-07,37.551464,127.03869
0003231,장승민,F,1982-04-01,서울,송파구,2025-03-07,37.51955,127.115158
0003232,홍서연,M,1979-05-25,서울,송파구,2025-03-07,37.510372,127.112456
0003233,홍승민,F,1996-03-07,서울,성동구,2025-03-07,37.561687,127.040441
0003234,박건우,F,2000-08-05,서울,마포구,2025-03-07,37.579231,126.921633
0003235,전현우,F,2004-09-08,서울,강남구,2025-03-08,37.501172,127.032666
0003236,신현우,F,1980-11-12,서울,송파구,2025-03-09,37.516641,127.094043
0003237,오서연,F,1986-05-22,대구,달서구,2025-03-09,35.817083,128.534496
0003238,권하준,F,1983-04-20,서울,마포구,2025-03-09,37.567218,126.927162
0003239,이승민,M,1984-08-05,부산,동래구,2025-03-09,35.205918,129.063324
0003240,조지호,M,1997-06-08,서울,성동구,2025-03-09,37.551464,127.03869
0003241,장민서,F,2003-01-04,부산,남구,2025-03-09,35.120493,129.085186
0003242,안승민,M,1971-09-21,서울,성동구,2025-03-09,37.56004,127.06894
0003243,홍지우,F,1994-07-17,서울,송파구,2025-03-10,37.50325,127.119319
0003244,이민서,M,1973-03-27,부산,부산진구,2025-03-10,35.173635,129.074432
0003245,박수현,M,1998-06-30,부산,남구,2025-03-10,35.120493,129.085186
0003246,윤철수,F,1970-05-24,대전,대덕구,2025-03-10,36.355969,127.447839
0003247,정지성,F,1984-07-14,서울,송파구,2025-03-10,37.51731,127.100273
0003248,박수진,M,1997-12-26,대전,유성구,2025-03-11,36.35391,127.351198
0003249,장하윤,M,1991-08-03,서울,강남구,2025-03-11,37.506762,127.025263
0003250,조수현,F,1995-10-05,서울,서초구,2025-03-11,37.492387,127.030204
0003251,서현석,M,1992-12-13,부산,부산진구,2025-03-11,35.156248,129.056828
0003252,이윤서,M,1982-09-11,서울,강남구,2025-03-11,37.506762,127.025263
0003253,권승민,M,1984-01-11,부산,동래구,2025-03-11,35.202857,129.076308
0003254,윤지성,F,1981-05-12,광주,북구,2025-03-11,35.18152,126.926067
0003255,윤수진,M,1990-03-03,서울,마포구,2025-03-11,37.579329,126.904005
0003256,홍건우,M,1988-01-31,광주,북구,2025-03-12,35.158612,126.907869
0003257,임하윤,M,1991-08-27,서울,성동구,2025-03-12,37.558694,127.046971
0003258,윤도윤,F,2001-10-20,울산,동구,2025-03-12,35.516205,129.425624
0003259,윤영희,M,1999-04-21,광주,동구,2025-03-12,35.148286,126.932418
0003260,한지훈,M,1996-06-22,서울,서초구,2025-03-12,37.484243,127.021823
0003261,서지민,M,1995-01-14,부산,부산진구,2025-03-13,35.164516,129.05897
0003262,권지우,F,2005-01-03,서울,서초구,2025-03-13,37.48525,127.024041
0003263,신승민,F,2000-06-03,서울,송파구,2025-03-14,37.527211,127.114209
0003264,한도윤,M,1993-03-24,울산,동구,2025-03-14,35.492899,129.423847
0003265,김지민,F,1993-04-26,서울,성동구,2025-03-14,37.576037,127.03348
0003266,장승민,M,1984-07-30,대전,서구,2025-03-14,36.355481,127.361029
0003267,한건우,F,1990-03-20,서울,강남구,2025-03-14,37.506762,127.025263
0003268,박동현,F,2002-02-02,대구,북구,2025-03-14,35.898802,128.615833
0003269,정승민,F,1980-05-10,서울,성동구,2025-03-14,37.561687,127.040441
0003270,신하준,F,1999-03-04,울산,울주군,2025-03-15,35.517505,129.248126
0003271,이서준,M,1979-11-10,인천,계양구,2025-03-15,37.544605,126.734891
0003272,박지유,F,1971-11-28,대전,대덕구,2025-03-15,36.366109,127.434212
0003273,이승민,M,1980-10-15,부산,수영구,2025-03-15,35.154477,129.111701
0003274,김철수,F,1974-04-22,부산,부산진구,2025-03-15,35.155937,129.048964
0003275,오서준,M,1976-08-10,서울,마포구,2025-03-15,37.563645,126.908126
0003276,이주원,F,1979-11-28,부산,동래구,2025-03-16,35.202857,129.076308
0003277,전민준,F,1982-12-09,서울,송파구,2025-03-16,37.514153,127.094813
0003278,정수현,M,2004-02-24,서울,강남구,2025-03-16,37.489466,127.022467
0003279,이시우,F,2004-01-31,서울,강남구,2025-03-16,37.506762,127.025263
0003280,강지민,F,1995-09-17,광주,동구,2025-03-17,35.148286,126.932418
0003281,임하윤,M,1983-07-18,대전,대덕구,2025-03-17,36.366109,127.434212
0003282,이윤서,F,1995-04-04,인천,남동구,2025-03-17,37.452294,126.729161
0003283,전철수,F,1987-05-01,서울,마포구,2025-03-18,37.57353,126.916356
0003284,이민준,F,1973-04-03,서울,마포구,2025-03-18,37.57353,126.916356
0003285,김건우,M,1977-01-19,서울,성동구,2025-03-18,37.576037,127.03348
0003286,신수현,M,1976-03-30,서울,마포구,2025-03-19,37.563645,126.908126
0003287,김지민,M,2003-03-16,대구,북구,2025-03-19,35.898802,128.615833
0003288,조지호,F,1984-12-05,서울,송파구,2025-03-19,37.526044,127.101726
0003289,이철수,M,1974-05-22,서울,성동구,2025-03-19,37.576037,127.03348
0003290,오현석,F,1988-05-01,부산,동래구,2025-03-19,35.207187,129.078356
0003291,황하은,M,1999-03-08,서울,송파구,2025-03-19,37.516641,127.094043
0003292,오주원,F,1992-09-19,서울,강남구,2025-03-19,37.506762,127.025263
0003293,윤주원,F,1988-09-20,서울,송파구,2025-03-20,37.50325,127.119319
0003294,장영희,F,1987-05-21,서울,마포구,2025-03-20,37.579231,126.921633
0003295,전영희,F,1989-09-20,부산,해운대구,2025-03-20,35.176365,129.153956
0003296,황민준,M,1977-01-11,부산,동래구,2025-03-20,35.210645,129.083455
0003297,장수현,M,1989-09-21,울산,중구,2025-03-21,35.578704,129.328588
0003298,장하준,M,1985-09-21,부산,해운대구,2025-03-21,35.163322,129.159222
0003299,윤서연,M,1965-09-21,서울,송파구,2025-03-21,37.5014,127.135937
0003300,안서현,M,2000-07-11,광주,남구,2025-03-21,35.13845,126.940927
0003301,한도윤,M,1973-04-03,부산,수영구,2025-03-22,35.154477,129.111701
0003302,조수현,F,1985-08-25,서울,강남구,2025-03-22,37.501172,127.032666
0003303,장서현,M,1994-07-09,서울,강남구,2025-03-23,37.486781,127.030789
0003304,송민서,F,1983-02-12,부산,부산진구,2025-03-23,35.164516,129.05897
0003305,윤하윤,M,2002-04-19,대전,대덕구,2025-03-23,36.364878,127.436737
0003306,장현석,F,1985-11-16,서울,성동구,2025-03-24,37.577352,127.050323
0003307,이민준,M,1979-08-24,서울,마포구,2025-03-24,37.57353,126.916356
0003308,장서윤,F,1971-03-29,서울,송파구,2025-03-24,37.528144,127.11822
0003309,정예준,F,1974-12-14,부산,남구,2025-03-24,35.134891,129.094263
0003310,서지훈,M,2005-07-16,부산,부산진구,2025-03-25,35.164516,129.05897
0003311,임하은,M,1984-09-30,서울,마포구,2025-03-25,37.57353,126.916356
0003312,권수진,F,1978-05-17,울산,남구,2025-03-26,35.54049,129.328761
0003313,임하준,M,1998-05-19,부산,부산진구,2025-03-26,35.165841,129.062262
0003314,전철수,F,1981-12-30,울산,울주군,2025-03-26,35.517505,129.248126
0003315,안하윤,F,2000-04-19,서울,강남구,2025-03-26,37.501172,127.032666
0003316,전하준,F,1973-09-14,부산,동래구,2025-03-26,35.205918,129.063324
0003317,권지호,M,1971-11-07,서울,마포구,2025-03-27,37.582523,126.912364
0003318,황하은,F,1977-09-27,부산,동래구,2025-03-27,35.205918,129.063324
0003319,정지우,F,1994-10-01,인천,계양구,2025-03-27,37.541331,126.745466
0003320,박지민,F,1996-03-10,부산,부산진구,2025-03-27,35.164516,129.05897
0003321,송도윤,M,1987-06-03,부산,부산진구,2025-03-27,35.164516,129.05897
0003322,최시우,M,1992-07-21,광주,북구,2025-03-28,35.182325,126.899092
0003323,전민준,M,1988-12-15,인천,남동구,2025-03-28,37.450773,126.747514
0003324,김민서,F,1981-09-28,서울,마포구,2025-03-28,37.569019,126.91137
0003325,조지호,M,2003-09-06,부산,부산진구,2025-03-28,35.165841,129.062262
0003326,서서준,M,1976-12-04,대전,대덕구,2025-03-28,36.355969,127.447839
0003327,신지호,M,1973-05-18,서울,서초구,2025-03-29,37.483618,127.040159
0003328,안하은,M,1973-12-29,울산,울주군,2025-03-29,35.533543,129.241653
0003329,권지원,M,2005-10-10,부산,부산진구,2025-03-29,35.173635,129.074432
0003330,강하윤,F,2003-09-11,서울,송파구,2025-03-29,37.51955,127.115158
0003331,신현석,M,2001-09-30,서울,송파구,2025-03-30,37.528144,127.11822
0003332,권시우,M,1988-09-30,울산,남구,2025-03-30,35.545241,129.330526
0003333,임민서,M,2005-05-14,서울,마포구,2025-03-30,37.567218,126.927162
0003334,김서준,F,1975-11-27,서울,성동구,2025-03-30,37.577737,127.017251
0003335,전영희,M,1987-09-30,광주,북구,2025-03-30,35.158612,126.907869
0003336,송서준,M,1978-04-17,울산,남구,2025-03-31,35.54049,129.328761
0003337,황서윤,F,1978-10-01,울산,동구,2025-04-01,35.516205,129.425624
0003338,서수진,F,1979-04-13,서울,성동구,2025-04-01,37.577352,127.050323
0003339,송예준,F,1989-02-09,대전,유성구,2025-04-01,36.35391,127.351198
0003340,강지훈,F,1984-08-26,부산,부산진구,2025-04-01,35.153548,129.048878
0003341,한서준,F,1975-05-25,부산,수영구,2025-04-01,35.154477,129.111701
0003342,윤수현,F,1970-06-01,인천,남동구,2025-04-02,37.452294,126.729161
0003343,윤민서,F,1987-08-18,부산,남구,2025-04-02,35.134891,129.094263
0003344,송서준,M,1983-03-30,부산,동래구,2025-04-02,35.207187,129.078356
0003345,정하은,F,1987-08-14,광주,남구,2025-04-02,35.13845,126.940927
0003346,안서연,M,1989-04-01,부산,부산진구,2025-04-02,35.165841,129.062262
0003347,박지성,M,2004-09-27,서울,강남구,2025-04-02,37.507388,127.043409
0003348,윤동현,F,1999-10-20,서울,송파구,2025-04-02,37.527211,127.114209
0003349,오동현,F,1976-04-09,대구,달서구,2025-04-03,35.817083,128.534496
0003350,전현우,M,1971-10-03,부산,동래구,2025-04-03,35.202857,129.076308
0003351,한영희,M,1994-03-17,인천,부평구,2025-04-03,37.507528,126.716538
0003352,정하은,M,2005-10-11,서울,송파구,2025-04-04,37.514153,127.094813
0003353,신민서,F,1999-12-05,서울,송파구,2025-04-04,37.527211,127.114209
0003354,전서윤,F,1998-11-24,서울,강남구,2025-04-04,37.493375,127.03537
0003355,박서준,F,1988-09-04,대전,유성구,2025-04-04,36.35391,127.351198
0003356,신지민,M,1998-05-16,서울,송파구,2025-04-04,37.526044,127.101726
0003357,오서연,F,1988-03-30,부산,남구,2025-04-04,35.120493,129.085186
0003358,최건우,F,1977-04-14,서울,서초구,2025-04-05,37.484243,127.021823
0003359,황윤서,M,1994-05-24,인천,계양구,2025-04-05,37.541331,126.745466
0003360,서윤서,M,2005-10-18,부산,부산진구,2025-04-05,35.164516,129.05897
0003361,박서연,F,1998-10-31,대전,대덕구,2025-04-06,36.364878,127.436737
0003362,한하윤,M,1975-10-06,부산,부산진구,2025-04-06,35.155731,129.036082
0003363,안지유,M,1989-04-20,부산,해운대구,2025-04-06,35.163322,129.159222
0003364,김현우,M,1984-10-06,인천,남동구,2025-04-07,37.431258,126.73738
0003365,김철수,M,1992-10-06,울산,동구,2025-04-07,35.492899,129.423847
0003366,조영희,F,1974-06-13,대구,북구,2025-04-08,35.912824,128.621362
0003367,황지훈,M,1971-02-26,서울,서초구,2025-04-08,37.478985,127.033267
0003368,김건우,F,1979-12-04,부산,남구,2025-04-08,35.13827,129.08179
0003369,이수현,M,1977-05-05,인천,남동구,2025-04-08,37.450773,126.747514
0003370,박지우,M,2002-06-25,대구,달서구,2025-04-09,35.817083,128.534496
0003371,장승민,F,2001-06-09,서울,성동구,2025-04-09,37.576037,127.03348
0003372,홍현우,F,1999-11-09,서울,송파구,2025-04-09,37.51731,127.100273
0003373,장지성,M,1987-08-30,서울,서초구,2025-04-09,37.485348,127.020431
0003374,한예준,M,1988-01-03,서울,서초구,2025-04-10,37.492387,127.030204
0003375,신하윤,F,2005-11-09,울산,남구,2025-04-10,35.54049,129.328761
0003376,임현석,F,1998-06-28,대전,대덕구,2025-04-10,36.355969,127.447839
0003377,장하윤,M,1994-10-10,울산,울주군,2025-04-10,35.517505,129.248126
0003378,정지민,M,1998-10-25,인천,남동구,2025-04-11,37.450773,126.747514
0003379,윤영희,F,1999-03-30,대구,수성구,2025-04-11,35.866721,128.649568
0003380,홍영희,F,1989-09-13,광주,북구,2025-04-11,35.182325,126.899092
0003381,오서현,F,1987-10-04,인천,서구,2025-04-12,37.541082,126.676058
0003382,홍수진,F,1994-12-23,서울,강남구,2025-04-12,37.501172,127.032666
0003383,신건우,M,2003-03-27,광주,남구,2025-04-12,35.13845,126.940927
0003384,송하준,F,1970-06-18,인천,부평구,2025-04-12,37.507528,126.716538
0003385,홍주원,F,1994-11-19,대전,서구,2025-04-12,36.355481,127.361029
0003386,정서현,F,1976-09-13,부산,부산진구,2025-04-12,35.156248,129.056828
0003387,오지유,M,1981-07-18,서울,강남구,2025-04-12,37.489466,127.022467
0003388,이수현,M,1984-07-29,울산,남구,2025-04-13,35.54049,129.328761
0003389,송지민,M,1976-09-13,서울,강남구,2025-04-13,37.507388,127.043409
0003390,안민서,M,1974-07-07,인천,부평구,2025-04-13,37.507528,126.716538
0003391,황윤서,F,2001-10-31,서울,송파구,2025-04-13,37.526044,127.101726
0003392,윤지우,M,2001-12-23,서울,서초구,2025-04-14,37.478985,127.033267
0003393,황지호,F,1993-07-24,서울,송파구,2025-04-14,37.508941,127.105223
0003394,윤지호,F,1974-10-14,부산,해운대구,2025-04-14,35.163322,129.159222
0003395,박예준,F,1997-12-25,서울,강남구,2025-04-15,37.486781,127.030789
0003396,최서현,M,1991-01-06,울산,동구,2025-04-15,35.492899,129.423847
0003397,오지민,F,1983-04-17,서울,송파구,2025-04-15,37.510372,127.112456
0003398,임현석,M,2003-10-05,대전,대덕구,2025-04-15,36.378921,127.443177
0003399,장서현,M,1991-12-03,대구,동구,2025-04-15,35.889942,128.626899
0003400,조서준,M,1982-10-15,부산,동래구,2025-04-15,35.207187,129.078356
0003401,임수현,F,1979-07-02,인천,부평구,2025-04-15,37.507528,126.716538
0003402,서하은,M,1979-06-14,인천,부평구,2025-04-16,37.501582,126.711729
0003403,강시우,F,1997-04-11,부산,수영구,2025-04-16,35.154477,129.111701
0003404,서지훈,F,2000-10-11,광주,남구,2025-04-16,35.13845,126.940927
0003405,강지민,F,1981-10-28,서울,성동구,2025-04-16,37.56004,127.06894
0003406,최지훈,M,1994-11-04,서울,송파구,2025-04-16,37.510372,127.112456
0003407,황지성,M,1972-04-29,서울,마포구,2025-04-16,37.57353,126.916356
0003408,한예준,M,1978-07-11,서울,송파구,2025-04-16,37.5014,127.135937
0003409,황민준,M,1977-05-25,대구,동구,2025-04-17,35.889942,128.626899
0003410,강승민,F,1987-11-25,서울,마포구,2025-04-17,37.569019,126.91137
0003411,서건우,F,1975-07-10,울산,남구,2025-04-17,35.54049,129.328761
0003412,신서현,F,1970-11-05,광주,북구,2025-04-17,35.162623,126.925196
0003413,장하준,M,1984-02-07,부산,부산진구,2025-04-17,35.157608,129.051143
0003414,한주원,F,1970-02-12,대구,북구,2025-04-18,35.898802,128.615833
0003415,윤지훈,M,1988-05-11,부산,부산진구,2025-04-18,35.153548,129.048878
0003416,권건우,M,1988-10-18,인천,남동구,2025-04-18,37.431258,126.73738
0003417,강시우,F,2004-01-17,서울,서초구,2025-04-18,37.485348,127.020431
0003418,권도윤,F,2000-03-02,인천,남동구,2025-04-18,37.452294,126.729161
0003419,박서준,M,1987-08-26,부산,부산진구,2025-04-20,35.165841,129.062262
0003420,서지성,F,1992-10-20,서울,성동구,2025-04-20,37.56004,127.06894
0003421,전지유,M,1976-07-31,서울,성동구,2025-04-20,37.577352,127.050323
0003422,장예준,M,1998-06-22,서울,마포구,2025-04-21,37.555331,126.907948
0003423,김영희,F,1975-09-05,서울,성동구,2025-04-21,37.576037,127.03348
0003424,임민준,F,2001-08-23,울산,울주군,2025-04-21,35.533543,129.241653
0003425,황철수,F,1994-10-24,대전,대덕구,2025-04-21,36.366109,127.434212
0003426,이철수,F,2004-01-12,서울,성동구,2025-04-22,37.558694,127.046971
0003427,오지유,F,1996-05-09,대전,유성구,2025-04-22,36.35391,127.351198
0003428,황지원,F,1981-01-24,서울,송파구,2025-04-22,37.510372,127.112456
0003429,안예준,F,1982-10-09,서울,송파구,2025-04-23,37.516641,127.094043
0003430,정지유,F,1973-11-12,부산,부산진구,2025-04-23,35.157608,129.051143
0003431,홍도윤,M,1987-01-09,부산,동래구,2025-04-23,35.218634,129.091488
0003432,조도윤,F,1972-01-01,인천,남동구,2025-04-23,37.452294,126.729161
0003433,강지유,F,1980-03-16,대구,동구,2025-04-23,35.889942,128.626899
0003434,이현석,F,1993-05-16,서울,서초구,2025-04-24,37.492387,127.030204
0003435,안지원,M,1978-09-07,광주,동구,2025-04-24,35.148286,126.932418
0003436,임철수,F,1977-08-04,울산,울주군,2025-04-24,35.533543,129.241653
0003437,송서현,M,1995-02-02,부산,부산진구,2025-04-24,35.164516,129.05897
0003438,권지원,M,1991-03-31,서울,성동구,2025-04-24,37.577737,127.017251
0003439,오하은,M,1994-09-26,광주,동구,2025-04-24,35.148286,126.932418
0003440,임수진,F,1997-12-14,부산,부산진구,2025-04-24,35.173635,129.074432
0003441,강현우,M,1994-07-17,서울,서초구,2025-04-25,37.477597,127.042074
0003442,오영희,F,1976-11-10,울산,남구,2025-04-25,35.54049,129.328761
0003443,신수진,F,1989-05-21,울산,남구,2025-04-25,35.545241,129.330526
0003444,송지호,F,1992-07-17,서울,송파구,2025-04-26,37.50325,127.119319
0003445,윤현우,F,1993-05-19,광주,북구,2025-04-26,35.162623,126.925196
0003446,최지호,M,1977-04-19,서울,마포구,2025-04-27,37.579329,126.904005
0003447,서하윤,F,1995-10-27,광주,북구,2025-04-27,35.182325,126.899092
0003448,임하은,F,2002-07-03,인천,연수구,2025-04-27,37.400091,126.683625
0003449,조민서,M,1987-02-13,서울,성동구,2025-04-27,37.56004,127.06894
0003450,정하은,M,1979-10-27,울산,울주군,2025-04-27,35.517505,129.248126
0003451,전지민,F,1987-03-18,서울,성동구,2025-04-27,37.577737,127.017251
0003452,서지성,F,2005-04-29,서울,서초구,2025-04-27,37.477597,127.042074
0003453,장하윤,M,1994-06-01,서울,마포구,2025-04-27,37.563645,126.908126
0003454,서철수,M,1975-03-07,인천,남동구,2025-04-28,37.452294,126.729161
0003455,박건우,M,1988-01-08,광주,동구,2025-04-28,35.148286,126.932418
0003456,박예준,F,1985-07-16,서울,서초구,2025-04-28,37.48525,127.024041
0003457,박지민,M,1986-07-31,서울,송파구,2025-04-28,37.5014,127.135937
0003458,황서윤,M,1973-02-04,부산,수영구,2025-04-28,35.154477,129.111701
0003459,조수진,F,1992-08-23,서울,송파구,2025-04-28,37.514153,127.094813
0003460,김도윤,M,1974-05-26,부산,동래구,2025-04-28,35.207187,129.078356
0003461,박민서,F,1998-10-28,서울,성동구,2025-04-28,37.561687,127.040441
0003462,임현석,M,2002-04-30,서울,성동구,2025-04-29,37.577352,127.050323
0003463,윤지유,F,1972-02-12,부산,해운대구,2025-04-29,35.163322,129.159222
0003464,권하윤,M,1988-01-08,인천,연수구,2025-04-29,37.400091,126.683625
0003465,박승민,M,1987-02-25,서울,마포구,2025-04-29,37.582523,126.912364
0003466,홍민준,F,1971-09-09,인천,부평구,2025-04-29,37.507528,126.716538
0003467,안현석,F,1998-10-31,대구,수성구,2025-04-29,35.866721,128.649568
0003468,임철수,M,1965-10-29,대전,유성구,2025-04-29,36.35391,127.351198
0003469,신현우,M,2004-10-31,서울,성동구,2025-04-30,37.558694,127.046971
0003470,권수진,M,2001-10-30,서울,성동구,2025-04-30,37.551464,127.03869
0003471,홍지유,F,1986-09-10,서울,송파구,2025-04-30,37.516641,127.094043
0003472,서철수,F,1975-05-17,대전,서구,2025-04-30,36.355481,127.361029
0003473,윤승민,F,2000-09-13,서울,마포구,2025-05-01,37.563645,126.908126
0003474,한지유,M,1976-12-25,인천,남동구,2025-05-01,37.452294,126.729161
0003475,장영희,M,1991-07-10,서울,서초구,2025-05-01,37.484243,127.021823
0003476,전지유,M,1971-08-14,서울,성동구,2025-05-01,37.577352,127.050323
0003477,장철수,F,1999-06-16,광주,북구,2025-05-01,35.158612,126.907869
0003478,윤현우,M,1983-11-02,대전,유성구,2025-05-02,36.35391,127.351198
0003479,박예준,M,1971-11-02,부산,남구,2025-05-02,35.120493,129.085186
0003480,권예준,F,1977-11-25,부산,동래구,2025-05-02,35.205918,129.063324
0003481,윤철수,M,2003-03-11,울산,동구,2025-05-02,35.516205,129.425624
0003482,조하윤,M,2004-01-29,서울,송파구,2025-05-02,37.51955,127.115158
0003483,오지성,M,1973-01-29,인천,남동구,2025-05-02,37.452294,126.729161
0003484,권하준,M,1970-11-11,서울,성동구,2025-05-03,37.576037,127.03348
0003485,신서윤,M,1995-07-03,서울,서초구,2025-05-03,37.485348,127.020431
0003486,서윤서,M,1971-07-13,부산,부산진구,2025-05-03,35.155937,129.048964
0003487,강지원,M,2004-06-13,서울,송파구,2025-05-03,37.514153,127.094813
0003488,권동현,F,1987-11-19,인천,계양구,2025-05-04,37.544605,126.734891
0003489,전지성,F,1989-08-21,부산,동래구,2025-05-04,35.210645,129.083455
0003490,정지훈,M,1993-01-20,서울,강남구,2025-05-04,37.507388,127.043409
0003491,황현석,F,1992-08-22,대구,북구,2025-05-04,35.898802,128.615833
0003492,임서준,M,1984-03-28,인천,남동구,2025-05-04,37.450773,126.747514
0003493,이서준,F,1982-08-18,부산,부산진구,2025-05-05,35.157608,129.051143
0003494,권서준,M,2003-06-19,서울,성동구,2025-05-05,37.576037,127.03348
0003495,장지훈,M,1989-03-05,서울,성동구,2025-05-05,37.56004,127.06894
0003496,조지호,F,1997-07-17,부산,부산진구,2025-05-05,35.148214,129.054903
0003497,장지호,M,1973-04-16,부산,부산진구,2025-05-06,35.157608,129.051143
0003498,전도윤,F,1976-10-26,서울,성동구,2025-05-06,37.576037,127.03348
0003499,김주원,M,2004-05-02,대전,대덕구,2025-05-06,36.366109,127.434212
0003500,임민서,M,1989-04-03,서울,송파구,2025-05-07,37.516641,127.094043
0003501,홍철수,M,1975-04-14,대구,달서구,2025-05-07,35.817083,128.534496
0003502,강지호,M,1986-05-06,서울,송파구,2025-05-07,37.528144,127.11822
0003503,윤지유,M,2002-04-19,서울,서초구,2025-05-08,37.48525,127.024041
0003504,신서현,M,1994-02-03,서울,서초구,2025-05-08,37.477597,127.042074
0003505,홍현우,M,1971-11-08,서울,마포구,2025-05-08,37.57353,126.916356
0003506,윤지민,M,1979-05-15,서울,성동구,2025-05-08,37.577352,127.050323
0003507,안하준,F,2002-08-01,서울,성동구,2025-05-09,37.558694,127.046971
0003508,박영희,F,2005-09-11,광주,북구,2025-05-10,35.158612,126.907869
0003509,신승민,F,1997-05-02,광주,북구,2025-05-10,35.162623,126.925196
0003510,김지유,F,2003-05-01,인천,남동구,2025-05-11,37.450773,126.747514
0003511,오지호,M,1998-10-09,부산,부산진구,2025-05-11,35.165841,129.062262
0003512,박지유,F,1998-05-26,인천,부평구,2025-05-11,37.507528,126.716538
0003513,장현석,F,1990-10-07,서울,송파구,2025-05-11,37.51955,127.115158
0003514,장서윤,M,2002-04-19,인천,계양구,2025-05-12,37.541331,126.745466
0003515,안승민,F,2003-12-28,대구,수성구,2025-05-12,35.866721,128.649568
0003516,박하윤,M,1987-11-12,대구,수성구,2025-05-12,35.866721,128.649568
0003517,박수진,F,1984-04-11,대전,대덕구,2025-05-12,36.366109,127.434212
0003518,안지우,F,1974-12-31,서울,마포구,2025-05-12,37.579231,126.921633
0003519,윤수진,F,1985-12-22,서울,성동구,2025-05-12,37.558694,127.046971
0003520,황동현,M,1982-07-12,서울,송파구,2025-05-12,37.51731,127.100273
0003521,강도윤,F,1977-11-13,대전,중구,2025-05-13,36.338939,127.448992
0003522,강지원,F,1981-11-13,대전,대덕구,2025-05-13,36.364878,127.436737
0003523,조윤서,F,1979-07-05,인천,부평구,2025-05-13,37.501582,126.711729
0003524,한서현,M,1990-10-21,서울,성동구,2025-05-13,37.577737,127.017251
0003525,안현우,F,2004-07-21,서울,서초구,2025-05-13,37.484243,127.021823
0003526,박건우,M,1984-02-24,울산,동구,2025-05-14,35.516205,129.425624
0003527,박하윤,M,2000-07-14,대구,동구,2025-05-14,35.889942,128.626899
0003528,오현석,M,1992-03-08,인천,서구,2025-05-15,37.541082,126.676058
0003529,강서윤,M,1980-03-05,서울,성동구,2025-05-15,37.561687,127.040441
0003530,임하은,M,1990-08-27,부산,동래구,2025-05-15,35.202857,129.076308
0003531,한서현,F,1976-08-09,서울,송파구,2025-05-15,37.51955,127.115158
0003532,한서연,F,1971-05-18,서울,마포구,2025-05-15,37.563645,126.908126
0003533,이건우,M,2002-06-01,서울,마포구,2025-05-16,37.57353,126.916356
0003534,강서준,M,2004-09-28,부산,해운대구,2025-05-16,35.176365,129.153956
0003535,김수진,F,1983-07-28,부산,동래구,2025-05-16,35.218634,129.091488
0003536,임지유,M,1990-05-27,부산,해운대구,2025-05-16,35.176365,129.153956
0003537,최예준,M,1981-06-13,인천,계양구,2025-05-16,37.541331,126.745466
0003538,임수현,F,1974-04-17,부산,부산진구,2025-05-17,35.155731,129.036082
0003539,오영희,F,1987-12-05,광주,북구,2025-05-17,35.182325,126.899092
0003540,정지훈,F,1997-08-16,서울,강남구,2025-05-17,37.506762,127.025263
0003541,오주원,M,1989-06-01,부산,부산진구,2025-05-17,35.155731,129.036082
0003542,정지민,M,1996-10-28,서울,서초구,2025-05-17,37.478985,127.033267
0003543,권서준,M,1980-03-23,서울,강남구,2025-05-17,37.506762,127.025263
0003544,최민서,F,1989-11-17,인천,계양구,2025-05-17,37.541331,126.745466
0003545,조수현,M,1975-05-06,부산,동래구,2025-05-18,35.202857,129.076308
0003546,한건우,M,1970-11-25,서울,마포구,2025-05-18,37.555331,126.907948
0003547,김하준,M,1979-08-13,서울,강남구,2025-05-18,37.494624,127.018984
0003548,오철수,F,1994-05-12,부산,동래구,2025-05-18,35.205918,129.063324
0003549,강지유,F,2002-06-23,부산,해운대구,2025-05-18,35.163322,129.159222
0003550,한시우,F,2002-07-06,서울,강남구,2025-05-18,37.489466,127.022467
0003551,서지원,F,1977-01-30,서울,송파구,2025-05-19,37.51731,127.100273
0003552,전건우,F,2000-01-11,서울,서초구,2025-05-19,37.492387,127.030204
0003553,임지유,F,1987-05-09,대구,동구,2025-05-19,35.889942,128.626899
0003554,임현우,F,1994-07-31,부산,부산진구,2025-05-19,35.155731,129.036082
0003555,이동현,M,1994-02-11,울산,중구,2025-05-20,35.578704,129.328588
0003556,강예준,F,1972-03-11,인천,연수구,2025-05-20,37.428937,126.682846
0003557,윤서윤,F,1979-11-20,서울,강남구,2025-05-20,37.501172,127.032666
0003558,조민준,F,1975-11-08,대전,대덕구,2025-05-20,36.378921,127.443177
0003559,전시우,M,1982-02-05,인천,남동구,2025-05-21,37.431258,126.73738
0003560,송동현,M,1971-07-30,서울,송파구,2025-05-22,37.528144,127.11822
0003561,정서윤,M,2002-01-31,대구,북구,2025-05-22,35.898802,128.615833
0003562,오민준,F,2002-03-21,부산,남구,2025-05-23,35.134891,129.094263
0003563,최동현,M,1976-12-29,인천,남동구,2025-05-23,37.450773,126.747514
0003564,임건우,M,1990-11-28,서울,송파구,2025-05-24,37.526044,127.101726
0003565,윤하준,F,2003-10-26,부산,남구,2025-05-24,35.134891,129.094263
0003566,윤서현,F,1979-10-12,부산,해운대구,2025-05-24,35.176365,129.153956
0003567,신윤서,M,1981-06-09,울산,동구,2025-05-25,35.492899,129.423847
0003568,정민준,F,2003-04-06,인천,서구,2025-05-25,37.541082,126.676058
0003569,박주원,M,1991-08-26,서울,송파구,2025-05-25,37.528144,127.11822
0003570,홍윤서,F,1983-04-28,서울,송파구,2025-05-26,37.526044,127.101726
0003571,이지원,M,1975-09-28,인천,부평구,2025-05-27,37.501582,126.711729
0003572,안현석,M,1980-07-21,서울,마포구,2025-05-27,37.555331,126.907948
0003573,강현석,F,2005-12-17,부산,부산진구,2025-05-27,35.165841,129.062262
0003574,이시우,F,1988-08-06,부산,부산진구,2025-05-27,35.155937,129.048964
0003575,신민준,F,1977-02-01,대전,대덕구,2025-05-27,36.355969,127.447839
0003576,강주원,F,1980-10-24,서울,송파구,2025-05-27,37.527211,127.114209
0003577,장지유,M,2002-04-28,광주,북구,2025-05-27,35.18152,126.926067
0003578,윤현석,F,1980-09-23,부산,남구,2025-05-27,35.120493,129.085186
0003579,황하윤,M,1967-11-27,대구,중구,2025-05-27,35.87333,128.618027
0003580,오동현,F,1978-08-25,서울,송파구,2025-05-28,37.527211,127.114209
0003581,안도윤,M,1987-03-10,서울,성동구,2025-05-28,37.561687,127.040441
0003582,정예준,M,1991-02-21,서울,송파구,2025-05-28,37.5014,127.135937
0003583,전예준,F,1976-08-08,대전,서구,2025-05-29,36.355481,127.361029
0003584,이민준,M,1972-10-24,서울,서초구,2025-05-29,37.485348,127.020431
0003585,이지훈,M,1983-04-11,서울,강남구,2025-05-29,37.493375,127.03537
0003586,장민서,M,1988-11-29,서울,강남구,2025-05-29,37.485809,127.043491
0003587,권지원,M,1992-02-24,서울,서초구,2025-05-30,37.48525,127.024041
0003588,신수현,F,1985-01-11,울산,남구,2025-05-30,35.54049,129.328761
0003589,전하윤,F,1991-11-30,대전,중구,2025-05-30,36.319807,127.434568
0003590,윤수현,F,1989-10-16,서울,강남구,2025-05-30,37.494624,127.018984
0003591,김지민,F,1995-11-30,서울,성동구,2025-05-31,37.551464,127.03869
0003592,임민준,M,1979-06-24,서울,마포구,2025-05-31,37.562295,126.898744
0003593,이철수,M,1992-04-26,광주,북구,2025-06-01,35.18152,126.926067
0003594,송수진,M,1997-08-28,울산,동구,2025-06-01,35.516205,129.425624
0003595,윤현우,F,2002-03-08,서울,서초구,2025-06-01,37.48525,127.024041
0003596,황수현,M,1979-10-02,서울,강남구,2025-06-01,37.501172,127.032666
0003597,오지원,M,2004-12-01,서울,서초구,2025-06-01,37.48525,127.024041
0003598,권주원,F,1973-05-28,부산,부산진구,2025-06-01,35.155731,129.036082
0003599,이하준,F,1999-02-06,서울,마포구,2025-06-02,37.569019,126.91137
0003600,홍지우,F,1999-12-02,대전,대덕구,2025-06-02,36.378921,127.443177
0003601,임지우,M,1987-09-01,광주,북구,2025-06-02,35.18152,126.926067
0003602,권민서,M,1974-12-13,부산,부산진구,2025-06-02,35.157608,129.051143
0003603,조민준,F,2001-01-09,서울,송파구,2025-06-03,37.50325,127.119319
0003604,윤지민,M,1985-06-23,서울,서초구,2025-06-03,37.484243,127.021823
0003605,황지민,M,1992-12-03,서울,송파구,2025-06-03,37.50325,127.119319
0003606,서지우,F,1995-11-26,부산,부산진구,2025-06-03,35.165841,129.062262
0003607,송동현,F,1989-12-21,서울,마포구,2025-06-04,37.579329,126.904005
0003608,강하준,F,1980-04-29,부산,수영구,2025-06-04,35.154477,129.111701
0003609,윤민준,F,1978-12-08,부산,부산진구,2025-06-04,35.165841,129.062262
0003610,임지원,F,1970-01-21,서울,강남구,2025-06-04,37.507388,127.043409
0003611,전시우,M,1973-12-13,대구,수성구,2025-06-04,35.866721,128.649568
0003612,신지유,M,2005-02-21,대전,대덕구,2025-06-04,36.364878,127.436737
0003613,오예준,M,1976-09-28,대전,중구,2025-06-04,36.338939,127.448992
0003614,전영희,M,1970-08-20,부산,동래구,2025-06-05,35.207187,129.078356
0003615,이시우,M,1973-10-10,서울,강남구,2025-06-06,37.501172,127.032666
0003616,권윤서,M,1997-06-26,부산,해운대구,2025-06-06,35.163322,129.159222
0003617,송지민,M,1983-05-27,서울,강남구,2025-06-06,37.507388,127.043409
0003618,장서연,M,2000-12-09,부산,부산진구,2025-06-07,35.173635,129.074432
0003619,임현우,M,1982-07-03,서울,송파구,2025-06-07,37.527211,127.114209
0003620,홍도윤,F,2005-05-29,부산,부산진구,2025-06-07,35.156248,129.056828
0003621,송서현,M,1974-01-25,서울,서초구,2025-06-07,37.477597,127.042074
0003622,오민준,F,1986-12-06,부산,남구,2025-06-07,35.120493,129.085186
0003623,이지민,M,1978-08-07,부산,부산진구,2025-06-07,35.173635,129.074432
0003624,이수진,M,1990-08-17,부산,남구,2025-06-08,35.120493,129.085186
0003625,안수현,F,1970-10-30,서울,송파구,2025-06-08,37.510372,127.112456
0003626,서지민,F,1991-03-26,부산,부산진구,2025-06-08,35.155731,129.036082
0003627,윤서윤,F,2002-01-29,부산,남구,2025-06-08,35.13827,129.08179
0003628,윤지유,M,1981-08-23,대구,북구,2025-06-09,35.898802,128.615833
0003629,신동현,F,1988-10-12,대전,대덕구,2025-06-09,36.366109,127.434212
0003630,송서준,F,1988-11-21,부산,부산진구,2025-06-09,35.164516,129.05897
0003631,전지유,F,1995-12-08,부산,부산진구,2025-06-09,35.165841,129.062262
0003632,홍동현,M,2005-03-09,부산,남구,2025-06-09,35.134891,129.094263
0003633,김지원,F,1987-10-18,서울,마포구,2025-06-10,37.567218,126.927162
0003634,윤영희,M,1989-11-01,부산,해운대구,2025-06-10,35.176365,129.153956
0003635,조영희,F,2001-06-17,서울,송파구,2025-06-10,37.526044,127.101726
0003636,송예준,M,1998-08-27,대구,동구,2025-06-10,35.889942,128.626899
0003637,최하윤,F,1970-09-10,대구,동구,2025-06-10,35.889942,128.626899
0003638,전지유,M,1994-07-05,서울,서초구,2025-06-10,37.484243,127.021823
0003639,서건우,M,1997-02-18,서울,강남구,2025-06-10,37.493375,127.03537
0003640,윤윤서,M,2005-12-10,부산,부산진구,2025-06-10,35.148214,129.054903
0003641,최민서,F,1983-12-11,대구,동구,2025-06-11,35.889942,128.626899
0003642,조지호,F,1991-05-02,대구,달서구,2025-06-11,35.817083,128.534496
0003643,윤주원,M,2001-02-06,서울,마포구,2025-06-11,37.582523,126.912364
0003644,강서준,M,2005-07-22,서울,송파구,2025-06-11,37.508941,127.105223
0003645,오지원,M,1980-10-19,서울,송파구,2025-06-11,37.5014,127.135937
0003646,윤지원,F,1986-06-17,서울,송파구,2025-06-12,37.50325,127.119319
0003647,조지민,F,2001-10-12,서울,강남구,2025-06-12,37.507388,127.043409
0003648,서지원,M,1970-10-06,대전,대덕구,2025-06-12,36.366109,127.434212
0003649,윤영희,F,2000-12-13,서울,마포구,2025-06-13,37.555331,126.907948
0003650,윤지원,F,1965-12-13,부산,부산진구,2025-06-13,35.155731,129.036082
0003651,안지우,F,1979-03-19,서울,서초구,2025-06-14,37.478985,127.033267
0003652,오지훈,M,1976-08-21,부산,부산진구,2025-06-14,35.148214,129.054903
0003653,황서현,F,1991-02-21,울산,남구,2025-06-14,35.54049,129.328761
0003654,전수진,F,1977-04-27,인천,부평구,2025-06-14,37.501582,126.711729
0003655,서수진,F,1984-12-14,서울,서초구,2025-06-14,37.492387,127.030204
0003656,최현석,F,1965-12-14,서울,강남구,2025-06-14,37.501172,127.032666
0003657,오하윤,F,1995-04-14,대구,북구,2025-06-14,35.912824,128.621362
0003658,조서준,F,1996-08-13,인천,서구,2025-06-15,37.541082,126.676058
0003659,홍영희,M,2000-11-03,인천,계양구,2025-06-15,37.541331,126.745466
0003660,서서준,F,1988-10-31,서울,강남구,2025-06-15,37.501172,127.032666
0003661,정현석,M,1976-12-15,인천,부평구,2025-06-15,37.507528,126.716538
0003662,홍지원,M,1978-03-10,울산,남구,2025-06-16,35.54049,129.328761
0003663,전철수,M,1978-08-11,부산,부산진구,2025-06-16,35.153548,129.048878
0003664,송서윤,F,1972-07-21,서울,송파구,2025-06-16,37.51731,127.100273
0003665,장지원,M,2005-12-08,서울,마포구,2025-06-16,37.582523,126.912364
0003666,서현우,M,1990-12-27,서울,송파구,2025-06-16,37.51955,127.115158
0003667,안예준,F,1992-06-12,부산,해운대구,2025-06-16,35.176365,129.153956
0003668,김지민,F,1971-10-24,서울,송파구,2025-06-17,37.527211,127.114209
0003669,안동현,F,1990-01-08,부산,부산진구,2025-06-17,35.155937,129.048964
0003670,오지우,F,1995-10-19,부산,부산진구,2025-06-17,35.157608,129.051143
0003671,조지성,F,2003-07-07,서울,서초구,2025-06-17,37.485348,127.020431
0003672,황도윤,F,1991-03-07,서울,서초구,2025-06-17,37.478985,127.033267
0003673,송윤서,F,1979-10-15,서울,성동구,2025-06-17,37.558694,127.046971
0003674,홍지유,M,1979-06-13,부산,동래구,2025-06-18,35.210645,129.083455
0003675,장지훈,F,1987-07-22,부산,부산진구,2025-06-18,35.165841,129.062262
0003676,강철수,F,1991-04-16,서울,강남구,2025-06-18,37.507388,127.043409
0003677,홍지민,F,1989-12-10,부산,남구,2025-06-18,35.13827,129.08179
0003678,임하준,M,1980-08-26,대구,동구,2025-06-18,35.889942,128.626899
0003679,신민준,F,1988-02-15,서울,성동구,2025-06-18,37.551464,127.03869
0003680,이동현,F,1987-12-19,부산,부산진구,2025-06-19,35.165841,129.062262
0003681,최하준,F,1998-06-22,서울,송파구,2025-06-19,37.51955,127.115158
0003682,박지유,F,1999-08-13,서울,송파구,2025-06-19,37.514153,127.094813
0003683,권지훈,M,2003-05-29,서울,성동구,2025-06-19,37.567738,127.044146
0003684,송현우,M,1974-09-15,서울,서초구,2025-06-19,37.484243,127.021823
0003685,강철수,F,1998-05-10,서울,강남구,2025-06-19,37.501172,127.032666
0003686,오지원,F,1973-10-09,울산,남구,2025-06-20,35.54049,129.328761
0003687,전민준,F,1989-10-24,대구,중구,2025-06-20,35.87333,128.618027
0003688,최동현,M,1983-04-24,인천,연수구,2025-06-20,37.428937,126.682846
0003689,임도윤,F,1971-09-01,부산,남구,2025-06-20,35.120493,129.085186
0003690,박도윤,F,1972-07-01,서울,강남구,2025-06-20,37.507388,127.043409
0003691,서도윤,M,1970-09-22,서울,성동구,2025-06-21,37.558694,127.046971
0003692,임지우,M,1972-11-03,서울,서초구,2025-06-21,37.492387,127.030204
0003693,강서준,M,1982-10-31,대구,달서구,2025-06-21,35.817083,128.534496
0003694,조서준,M,1991-01-20,인천,부평구,2025-06-22,37.507528,126.716538
0003695,임지훈,F,1988-09-01,서울,성동구,2025-06-22,37.577737,127.017251
0003696,최하윤,F,1999-07-07,서울,성동구,2025-06-22,37.576037,127.03348
0003697,권서준,M,1989-12-23,대전,중구,2025-06-23,36.338939,127.448992
0003698,송서준,F,1991-06-06,인천,연수구,2025-06-23,37.428937,126.682846
0003699,장서현,F,2003-01-06,서울,강남구,2025-06-23,37.494624,127.018984
0003700,신승민,M,1984-10-14,광주,동구,2025-06-23,35.148286,126.932418
0003701,황지민,M,2002-03-22,부산,남구,2025-06-23,35.134891,129.094263
0003702,권하은,M,1983-04-10,대구,북구,2025-06-23,35.898802,128.615833
0003703,홍현석,F,2004-07-24,서울,성동구,2025-06-24,37.56004,127.06894
0003704,황수현,M,1988-10-07,부산,해운대구,2025-06-25,35.176365,129.153956
0003705,한수진,F,2001-10-16,서울,마포구,2025-06-25,37.579329,126.904005
0003706,정동현,F,1980-09-04,울산,중구,2025-06-25,35.578704,129.328588
0003707,권하은,M,1989-02-15,부산,동래구,2025-06-25,35.218634,129.091488
0003708,박서준,F,1984-08-18,인천,서구,2025-06-25,37.541082,126.676058
0003709,임지우,F,1981-05-08,부산,부산진구,2025-06-25,35.156248,129.056828
0003710,권하윤,M,1970-07-18,부산,부산진구,2025-06-25,35.165841,129.062262
0003711,최수진,M,1986-12-25,부산,부산진구,2025-06-25,35.165841,129.062262
0003712,오지민,F,1984-12-25,대구,북구,2025-06-25,35.912824,128.621362
0003713,신지호,M,1998-12-25,대전,중구,2025-06-25,36.338939,127.448992
0003714,임지민,F,1984-04-03,울산,중구,2025-06-26,35.578704,129.328588
0003715,서민준,F,1991-05-30,서울,송파구,2025-06-26,37.5014,127.135937
0003716,임주원,F,2003-12-26,서울,마포구,2025-06-26,37.563645,126.908126
0003717,황민서,M,1994-06-14,서울,강남구,2025-06-26,37.485809,127.043491
0003718,조지유,M,2002-10-29,인천,남동구,2025-06-26,37.431258,126.73738
0003719,장서준,M,1988-11-27,서울,서초구,2025-06-27,37.483618,127.040159
0003720,서시우,F,1990-11-05,서울,강남구,2025-06-27,37.507388,127.043409
0003721,오지유,F,1978-04-30,대전,중구,2025-06-27,36.338939,127.448992
0003722,박서연,F,1978-06-13,인천,연수구,2025-06-27,37.428937,126.682846
0003723,정하윤,M,1990-12-26,서울,강남구,2025-06-28,37.501172,127.032666
0003724,정수현,F,1994-07-23,서울,강남구,2025-06-28,37.494624,127.018984
0003725,홍예준,M,1984-05-19,부산,해운대구,2025-06-28,35.176365,129.153956
0003726,이승민,M,2001-04-01,인천,남동구,2025-06-28,37.452294,126.729161
0003727,최지원,M,1981-02-16,부산,수영구,2025-06-28,35.154477,129.111701
0003728,정현석,F,1989-12-29,서울,성동구,2025-06-29,37.56004,127.06894
0003729,장하준,M,1995-01-17,서울,성동구,2025-06-29,37.577737,127.017251
0003730,김동현,M,2004-12-29,인천,연수구,2025-06-29,37.400091,126.683625
0003731,황수진,M,1986-12-29,인천,부평구,2025-06-29,37.501582,126.711729
0003732,김도윤,M,1989-12-20,부산,부산진구,2025-06-30,35.155731,129.036082
0003733,전지민,F,1977-12-30,인천,연수구,2025-06-30,37.428937,126.682846
0003734,정건우,F,1980-08-21,부산,부산진구,2025-06-30,35.155731,129.036082
0003735,안도윤,F,1985-09-27,서울,송파구,2025-06-30,37.516641,127.094043
0003736,장지성,M,1994-01-19,대전,유성구,2025-06-30,36.35391,127.351198
0003737,송현우,M,1988-01-01,대구,북구,2025-07-01,35.912824,128.621362
0003738,정지민,M,1983-10-10,서울,성동구,2025-07-01,37.558694,127.046971
0003739,권건우,F,2001-12-23,부산,부산진구,2025-07-02,35.165841,129.062262
0003740,황지원,F,1984-01-02,인천,부평구,2025-07-02,37.507528,126.716538
0003741,박서현,F,1993-01-02,부산,부산진구,2025-07-02,35.173635,129.074432
0003742,송승민,M,1981-01-02,광주,북구,2025-07-02,35.182325,126.899092
0003743,정영희,F,2002-11-08,서울,마포구,2025-07-03,37.579329,126.904005
0003744,권하준,F,1999-01-03,인천,연수구,2025-07-03,37.428937,126.682846
0003745,정하윤,F,1998-03-27,서울,성동구,2025-07-03,37.551464,127.03869
0003746,오동현,M,2002-03-24,서울,강남구,2025-07-03,37.506762,127.025263
0003747,송도윤,M,1975-04-15,대구,북구,2025-07-04,35.898802,128.615833
0003748,조지성,M,1987-10-17,서울,마포구,2025-07-04,37.579329,126.904005
0003749,김지성,F,1976-01-04,부산,부산진구,2025-07-04,35.164516,129.05897
0003750,오승민,M,1983-01-04,부산,동래구,2025-07-04,35.202857,129.076308
0003751,이현석,F,1995-08-20,서울,성동구,2025-07-05,37.576037,127.03348
0003752,장지성,F,1975-11-22,인천,남동구,2025-07-05,37.431258,126.73738
0003753,최주원,M,1992-10-10,울산,동구,2025-07-05,35.516205,129.425624
0003754,송승민,F,1987-07-01,서울,강남구,2025-07-05,37.489466,127.022467
0003755,홍도윤,M,1975-01-06,대전,중구,2025-07-06,36.338939,127.448992
0003756,임서현,M,1972-05-21,서울,서초구,2025-07-06,37.477597,127.042074
0003757,전지원,M,1998-06-04,서울,강남구,2025-07-06,37.489466,127.022467
0003758,박하은,F,1982-01-19,광주,북구,2025-07-06,35.182325,126.899092
0003759,황건우,F,1979-09-29,인천,연수구,2025-07-06,37.400091,126.683625
0003760,한지유,F,1970-10-28,서울,송파구,2025-07-06,37.5014,127.135937
0003761,한서연,F,1984-06-19,부산,남구,2025-07-07,35.13827,129.08179
0003762,김지민,F,2001-08-31,인천,부평구,2025-07-07,37.507528,126.716538
0003763,조지훈,M,1983-03-30,광주,동구,2025-07-07,35.148286,126.932418
0003764,박현석,F,1999-01-07,서울,성동구,2025-07-07,37.561687,127.040441
0003765,서지민,F,1983-01-28,서울,송파구,2025-07-07,37.526044,127.101726
0003766,황서연,F,1986-01-07,울산,울주군,2025-07-07,35.517505,129.248126
0003767,전하준,F,1989-11-18,울산,울주군,2025-07-07,35.533543,129.241653
0003768,안서연,M,2005-06-10,부산,동래구,2025-07-08,35.205918,129.063324
0003769,조예준,F,1988-12-08,부산,부산진구,2025-07-08,35.155731,129.036082
0003770,오철수,F,1978-03-25,부산,부산진구,2025-07-08,35.164516,129.05897
0003771,김현우,F,1985-01-09,부산,동래구,2025-07-09,35.202857,129.076308
0003772,강서현,F,1990-01-09,서울,마포구,2025-07-09,37.555331,126.907948
0003773,최도윤,F,1987-01-09,서울,성동구,2025-07-09,37.577737,127.017251
0003774,홍하준,F,1995-01-09,부산,부산진구,2025-07-09,35.164516,129.05897
0003775,안지민,M,1990-01-10,서울,마포구,2025-07-10,37.569019,126.91137
0003776,안서현,M,1978-04-13,대전,중구,2025-07-11,36.319807,127.434568
0003777,김민서,M,1984-04-23,인천,남동구,2025-07-11,37.452294,126.729161
0003778,안윤서,M,1974-06-08,서울,서초구,2025-07-11,37.478985,127.033267
0003779,권건우,F,1985-03-23,울산,동구,2025-07-11,35.492899,129.423847
0003780,임지성,F,1992-01-19,서울,성동구,2025-07-12,37.561687,127.040441
0003781,신지호,F,1990-05-03,대구,달서구,2025-07-12,35.817083,128.534496
0003782,송서윤,F,1986-03-19,부산,부산진구,2025-07-13,35.155731,129.036082
0003783,전도윤,M,1981-01-13,서울,마포구,2025-07-13,37.579231,126.921633
0003784,신지훈,F,1987-11-27,서울,강남구,2025-07-14,37.506762,127.025263
0003785,정민서,F,1992-01-14,서울,송파구,2025-07-14,37.51731,127.100273
0003786,조예준,M,1992-11-24,서울,마포구,2025-07-14,37.555331,126.907948
0003787,한민준,M,1986-01-14,광주,동구,2025-07-14,35.148286,126.932418
0003788,장현석,M,1976-03-10,서울,송파구,2025-07-16,37.50325,127.119319
0003789,안서준,F,2005-05-22,대전,중구,2025-07-16,36.338939,127.448992
0003790,윤수진,F,2006-01-16,인천,남동구,2025-07-16,37.431258,126.73738
0003791,김하준,F,1977-01-16,서울,강남구,2025-07-16,37.485809,127.043491
0003792,홍서윤,F,1983-01-16,서울,마포구,2025-07-16,37.567218,126.927162
0003793,윤서연,M,1994-01-16,부산,부산진구,2025-07-16,35.173635,129.074432
0003794,최지민,M,2005-01-17,서울,성동구,2025-07-17,37.56004,127.06894
0003795,서주원,M,1999-08-27,대구,수성구,2025-07-17,35.866721,128.649568
0003796,최승민,F,1993-10-14,부산,부산진구,2025-07-18,35.155731,129.036082
0003797,임하준,F,1970-01-01,광주,북구,2025-07-18,35.18152,126.926067
0003798,안철수,M,1984-01-18,서울,마포구,2025-07-18,37.579231,126.921633
0003799,윤서현,F,1990-01-18,울산,동구,2025-07-18,35.516205,129.425624
0003800,조예준,F,2003-11-23,서울,강남구,2025-07-18,37.506762,127.025263
0003801,김지성,F,1987-08-21,인천,부평구,2025-07-19,37.501582,126.711729
0003802,강영희,M,1970-09-04,대전,중구,2025-07-19,36.338939,127.448992
0003803,홍하윤,M,1990-01-19,서울,강남구,2025-07-19,37.501172,127.032666
0003804,강윤서,F,1985-12-18,인천,계양구,2025-07-19,37.544605,126.734891
0003805,홍수진,M,2001-01-20,대전,유성구,2025-07-20,36.35391,127.351198
0003806,황영희,F,2003-11-20,서울,마포구,2025-07-20,37.567218,126.927162
0003807,홍현석,F,1981-06-22,울산,동구,2025-07-20,35.492899,129.423847
0003808,한서윤,F,1978-01-21,서울,강남구,2025-07-21,37.501172,127.032666
0003809,윤지민,M,2002-09-01,인천,계양구,2025-07-21,37.541331,126.745466
0003810,권시우,F,1991-06-24,인천,남동구,2025-07-21,37.431258,126.73738
0003811,이동현,M,1978-06-20,서울,송파구,2025-07-21,37.5014,127.135937
0003812,윤현석,F,1999-06-28,서울,마포구,2025-07-21,37.57353,126.916356
0003813,신수진,F,1972-09-05,서울,강남구,2025-07-21,37.506762,127.025263
0003814,정민서,F,1990-01-21,인천,부평구,2025-07-21,37.501582,126.711729
0003815,전예준,F,1996-06-25,대구,북구,2025-07-22,35.912824,128.621362
0003816,장건우,F,1985-01-13,부산,부산진구,2025-07-22,35.156248,129.056828
0003817,이수현,M,1991-12-17,인천,남동구,2025-07-22,37.450773,126.747514
0003818,홍지민,F,1981-01-31,부산,부산진구,2025-07-23,35.173635,129.074432
0003819,임하윤,F,1980-01-23,서울,마포구,2025-07-23,37.579329,126.904005
0003820,정서준,M,1970-03-15,부산,동래구,2025-07-24,35.207187,129.078356
0003821,전수진,M,1984-01-08,부산,동래구,2025-07-24,35.218634,129.091488
0003822,이서현,M,2005-12-27,부산,부산진구,2025-07-24,35.156248,129.056828
0003823,한서연,M,2002-08-06,서울,강남구,2025-07-25,37.485809,127.043491
0003824,박주원,F,1993-07-30,광주,북구,2025-07-25,35.18152,126.926067
0003825,정시우,M,1982-01-25,대구,북구,2025-07-25,35.912824,128.621362
0003826,윤민서,F,1996-12-25,서울,강남구,2025-07-25,37.493375,127.03537
0003827,홍서연,M,1998-06-24,부산,남구,2025-07-25,35.120493,129.085186
0003828,오동현,M,1980-05-24,서울,송파구,2025-07-25,37.50325,127.119319
0003829,황윤서,F,1971-01-26,대전,유성구,2025-07-26,36.35391,127.351198
0003830,서철수,M,1984-01-26,서울,성동구,2025-07-26,37.577352,127.050323
0003831,이도윤,F,1987-08-15,서울,강남구,2025-07-26,37.501172,127.032666
0003832,송민서,M,2002-01-27,부산,부산진구,2025-07-27,35.173635,129.074432
0003833,정영희,M,2002-01-27,대전,대덕구,2025-07-27,36.364878,127.436737
0003834,오현우,M,1982-04-05,광주,북구,2025-07-28,35.162623,126.925196
0003835,강서현,M,1985-01-14,서울,마포구,2025-07-28,37.579329,126.904005
0003836,송수현,F,1997-01-28,서울,마포구,2025-07-28,37.562295,126.898744
0003837,신영희,F,1972-01-29,대구,달서구,2025-07-29,35.817083,128.534496
0003838,송지민,F,1986-03-15,인천,부평구,2025-07-29,37.507528,126.716538
0003839,윤지훈,M,1980-09-05,부산,남구,2025-07-29,35.134891,129.094263
0003840,전예준,F,1989-01-29,부산,부산진구,2025-07-29,35.156248,129.056828
0003841,홍수현,F,1995-04-05,대구,중구,2025-07-30,35.87333,128.618027
0003842,안지민,M,2003-02-16,대구,달서구,2025-07-30,35.817083,128.534496
0003843,장서윤,F,2003-01-30,서울,마포구,2025-07-30,37.555331,126.907948
0003844,오윤서,M,1984-01-30,부산,부산진구,2025-07-30,35.148214,129.054903
0003845,신지유,M,1991-06-03,서울,서초구,2025-07-31,37.485348,127.020431
0003846,윤승민,F,1970-07-03,인천,연수구,2025-08-01,37.400091,126.683625
0003847,강지훈,F,1972-05-24,부산,남구,2025-08-01,35.120493,129.085186
0003848,윤수진,M,1983-02-01,부산,남구,2025-08-01,35.134891,129.094263
0003849,홍지우,F,2001-03-21,서울,마포구,2025-08-02,37.555331,126.907948
0003850,신도윤,M,1970-11-15,부산,동래구,2025-08-02,35.210645,129.083455
0003851,한지성,F,1972-02-03,서울,강남구,2025-08-03,37.506762,127.025263
0003852,조하은,M,1981-06-16,대전,대덕구,2025-08-03,36.366109,127.434212
0003853,권동현,M,1981-04-30,서울,강남구,2025-08-04,37.493375,127.03537
0003854,전하은,M,2005-02-04,서울,강남구,2025-08-04,37.494624,127.018984
0003855,송건우,M,2003-11-06,서울,마포구,2025-08-05,37.579231,126.921633
0003856,권지민,M,1997-02-05,서울,송파구,2025-08-05,37.528144,127.11822
0003857,조승민,M,1995-02-05,서울,서초구,2025-08-05,37.48525,127.024041
0003858,이서준,M,1967-02-05,부산,남구,2025-08-05,35.120493,129.085186
0003859,장지유,F,1972-02-06,울산,울주군,2025-08-06,35.533543,129.241653
0003860,윤시우,M,1984-02-06,서울,강남구,2025-08-06,37.494624,127.018984
0003861,윤서준,F,1995-02-06,서울,강남구,2025-08-06,37.493375,127.03537
0003862,장주원,F,1997-04-15,대구,동구,2025-08-06,35.889942,128.626899
0003863,안지호,F,1973-04-22,부산,동래구,2025-08-06,35.218634,129.091488
0003864,윤수진,M,1974-02-07,부산,동래구,2025-08-07,35.205918,129.063324
0003865,임민준,F,1979-02-07,서울,성동구,2025-08-07,37.577737,127.017251
0003866,윤건우,F,1981-04-06,서울,서초구,2025-08-07,37.485348,127.020431
0003867,서도윤,F,2002-03-08,부산,부산진구,2025-08-07,35.165841,129.062262
0003868,한하준,F,1988-02-07,대전,대덕구,2025-08-07,36.355969,127.447839
0003869,정수진,M,1992-08-01,서울,강남구,2025-08-08,37.486781,127.030789
0003870,장현우,M,2000-02-08,서울,마포구,2025-08-08,37.567218,126.927162
0003871,송하윤,F,1977-10-29,대구,수성구,2025-08-08,35.866721,128.649568
0003872,한서연,F,1975-02-08,광주,북구,2025-08-08,35.162623,126.925196
0003873,이지원,M,2002-06-09,인천,남동구,2025-08-08,37.450773,126.747514
0003874,전현우,M,1991-08-05,부산,부산진구,2025-08-08,35.164516,129.05897
0003875,안서현,M,1994-02-08,부산,동래구,2025-08-08,35.205918,129.063324
0003876,윤지민,F,1977-02-09,서울,강남구,2025-08-09,37.494624,127.018984
0003877,안지성,M,1991-06-13,부산,남구,2025-08-09,35.120493,129.085186
0003878,한지민,M,1980-08-05,대전,대덕구,2025-08-09,36.378921,127.443177
0003879,송지훈,M,1978-05-13,서울,성동구,2025-08-09,37.56004,127.06894
0003880,조도윤,M,1970-02-13,인천,남동구,2025-08-10,37.431258,126.73738
0003881,홍수현,M,2004-01-26,대전,대덕구,2025-08-10,36.355969,127.447839
0003882,윤지우,M,1978-06-25,서울,강남구,2025-08-10,37.486781,127.030789
0003883,윤서윤,M,2004-04-20,인천,남동구,2025-08-10,37.431258,126.73738
0003884,신서윤,M,1974-06-17,부산,부산진구,2025-08-10,35.148214,129.054903
0003885,조하준,M,1973-11-07,부산,부산진구,2025-08-10,35.157608,129.051143
0003886,오수현,F,1991-06-21,서울,서초구,2025-08-11,37.483618,127.040159
0003887,신하윤,F,1979-03-09,울산,동구,2025-08-11,35.516205,129.425624
0003888,장서윤,F,1977-02-12,서울,송파구,2025-08-12,37.508941,127.105223
0003889,조현우,M,1978-10-08,대구,중구,2025-08-12,35.87333,128.618027
0003890,권수현,M,2005-02-12,대구,동구,2025-08-12,35.889942,128.626899
0003891,한지우,F,1977-02-12,서울,성동구,2025-08-12,37.558694,127.046971
0003892,조서준,F,1995-05-30,부산,부산진구,2025-08-13,35.155937,129.048964
0003893,장지유,M,2002-03-24,광주,남구,2025-08-13,35.13845,126.940927
0003894,안민준,F,1998-12-27,서울,마포구,2025-08-13,37.579231,126.921633
0003895,서주원,M,1998-01-16,부산,남구,2025-08-13,35.13827,129.08179
0003896,윤예준,M,1973-05-15,서울,송파구,2025-08-13,37.5014,127.135937
0003897,윤현우,M,1987-05-12,서울,강남구,2025-08-14,37.506762,127.025263
0003898,한서현,F,1992-08-30,부산,부산진구,2025-08-14,35.173635,129.074432
0003899,윤지우,F,1986-12-30,부산,부산진구,2025-08-14,35.165841,129.062262
0003900,이서준,F,1971-06-24,대구,북구,2025-08-14,35.912824,128.621362
0003901,전현석,M,1985-03-17,서울,강남구,2025-08-14,37.485809,127.043491
0003902,윤현석,M,1983-02-14,부산,동래구,2025-08-14,35.202857,129.076308
0003903,박철수,F,1983-02-14,서울,성동구,2025-08-14,37.577737,127.017251
0003904,안수진,M,1980-12-24,울산,울주군,2025-08-15,35.517505,129.248126
0003905,장서현,M,2003-03-07,서울,강남구,2025-08-15,37.506762,127.025263
0003906,신지민,F,1979-02-15,부산,동래구,2025-08-15,35.205918,129.063324
0003907,최서연,M,1994-02-24,서울,송파구,2025-08-15,37.527211,127.114209
0003908,안철수,F,2002-02-15,대구,북구,2025-08-15,35.898802,128.615833
0003909,한지민,M,1979-06-30,서울,강남구,2025-08-15,37.489466,127.022467
0003910,한하준,M,2005-08-19,인천,남동구,2025-08-16,37.452294,126.729161
0003911,정시우,F,1983-02-12,인천,연수구,2025-08-16,37.400091,126.683625
0003912,오건우,M,2000-03-27,부산,부산진구,2025-08-16,35.155731,129.036082
0003913,홍현석,M,1989-07-06,울산,동구,2025-08-16,35.492899,129.423847
0003914,임윤서,M,1999-08-09,서울,마포구,2025-08-16,37.579329,126.904005
0003915,강지민,F,1996-02-17,대구,북구,2025-08-17,35.912824,128.621362
0003916,신현석,F,1985-12-16,서울,송파구,2025-08-17,37.528144,127.11822
0003917,박지성,F,1975-02-18,서울,강남구,2025-08-18,37.486781,127.030789
0003918,오수현,F,2005-05-21,울산,중구,2025-08-18,35.578704,129.328588
0003919,황서현,F,1989-01-12,서울,강남구,2025-08-18,37.493375,127.03537
0003920,서민준,F,1997-12-14,서울,강남구,2025-08-19,37.486781,127.030789
0003921,권수진,M,1987-12-28,서울,마포구,2025-08-19,37.555331,126.907948
0003922,권주원,F,2002-01-09,부산,동래구,2025-08-20,35.218634,129.091488
0003923,전수현,F,1971-05-17,대전,대덕구,2025-08-20,36.366109,127.434212
0003924,권윤서,F,1998-02-20,서울,서초구,2025-08-20,37.478985,127.033267
0003925,한지우,F,1971-02-20,대전,중구,2025-08-20,36.319807,127.434568
0003926,정시우,M,1992-01-23,서울,마포구,2025-08-21,37.555331,126.907948
0003927,조하은,M,1978-02-21,서울,서초구,2025-08-21,37.477597,127.042074
0003928,김승민,M,1991-12-14,부산,동래구,2025-08-21,35.202857,129.076308
0003929,서윤서,M,1971-10-24,부산,동래구,2025-08-21,35.202857,129.076308
0003930,윤민준,M,1995-09-26,서울,송파구,2025-08-22,37.510372,127.112456
0003931,권예준,F,1995-02-23,부산,해운대구,2025-08-23,35.176365,129.153956
0003932,홍수진,M,1982-09-09,인천,연수구,2025-08-23,37.428937,126.682846
0003933,최현석,M,1993-10-20,서울,강남구,2025-08-23,37.489466,127.022467
0003934,서현우,M,1999-09-28,인천,부평구,2025-08-23,37.501582,126.711729
0003935,신현석,M,1987-06-20,부산,동래구,2025-08-25,35.202857,129.076308
0003936,정윤서,M,1972-03-08,서울,강남구,2025-08-25,37.485809,127.043491
0003937,황철수,M,1982-08-31,서울,서초구,2025-08-26,37.477597,127.042074
0003938,권현우,M,1981-07-31,대구,동구,2025-08-26,35.889942,128.626899
0003939,임지성,F,2003-08-10,부산,부산진구,2025-08-26,35.155731,129.036082
0003940,최서윤,F,1975-02-26,서울,송파구,2025-08-26,37.508941,127.105223
0003941,박지원,F,1992-08-23,울산,남구,2025-08-26,35.545241,129.330526
0003942,신현우,F,1980-02-27,울산,동구,2025-08-27,35.492899,129.423847
0003943,서시우,F,1984-02-27,대구,달서구,2025-08-27,35.817083,128.534496
0003944,임지원,F,1985-02-15,부산,부산진구,2025-08-27,35.153548,129.048878
0003945,홍서준,F,1981-06-18,서울,송파구,2025-08-27,37.516641,127.094043
0003946,최지유,M,1990-03-27,부산,부산진구,2025-08-27,35.155731,129.036082
0003947,장하은,F,1985-08-27,울산,남구,2025-08-28,35.54049,129.328761
0003948,정서윤,F,1991-02-28,서울,송파구,2025-08-28,37.508941,127.105223
0003949,윤영희,M,1990-03-29,서울,마포구,2025-08-29,37.582523,126.912364
0003950,임수현,F,1986-02-28,서울,성동구,2025-08-29,37.561687,127.040441
0003951,서지성,F,1981-04-01,서울,송파구,2025-08-30,37.526044,127.101726
0003952,강지유,M,1988-01-06,대구,수성구,2025-08-30,35.866721,128.649568
0003953,김민준,M,2002-04-17,서울,성동구,2025-08-31,37.577737,127.017251
0003954,신수현,F,1986-03-01,대전,중구,2025-09-01,36.338939,127.448992
0003955,김현우,M,2005-01-06,서울,송파구,2025-09-02,37.5014,127.135937
0003956,송동현,F,1985-01-08,광주,북구,2025-09-02,35.158612,126.907869
0003957,전지호,F,1967-03-02,부산,부산진구,2025-09-02,35.153548,129.048878
0003958,서하준,F,1993-03-02,부산,동래구,2025-09-02,35.205918,129.063324
0003959,윤윤서,F,1996-01-17,서울,송파구,2025-09-02,37.528144,127.11822
0003960,황지성,M,1989-12-11,부산,수영구,2025-09-02,35.154477,129.111701
0003961,임민준,M,1991-11-13,서울,마포구,2025-09-03,37.582523,126.912364
0003962,신하은,M,1978-07-03,서울,서초구,2025-09-03,37.484243,127.021823
0003963,안지호,M,1995-01-08,울산,동구,2025-09-03,35.492899,129.423847
0003964,송현우,F,1996-11-16,서울,마포구,2025-09-03,37.579231,126.921633
0003965,임하준,M,2001-08-17,서울,성동구,2025-09-03,37.551464,127.03869
0003966,임승민,M,1978-06-01,서울,서초구,2025-09-03,37.48525,127.024041
0003967,홍하은,M,2000-06-04,서울,강남구,2025-09-03,37.489466,127.022467
0003968,황도윤,M,1998-10-03,서울,성동구,2025-09-03,37.561687,127.040441
0003969,홍예준,M,1992-01-22,대전,유성구,2025-09-03,36.35391,127.351198
0003970,강수현,F,1981-04-11,울산,울주군,2025-09-04,35.533543,129.241653
0003971,장서윤,M,1977-12-31,인천,계양구,2025-09-04,37.541331,126.745466
0003972,윤서준,M,2004-07-26,부산,동래구,2025-09-04,35.207187,129.078356
0003973,조시우,M,1976-11-05,부산,부산진구,2025-09-04,35.165841,129.062262
0003974,신시우,F,1993-03-11,부산,해운대구,2025-09-04,35.163322,129.159222
0003975,신민서,M,1991-01-02,서울,강남구,2025-09-04,37.507388,127.043409
0003976,장하윤,M,2003-03-04,부산,부산진구,2025-09-04,35.164516,129.05897
0003977,신지우,M,1998-03-07,서울,송파구,2025-09-04,37.510372,127.112456
0003978,최승민,M,1987-05-29,울산,남구,2025-09-04,35.54049,129.328761
0003979,오민서,F,1978-03-04,인천,남동구,2025-09-04,37.450773,126.747514
0003980,강동현,M,1996-03-05,부산,부산진구,2025-09-05,35.153548,129.048878
0003981,황서현,F,1993-05-31,서울,송파구,2025-09-05,37.527211,127.114209
0003982,박서윤,M,2003-01-18,서울,성동구,2025-09-05,37.576037,127.03348
0003983,정현우,M,1999-04-09,서울,성동구,2025-09-05,37.567738,127.044146
0003984,권영희,M,1981-03-15,서울,송파구,2025-09-05,37.526044,127.101726
0003985,서지우,M,2001-01-31,부산,남구,2025-09-05,35.13827,129.08179
0003986,박도윤,F,2004-08-10,서울,성동구,2025-09-05,37.56004,127.06894
0003987,강민준,M,1997-03-05,부산,부산진구,2025-09-05,35.157608,129.051143
0003988,강서연,M,2002-07-02,서울,강남구,2025-09-05,37.507388,127.043409
0003989,조지훈,M,1971-08-03,서울,성동구,2025-09-06,37.558694,127.046971
0003990,신철수,M,1988-08-04,인천,서구,2025-09-07,37.541082,126.676058
0003991,신영희,F,1980-12-02,서울,송파구,2025-09-07,37.510372,127.112456
0003992,강서연,M,1993-12-10,서울,송파구,2025-09-07,37.51955,127.115158
0003993,임철수,M,1990-09-08,서울,송파구,2025-09-07,37.527211,127.114209
0003994,안민서,F,1981-11-21,서울,서초구,2025-09-08,37.485348,127.020431
0003995,한영희,M,1970-06-20,서울,강남구,2025-09-08,37.501172,127.032666
0003996,장서윤,M,1996-10-08,서울,마포구,2025-09-08,37.562295,126.898744
0003997,장서현,M,1973-07-19,광주,남구,2025-09-08,35.13845,126.940927
0003998,임철수,F,1999-06-18,서울,서초구,2025-09-08,37.478985,127.033267
0003999,김서윤,M,1980-05-25,광주,북구,2025-09-08,35.182325,126.899092
0004000,송시우,F,1993-06-24,부산,부산진구,2025-09-08,35.155937,129.048964
0004001,장민서,M,1990-01-20,대구,수성구,2025-09-08,35.866721,128.649568
0004002,강서현,F,1990-06-26,대구,북구,2025-09-08,35.898802,128.615833
0004003,서하윤,M,2003-03-09,서울,송파구,2025-09-09,37.510372,127.112456
0004004,최수진,M,1973-07-01,서울,강남구,2025-09-09,37.486781,127.030789
0004005,신하준,M,1999-04-23,서울,송파구,2025-09-09,37.50325,127.119319
0004006,정하윤,M,1998-05-13,부산,부산진구,2025-09-09,35.157608,129.051143
0004007,정지훈,M,1978-12-30,광주,북구,2025-09-10,35.18152,126.926067
0004008,강시우,M,1992-04-24,대전,대덕구,2025-09-10,36.378921,127.443177
0004009,전승민,M,1974-10-14,부산,부산진구,2025-09-10,35.164516,129.05897
0004010,서현석,M,1984-07-02,울산,울주군,2025-09-10,35.517505,129.248126
0004011,김하준,M,1993-03-20,서울,성동구,2025-09-10,37.567738,127.044146
0004012,장지훈,F,1981-10-20,울산,남구,2025-09-11,35.54049,129.328761
0004013,정서준,M,1985-06-27,광주,북구,2025-09-11,35.182325,126.899092
0004014,강민서,M,1980-08-09,광주,북구,2025-09-11,35.182325,126.899092
0004015,윤지원,F,1985-03-11,울산,중구,2025-09-11,35.578704,129.328588
0004016,임민서,M,1992-09-08,서울,성동구,2025-09-12,37.56004,127.06894
0004017,홍지호,F,1973-02-01,서울,성동구,2025-09-12,37.558694,127.046971
0004018,박민서,F,1981-03-12,울산,동구,2025-09-12,35.516205,129.425624
0004019,서동현,F,2000-09-17,서울,송파구,2025-09-12,37.514153,127.094813
0004020,김승민,F,1977-04-11,울산,남구,2025-09-12,35.54049,129.328761
0004021,이윤서,F,1997-09-27,서울,성동구,2025-09-13,37.577352,127.050323
0004022,황서준,M,1990-03-11,서울,마포구,2025-09-13,37.57353,126.916356
0004023,홍도윤,M,1981-12-19,대전,대덕구,2025-09-13,36.364878,127.436737
0004024,조영희,F,1988-07-15,인천,서구,2025-09-13,37.541082,126.676058
0004025,한건우,F,1979-03-31,광주,북구,2025-09-13,35.162623,126.925196
0004026,안지원,F,1993-03-13,서울,송파구,2025-09-13,37.51955,127.115158
0004027,신주원,M,2000-04-18,대전,서구,2025-09-13,36.355481,127.361029
0004028,김서윤,F,1979-10-30,대구,중구,2025-09-14,35.87333,128.618027
0004029,김하윤,M,1981-09-16,서울,성동구,2025-09-14,37.558694,127.046971
0004030,최영희,F,1998-03-14,부산,동래구,2025-09-14,35.202857,129.076308
0004031,전하준,F,1980-03-09,서울,서초구,2025-09-14,37.477597,127.042074
0004032,박지유,F,1986-02-23,서울,송파구,2025-09-14,37.527211,127.114209
0004033,오서현,F,1973-09-13,부산,남구,2025-09-15,35.13827,129.08179
0004034,조현석,F,1996-12-29,부산,수영구,2025-09-15,35.154477,129.111701
0004035,강서준,F,1998-03-15,서울,마포구,2025-09-15,37.567218,126.927162
0004036,홍지원,M,1974-03-19,부산,남구,2025-09-15,35.134891,129.094263
0004037,윤승민,F,1975-05-04,광주,북구,2025-09-15,35.182325,126.899092
0004038,윤도윤,F,2003-10-27,서울,강남구,2025-09-15,37.485809,127.043491
0004039,장하은,F,1993-06-25,대구,동구,2025-09-15,35.889942,128.626899
0004040,임지호,F,1979-08-31,대구,중구,2025-09-15,35.87333,128.618027
0004041,황민준,M,1979-08-12,인천,계양구,2025-09-16,37.544605,126.734891
0004042,한주원,M,1982-04-03,서울,서초구,2025-09-16,37.485348,127.020431
0004043,안민준,F,1990-10-29,부산,부산진구,2025-09-17,35.155937,129.048964
0004044,한지훈,F,1999-08-24,인천,계양구,2025-09-18,37.541331,126.745466
0004045,한윤서,M,1978-03-18,인천,서구,2025-09-18,37.541082,126.676058
0004046,송지호,F,1989-04-08,울산,중구,2025-09-18,35.578704,129.328588
0004047,윤서현,F,2002-03-19,부산,동래구,2025-09-19,35.202857,129.076308
0004048,이예준,M,1994-01-04,부산,동래구,2025-09-19,35.207187,129.078356
0004049,송현석,F,1992-09-06,서울,송파구,2025-09-19,37.51955,127.115158
0004050,서승민,M,1995-03-19,대구,중구,2025-09-19,35.87333,128.618027
0004051,전지민,F,2003-10-20,서울,강남구,2025-09-19,37.493375,127.03537
0004052,권지훈,F,1981-01-03,서울,송파구,2025-09-19,37.510372,127.112456
0004053,임지호,M,1972-11-07,부산,동래구,2025-09-20,35.205918,129.063324
0004054,윤하준,F,1973-03-01,서울,서초구,2025-09-20,37.484243,127.021823
0004055,김지우,M,1979-03-21,광주,북구,2025-09-21,35.182325,126.899092
0004056,신하은,F,1978-03-21,대구,북구,2025-09-21,35.912824,128.621362
0004057,박서연,F,1984-03-18,인천,남동구,2025-09-21,37.450773,126.747514
0004058,송민준,F,1976-03-25,서울,송파구,2025-09-21,37.516641,127.094043
0004059,신도윤,M,1974-06-19,대구,북구,2025-09-21,35.912824,128.621362
0004060,홍지성,F,2003-11-22,인천,부평구,2025-09-22,37.507528,126.716538
0004061,조현우,M,1994-09-12,대구,수성구,2025-09-22,35.866721,128.649568
0004062,이도윤,M,1991-03-22,인천,연수구,2025-09-22,37.428937,126.682846
0004063,한서준,M,1995-05-25,광주,남구,2025-09-22,35.13845,126.940927
0004064,서지우,F,1974-03-03,부산,부산진구,2025-09-22,35.155937,129.048964
0004065,윤지훈,M,1980-03-31,대구,수성구,2025-09-22,35.866721,128.649568
0004066,조지훈,M,1975-03-04,부산,동래구,2025-09-23,35.207187,129.078356
0004067,홍서윤,M,1999-11-12,인천,계양구,2025-09-23,37.541331,126.745466
0004068,강수진,M,1982-10-03,서울,마포구,2025-09-23,37.582523,126.912364
0004069,오지훈,M,1986-12-02,서울,마포구,2025-09-23,37.582523,126.912364
0004070,김승민,F,1993-07-30,서울,서초구,2025-09-24,37.484243,127.021823
0004071,김지호,M,1976-04-14,서울,마포구,2025-09-24,37.579329,126.904005
0004072,서지원,F,1981-04-23,인천,남동구,2025-09-24,37.450773,126.747514
0004073,신서현,F,1986-07-19,서울,송파구,2025-09-24,37.527211,127.114209
0004074,서지성,F,2002-03-24,서울,성동구,2025-09-24,37.577352,127.050323
0004075,박지호,F,1997-04-06,부산,해운대구,2025-09-24,35.163322,129.159222
0004076,강철수,M,1997-06-18,서울,마포구,2025-09-24,37.57353,126.916356
0004077,임하윤,F,1976-05-27,부산,부산진구,2025-09-25,35.153548,129.048878
0004078,전건우,M,1981-03-19,울산,동구,2025-09-25,35.516205,129.425624
0004079,권현우,M,1976-02-13,서울,송파구,2025-09-25,37.514153,127.094813
0004080,안민서,F,1974-04-09,서울,강남구,2025-09-25,37.485809,127.043491
0004081,김지훈,M,1970-05-11,대구,수성구,2025-09-25,35.866721,128.649568
0004082,박지유,M,1975-08-13,울산,중구,2025-09-25,35.578704,129.328588
0004083,신하은,M,1983-05-10,서울,마포구,2025-09-25,37.569019,126.91137
0004084,신하윤,F,1974-03-02,인천,연수구,2025-09-25,37.428937,126.682846
0004085,최지우,F,1971-03-22,광주,북구,2025-09-26,35.18152,126.926067
0004086,권현석,M,2002-06-27,대구,북구,2025-09-26,35.912824,128.621362
0004087,오지호,M,1985-01-15,대전,대덕구,2025-09-26,36.355969,127.447839
0004088,전지민,F,1979-04-21,서울,강남구,2025-09-26,37.493375,127.03537
0004089,박민서,M,2001-03-21,인천,계양구,2025-09-27,37.541331,126.745466
0004090,강예준,M,1977-08-02,서울,마포구,2025-09-27,37.567218,126.927162
0004091,오건우,M,1998-11-19,울산,울주군,2025-09-27,35.533543,129.241653
0004092,송민서,M,1990-09-14,서울,송파구,2025-09-27,37.527211,127.114209
0004093,황시우,F,2002-06-15,서울,송파구,2025-09-27,37.514153,127.094813
0004094,김지훈,F,2002-11-22,부산,부산진구,2025-09-27,35.164516,129.05897
0004095,김주원,F,1987-03-27,서울,송파구,2025-09-27,37.51955,127.115158
0004096,최승민,M,1984-09-27,서울,마포구,2025-09-27,37.569019,126.91137
0004097,임하준,F,1997-12-19,광주,북구,2025-09-27,35.162623,126.925196
0004098,서하윤,M,1993-07-12,인천,연수구,2025-09-28,37.428937,126.682846
0004099,홍도윤,F,1999-05-24,인천,계양구,2025-09-28,37.544605,126.734891
0004100,전지유,F,2005-07-25,부산,남구,2025-09-28,35.13827,129.08179
0004101,안승민,M,2005-06-28,광주,북구,2025-09-28,35.182325,126.899092
0004102,안예준,F,1972-07-28,인천,연수구,2025-09-28,37.428937,126.682846
0004103,송지유,M,1980-04-16,서울,강남구,2025-09-28,37.506762,127.025263
0004104,장하은,F,2004-03-29,서울,송파구,2025-09-29,37.510372,127.112456
0004105,권도윤,F,1984-03-29,울산,울주군,2025-09-29,35.533543,129.241653
0004106,이현우,F,1978-08-22,인천,부평구,2025-09-30,37.501582,126.711729
0004107,송동현,F,1982-09-28,대구,북구,2025-09-30,35.898802,128.615833
0004108,조서현,M,2005-09-10,부산,남구,2025-09-30,35.120493,129.085186
0004109,강예준,F,1971-09-26,인천,서구,2025-09-30,37.541082,126.676058
0004110,김동현,F,1997-03-30,서울,강남구,2025-09-30,37.485809,127.043491
0004111,권윤서,F,1995-07-26,대전,대덕구,2025-09-30,36.355969,127.447839
0004112,권현석,M,1981-10-20,서울,서초구,2025-09-30,37.477597,127.042074
0004113,박하은,F,2000-11-06,부산,부산진구,2025-10-01,35.155937,129.048964
0004114,홍예준,F,2005-10-14,부산,동래구,2025-10-01,35.218634,129.091488
0004115,윤하윤,M,1995-09-02,서울,마포구,2025-10-01,37.582523,126.912364
0004116,서하은,M,2002-01-20,광주,북구,2025-10-01,35.158612,126.907869
0004117,임서현,F,1986-08-18,대구,달서구,2025-10-02,35.817083,128.534496
0004118,최철수,M,1978-06-13,서울,성동구,2025-10-02,37.551464,127.03869
0004119,이수진,F,1968-04-02,광주,북구,2025-10-02,35.182325,126.899092
0004120,정수진,M,1970-07-11,대구,달서구,2025-10-02,35.817083,128.534496
0004121,홍하준,F,1991-09-13,울산,울주군,2025-10-03,35.533543,129.241653
0004122,서현우,M,1986-07-31,인천,계양구,2025-10-03,37.541331,126.745466
0004123,안주원,F,1970-02-12,인천,계양구,2025-10-03,37.541331,126.745466
0004124,임서현,M,1990-09-16,대전,중구,2025-10-03,36.319807,127.434568
0004125,홍수진,M,1986-10-25,서울,송파구,2025-10-03,37.50325,127.119319
0004126,김하은,F,1991-08-16,부산,동래구,2025-10-03,35.210645,129.083455
0004127,송하은,F,1992-11-01,서울,강남구,2025-10-03,37.494624,127.018984
0004128,강민서,F,1991-05-11,울산,울주군,2025-10-03,35.533543,129.241653
0004129,권하윤,F,1993-02-25,광주,동구,2025-10-04,35.148286,126.932418
0004130,장서연,F,1975-12-05,서울,서초구,2025-10-04,37.492387,127.030204
0004131,서서현,M,1987-07-12,부산,동래구,2025-10-04,35.207187,129.078356
0004132,홍민서,M,1989-04-04,부산,부산진구,2025-10-04,35.164516,129.05897
0004133,서지민,F,1993-08-06,울산,동구,2025-10-04,35.516205,129.425624
0004134,조현석,F,1985-08-02,서울,강남구,2025-10-05,37.494624,127.018984
0004135,홍지원,F,2002-03-19,서울,송파구,2025-10-05,37.50325,127.119319
0004136,안수현,F,1983-12-02,울산,울주군,2025-10-05,35.517505,129.248126
0004137,장민서,F,1988-05-13,부산,해운대구,2025-10-05,35.176365,129.153956
0004138,홍시우,M,1999-04-05,서울,강남구,2025-10-05,37.506762,127.025263
0004139,서하은,F,1984-06-05,울산,울주군,2025-10-05,35.533543,129.241653
0004140,한수진,M,2004-07-23,서울,성동구,2025-10-05,37.561687,127.040441
0004141,안서현,M,1970-11-24,서울,마포구,2025-10-05,37.569019,126.91137
0004142,이지호,F,1994-04-19,대구,동구,2025-10-06,35.889942,128.626899
0004143,정승민,F,1996-10-29,대전,유성구,2025-10-06,36.35391,127.351198
0004144,안지우,F,2001-08-24,서울,성동구,2025-10-07,37.558694,127.046971
0004145,조현석,F,1977-04-27,부산,부산진구,2025-10-07,35.157608,129.051143
0004146,박현우,F,2004-12-29,인천,남동구,2025-10-07,37.450773,126.747514
0004147,조하은,M,1986-04-07,광주,남구,2025-10-07,35.13845,126.940927
0004148,홍지우,F,1986-11-08,서울,송파구,2025-10-07,37.510372,127.112456
0004149,윤승민,M,1985-12-27,대전,중구,2025-10-07,36.319807,127.434568
0004150,박시우,M,1989-04-07,대구,북구,2025-10-07,35.912824,128.621362
0004151,김하윤,F,1986-03-01,서울,송파구,2025-10-07,37.516641,127.094043
0004152,이도윤,M,1995-09-18,부산,동래구,2025-10-07,35.218634,129.091488
0004153,조민서,F,1970-09-16,서울,송파구,2025-10-08,37.527211,127.114209
0004154,안지원,F,1998-09-28,서울,송파구,2025-10-09,37.508941,127.105223
0004155,안서현,M,1987-04-09,서울,성동구,2025-10-09,37.576037,127.03348
0004156,안민준,M,1966-04-09,대전,대덕구,2025-10-09,36.378921,127.443177
0004157,윤민준,F,1977-10-11,서울,서초구,2025-10-09,37.483618,127.040159
0004158,한현우,M,2001-05-30,서울,강남구,2025-10-09,37.494624,127.018984
0004159,임동현,F,2001-03-24,울산,남구,2025-10-09,35.545241,129.330526
0004160,전동현,M,1972-05-05,인천,연수구,2025-10-09,37.400091,126.683625
0004161,임지호,F,1997-11-06,인천,남동구,2025-10-09,37.452294,126.729161
0004162,송지성,F,2001-03-24,대전,대덕구,2025-10-09,36.364878,127.436737
0004163,안윤서,M,1983-05-02,부산,해운대구,2025-10-10,35.163322,129.159222
0004164,이지우,M,1998-04-28,울산,울주군,2025-10-10,35.533543,129.241653
0004165,홍지훈,M,1981-11-26,서울,마포구,2025-10-10,37.582523,126.912364
0004166,신수현,F,1973-07-19,서울,성동구,2025-10-10,37.577737,127.017251
0004167,윤지성,M,1981-04-01,서울,강남구,2025-10-10,37.493375,127.03537
0004168,황철수,M,1988-08-15,인천,부평구,2025-10-10,37.501582,126.711729
0004169,신지훈,F,1978-08-31,부산,부산진구,2025-10-11,35.148214,129.054903
0004170,황지원,M,1994-10-26,부산,부산진구,2025-10-11,35.155731,129.036082
0004171,권시우,F,1971-01-25,부산,부산진구,2025-10-11,35.155937,129.048964
0004172,권도윤,F,1996-10-31,부산,부산진구,2025-10-11,35.155731,129.036082
0004173,정윤서,M,1976-08-19,서울,마포구,2025-10-11,37.562295,126.898744
0004174,황지민,F,1987-07-16,부산,부산진구,2025-10-11,35.155937,129.048964
0004175,윤지훈,M,1998-04-12,인천,계양구,2025-10-12,37.541331,126.745466
0004176,강지우,F,1967-04-12,부산,남구,2025-10-12,35.120493,129.085186
0004177,김수현,F,1990-10-08,서울,마포구,2025-10-12,37.579329,126.904005
0004178,홍민준,F,1970-11-01,부산,동래구,2025-10-12,35.202857,129.076308
0004179,장지우,M,1989-04-12,대구,북구,2025-10-12,35.898802,128.615833
0004180,김건우,M,1978-06-29,서울,마포구,2025-10-12,37.562295,126.898744
0004181,강건우,F,1980-07-23,서울,송파구,2025-10-12,37.50325,127.119319
0004182,오민서,M,1971-04-06,서울,성동구,2025-10-12,37.558694,127.046971
0004183,오서준,M,1973-06-08,인천,계양구,2025-10-12,37.544605,126.734891
0004184,서동현,F,1975-03-28,서울,강남구,2025-10-13,37.507388,127.043409
0004185,서지민,M,1988-03-23,서울,강남구,2025-10-13,37.507388,127.043409
0004186,정지훈,M,1983-03-20,부산,남구,2025-10-13,35.120493,129.085186
0004187,권민준,M,1972-10-24,서울,서초구,2025-10-13,37.492387,127.030204
0004188,박지원,F,1973-04-19,광주,동구,2025-10-13,35.148286,126.932418
0004189,황지호,M,1994-12-09,서울,강남구,2025-10-13,37.506762,127.025263
0004190,홍하준,M,1985-04-13,부산,부산진구,2025-10-13,35.164516,129.05897
0004191,권철수,F,1978-04-18,대구,수성구,2025-10-13,35.866721,128.649568
0004192,이민준,M,1982-03-06,인천,연수구,2025-10-13,37.400091,126.683625
0004193,박지민,M,2001-07-04,서울,송파구,2025-10-14,37.527211,127.114209
0004194,조서윤,M,1992-01-14,부산,부산진구,2025-10-14,35.155731,129.036082
0004195,전지호,F,1971-06-13,서울,마포구,2025-10-14,37.579329,126.904005
0004196,한지호,F,1997-12-31,대전,대덕구,2025-10-14,36.355969,127.447839
0004197,조철수,F,2005-10-14,서울,강남구,2025-10-15,37.494624,127.018984
0004198,한주원,M,1990-04-15,울산,동구,2025-10-15,35.516205,129.425624
0004199,윤하은,M,1983-11-18,광주,북구,2025-10-15,35.162623,126.925196
0004200,안현석,F,2001-10-08,서울,성동구,2025-10-15,37.551464,127.03869
0004201,안하준,F,1994-06-11,서울,서초구,2025-10-15,37.492387,127.030204
0004202,윤서준,F,1988-05-19,서울,송파구,2025-10-15,37.527211,127.114209
0004203,황하준,F,1977-01-02,서울,성동구,2025-10-15,37.56004,127.06894
0004204,안하윤,F,1998-01-15,대전,중구,2025-10-15,36.338939,127.448992
0004205,윤서준,M,1995-04-11,부산,부산진구,2025-10-16,35.173635,129.074432
0004206,송수현,F,1997-07-27,대구,달서구,2025-10-16,35.817083,128.534496
0004207,신시우,M,1975-08-03,인천,연수구,2025-10-16,37.400091,126.683625
0004208,홍하은,F,1997-08-19,서울,성동구,2025-10-16,37.558694,127.046971
0004209,임수현,M,1997-03-19,대전,대덕구,2025-10-16,36.364878,127.436737
0004210,한건우,F,1985-04-11,대구,수성구,2025-10-16,35.866721,128.649568
0004211,송주원,M,2004-02-23,대구,달서구,2025-10-16,35.817083,128.534496
0004212,전서연,F,1985-01-30,서울,서초구,2025-10-16,37.483618,127.040159
0004213,권윤서,M,1995-07-08,울산,울주군,2025-10-16,35.533543,129.241653
0004214,서도윤,F,1986-07-16,부산,부산진구,2025-10-16,35.173635,129.074432
0004215,권민서,F,1978-02-01,서울,마포구,2025-10-16,37.567218,126.927162
0004216,윤민서,M,1983-05-04,부산,부산진구,2025-10-16,35.157608,129.051143
0004217,최민서,M,1979-01-08,서울,송파구,2025-10-17,37.516641,127.094043
0004218,권지원,F,1971-12-16,대구,수성구,2025-10-17,35.866721,128.649568
0004219,박동현,F,1988-04-17,부산,동래구,2025-10-17,35.205918,129.063324
0004220,권지민,M,1977-08-06,서울,서초구,2025-10-17,37.477597,127.042074
0004221,윤지호,F,1970-09-16,인천,남동구,2025-10-17,37.452294,126.729161
0004222,권윤서,F,1978-07-27,광주,북구,2025-10-17,35.18152,126.926067
0004223,신시우,F,1976-03-30,부산,부산진구,2025-10-17,35.157608,129.051143
0004224,장하윤,M,1982-07-19,서울,성동구,2025-10-18,37.56004,127.06894
0004225,이지우,M,1981-11-16,서울,성동구,2025-10-18,37.56004,127.06894
0004226,전지유,M,1994-01-31,인천,계양구,2025-10-18,37.541331,126.745466
0004227,권예준,F,2001-07-23,서울,성동구,2025-10-18,37.551464,127.03869
0004228,전지호,M,1982-04-18,부산,부산진구,2025-10-18,35.164516,129.05897
0004229,정서연,F,1987-04-18,서울,마포구,2025-10-18,37.563645,126.908126
0004230,신지호,M,1987-05-16,부산,동래구,2025-10-19,35.202857,129.076308
0004231,권지원,M,1981-11-04,서울,성동구,2025-10-19,37.551464,127.03869
0004232,전승민,F,1968-04-19,서울,송파구,2025-10-19,37.510372,127.112456
0004233,안서현,F,2005-03-14,부산,해운대구,2025-10-19,35.163322,129.159222
0004234,장철수,F,1985-06-25,서울,강남구,2025-10-19,37.506762,127.025263
0004235,최지원,M,1972-01-10,서울,송파구,2025-10-19,37.50325,127.119319
0004236,전철수,M,1985-04-29,서울,마포구,2025-10-19,37.555331,126.907948
0004237,황지민,M,2002-04-15,서울,마포구,2025-10-20,37.569019,126.91137
0004238,황지원,M,2005-04-09,서울,송파구,2025-10-20,37.50325,127.119319
0004239,이동현,F,1999-01-08,서울,서초구,2025-10-20,37.484243,127.021823
0004240,권수진,M,2004-05-28,서울,서초구,2025-10-20,37.492387,127.030204
0004241,홍하은,F,1985-03-23,인천,연수구,2025-10-20,37.428937,126.682846
0004242,최현석,F,2002-04-28,서울,송파구,2025-10-21,37.508941,127.105223
0004243,권윤서,M,2004-11-14,부산,부산진구,2025-10-21,35.164516,129.05897
0004244,신지유,M,2001-08-06,부산,부산진구,2025-10-21,35.173635,129.074432
0004245,송하은,F,1996-04-10,서울,송파구,2025-10-21,37.528144,127.11822
0004246,이윤서,M,1991-07-21,부산,부산진구,2025-10-21,35.153548,129.048878
0004247,조하준,M,1994-09-13,광주,북구,2025-10-21,35.182325,126.899092
0004248,오지호,F,1984-01-27,대구,북구,2025-10-21,35.912824,128.621362
0004249,김하윤,M,2001-08-21,울산,중구,2025-10-21,35.578704,129.328588
0004250,박시우,F,1989-10-05,대구,달서구,2025-10-22,35.817083,128.534496
0004251,강서연,F,2003-06-01,서울,강남구,2025-10-22,37.501172,127.032666
0004252,황지우,F,1981-11-03,부산,수영구,2025-10-22,35.154477,129.111701
0004253,최서준,M,1988-02-28,울산,중구,2025-10-22,35.578704,129.328588
0004254,안지훈,F,1979-12-25,서울,강남구,2025-10-22,37.507388,127.043409
0004255,홍지민,M,1971-04-23,서울,마포구,2025-10-22,37.555331,126.907948
0004256,박동현,F,1997-05-17,서울,마포구,2025-10-22,37.563645,126.908126
0004257,박하준,M,1991-09-23,대전,중구,2025-10-22,36.338939,127.448992
0004258,정지민,M,1986-10-28,서울,성동구,2025-10-22,37.56004,127.06894
0004259,한예준,F,1996-09-13,서울,송파구,2025-10-22,37.508941,127.105223
0004260,임동현,M,1990-07-13,광주,북구,2025-10-23,35.162623,126.925196
0004261,신건우,F,1993-10-20,울산,동구,2025-10-23,35.516205,129.425624
0004262,정주원,F,2004-03-24,광주,북구,2025-10-23,35.18152,126.926067
0004263,윤지성,M,1989-04-23,서울,마포구,2025-10-23,37.555331,126.907948
0004264,임지우,F,1990-04-23,서울,송파구,2025-10-23,37.527211,127.114209
0004265,신수진,M,1991-04-18,인천,부평구,2025-10-24,37.507528,126.716538
0004266,서하준,F,2003-03-11,서울,송파구,2025-10-24,37.51955,127.115158
0004267,한예준,M,1996-09-21,인천,계양구,2025-10-24,37.541331,126.745466
0004268,황지우,F,1971-09-29,광주,남구,2025-10-24,35.13845,126.940927
0004269,권철수,M,1986-09-21,부산,부산진구,2025-10-25,35.155731,129.036082
0004270,장지우,F,1988-04-27,서울,강남구,2025-10-25,37.489466,127.022467
0004271,서현석,M,2005-02-15,인천,남동구,2025-10-25,37.452294,126.729161
0004272,강수진,M,1972-06-16,서울,성동구,2025-10-25,37.576037,127.03348
0004273,장지유,F,1977-03-11,부산,남구,2025-10-25,35.13827,129.08179
0004274,서윤서,M,1994-03-06,대구,동구,2025-10-26,35.889942,128.626899
0004275,이주원,F,1986-10-02,서울,송파구,2025-10-26,37.526044,127.101726
0004276,전도윤,F,2000-04-27,대구,달서구,2025-10-27,35.817083,128.534496
0004277,김지우,F,1978-02-20,광주,북구,2025-10-27,35.162623,126.925196
0004278,최도윤,F,1997-03-21,서울,강남구,2025-10-27,37.486781,127.030789
0004279,정예준,M,1981-05-20,부산,수영구,2025-10-27,35.154477,129.111701
0004280,권주원,F,1980-03-09,서울,성동구,2025-10-27,37.551464,127.03869
0004281,이서윤,F,1991-12-23,울산,남구,2025-10-28,35.545241,129.330526
0004282,권도윤,F,1983-04-28,울산,동구,2025-10-28,35.492899,129.423847
0004283,박민준,M,1991-03-06,서울,서초구,2025-10-28,37.485348,127.020431
0004284,오승민,F,1993-09-28,서울,강남구,2025-10-28,37.506762,127.025263
0004285,송하윤,F,1966-04-28,서울,강남구,2025-10-28,37.485809,127.043491
0004286,조현석,M,1972-10-28,서울,마포구,2025-10-28,37.57353,126.916356
0004287,오서준,F,1983-06-08,서울,서초구,2025-10-28,37.48525,127.024041
0004288,신예준,M,1991-04-03,서울,마포구,2025-10-28,37.579231,126.921633
0004289,윤주원,M,1998-05-01,서울,서초구,2025-10-28,37.485348,127.020431
0004290,윤도윤,M,1983-04-29,대전,대덕구,2025-10-29,36.366109,127.434212
0004291,홍예준,M,1999-03-01,대전,대덕구,2025-10-29,36.364878,127.436737
0004292,임승민,M,1988-02-20,대전,대덕구,2025-10-29,36.355969,127.447839
0004293,최지원,M,1987-03-22,광주,북구,2025-10-29,35.18152,126.926067
0004294,윤철수,M,1988-07-01,부산,남구,2025-10-29,35.134891,129.094263
0004295,황윤서,F,1972-04-21,부산,부산진구,2025-10-29,35.173635,129.074432
0004296,안하준,F,2000-05-26,부산,남구,2025-10-29,35.134891,129.094263
0004297,윤지유,M,1971-01-16,서울,서초구,2025-10-29,37.478985,127.033267
0004298,홍서현,F,1976-04-30,부산,수영구,2025-10-30,35.154477,129.111701
0004299,권서현,M,2004-01-07,부산,해운대구,2025-10-30,35.163322,129.159222
0004300,이동현,M,2004-06-09,대구,북구,2025-10-30,35.912824,128.621362
0004301,오지우,F,2000-01-02,서울,성동구,2025-10-30,37.561687,127.040441
0004302,홍지유,F,1975-10-17,대구,동구,2025-10-30,35.889942,128.626899
0004303,안주원,M,1992-08-21,인천,계양구,2025-10-30,37.541331,126.745466
0004304,박지훈,F,1982-09-07,서울,강남구,2025-10-31,37.489466,127.022467
0004305,조도윤,F,1981-01-27,서울,강남구,2025-10-31,37.506762,127.025263
0004306,송승민,F,1972-07-20,부산,부산진구,2025-10-31,35.156248,129.056828
0004307,강윤서,F,1980-07-26,인천,계양구,2025-10-31,37.544605,126.734891
0004308,조서현,M,1971-01-13,서울,서초구,2025-11-01,37.478985,127.033267
0004309,이시우,M,1984-06-10,서울,마포구,2025-11-01,37.579231,126.921633
0004310,신수현,M,1971-05-01,부산,부산진구,2025-11-01,35.148214,129.054903
0004311,전영희,M,1994-07-01,대구,북구,2025-11-01,35.898802,128.615833
0004312,홍예준,F,1990-03-23,인천,계양구,2025-11-01,37.541331,126.745466
0004313,윤지훈,M,1992-07-27,인천,계양구,2025-11-02,37.544605,126.734891
0004314,임예준,M,1988-03-07,서울,강남구,2025-11-02,37.507388,127.043409
0004315,윤민서,M,1991-05-02,인천,남동구,2025-11-02,37.450773,126.747514
0004316,송예준,M,1991-03-17,광주,북구,2025-11-03,35.158612,126.907869
0004317,서승민,M,1977-07-07,서울,강남구,2025-11-03,37.485809,127.043491
0004318,강현우,F,1974-05-22,서울,마포구,2025-11-03,37.569019,126.91137
0004319,박도윤,F,1998-07-02,인천,부평구,2025-11-03,37.501582,126.711729
0004320,윤주원,M,2004-09-12,대전,중구,2025-11-03,36.338939,127.448992
0004321,권하준,M,1971-06-03,서울,송파구,2025-11-03,37.516641,127.094043
0004322,조예준,M,1976-11-17,서울,성동구,2025-11-03,37.577352,127.050323
0004323,안윤서,F,1990-02-24,부산,해운대구,2025-11-04,35.163322,129.159222
0004324,강지유,M,1991-11-26,서울,성동구,2025-11-04,37.558694,127.046971
0004325,황도윤,F,1985-06-17,울산,남구,2025-11-04,35.54049,129.328761
0004326,홍시우,F,1998-05-05,서울,송파구,2025-11-05,37.508941,127.105223
0004327,권철수,M,1978-10-09,인천,서구,2025-11-05,37.541082,126.676058
0004328,정서준,F,2002-09-24,부산,부산진구,2025-11-05,35.155731,129.036082
0004329,홍주원,M,1972-03-04,서울,성동구,2025-11-05,37.561687,127.040441
0004330,전영희,M,1978-05-09,서울,강남구,2025-11-06,37.506762,127.025263
0004331,오지호,F,1995-03-31,부산,부산진구,2025-11-06,35.156248,129.056828
0004332,장승민,M,1982-05-06,부산,부산진구,2025-11-06,35.155937,129.048964
0004333,황지우,M,1977-01-25,대구,달서구,2025-11-07,35.817083,128.534496
0004334,서지성,M,1995-02-10,부산,해운대구,2025-11-07,35.163322,129.159222
0004335,신영희,F,1982-11-29,서울,서초구,2025-11-07,37.477597,127.042074
0004336,홍지훈,M,1984-04-14,울산,울주군,2025-11-07,35.517505,129.248126
0004337,김영희,F,1971-07-04,서울,서초구,2025-11-07,37.484243,127.021823
0004338,전서윤,M,1990-09-20,인천,연수구,2025-11-08,37.428937,126.682846
0004339,한시우,M,1975-11-20,부산,해운대구,2025-11-08,35.163322,129.159222
0004340,안건우,M,1979-08-30,부산,동래구,2025-11-08,35.210645,129.083455
0004341,윤하윤,M,1989-09-12,서울,서초구,2025-11-09,37.484243,127.021823
0004342,신민서,F,2001-02-13,부산,동래구,2025-11-09,35.210645,129.083455
0004343,신민준,M,1991-01-22,광주,동구,2025-11-09,35.148286,126.932418
0004344,김현우,M,1990-05-14,서울,강남구,2025-11-09,37.493375,127.03537
0004345,신서현,M,2002-01-05,서울,마포구,2025-11-09,37.579231,126.921633
0004346,이건우,M,1993-02-09,대전,유성구,2025-11-09,36.35391,127.351198
0004347,황하준,M,2003-01-22,대구,북구,2025-11-09,35.912824,128.621362
0004348,서지우,M,1994-12-07,서울,강남구,2025-11-09,37.489466,127.022467
0004349,신서현,M,1996-06-30,부산,동래구,2025-11-10,35.205918,129.063324
0004350,임지훈,F,1981-05-15,서울,송파구,2025-11-10,37.514153,127.094813
0004351,권도윤,F,1976-08-20,서울,서초구,2025-11-10,37.48525,127.024041
0004352,한건우,M,1971-05-10,서울,성동구,2025-11-10,37.577352,127.050323
0004353,권지우,F,1975-02-06,대구,북구,2025-11-10,35.898802,128.615833
0004354,오하은,M,1980-05-28,서울,송파구,2025-11-11,37.50325,127.119319
0004355,서현석,M,1980-09-26,서울,강남구,2025-11-11,37.507388,127.043409
0004356,윤철수,F,1980-03-17,부산,남구,2025-11-11,35.120493,129.085186
0004357,정서윤,F,1971-12-23,서울,강남구,2025-11-11,37.506762,127.025263
0004358,이수진,M,1971-03-27,인천,남동구,2025-11-11,37.450773,126.747514
0004359,신서윤,M,1985-05-11,서울,마포구,2025-11-11,37.579231,126.921633
0004360,박시우,M,1991-07-29,서울,송파구,2025-11-12,37.51731,127.100273
0004361,이동현,F,1975-11-29,인천,연수구,2025-11-12,37.428937,126.682846
0004362,정시우,F,1975-12-27,광주,북구,2025-11-13,35.158612,126.907869
0004363,임건우,F,1977-05-13,서울,성동구,2025-11-13,37.561687,127.040441
0004364,윤하은,F,2006-05-13,부산,부산진구,2025-11-13,35.155731,129.036082
0004365,이건우,M,1987-05-13,대구,달서구,2025-11-13,35.817083,128.534496
0004366,전하윤,M,1989-09-26,대구,북구,2025-11-13,35.898802,128.615833
0004367,임동현,M,1977-05-13,울산,남구,2025-11-13,35.54049,129.328761
0004368,김서연,M,1972-12-05,부산,동래구,2025-11-13,35.207187,129.078356
0004369,최민서,F,1999-06-14,서울,송파구,2025-11-14,37.527211,127.114209
0004370,서수현,M,1981-07-20,울산,남구,2025-11-14,35.545241,129.330526
0004371,최수진,M,2002-12-16,대전,대덕구,2025-11-15,36.364878,127.436737
0004372,오지원,M,1995-12-11,대구,수성구,2025-11-15,35.866721,128.649568
0004373,전지우,M,1986-10-02,서울,송파구,2025-11-15,37.527211,127.114209
0004374,박지성,F,1998-09-30,서울,송파구,2025-11-15,37.527211,127.114209
0004375,송도윤,M,1973-06-27,대전,중구,2025-11-15,36.319807,127.434568
0004376,박하준,M,1983-04-22,부산,부산진구,2025-11-15,35.164516,129.05897
0004377,홍현석,F,1997-06-11,부산,남구,2025-11-16,35.13827,129.08179
0004378,홍시우,M,1989-03-22,부산,동래구,2025-11-16,35.210645,129.083455
0004379,황지유,M,1991-08-29,부산,수영구,2025-11-16,35.154477,129.111701
0004380,조지민,F,1980-01-03,대구,북구,2025-11-16,35.898802,128.615833
0004381,조지훈,M,1991-05-17,서울,강남구,2025-11-17,37.486781,127.030789
0004382,박도윤,M,1967-05-17,부산,부산진구,2025-11-17,35.155731,129.036082
0004383,최윤서,F,1971-01-18,서울,송파구,2025-11-17,37.5014,127.135937
0004384,한동현,M,1988-11-21,서울,송파구,2025-11-17,37.527211,127.114209
0004385,최민준,F,1988-05-31,서울,성동구,2025-11-18,37.567738,127.044146
0004386,장민준,M,1995-05-14,서울,송파구,2025-11-18,37.50325,127.119319
0004387,김지성,M,1970-11-12,서울,마포구,2025-11-18,37.579329,126.904005
0004388,윤동현,M,1988-05-18,대구,수성구,2025-11-18,35.866721,128.649568
0004389,오예준,F,1993-11-24,광주,남구,2025-11-18,35.13845,126.940927
0004390,신서연,M,1988-05-16,서울,송파구,2025-11-18,37.528144,127.11822
0004391,권지유,F,1975-10-02,대구,동구,2025-11-19,35.889942,128.626899
0004392,안철수,M,1982-05-19,서울,마포구,2025-11-19,37.567218,126.927162
0004393,장민준,F,1973-07-01,부산,남구,2025-11-19,35.120493,129.085186
0004394,장지훈,F,1979-05-19,부산,남구,2025-11-19,35.13827,129.08179
0004395,송시우,M,2003-10-20,대구,동구,2025-11-19,35.889942,128.626899
0004396,조민서,F,1996-05-19,대전,대덕구,2025-11-19,36.364878,127.436737
0004397,정서현,F,1987-07-22,대전,중구,2025-11-19,36.338939,127.448992
0004398,권예준,M,1985-05-06,대구,수성구,2025-11-20,35.866721,128.649568
0004399,안동현,M,2002-08-22,울산,울주군,2025-11-20,35.517505,129.248126
0004400,최지호,M,1983-03-06,대구,달서구,2025-11-20,35.817083,128.534496
0004401,권도윤,M,1992-09-14,부산,부산진구,2025-11-20,35.148214,129.054903
0004402,이민서,M,1987-05-20,부산,부산진구,2025-11-20,35.148214,129.054903
0004403,장지성,F,1970-03-28,서울,마포구,2025-11-20,37.562295,126.898744
0004404,오지유,F,1997-11-02,서울,송파구,2025-11-21,37.5014,127.135937
0004405,강민서,F,1989-03-22,서울,마포구,2025-11-21,37.563645,126.908126
0004406,조지호,F,2000-06-09,대전,대덕구,2025-11-21,36.364878,127.436737
0004407,서서준,M,1983-11-07,부산,동래구,2025-11-22,35.218634,129.091488
0004408,최서현,F,1987-11-10,서울,서초구,2025-11-22,37.478985,127.033267
0004409,임지훈,M,1984-07-31,서울,마포구,2025-11-22,37.579231,126.921633
0004410,조승민,M,2001-08-06,대전,중구,2025-11-23,36.319807,127.434568
0004411,강시우,M,1980-12-31,인천,부평구,2025-11-23,37.501582,126.711729
0004412,이민준,F,1975-09-27,부산,부산진구,2025-11-23,35.155937,129.048964
0004413,한하윤,F,1979-05-23,서울,송파구,2025-11-23,37.528144,127.11822
0004414,서하은,M,1981-05-23,서울,서초구,2025-11-23,37.485348,127.020431
0004415,김지유,F,2004-05-23,부산,해운대구,2025-11-23,35.176365,129.153956
0004416,윤서윤,F,1973-11-10,서울,강남구,2025-11-23,37.507388,127.043409
0004417,김도윤,F,1998-06-01,광주,남구,2025-11-23,35.13845,126.940927
0004418,이지훈,M,1988-06-20,서울,송파구,2025-11-23,37.526044,127.101726
0004419,권지유,M,1991-11-09,부산,부산진구,2025-11-24,35.155937,129.048964
0004420,안지원,F,1970-12-13,울산,남구,2025-11-24,35.54049,129.328761
0004421,안현석,F,2003-08-27,부산,부산진구,2025-11-24,35.155731,129.036082
0004422,정서준,M,1994-12-30,서울,강남구,2025-11-25,37.489466,127.022467
0004423,신지민,F,1982-12-15,울산,동구,2025-11-25,35.516205,129.425624
0004424,황주원,F,1989-07-18,광주,동구,2025-11-25,35.148286,126.932418
0004425,신지유,F,1982-05-25,부산,동래구,2025-11-25,35.207187,129.078356
0004426,권지유,F,1977-11-01,부산,부산진구,2025-11-26,35.153548,129.048878
0004427,김서윤,M,2001-07-31,인천,연수구,2025-11-27,37.428937,126.682846
0004428,윤서연,M,1978-11-17,서울,서초구,2025-11-27,37.478985,127.033267
0004429,전지호,F,2003-11-17,인천,남동구,2025-11-27,37.431258,126.73738
0004430,강수현,M,1985-05-27,울산,남구,2025-11-27,35.54049,129.328761
0004431,안서윤,F,1984-03-29,인천,부평구,2025-11-28,37.501582,126.711729
0004432,신서연,M,2005-05-28,부산,해운대구,2025-11-28,35.163322,129.159222
0004433,홍하은,M,1971-03-14,대전,중구,2025-11-28,36.338939,127.448992
0004434,황영희,M,1983-05-06,서울,강남구,2025-11-28,37.501172,127.032666
0004435,박서현,F,1989-12-25,인천,계양구,2025-11-28,37.544605,126.734891
0004436,박서현,F,1979-11-26,대구,수성구,2025-11-28,35.866721,128.649568
0004437,정수진,M,2000-02-05,울산,동구,2025-11-28,35.516205,129.425624
0004438,최주원,F,1993-04-08,대구,중구,2025-11-28,35.87333,128.618027
0004439,송지유,F,1974-07-31,서울,송파구,2025-11-28,37.5014,127.135937
0004440,홍지민,F,2003-05-12,광주,남구,2025-11-28,35.13845,126.940927
0004441,김지유,M,1997-02-21,서울,성동구,2025-11-29,37.558694,127.046971
0004442,권수현,F,1994-05-29,서울,성동구,2025-11-29,37.576037,127.03348
0004443,안승민,M,1989-05-27,서울,성동구,2025-11-29,37.576037,127.03348
0004444,안민준,F,1990-02-10,서울,송파구,2025-11-29,37.526044,127.101726
0004445,송지훈,F,1978-01-01,서울,성동구,2025-11-30,37.56004,127.06894
0004446,송지호,M,2002-07-30,서울,송파구,2025-11-30,37.528144,127.11822
0004447,안하윤,F,1985-10-21,광주,동구,2025-12-01,35.148286,126.932418
0004448,권도윤,F,1971-02-26,부산,동래구,2025-12-01,35.210645,129.083455
0004449,최하준,M,1981-05-03,부산,부산진구,2025-12-01,35.165841,129.062262
0004450,윤민서,M,1974-03-12,대전,대덕구,2025-12-01,36.364878,127.436737
0004451,한지훈,M,1986-12-27,광주,남구,2025-12-02,35.13845,126.940927
0004452,황현우,M,2002-06-20,서울,서초구,2025-12-02,37.492387,127.030204
0004453,박민준,M,1979-04-03,광주,남구,2025-12-02,35.13845,126.940927
0004454,안지성,M,1993-03-28,서울,송파구,2025-12-02,37.510372,127.112456
0004455,박하준,F,1990-01-18,광주,북구,2025-12-02,35.158612,126.907869
0004456,송현석,M,1970-11-13,서울,성동구,2025-12-03,37.551464,127.03869
0004457,서지민,F,1986-06-03,대전,대덕구,2025-12-03,36.364878,127.436737
0004458,정현우,F,1980-10-20,광주,북구,2025-12-03,35.18152,126.926067
0004459,임영희,M,2005-01-19,서울,송파구,2025-12-03,37.526044,127.101726
0004460,이철수,F,1981-04-16,대구,수성구,2025-12-03,35.866721,128.649568
0004461,강서연,M,1998-06-10,인천,부평구,2025-12-03,37.507528,126.716538
0004462,조철수,F,1982-07-28,서울,서초구,2025-12-04,37.48525,127.024041
0004463,박지우,M,2002-03-20,서울,송파구,2025-12-04,37.510372,127.112456
0004464,신주원,M,1986-09-14,대전,유성구,2025-12-04,36.35391,127.351198
0004465,전서준,M,1993-02-04,서울,서초구,2025-12-04,37.478985,127.033267
0004466,권민서,F,1994-05-20,대전,대덕구,2025-12-04,36.364878,127.436737
0004467,한지우,F,1982-07-17,부산,남구,2025-12-04,35.120493,129.085186
0004468,송하은,F,1983-02-13,부산,부산진구,2025-12-04,35.164516,129.05897
0004469,장동현,F,1997-07-01,부산,부산진구,2025-12-04,35.156248,129.056828
0004470,장영희,F,2003-08-28,서울,강남구,2025-12-05,37.489466,127.022467
0004471,전철수,F,1978-12-06,서울,서초구,2025-12-05,37.485348,127.020431
0004472,장예준,M,1990-05-13,서울,성동구,2025-12-05,37.577737,127.017251
0004473,권수현,M,1999-06-05,부산,부산진구,2025-12-05,35.156248,129.056828
0004474,조현석,M,2004-01-27,서울,서초구,2025-12-06,37.478985,127.033267
0004475,오하준,F,1988-06-03,서울,서초구,2025-12-06,37.483618,127.040159
0004476,한주원,F,1981-11-09,서울,강남구,2025-12-06,37.494624,127.018984
0004477,서서연,F,2003-06-18,부산,부산진구,2025-12-06,35.148214,129.054903
0004478,조윤서,M,2005-05-03,부산,남구,2025-12-07,35.13827,129.08179
0004479,전서현,M,1981-06-07,부산,부산진구,2025-12-07,35.157608,129.051143
0004480,장수현,M,2001-07-25,서울,송파구,2025-12-07,37.51955,127.115158
0004481,서서준,M,1996-04-06,광주,북구,2025-12-07,35.162623,126.925196
0004482,김승민,F,1993-12-17,대전,중구,2025-12-07,36.338939,127.448992
0004483,오하은,M,1983-03-06,대전,대덕구,2025-12-07,36.364878,127.436737
0004484,강철수,M,2003-12-17,서울,마포구,2025-12-07,37.57353,126.916356
0004485,박동현,F,1966-06-07,부산,남구,2025-12-07,35.134891,129.094263
0004486,정예준,F,2001-06-08,울산,동구,2025-12-08,35.492899,129.423847
0004487,윤시우,M,1974-08-14,광주,동구,2025-12-08,35.148286,126.932418
0004488,장수현,F,1993-07-01,서울,강남구,2025-12-08,37.506762,127.025263
0004489,정서윤,F,1984-05-19,서울,마포구,2025-12-08,37.563645,126.908126
0004490,송하준,F,1980-04-30,인천,남동구,2025-12-08,37.450773,126.747514
0004491,권예준,F,1998-07-27,서울,마포구,2025-12-08,37.555331,126.907948
0004492,권지우,F,1984-06-22,서울,송파구,2025-12-08,37.51731,127.100273
0004493,강수현,F,2001-10-04,서울,강남구,2025-12-08,37.489466,127.022467
0004494,권하은,F,1996-04-10,서울,마포구,2025-12-09,37.563645,126.908126
0004495,이도윤,M,1986-06-09,대구,북구,2025-12-09,35.912824,128.621362
0004496,박도윤,M,2000-12-26,인천,서구,2025-12-09,37.541082,126.676058
0004497,강수진,M,1972-06-28,대전,중구,2025-12-09,36.319807,127.434568
0004498,전하준,F,1988-12-09,서울,성동구,2025-12-09,37.56004,127.06894
0004499,신지호,F,1996-04-29,광주,북구,2025-12-10,35.182325,126.899092
0004500,전동현,M,1990-11-07,대전,대덕구,2025-12-10,36.355969,127.447839
0004501,송도윤,F,2000-10-20,부산,남구,2025-12-10,35.13827,129.08179
0004502,정수현,F,1984-04-07,서울,성동구,2025-12-10,37.561687,127.040441
0004503,오서연,M,1985-09-16,서울,마포구,2025-12-10,37.563645,126.908126
0004504,오철수,F,2004-12-07,울산,동구,2025-12-10,35.492899,129.423847
0004505,오하윤,M,2000-02-25,광주,남구,2025-12-11,35.13845,126.940927
0004506,오지원,M,1971-03-14,서울,마포구,2025-12-11,37.582523,126.912364
0004507,한주원,F,1994-06-11,서울,서초구,2025-12-11,37.48525,127.024041
0004508,오영희,F,1994-11-04,부산,해운대구,2025-12-12,35.163322,129.159222
0004509,전동현,M,1983-03-02,부산,동래구,2025-12-12,35.207187,129.078356
0004510,황수현,M,2005-07-10,서울,성동구,2025-12-12,37.561687,127.040441
0004511,최동현,M,1997-10-12,울산,울주군,2025-12-12,35.533543,129.241653
0004512,서지우,F,1983-09-24,부산,부산진구,2025-12-12,35.153548,129.048878
0004513,황시우,M,2004-08-07,서울,마포구,2025-12-12,37.562295,126.898744
0004514,이윤서,F,1991-10-15,인천,서구,2025-12-12,37.541082,126.676058
0004515,조영희,F,2003-01-26,서울,송파구,2025-12-13,37.527211,127.114209
0004516,황하준,M,2004-02-29,대전,서구,2025-12-13,36.355481,127.361029
0004517,조지민,F,1987-03-31,서울,강남구,2025-12-13,37.493375,127.03537
0004518,강서윤,F,1995-03-24,대전,대덕구,2025-12-13,36.366109,127.434212
0004519,이동현,F,1975-04-30,서울,강남구,2025-12-13,37.485809,127.043491
0004520,황지훈,F,1988-04-25,서울,성동구,2025-12-13,37.561687,127.040441
0004521,신현우,F,1998-05-30,서울,송파구,2025-12-14,37.526044,127.101726
0004522,권지원,M,1995-01-04,서울,송파구,2025-12-14,37.51731,127.100273
0004523,전윤서,F,1980-05-25,대전,대덕구,2025-12-15,36.366109,127.434212
0004524,황영희,M,1973-01-09,서울,서초구,2025-12-15,37.478985,127.033267
0004525,김예준,F,2000-11-01,서울,마포구,2025-12-15,37.567218,126.927162
0004526,조현석,M,2001-12-18,광주,북구,2025-12-15,35.162623,126.925196
0004527,전승민,F,1986-03-18,서울,강남구,2025-12-15,37.507388,127.043409
0004528,송지훈,M,1993-05-23,서울,서초구,2025-12-15,37.483618,127.040159
0004529,정민서,F,1977-06-17,서울,강남구,2025-12-15,37.489466,127.022467
0004530,한수현,M,2006-06-16,부산,부산진구,2025-12-16,35.156248,129.056828
0004531,정하은,F,1981-11-15,서울,강남구,2025-12-16,37.494624,127.018984
0004532,최지호,M,1974-12-10,울산,남구,2025-12-16,35.54049,129.328761
0004533,권승민,M,1998-02-17,서울,서초구,2025-12-16,37.477597,127.042074
0004534,홍지우,M,1984-03-28,서울,송파구,2025-12-16,37.5014,127.135937
0004535,강하은,F,1984-09-17,울산,동구,2025-12-16,35.492899,129.423847
0004536,박동현,M,1998-04-04,광주,북구,2025-12-16,35.162623,126.925196
0004537,박하은,M,1988-06-26,대구,동구,2025-12-16,35.889942,128.626899
0004538,오민서,F,1997-10-23,서울,성동구,2025-12-16,37.56004,127.06894
0004539,한시우,F,1991-05-21,대전,중구,2025-12-16,36.338939,127.448992
0004540,서도윤,M,1979-01-08,광주,북구,2025-12-16,35.158612,126.907869
0004541,김건우,M,1974-08-21,인천,서구,2025-12-16,37.541082,126.676058
0004542,황지원,F,1985-02-11,울산,울주군,2025-12-16,35.517505,129.248126
0004543,강하윤,F,1981-06-03,대전,중구,2025-12-17,36.338939,127.448992
0004544,오지유,F,1991-12-25,서울,강남구,2025-12-17,37.489466,127.022467
0004545,전주원,M,1996-04-17,서울,강남구,2025-12-17,37.501172,127.032666
0004546,송윤서,M,1981-01-23,광주,남구,2025-12-17,35.13845,126.940927
0004547,오민서,F,1992-10-31,울산,동구,2025-12-18,35.516205,129.425624
0004548,김민서,F,1986-09-16,울산,동구,2025-12-18,35.516205,129.425624
0004549,홍도윤,M,1972-02-22,부산,부산진구,2025-12-18,35.148214,129.054903
0004550,강하준,M,1999-08-27,인천,부평구,2025-12-18,37.507528,126.716538
0004551,한건우,M,1988-06-18,서울,성동구,2025-12-18,37.56004,127.06894
0004552,장민준,M,1975-09-13,서울,송파구,2025-12-19,37.510372,127.112456
0004553,안주원,M,1972-05-16,대전,대덕구,2025-12-19,36.378921,127.443177
0004554,전수현,M,1978-06-16,부산,해운대구,2025-12-19,35.163322,129.159222
0004555,전서윤,M,1986-08-29,서울,송파구,2025-12-19,37.528144,127.11822
0004556,안서준,M,1982-03-19,부산,남구,2025-12-19,35.134891,129.094263
0004557,신서연,F,1970-11-23,인천,남동구,2025-12-20,37.452294,126.729161
0004558,정서준,M,1994-08-30,서울,성동구,2025-12-20,37.577352,127.050323
0004559,권하준,M,1996-06-20,울산,동구,2025-12-20,35.492899,129.423847
0004560,임하윤,M,1975-06-20,부산,동래구,2025-12-20,35.205918,129.063324
0004561,신서준,M,1971-09-23,대구,북구,2025-12-20,35.898802,128.615833
0004562,오지우,M,1995-04-16,서울,마포구,2025-12-20,37.567218,126.927162
0004563,전예준,M,1982-12-05,서울,송파구,2025-12-20,37.514153,127.094813
0004564,박민서,M,1988-04-04,대전,대덕구,2025-12-21,36.366109,127.434212
0004565,서수현,M,1974-11-19,울산,중구,2025-12-21,35.578704,129.328588
0004566,김예준,M,1996-10-09,인천,연수구,2025-12-21,37.428937,126.682846
0004567,한하은,F,2002-02-25,서울,송파구,2025-12-21,37.51731,127.100273
0004568,장현우,F,1977-10-28,서울,송파구,2025-12-21,37.527211,127.114209
0004569,서수진,F,1976-05-08,인천,계양구,2025-12-21,37.541331,126.745466
0004570,윤현석,F,1993-06-18,부산,남구,2025-12-21,35.13827,129.08179
0004571,김지유,M,1975-11-11,서울,서초구,2025-12-21,37.485348,127.020431
0004572,박윤서,M,2004-09-22,대전,대덕구,2025-12-21,36.378921,127.443177
0004573,전지원,F,1990-01-02,부산,동래구,2025-12-22,35.205918,129.063324
0004574,이지우,F,1975-08-14,서울,서초구,2025-12-22,37.48525,127.024041
0004575,오서연,F,1984-06-06,서울,마포구,2025-12-23,37.569019,126.91137
0004576,김주원,F,2004-10-12,서울,송파구,2025-12-23,37.508941,127.105223
0004577,전영희,M,1987-06-28,부산,부산진구,2025-12-23,35.164516,129.05897
0004578,박민준,F,1985-11-11,대전,중구,2025-12-23,36.338939,127.448992
0004579,홍서연,M,1977-12-11,울산,남구,2025-12-23,35.545241,129.330526
0004580,오수현,M,1995-02-25,부산,남구,2025-12-23,35.13827,129.08179
0004581,신현석,F,1992-07-14,서울,성동구,2025-12-23,37.551464,127.03869
0004582,최수진,F,1998-03-30,서울,송파구,2025-12-23,37.5014,127.135937
0004583,임건우,M,1984-07-03,서울,마포구,2025-12-23,37.569019,126.91137
0004584,홍지유,M,1976-09-05,대전,대덕구,2025-12-23,36.378921,127.443177
0004585,한민준,F,2001-06-16,대구,중구,2025-12-23,35.87333,128.618027
0004586,조현우,F,1976-12-11,대전,서구,2025-12-24,36.355481,127.361029
0004587,이현우,M,1978-10-01,부산,부산진구,2025-12-24,35.157608,129.051143
0004588,정현석,M,2001-08-30,광주,남구,2025-12-24,35.13845,126.940927
0004589,이민서,M,1976-12-11,서울,강남구,2025-12-24,37.507388,127.043409
0004590,임하윤,F,1987-04-13,서울,성동구,2025-12-24,37.551464,127.03869
0004591,임지호,F,1975-06-24,서울,서초구,2025-12-24,37.492387,127.030204
0004592,홍지훈,F,1972-09-15,울산,울주군,2025-12-25,35.533543,129.241653
0004593,김지원,F,1994-11-02,서울,성동구,2025-12-25,37.561687,127.040441
0004594,신지훈,F,1999-12-19,서울,강남구,2025-12-25,37.493375,127.03537
0004595,정서준,M,1985-12-27,대전,대덕구,2025-12-25,36.366109,127.434212
0004596,송승민,F,1971-08-26,서울,강남구,2025-12-25,37.501172,127.032666
0004597,윤하준,F,1986-06-26,대전,대덕구,2025-12-26,36.355969,127.447839
0004598,정서준,F,1971-06-26,서울,서초구,2025-12-26,37.477597,127.042074
0004599,안민서,F,1982-05-28,부산,수영구,2025-12-26,35.154477,129.111701
0004600,이현우,F,2004-03-30,인천,남동구,2025-12-26,37.450773,126.747514
0004601,최서연,M,1995-09-13,울산,동구,2025-12-26,35.492899,129.423847
0004602,정승민,F,1981-05-07,서울,성동구,2025-12-26,37.551464,127.03869
0004603,정예준,F,1995-09-03,서울,성동구,2025-12-26,37.577352,127.050323
0004604,송지호,F,1974-03-10,부산,동래구,2025-12-27,35.218634,129.091488
0004605,안수진,M,1992-08-15,부산,부산진구,2025-12-27,35.164516,129.05897
0004606,안시우,M,1987-01-21,서울,성동구,2025-12-27,37.577352,127.050323
0004607,최하윤,F,1974-07-27,서울,마포구,2025-12-27,37.562295,126.898744
0004608,윤하은,F,1989-12-07,광주,남구,2025-12-27,35.13845,126.940927
0004609,한동현,M,1990-07-23,인천,계양구,2025-12-27,37.541331,126.745466
0004610,한철수,F,2001-02-07,대전,중구,2025-12-27,36.319807,127.434568
0004611,윤시우,F,1978-12-08,서울,서초구,2025-12-27,37.478985,127.033267
0004612,이지유,F,1994-01-15,대전,중구,2025-12-28,36.338939,127.448992
0004613,홍지우,M,1981-01-17,서울,송파구,2025-12-28,37.51731,127.100273
0004614,신주원,M,1988-06-28,서울,송파구,2025-12-28,37.5014,127.135937
0004615,오서준,M,1989-09-30,광주,남구,2025-12-28,35.13845,126.940927
0004616,신서현,M,2002-05-21,인천,계양구,2025-12-28,37.541331,126.745466
0004617,정수현,F,1997-06-29,광주,북구,2025-12-29,35.162623,126.925196
0004618,강윤서,M,1997-06-29,부산,동래구,2025-12-29,35.218634,129.091488
0004619,안지호,F,2003-10-15,서울,송파구,2025-12-29,37.50325,127.119319
0004620,홍지민,F,1975-08-03,서울,송파구,2025-12-29,37.516641,127.094043
0004621,신하윤,F,1995-08-11,인천,남동구,2025-12-29,37.450773,126.747514
0004622,조지호,M,1977-07-29,부산,해운대구,2025-12-29,35.176365,129.153956
0004623,서동현,F,2001-11-14,부산,해운대구,2025-12-29,35.163322,129.159222
0004624,이서현,F,1978-07-13,대구,북구,2025-12-29,35.898802,128.615833
0004625,신주원,F,1989-05-23,부산,해운대구,2025-12-30,35.176365,129.153956
0004626,서서연,F,1976-10-05,부산,남구,2025-12-30,35.120493,129.085186
0004627,박영희,F,1975-07-21,대구,달서구,2025-12-30,35.817083,128.534496
0004628,이지유,F,2003-01-07,서울,강남구,2025-12-31,37.485809,127.043491
0004629,강지훈,F,2003-01-13,서울,강남구,2025-12-31,37.489466,127.022467
0004630,조수현,M,2000-12-02,서울,서초구,2025-12-31,37.477597,127.042074
0004631,정서준,M,1975-08-24,서울,성동구,2025-12-31,37.56004,127.06894
0004632,임서준,M,1970-09-17,서울,송파구,2025-12-31,37.51731,127.100273
0004633,황서윤,F,1996-06-20,서울,성동구,2025-12-31,37.558694,127.046971
0004634,신지민,F,1997-08-20,서울,강남구,2025-12-31,37.494624,127.018984
0004635,권하은,M,1996-08-03,울산,중구,2025-12-31,35.578704,129.328588
0004636,한지우,F,1988-02-25,부산,부산진구,2025-12-31,35.157608,129.051143
0004637,윤하은,M,1970-11-06,서울,서초구,2026-01-01,37.485348,127.020431
0004638,전건우,F,1980-12-26,울산,울주군,2026-01-01,35.533543,129.241653
0004639,한서연,F,2002-01-18,서울,송파구,2026-01-01,37.514153,127.094813
0004640,안도윤,M,1994-10-30,부산,남구,2026-01-01,35.13827,129.08179
0004641,이서준,M,1971-08-21,서울,송파구,2026-01-01,37.516641,127.094043
0004642,안수현,F,1975-04-30,부산,해운대구,2026-01-02,35.176365,129.153956
0004643,강서현,F,1996-08-05,서울,서초구,2026-01-02,37.477597,127.042074
0004644,전주원,F,1989-05-27,대전,대덕구,2026-01-02,36.378921,127.443177
0004645,송민준,M,1986-07-02,서울,강남구,2026-01-02,37.507388,127.043409
0004646,신지성,M,1999-12-25,울산,남구,2026-01-02,35.545241,129.330526
0004647,박하준,F,1983-06-04,대구,동구,2026-01-02,35.889942,128.626899
0004648,최서현,M,1975-07-16,인천,남동구,2026-01-03,37.450773,126.747514
0004649,박지성,M,1995-07-03,서울,성동구,2026-01-03,37.577352,127.050323
0004650,신지훈,F,1973-07-22,인천,연수구,2026-01-03,37.400091,126.683625
0004651,한서준,F,1971-12-18,서울,마포구,2026-01-03,37.569019,126.91137
0004652,한서현,F,1973-08-23,부산,부산진구,2026-01-03,35.155937,129.048964
0004653,권서준,M,1975-01-16,울산,남구,2026-01-04,35.545241,129.330526
0004654,윤지훈,F,1980-03-10,서울,송파구,2026-01-04,37.510372,127.112456
0004655,전지성,M,1999-01-07,서울,마포구,2026-01-04,37.569019,126.91137
0004656,권서준,F,1999-08-18,서울,마포구,2026-01-04,37.562295,126.898744
0004657,전도윤,F,1984-09-20,대구,북구,2026-01-05,35.898802,128.615833
0004658,오수현,F,1996-05-02,서울,성동구,2026-01-05,37.577737,127.017251
0004659,신수현,F,1974-04-05,서울,마포구,2026-01-05,37.567218,126.927162
0004660,조철수,F,1994-07-06,대구,동구,2026-01-06,35.889942,128.626899
0004661,임승민,M,1976-06-15,서울,서초구,2026-01-06,37.492387,127.030204
0004662,정지훈,F,1978-05-25,서울,마포구,2026-01-06,37.57353,126.916356
0004663,권승민,F,2004-05-07,서울,서초구,2026-01-06,37.48525,127.024041
0004664,정하윤,M,1972-04-20,광주,동구,2026-01-07,35.148286,126.932418
0004665,강승민,M,1978-06-27,광주,동구,2026-01-07,35.148286,126.932418
0004666,조수현,M,1981-07-22,서울,강남구,2026-01-07,37.501172,127.032666
0004667,강하은,F,1988-04-06,인천,계양구,2026-01-07,37.541331,126.745466
0004668,송수진,F,1971-06-15,대전,서구,2026-01-08,36.355481,127.361029
0004669,강서연,M,1975-08-28,부산,부산진구,2026-01-08,35.164516,129.05897
0004670,조주원,F,1978-01-06,서울,성동구,2026-01-08,37.567738,127.044146
0004671,최수현,F,1989-07-08,서울,마포구,2026-01-08,37.579231,126.921633
0004672,전민서,M,1989-04-08,광주,북구,2026-01-08,35.162623,126.925196
0004673,한현우,F,1993-07-09,부산,수영구,2026-01-09,35.154477,129.111701
0004674,오현우,M,2003-02-03,부산,남구,2026-01-09,35.120493,129.085186
0004675,신승민,F,1985-11-16,부산,해운대구,2026-01-09,35.163322,129.159222
0004676,황동현,F,2001-05-29,서울,마포구,2026-01-09,37.582523,126.912364
0004677,한서연,F,1992-06-04,대전,대덕구,2026-01-09,36.364878,127.436737
0004678,최영희,F,1974-02-19,서울,성동구,2026-01-10,37.577352,127.050323
0004679,안하은,F,2002-05-23,대전,유성구,2026-01-10,36.35391,127.351198
0004680,장동현,F,1981-08-28,서울,서초구,2026-01-10,37.48525,127.024041
0004681,정영희,M,1999-03-06,울산,동구,2026-01-10,35.516205,129.425624
0004682,조지호,F,1970-03-24,대구,중구,2026-01-10,35.87333,128.618027
0004683,강지호,M,1983-11-24,부산,동래구,2026-01-11,35.218634,129.091488
0004684,정지우,F,1994-11-21,부산,남구,2026-01-11,35.13827,129.08179
0004685,오서준,M,2005-08-30,서울,성동구,2026-01-11,37.551464,127.03869
0004686,조현석,M,2002-04-29,대전,중구,2026-01-12,36.319807,127.434568
0004687,윤지유,M,1974-11-28,부산,해운대구,2026-01-12,35.176365,129.153956
0004688,황동현,M,2003-01-13,부산,해운대구,2026-01-12,35.176365,129.153956
0004689,조지민,F,1971-12-20,인천,남동구,2026-01-13,37.452294,126.729161
0004690,박도윤,F,1975-08-08,대전,서구,2026-01-14,36.355481,127.361029
0004691,임하은,M,1986-09-03,광주,북구,2026-01-14,35.18152,126.926067
0004692,강동현,F,1984-02-17,인천,부평구,2026-01-14,37.507528,126.716538
0004693,권윤서,M,1973-07-09,인천,연수구,2026-01-14,37.428937,126.682846
0004694,황시우,F,1975-10-01,서울,마포구,2026-01-15,37.579329,126.904005
0004695,조현석,M,1970-10-10,대구,중구,2026-01-15,35.87333,128.618027
0004696,장주원,F,1979-06-13,인천,계양구,2026-01-15,37.544605,126.734891
0004697,이현우,M,1991-12-25,울산,남구,2026-01-15,35.545241,129.330526
0004698,조주원,F,1983-09-29,인천,남동구,2026-01-15,37.431258,126.73738
0004699,장지훈,M,1990-07-15,광주,북구,2026-01-15,35.182325,126.899092
0004700,장서윤,M,1977-09-14,부산,부산진구,2026-01-15,35.155731,129.036082
0004701,조수현,F,1997-02-25,부산,해운대구,2026-01-16,35.163322,129.159222
0004702,장현우,M,1993-09-02,부산,해운대구,2026-01-16,35.176365,129.153956
0004703,이서현,M,1997-08-17,부산,남구,2026-01-16,35.134891,129.094263
0004704,안지훈,F,1984-07-16,울산,동구,2026-01-16,35.492899,129.423847
0004705,임주원,F,1971-12-23,서울,송파구,2026-01-16,37.51955,127.115158
0004706,서지민,F,1975-11-20,부산,남구,2026-01-16,35.134891,129.094263
0004707,신민준,M,1994-02-27,부산,부산진구,2026-01-17,35.153548,129.048878
0004708,한예준,F,1999-12-23,부산,남구,2026-01-17,35.134891,129.094263
0004709,권동현,F,2002-12-09,광주,남구,2026-01-17,35.13845,126.940927
0004710,안하은,M,1995-05-06,서울,강남구,2026-01-18,37.493375,127.03537
0004711,박지훈,F,1984-09-08,광주,남구,2026-01-19,35.13845,126.940927
0004712,장철수,M,1979-07-19,서울,서초구,2026-01-19,37.477597,127.042074
0004713,장지민,F,1991-07-19,대전,중구,2026-01-19,36.338939,127.448992
0004714,홍지원,F,1971-01-16,서울,강남구,2026-01-19,37.507388,127.043409
0004715,서하윤,F,1972-03-11,대전,대덕구,2026-01-19,36.366109,127.434212
0004716,전주원,M,1978-11-08,서울,서초구,2026-01-19,37.484243,127.021823
0004717,박수진,F,1995-08-26,부산,동래구,2026-01-19,35.205918,129.063324
0004718,한철수,F,1987-10-30,서울,마포구,2026-01-19,37.555331,126.907948
0004719,김동현,F,1978-07-03,부산,해운대구,2026-01-19,35.163322,129.159222
0004720,서민서,M,1981-10-10,대전,중구,2026-01-20,36.338939,127.448992
0004721,전현우,F,1991-03-06,인천,서구,2026-01-20,37.541082,126.676058
0004722,이하준,M,1996-07-21,서울,송파구,2026-01-21,37.526044,127.101726
0004723,한예준,M,1988-05-13,부산,해운대구,2026-01-21,35.176365,129.153956
0004724,황민서,F,1992-02-01,부산,해운대구,2026-01-21,35.163322,129.159222
0004725,홍지민,F,2001-07-22,대전,중구,2026-01-22,36.338939,127.448992
0004726,홍동현,F,2001-04-16,인천,계양구,2026-01-22,37.541331,126.745466
0004727,임도윤,F,1977-07-22,서울,성동구,2026-01-22,37.577737,127.017251
0004728,이서준,M,1996-07-06,인천,서구,2026-01-22,37.541082,126.676058
0004729,홍지호,F,1989-11-26,인천,계양구,2026-01-22,37.544605,126.734891
0004730,최하준,M,1999-03-29,인천,부평구,2026-01-23,37.507528,126.716538
0004731,강지민,M,1978-01-31,서울,강남구,2026-01-23,37.494624,127.018984
0004732,이서연,M,1977-12-12,대구,동구,2026-01-23,35.889942,128.626899
0004733,서지유,M,1991-01-23,광주,북구,2026-01-23,35.162623,126.925196
0004734,최동현,M,1999-03-16,서울,마포구,2026-01-23,37.582523,126.912364
0004735,정지유,F,1995-09-19,대구,동구,2026-01-23,35.889942,128.626899
0004736,임현우,F,1982-09-22,대전,중구,2026-01-24,36.319807,127.434568
0004737,홍하윤,M,1991-06-18,서울,강남구,2026-01-24,37.489466,127.022467
0004738,안서현,M,2004-09-14,인천,남동구,2026-01-24,37.431258,126.73738
0004739,강민서,F,1973-01-03,부산,부산진구,2026-01-25,35.165841,129.062262
0004740,오건우,F,1990-07-25,서울,서초구,2026-01-25,37.485348,127.020431
0004741,황하은,F,1979-05-04,서울,마포구,2026-01-25,37.579329,126.904005
0004742,장서현,M,1980-11-22,서울,강남구,2026-01-25,37.501172,127.032666
0004743,서승민,F,1974-08-02,광주,북구,2026-01-25,35.182325,126.899092
0004744,신영희,M,1977-12-23,서울,성동구,2026-01-25,37.56004,127.06894
0004745,윤하윤,M,1980-03-08,서울,마포구,2026-01-26,37.57353,126.916356
0004746,박지원,F,1980-08-05,부산,동래구,2026-01-26,35.207187,129.078356
0004747,박지유,M,1977-09-30,대구,달서구,2026-01-26,35.817083,128.534496
0004748,서승민,M,1992-07-29,광주,북구,2026-01-26,35.162623,126.925196
0004749,장하윤,M,1984-07-05,서울,송파구,2026-01-26,37.508941,127.105223
0004750,송하준,F,1974-12-02,서울,강남구,2026-01-26,37.486781,127.030789
0004751,황시우,F,2000-12-23,부산,동래구,2026-01-27,35.207187,129.078356
0004752,김민준,F,2000-04-24,울산,남구,2026-01-27,35.54049,129.328761
0004753,송수현,M,1990-07-27,울산,울주군,2026-01-27,35.517505,129.248126
0004754,윤동현,M,2002-08-12,광주,남구,2026-01-27,35.13845,126.940927
0004755,김하윤,M,1980-01-26,울산,동구,2026-01-27,35.516205,129.425624
0004756,오수현,F,1975-03-20,대구,달서구,2026-01-27,35.817083,128.534496
0004757,김하윤,F,1990-08-25,서울,송파구,2026-01-27,37.528144,127.11822
0004758,조예준,M,1974-11-06,대전,대덕구,2026-01-28,36.364878,127.436737
0004759,장지원,M,1987-11-18,부산,부산진구,2026-01-28,35.148214,129.054903
0004760,김주원,F,1971-08-02,서울,마포구,2026-01-28,37.579231,126.921633
0004761,황하윤,F,1990-10-26,대구,수성구,2026-01-28,35.866721,128.649568
0004762,조영희,F,1972-04-08,서울,서초구,2026-01-28,37.478985,127.033267
0004763,안하준,M,1972-09-27,서울,강남구,2026-01-29,37.501172,127.032666
0004764,안승민,F,1983-11-08,부산,해운대구,2026-01-29,35.176365,129.153956
0004765,한민서,M,2002-02-11,부산,부산진구,2026-01-29,35.164516,129.05897
0004766,임현우,F,1976-06-26,서울,성동구,2026-01-29,37.551464,127.03869
0004767,윤서윤,F,2004-12-13,서울,마포구,2026-01-29,37.579231,126.921633
0004768,장지훈,M,1985-05-15,울산,울주군,2026-01-30,35.517505,129.248126
0004769,송지호,M,2004-07-30,서울,강남구,2026-01-30,37.489466,127.022467
0004770,김민서,M,2002-07-14,서울,송파구,2026-01-30,37.528144,127.11822
0004771,장수현,M,1981-03-02,부산,동래구,2026-01-30,35.205918,129.063324
0004772,김현석,F,2004-04-27,서울,강남구,2026-01-31,37.506762,127.025263
0004773,홍서현,M,1973-03-05,부산,부산진구,2026-01-31,35.155937,129.048964
0004774,강주원,M,1986-07-31,서울,성동구,2026-01-31,37.577737,127.017251
0004775,한서윤,F,1989-04-18,서울,송파구,2026-01-31,37.526044,127.101726
0004776,이승민,M,1992-09-19,대전,서구,2026-01-31,36.355481,127.361029
0004777,조민서,F,1976-09-21,대구,북구,2026-01-31,35.898802,128.615833
0004778,서민준,M,1975-02-18,서울,송파구,2026-02-01,37.514153,127.094813
0004779,이도윤,F,1991-08-13,서울,송파구,2026-02-01,37.508941,127.105223
0004780,안지우,F,1975-09-21,서울,송파구,2026-02-01,37.526044,127.101726
0004781,조서준,F,1993-08-21,울산,울주군,2026-02-01,35.517505,129.248126
0004782,윤지민,F,1997-01-07,대구,동구,2026-02-01,35.889942,128.626899
0004783,장윤서,F,1987-08-23,서울,강남구,2026-02-02,37.489466,127.022467
0004784,박하은,M,1999-04-10,서울,마포구,2026-02-02,37.562295,126.898744
0004785,윤현우,M,1999-12-23,부산,해운대구,2026-02-02,35.176365,129.153956
0004786,홍민서,F,1972-08-02,서울,성동구,2026-02-02,37.577352,127.050323
0004787,정수진,M,1988-09-11,부산,부산진구,2026-02-02,35.155731,129.036082
0004788,서지훈,F,1982-11-30,서울,강남구,2026-02-02,37.494624,127.018984
0004789,송지유,F,1996-11-17,서울,성동구,2026-02-02,37.558694,127.046971
0004790,오수진,F,2004-04-23,서울,마포구,2026-02-03,37.569019,126.91137
0004791,최하윤,M,1979-04-05,인천,남동구,2026-02-03,37.450773,126.747514
0004792,황현석,F,1975-02-05,서울,송파구,2026-02-03,37.508941,127.105223
0004793,오건우,M,1998-02-14,부산,부산진구,2026-02-03,35.156248,129.056828
0004794,정예준,M,1976-07-09,인천,연수구,2026-02-03,37.428937,126.682846
0004795,윤지민,F,1992-06-22,부산,남구,2026-02-03,35.134891,129.094263
0004796,조하준,F,1974-10-21,부산,부산진구,2026-02-03,35.157608,129.051143
0004797,송지성,M,1977-07-03,서울,성동구,2026-02-03,37.558694,127.046971
0004798,장예준,F,1984-02-29,인천,남동구,2026-02-04,37.431258,126.73738
0004799,황지훈,M,1995-09-26,대전,대덕구,2026-02-04,36.366109,127.434212
0004800,최현우,F,1979-08-15,서울,서초구,2026-02-04,37.48525,127.024041
0004801,신지성,M,1992-04-20,인천,계양구,2026-02-04,37.541331,126.745466
0004802,권민준,F,1984-04-09,광주,동구,2026-02-04,35.148286,126.932418
0004803,강지우,F,1978-06-22,서울,강남구,2026-02-05,37.489466,127.022467
0004804,강지유,M,2000-08-05,서울,서초구,2026-02-05,37.483618,127.040159
0004805,황민서,F,2002-03-01,인천,남동구,2026-02-05,37.431258,126.73738
0004806,서민준,F,1975-08-05,대전,대덕구,2026-02-05,36.378921,127.443177
0004807,오지우,M,1984-06-27,울산,남구,2026-02-05,35.54049,129.328761
0004808,정지호,M,1977-11-03,부산,동래구,2026-02-06,35.207187,129.078356
0004809,강서현,F,1971-11-28,광주,북구,2026-02-06,35.162623,126.925196
0004810,오서준,F,1981-12-05,부산,남구,2026-02-06,35.13827,129.08179
0004811,조서준,M,1999-08-23,서울,마포구,2026-02-06,37.582523,126.912364
0004812,오수진,F,1978-07-03,광주,북구,2026-02-06,35.162623,126.925196
0004813,장서현,F,1999-03-18,대구,북구,2026-02-07,35.912824,128.621362
0004814,조현우,F,2003-04-01,서울,마포구,2026-02-07,37.562295,126.898744
0004815,임민서,F,1990-04-10,부산,해운대구,2026-02-07,35.163322,129.159222
0004816,권시우,M,1995-11-16,서울,송파구,2026-02-07,37.516641,127.094043
0004817,송지우,M,1994-01-28,서울,마포구,2026-02-07,37.567218,126.927162
0004818,정예준,M,1987-10-22,부산,부산진구,2026-02-07,35.155731,129.036082
0004819,신지우,M,1981-07-03,대구,중구,2026-02-07,35.87333,128.618027
0004820,오하준,M,1979-06-03,대전,대덕구,2026-02-08,36.355969,127.447839
0004821,황서준,M,1988-04-18,서울,성동구,2026-02-08,37.577737,127.017251
0004822,송영희,M,1973-09-15,울산,울주군,2026-02-08,35.533543,129.241653
0004823,오현석,M,1990-01-10,대전,대덕구,2026-02-08,36.355969,127.447839
0004824,황승민,F,1986-08-08,울산,울주군,2026-02-08,35.533543,129.241653
0004825,임지성,M,1991-08-08,서울,강남구,2026-02-08,37.489466,127.022467
0004826,윤현석,M,1998-09-21,인천,부평구,2026-02-08,37.507528,126.716538
0004827,이지유,F,1972-07-03,서울,서초구,2026-02-09,37.485348,127.020431
0004828,홍도윤,F,1979-05-13,부산,동래구,2026-02-09,35.202857,129.076308
0004829,전하은,M,1972-08-28,대전,유성구,2026-02-09,36.35391,127.351198
0004830,최철수,F,1993-02-06,서울,마포구,2026-02-09,37.569019,126.91137
0004831,황도윤,F,1975-10-27,부산,수영구,2026-02-10,35.154477,129.111701
0004832,강하윤,M,1984-10-20,서울,강남구,2026-02-10,37.506762,127.025263
0004833,박하준,F,1989-04-05,부산,부산진구,2026-02-10,35.156248,129.056828
0004834,조윤서,F,1975-04-16,서울,성동구,2026-02-11,37.558694,127.046971
0004835,한서현,M,1992-06-12,서울,강남구,2026-02-12,37.501172,127.032666
0004836,황민서,M,1978-12-08,서울,강남구,2026-02-12,37.507388,127.043409
0004837,전지호,F,1989-02-23,부산,부산진구,2026-02-13,35.156248,129.056828
0004838,전예준,M,1991-03-07,인천,남동구,2026-02-13,37.450773,126.747514
0004839,한지훈,F,1970-06-01,부산,부산진구,2026-02-13,35.165841,129.062262
0004840,송서연,F,1978-12-21,서울,송파구,2026-02-13,37.527211,127.114209
0004841,이서현,M,1997-09-11,서울,서초구,2026-02-13,37.48525,127.024041
0004842,임지우,M,1979-10-04,부산,부산진구,2026-02-13,35.156248,129.056828
0004843,윤지성,M,1995-03-13,서울,마포구,2026-02-13,37.579231,126.921633
0004844,신동현,M,1972-03-19,부산,부산진구,2026-02-13,35.155731,129.036082
0004845,안수진,M,1997-10-04,인천,남동구,2026-02-13,37.452294,126.729161
0004846,서수현,F,1991-06-06,서울,서초구,2026-02-13,37.484243,127.021823
0004847,김동현,F,2003-02-11,서울,송파구,2026-02-13,37.527211,127.114209
0004848,신영희,F,1975-04-21,부산,동래구,2026-02-14,35.207187,129.078356
0004849,오수진,F,1991-03-15,부산,동래구,2026-02-14,35.207187,129.078356
0004850,최하윤,F,2003-01-26,대전,대덕구,2026-02-14,36.366109,127.434212
0004851,임수진,F,1990-06-28,부산,부산진구,2026-02-14,35.173635,129.074432
0004852,정지훈,M,1984-09-17,서울,송파구,2026-02-15,37.528144,127.11822
0004853,신철수,F,1975-05-19,서울,성동구,2026-02-15,37.558694,127.046971
0004854,장예준,F,1976-03-19,대구,북구,2026-02-15,35.898802,128.615833
0004855,안하은,F,1968-08-15,서울,마포구,2026-02-15,37.582523,126.912364
0004856,서지훈,F,1995-05-24,대구,달서구,2026-02-16,35.817083,128.534496
0004857,김수진,M,2001-02-13,부산,부산진구,2026-02-16,35.173635,129.074432
0004858,송서윤,M,1998-02-03,부산,남구,2026-02-16,35.134891,129.094263
0004859,황철수,F,1981-10-31,대전,대덕구,2026-02-17,36.378921,127.443177
0004860,윤현석,F,1971-11-18,대구,중구,2026-02-17,35.87333,128.618027
0004861,황하은,M,1972-04-04,서울,마포구,2026-02-17,37.582523,126.912364
0004862,김하준,M,1990-06-28,인천,계양구,2026-02-17,37.541331,126.745466
0004863,강현석,F,1995-03-22,부산,부산진구,2026-02-17,35.164516,129.05897
0004864,안하준,M,1983-01-27,대구,수성구,2026-02-17,35.866721,128.649568
0004865,신하은,F,1999-11-11,대구,수성구,2026-02-17,35.866721,128.649568
0004866,한민준,M,1992-08-08,서울,강남구,2026-02-18,37.494624,127.018984
0004867,장지우,F,1993-11-30,부산,부산진구,2026-02-18,35.164516,129.05897
0004868,김시우,F,1996-05-26,대구,북구,2026-02-18,35.898802,128.615833
0004869,송서윤,F,1999-07-28,인천,부평구,2026-02-18,37.501582,126.711729
0004870,최민서,M,1997-10-16,울산,동구,2026-02-18,35.516205,129.425624
0004871,서지원,M,1991-07-22,서울,송파구,2026-02-18,37.51731,127.100273
0004872,오도윤,M,1982-08-18,울산,울주군,2026-02-18,35.533543,129.241653
0004873,한지우,M,2003-11-21,서울,성동구,2026-02-19,37.577737,127.017251
0004874,송서윤,F,2002-03-29,서울,강남구,2026-02-19,37.485809,127.043491
0004875,최현석,F,2002-08-03,인천,연수구,2026-02-19,37.400091,126.683625
0004876,장지우,M,1996-11-04,서울,송파구,2026-02-19,37.51955,127.115158
0004877,안민준,F,2000-02-28,서울,서초구,2026-02-19,37.477597,127.042074
0004878,장도윤,F,1977-06-30,울산,울주군,2026-02-20,35.533543,129.241653
0004879,이지원,M,1985-05-23,부산,동래구,2026-02-20,35.207187,129.078356
0004880,정예준,F,2004-08-03,서울,서초구,2026-02-20,37.478985,127.033267
0004881,신시우,M,2003-08-08,서울,마포구,2026-02-21,37.579231,126.921633
0004882,권지성,F,1985-09-05,울산,남구,2026-02-21,35.54049,129.328761
0004883,최지성,M,1978-06-02,대전,서구,2026-02-21,36.355481,127.361029
0004884,오예준,M,1972-08-22,서울,송파구,2026-02-21,37.527211,127.114209
0004885,권수진,M,1971-04-02,서울,성동구,2026-02-21,37.567738,127.044146
0004886,윤수현,M,1980-10-06,부산,남구,2026-02-21,35.134891,129.094263
0004887,임하은,F,1972-09-08,대전,중구,2026-02-21,36.319807,127.434568
0004888,서서현,M,1975-07-09,대구,북구,2026-02-21,35.912824,128.621362
0004889,신예준,F,1994-10-10,서울,송파구,2026-02-21,37.51955,127.115158
0004890,한예준,M,1989-04-23,부산,동래구,2026-02-22,35.210645,129.083455
0004891,권지호,F,1973-05-02,서울,강남구,2026-02-22,37.506762,127.025263
0004892,박지유,M,1970-09-22,부산,동래구,2026-02-22,35.202857,129.076308
0004893,송윤서,F,1994-05-24,대전,유성구,2026-02-22,36.35391,127.351198
0004894,황주원,M,1998-05-20,울산,남구,2026-02-22,35.54049,129.328761
0004895,최현석,F,1988-06-26,광주,남구,2026-02-22,35.13845,126.940927
0004896,강건우,M,1981-05-21,부산,부산진구,2026-02-22,35.148214,129.054903
0004897,전지원,M,1997-10-16,대전,대덕구,2026-02-22,36.355969,127.447839
0004898,한지유,F,1991-02-20,부산,부산진구,2026-02-22,35.148214,129.054903
0004899,안건우,M,1998-04-02,서울,성동구,2026-02-22,37.577352,127.050323
0004900,박서현,M,2002-12-02,대구,동구,2026-02-22,35.889942,128.626899
0004901,한동현,M,1992-09-30,대구,동구,2026-02-22,35.889942,128.626899
0004902,서지훈,F,1989-11-27,서울,마포구,2026-02-23,37.562295,126.898744
0004903,윤지우,F,1976-11-23,부산,동래구,2026-02-24,35.205918,129.063324
0004904,장지민,F,1999-01-18,서울,성동구,2026-02-24,37.577352,127.050323
0004905,오예준,F,1978-12-23,서울,송파구,2026-02-24,37.528144,127.11822
0004906,강지원,F,1975-04-03,인천,계양구,2026-02-24,37.544605,126.734891
0004907,황수진,M,1993-08-16,서울,송파구,2026-02-24,37.508941,127.105223
0004908,강윤서,M,1979-04-25,서울,서초구,2026-02-25,37.48525,127.024041
0004909,안도윤,F,1994-09-14,대구,북구,2026-02-25,35.912824,128.621362
0004910,이하준,F,1988-08-22,부산,해운대구,2026-02-25,35.163322,129.159222
0004911,권예준,M,1974-03-19,대전,중구,2026-02-25,36.338939,127.448992
0004912,이수진,F,1973-06-24,부산,부산진구,2026-02-25,35.156248,129.056828
0004913,한현우,F,1970-02-05,서울,송파구,2026-02-25,37.50325,127.119319
0004914,전지성,M,2001-05-22,광주,동구,2026-02-25,35.148286,126.932418
0004915,윤현석,M,1970-12-13,대전,서구,2026-02-25,36.355481,127.361029
0004916,홍승민,M,1980-09-26,대전,대덕구,2026-02-26,36.378921,127.443177
0004917,임지우,M,1985-05-26,대전,대덕구,2026-02-26,36.378921,127.443177
0004918,박수현,F,1985-09-05,서울,강남구,2026-02-26,37.507388,127.043409
0004919,임시우,M,2000-06-01,대전,대덕구,2026-02-26,36.378921,127.443177
0004920,황지우,M,1991-05-30,서울,송파구,2026-02-26,37.510372,127.112456
0004921,조철수,F,2002-04-22,서울,강남구,2026-02-26,37.486781,127.030789
0004922,임서윤,F,1973-06-15,부산,동래구,2026-02-26,35.205918,129.063324
0004923,한건우,F,2001-09-11,서울,서초구,2026-02-27,37.484243,127.021823
0004924,송서현,M,1988-03-19,광주,북구,2026-02-27,35.18152,126.926067
0004925,장지훈,M,1971-10-21,서울,송파구,2026-02-27,37.526044,127.101726
0004926,이지원,F,1983-11-27,대전,대덕구,2026-02-27,36.366109,127.434212
0004927,홍서연,F,1972-06-19,부산,부산진구,2026-02-27,35.153548,129.048878
0004928,전하은,M,1988-03-26,서울,마포구,2026-02-27,37.567218,126.927162
0004929,장서준,M,1985-03-27,대전,서구,2026-02-27,36.355481,127.361029
0004930,김도윤,F,1979-05-08,서울,성동구,2026-02-27,37.56004,127.06894
0004931,송영희,F,1986-08-29,서울,강남구,2026-02-28,37.489466,127.022467
0004932,강서연,F,1973-11-30,부산,동래구,2026-02-28,35.218634,129.091488
0004933,정주원,F,1987-08-14,울산,중구,2026-02-28,35.578704,129.328588
0004934,조지유,M,1989-04-18,서울,마포구,2026-02-28,37.579231,126.921633
0004935,황수현,M,1992-08-18,서울,마포구,2026-02-28,37.555331,126.907948
0004936,서주원,F,1996-06-03,인천,서구,2026-02-28,37.541082,126.676058
0004937,신지훈,F,1999-08-28,부산,부산진구,2026-02-28,35.148214,129.054903
0004938,이서윤,M,1998-02-09,인천,서구,2026-02-28,37.541082,126.676058
0004939,오서연,M,1987-01-06,서울,마포구,2026-02-28,37.567218,126.927162
0004940,조지성,F,1992-08-30,광주,북구,2026-03-01,35.182325,126.899092
0004941,권시우,M,1992-04-19,대구,동구,2026-03-01,35.889942,128.626899
0004942,서지우,F,1995-08-30,서울,서초구,2026-03-01,37.492387,127.030204
0004943,전지원,F,1999-08-30,서울,마포구,2026-03-01,37.579329,126.904005
0004944,안서현,M,1982-02-26,서울,송파구,2026-03-01,37.5014,127.135937
0004945,장서현,M,2003-06-12,서울,서초구,2026-03-01,37.477597,127.042074
0004946,박현우,F,1975-01-08,대구,북구,2026-03-01,35.898802,128.615833
0004947,서하윤,F,1992-05-12,서울,송파구,2026-03-01,37.5014,127.135937
0004948,황지성,F,1974-02-24,대전,중구,2026-03-01,36.319807,127.434568
0004949,박지호,M,2003-09-04,울산,동구,2026-03-02,35.492899,129.423847
0004950,강승민,M,1997-01-13,부산,부산진구,2026-03-02,35.153548,129.048878
0004951,오하은,M,1974-09-03,서울,마포구,2026-03-02,37.563645,126.908126
0004952,임현석,F,1995-06-09,대구,수성구,2026-03-02,35.866721,128.649568
0004953,최도윤,F,2000-11-08,서울,성동구,2026-03-02,37.561687,127.040441
0004954,임지민,F,1976-12-21,부산,부산진구,2026-03-02,35.153548,129.048878
0004955,강건우,M,1985-02-02,대전,대덕구,2026-03-02,36.366109,127.434212
0004956,서승민,F,1986-02-11,인천,남동구,2026-03-03,37.450773,126.747514
0004957,김건우,M,2003-04-19,부산,남구,2026-03-03,35.134891,129.094263
0004958,정수진,F,1984-02-21,대구,수성구,2026-03-03,35.866721,128.649568
0004959,최윤서,F,1978-10-27,서울,강남구,2026-03-04,37.494624,127.018984
0004960,안수진,F,1992-05-17,부산,동래구,2026-03-04,35.218634,129.091488
0004961,강도윤,M,1981-09-04,부산,부산진구,2026-03-04,35.155937,129.048964
0004962,안현석,F,1987-03-22,서울,송파구,2026-03-04,37.528144,127.11822
0004963,한윤서,F,2000-11-29,인천,부평구,2026-03-05,37.501582,126.711729
0004964,정지호,F,1998-10-16,부산,해운대구,2026-03-05,35.163322,129.159222
0004965,장동현,F,1976-09-05,울산,울주군,2026-03-05,35.533543,129.241653
0004966,강서준,F,1995-05-25,대구,동구,2026-03-05,35.889942,128.626899
0004967,윤승민,M,1996-06-22,서울,송파구,2026-03-05,37.528144,127.11822
0004968,김승민,M,1986-10-11,서울,마포구,2026-03-06,37.555331,126.907948
0004969,홍지우,F,1989-06-23,서울,송파구,2026-03-06,37.514153,127.094813
0004970,조영희,F,1999-10-04,서울,마포구,2026-03-06,37.567218,126.927162
0004971,송지성,M,2001-02-14,서울,서초구,2026-03-06,37.485348,127.020431
0004972,조지우,M,1997-08-19,부산,부산진구,2026-03-07,35.173635,129.074432
0004973,김서연,M,1991-11-08,부산,해운대구,2026-03-07,35.176365,129.153956
0004974,최하준,F,1990-11-07,서울,강남구,2026-03-07,37.507388,127.043409
0004975,임도윤,F,1981-09-07,서울,마포구,2026-03-07,37.567218,126.927162
0004976,오철수,F,1992-10-25,울산,남구,2026-03-07,35.54049,129.328761
0004977,임서준,F,1982-01-20,부산,부산진구,2026-03-08,35.155731,129.036082
0004978,신서연,F,1975-08-17,광주,동구,2026-03-08,35.148286,126.932418
0004979,황도윤,M,1996-07-28,울산,동구,2026-03-08,35.492899,129.423847
0004980,장승민,F,1997-06-27,대구,북구,2026-03-08,35.912824,128.621362
0004981,전서윤,M,1994-11-10,서울,성동구,2026-03-09,37.558694,127.046971
0004982,윤시우,F,2003-11-29,대전,대덕구,2026-03-09,36.355969,127.447839
0004983,윤지호,F,1992-05-02,부산,해운대구,2026-03-09,35.163322,129.159222
0004984,신현우,M,1981-12-02,서울,서초구,2026-03-09,37.477597,127.042074
0004985,강민서,M,2003-06-03,서울,서초구,2026-03-09,37.477597,127.042074
0004986,최하은,F,2005-03-12,서울,송파구,2026-03-09,37.526044,127.101726
0004987,이현우,F,1981-05-28,대전,유성구,2026-03-09,36.35391,127.351198
0004988,강하준,M,1998-07-26,광주,북구,2026-03-11,35.18152,126.926067
0004989,임예준,F,1985-02-22,대구,동구,2026-03-11,35.889942,128.626899
0004990,한건우,M,1972-02-19,울산,남구,2026-03-11,35.54049,129.328761
0004991,김영희,F,1981-10-30,서울,성동구,2026-03-11,37.561687,127.040441
0004992,윤도윤,F,1995-08-17,서울,서초구,2026-03-11,37.484243,127.021823
0004993,송지훈,F,1992-03-02,대구,동구,2026-03-11,35.889942,128.626899
0004994,홍예준,M,1993-06-05,서울,마포구,2026-03-11,37.57353,126.916356
0004995,한하윤,M,1978-09-12,인천,부평구,2026-03-12,37.507528,126.716538
0004996,김주원,M,2004-07-27,서울,성동구,2026-03-12,37.558694,127.046971
0004997,송도윤,F,1978-09-13,부산,부산진구,2026-03-13,35.153548,129.048878
0004998,홍서윤,F,1982-12-31,서울,마포구,2026-03-13,37.562295,126.898744
0004999,신현우,M,1989-03-10,서울,성동구,2026-03-13,37.577737,127.017251
0005000,김지성,F,1979-09-13,광주,북구,2026-03-13,35.18152,126.926067
0005001,서동현,M,1992-05-08,인천,연수구,2026-03-13,37.400091,126.683625
0005002,김현석,F,1984-11-17,광주,북구,2026-03-13,35.18152,126.926067
0005003,최지우,F,1985-01-08,인천,서구,2026-03-13,37.541082,126.676058
0005004,김현우,M,1979-10-17,서울,성동구,2026-03-14,37.567738,127.044146
0005005,최지성,M,1983-09-14,서울,서초구,2026-03-14,37.48525,127.024041
0005006,홍지유,M,1996-03-03,인천,남동구,2026-03-14,37.450773,126.747514
0005007,정지성,M,1996-09-22,부산,부산진구,2026-03-14,35.148214,129.054903
0005008,홍하윤,M,1989-08-17,부산,동래구,2026-03-14,35.207187,129.078356
0005009,서지우,M,1983-03-16,서울,송파구,2026-03-15,37.514153,127.094813
0005010,정시우,F,1977-12-22,울산,울주군,2026-03-15,35.533543,129.241653
0005011,전도윤,M,1981-07-15,인천,남동구,2026-03-15,37.450773,126.747514
0005012,한수진,F,1995-08-07,인천,계양구,2026-03-15,37.541331,126.745466
0005013,서지호,F,1986-10-18,부산,남구,2026-03-16,35.120493,129.085186
0005014,신동현,F,1971-05-04,서울,송파구,2026-03-16,37.528144,127.11822
0005015,박영희,M,1980-02-13,울산,동구,2026-03-16,35.516205,129.425624
0005016,임시우,F,1975-09-16,부산,부산진구,2026-03-16,35.148214,129.054903
0005017,윤현석,M,1998-12-14,서울,송파구,2026-03-16,37.50325,127.119319
0005018,이하은,F,1994-07-26,서울,강남구,2026-03-17,37.507388,127.043409
0005019,안지유,M,1975-09-21,인천,남동구,2026-03-17,37.450773,126.747514
0005020,이서현,F,1982-01-27,인천,남동구,2026-03-17,37.450773,126.747514
0005021,홍지유,F,1980-09-07,대전,유성구,2026-03-17,36.35391,127.351198
0005022,전하윤,F,1987-05-15,인천,연수구,2026-03-18,37.400091,126.683625
0005023,임하은,F,2003-03-07,부산,부산진구,2026-03-18,35.156248,129.056828
0005024,임서윤,F,1995-04-10,부산,동래구,2026-03-18,35.207187,129.078356
0005025,한시우,F,1992-09-18,부산,부산진구,2026-03-18,35.156248,129.056828
0005026,윤서준,M,1971-01-26,대구,중구,2026-03-18,35.87333,128.618027
0005027,임예준,M,2001-04-05,서울,서초구,2026-03-18,37.492387,127.030204
0005028,최서윤,M,1999-01-18,울산,중구,2026-03-18,35.578704,129.328588
0005029,전서현,M,2000-10-15,서울,성동구,2026-03-18,37.577352,127.050323
0005030,홍민서,F,2001-08-08,인천,연수구,2026-03-18,37.400091,126.683625
0005031,전지민,M,1978-11-19,서울,마포구,2026-03-18,37.579329,126.904005
0005032,박수진,M,1992-12-03,부산,동래구,2026-03-18,35.205918,129.063324
0005033,윤수현,M,1991-04-03,서울,강남구,2026-03-19,37.494624,127.018984
0005034,서윤서,F,1980-09-22,인천,부평구,2026-03-19,37.501582,126.711729
0005035,서서연,M,2000-05-07,부산,부산진구,2026-03-19,35.155731,129.036082
0005036,전동현,F,1982-11-24,서울,서초구,2026-03-19,37.483618,127.040159
0005037,안주원,M,1976-11-03,서울,강남구,2026-03-19,37.507388,127.043409
0005038,서영희,M,1992-03-27,서울,서초구,2026-03-20,37.477597,127.042074
0005039,이서연,M,1983-01-21,부산,해운대구,2026-03-20,35.163322,129.159222
0005040,권서윤,F,1979-07-27,서울,마포구,2026-03-20,37.563645,126.908126
0005041,황수현,M,1983-09-06,부산,부산진구,2026-03-21,35.155937,129.048964
0005042,오서현,F,1975-10-15,대전,중구,2026-03-21,36.338939,127.448992
0005043,황동현,F,1988-02-06,서울,송파구,2026-03-21,37.526044,127.101726
0005044,권시우,F,1993-09-07,서울,성동구,2026-03-21,37.577737,127.017251
0005045,전하윤,M,1976-05-11,서울,서초구,2026-03-21,37.485348,127.020431
0005046,강영희,F,1994-01-03,대구,동구,2026-03-21,35.889942,128.626899
0005047,전서윤,M,2000-08-02,울산,동구,2026-03-21,35.492899,129.423847
0005048,한민준,F,1980-09-19,서울,서초구,2026-03-22,37.484243,127.021823
0005049,장하준,F,1982-03-08,대전,대덕구,2026-03-22,36.378921,127.443177
0005050,안지민,M,1975-08-07,서울,서초구,2026-03-22,37.477597,127.042074
0005051,서민서,F,1978-04-01,대전,대덕구,2026-03-22,36.378921,127.443177
0005052,장수현,F,1992-10-27,부산,해운대구,2026-03-22,35.176365,129.153956
0005053,송지유,M,2004-11-01,부산,동래구,2026-03-22,35.218634,129.091488
0005054,서민서,M,1980-06-26,부산,동래구,2026-03-22,35.210645,129.083455
0005055,홍지원,M,1992-05-21,서울,마포구,2026-03-22,37.582523,126.912364
0005056,한건우,F,1976-12-03,대전,대덕구,2026-03-22,36.366109,127.434212
0005057,김서연,M,1994-11-28,부산,부산진구,2026-03-23,35.155731,129.036082
0005058,한시우,M,1983-09-23,부산,수영구,2026-03-23,35.154477,129.111701
0005059,안지유,M,1996-11-04,대구,수성구,2026-03-23,35.866721,128.649568
0005060,박윤서,F,1976-09-08,서울,강남구,2026-03-23,37.494624,127.018984
0005061,최현우,M,1970-07-13,서울,성동구,2026-03-24,37.56004,127.06894
0005062,정하은,M,1983-10-02,부산,부산진구,2026-03-24,35.148214,129.054903
0005063,안하준,F,1976-04-24,서울,송파구,2026-03-24,37.528144,127.11822
0005064,이하윤,F,1978-11-12,서울,성동구,2026-03-24,37.577737,127.017251
0005065,서영희,M,1989-09-30,인천,남동구,2026-03-25,37.450773,126.747514
0005066,오도윤,M,1996-10-26,서울,서초구,2026-03-25,37.478985,127.033267
0005067,전서연,F,1998-08-09,대전,중구,2026-03-26,36.319807,127.434568
0005068,윤주원,M,1982-10-03,대구,동구,2026-03-26,35.889942,128.626899
0005069,정현석,F,1985-03-26,서울,성동구,2026-03-27,37.551464,127.03869
0005070,전수진,F,1980-07-20,대전,서구,2026-03-27,36.355481,127.361029
0005071,김현석,F,1983-08-29,서울,성동구,2026-03-27,37.577352,127.050323
0005072,정수현,M,2005-04-11,부산,부산진구,2026-03-27,35.155731,129.036082
0005073,신현석,M,1992-10-21,서울,송파구,2026-03-28,37.510372,127.112456
0005074,윤지우,M,1970-12-30,서울,서초구,2026-03-28,37.477597,127.042074
0005075,오지성,M,1995-04-16,부산,해운대구,2026-03-28,35.163322,129.159222
0005076,한승민,M,1994-07-29,부산,동래구,2026-03-28,35.207187,129.078356
0005077,권주원,M,1974-08-02,서울,서초구,2026-03-28,37.484243,127.021823
0005078,최철수,M,1979-01-08,대전,서구,2026-03-29,36.355481,127.361029
0005079,정서연,F,1996-01-30,부산,동래구,2026-03-29,35.205918,129.063324
0005080,임하은,M,2005-02-22,부산,동래구,2026-03-29,35.202857,129.076308
0005081,권지우,M,1995-08-14,부산,남구,2026-03-29,35.134891,129.094263
0005082,오지유,F,2005-06-19,인천,계양구,2026-03-29,37.544605,126.734891
0005083,장예준,F,1984-09-30,인천,남동구,2026-03-30,37.452294,126.729161
0005084,이지호,M,1970-03-22,부산,부산진구,2026-03-30,35.173635,129.074432
0005085,안주원,M,2000-04-21,대구,북구,2026-03-30,35.912824,128.621362
0005086,홍예준,M,1983-09-09,광주,남구,2026-03-30,35.13845,126.940927
0005087,최수현,F,1973-07-06,서울,송파구,2026-03-31,37.508941,127.105223
0005088,이서윤,M,2002-10-08,인천,부평구,2026-03-31,37.507528,126.716538
0005089,강지훈,M,1979-06-07,대구,수성구,2026-03-31,35.866721,128.649568
0005090,안주원,F,1970-07-28,울산,울주군,2026-03-31,35.533543,129.241653
0005091,장승민,M,2003-04-07,인천,남동구,2026-03-31,37.431258,126.73738
0005092,조동현,F,1998-04-27,서울,마포구,2026-04-01,37.569019,126.91137
0005093,황민서,M,1990-03-28,부산,부산진구,2026-04-01,35.164516,129.05897
0005094,송영희,F,1971-03-07,서울,성동구,2026-04-01,37.561687,127.040441
0005095,최지원,F,1994-08-19,인천,부평구,2026-04-02,37.501582,126.711729
0005096,서서준,F,2000-05-19,부산,해운대구,2026-04-02,35.163322,129.159222
0005097,조민서,F,1970-07-26,서울,강남구,2026-04-02,37.506762,127.025263
0005098,홍지성,F,1970-05-09,부산,남구,2026-04-03,35.134891,129.094263
0005099,박지원,F,2001-05-26,서울,강남구,2026-04-03,37.506762,127.025263
0005100,조지성,F,2000-10-04,서울,송파구,2026-04-04,37.526044,127.101726
0005101,최시우,M,2001-08-05,서울,강남구,2026-04-04,37.486781,127.030789
0005102,김서윤,M,1972-08-25,서울,강남구,2026-04-05,37.507388,127.043409
0005103,한민서,F,1975-04-14,인천,연수구,2026-04-05,37.428937,126.682846
0005104,권지호,F,1995-10-24,인천,계양구,2026-04-05,37.541331,126.745466
0005105,오철수,F,2003-07-17,부산,동래구,2026-04-06,35.202857,129.076308
0005106,권주원,F,1982-03-24,부산,남구,2026-04-06,35.120493,129.085186
0005107,장서연,F,1970-09-17,부산,부산진구,2026-04-06,35.157608,129.051143
0005108,권민준,F,2000-05-03,서울,강남구,2026-04-06,37.485809,127.043491
0005109,정주원,M,1972-09-08,부산,남구,2026-04-07,35.13827,129.08179
0005110,전하준,M,1989-04-30,부산,부산진구,2026-04-07,35.165841,129.062262
0005111,윤지우,M,1980-08-21,서울,성동구,2026-04-08,37.551464,127.03869
0005112,최서준,M,2005-08-06,서울,강남구,2026-04-08,37.493375,127.03537
0005113,황시우,M,1977-03-19,대전,대덕구,2026-04-08,36.355969,127.447839
0005114,조지훈,M,1971-03-26,인천,부평구,2026-04-08,37.507528,126.716538
0005115,임지훈,M,1978-03-12,부산,부산진구,2026-04-08,35.153548,129.048878
0005116,송건우,M,2005-06-20,서울,송파구,2026-04-08,37.5014,127.135937
0005117,전철수,F,2003-03-01,서울,서초구,2026-04-08,37.478985,127.033267
0005118,권지성,F,1973-09-17,서울,송파구,2026-04-08,37.528144,127.11822
0005119,전윤서,M,1999-08-27,부산,동래구,2026-04-09,35.210645,129.083455
0005120,최지우,M,1972-08-02,서울,강남구,2026-04-09,37.507388,127.043409
0005121,오지우,M,1979-10-09,대구,수성구,2026-04-09,35.866721,128.649568
0005122,홍지유,M,2003-03-03,서울,성동구,2026-04-09,37.576037,127.03348
0005123,김예준,M,2001-03-07,울산,중구,2026-04-09,35.578704,129.328588
0005124,서지유,M,1981-11-14,인천,서구,2026-04-10,37.541082,126.676058
0005125,조영희,F,1997-07-24,서울,서초구,2026-04-10,37.485348,127.020431
0005126,서민서,F,1995-03-04,부산,부산진구,2026-04-10,35.148214,129.054903
0005127,임서연,F,2002-03-19,부산,동래구,2026-04-10,35.207187,129.078356
0005128,전지훈,F,1992-02-29,부산,해운대구,2026-04-10,35.176365,129.153956
0005129,송시우,F,2002-01-27,서울,송파구,2026-04-10,37.510372,127.112456
0005130,정주원,F,2003-05-13,서울,강남구,2026-04-10,37.506762,127.025263
0005131,박하윤,M,1972-05-09,인천,부평구,2026-04-11,37.507528,126.716538
0005132,황서윤,F,1988-04-03,부산,해운대구,2026-04-11,35.163322,129.159222
0005133,강승민,M,2005-07-26,부산,부산진구,2026-04-12,35.173635,129.074432
0005134,장지민,F,1988-05-03,대전,중구,2026-04-12,36.338939,127.448992
0005135,오영희,M,1996-01-25,광주,북구,2026-04-12,35.18152,126.926067
0005136,오시우,F,1985-07-08,부산,해운대구,2026-04-13,35.163322,129.159222
0005137,한지우,F,1995-07-12,서울,마포구,2026-04-13,37.579329,126.904005
0005138,이예준,F,1995-05-14,서울,서초구,2026-04-13,37.477597,127.042074
0005139,서민서,M,1986-10-13,인천,연수구,2026-04-13,37.428937,126.682846
0005140,권영희,F,1971-05-11,서울,서초구,2026-04-14,37.483618,127.040159
0005141,이서준,M,1974-02-01,대구,달서구,2026-04-14,35.817083,128.534496
0005142,한현우,F,1972-09-22,서울,마포구,2026-04-14,37.57353,126.916356
0005143,권하윤,M,1993-11-18,대전,대덕구,2026-04-14,36.378921,127.443177
0005144,황지성,M,1976-07-29,대전,유성구,2026-04-14,36.35391,127.351198
0005145,조건우,M,1975-11-04,서울,성동구,2026-04-14,37.577737,127.017251
0005146,박현우,F,1998-10-02,부산,남구,2026-04-14,35.120493,129.085186
0005147,장민준,F,1980-04-08,서울,서초구,2026-04-14,37.478985,127.033267
0005148,송지원,M,1975-05-27,인천,남동구,2026-04-15,37.450773,126.747514
0005149,권지훈,F,1983-09-06,서울,송파구,2026-04-15,37.514153,127.094813
0005150,황수현,M,1987-07-26,부산,남구,2026-04-16,35.134891,129.094263
0005151,안시우,M,1990-12-14,광주,남구,2026-04-16,35.13845,126.940927
0005152,전지민,F,1984-10-16,광주,남구,2026-04-16,35.13845,126.940927
0005153,황지원,M,1995-03-30,서울,마포구,2026-04-16,37.579231,126.921633
0005154,오민준,M,1984-08-15,서울,마포구,2026-04-16,37.582523,126.912364
0005155,이지호,M,1993-10-15,서울,성동구,2026-04-16,37.56004,127.06894
0005156,조승민,M,1980-12-09,부산,동래구,2026-04-17,35.205918,129.063324
0005157,한민서,M,1989-11-16,부산,남구,2026-04-17,35.120493,129.085186
0005158,김현석,M,1977-09-26,서울,마포구,2026-04-18,37.567218,126.927162
0005159,전수현,F,1987-01-24,서울,송파구,2026-04-18,37.514153,127.094813
0005160,전수진,F,1997-11-23,대전,대덕구,2026-04-18,36.364878,127.436737
0005161,신지원,F,1992-12-27,서울,강남구,2026-04-18,37.501172,127.032666
0005162,최시우,F,1996-05-08,광주,북구,2026-04-18,35.162623,126.925196
0005163,박하윤,M,1980-05-26,대전,서구,2026-04-19,36.355481,127.361029
0005164,조현우,M,1993-08-14,울산,남구,2026-04-19,35.545241,129.330526
0005165,박철수,F,1986-09-09,서울,성동구,2026-04-19,37.567738,127.044146
0005166,장서윤,M,2001-07-10,인천,연수구,2026-04-19,37.428937,126.682846
0005167,장지유,F,1977-02-04,부산,남구,2026-04-20,35.120493,129.085186
0005168,정민준,F,1989-02-16,부산,부산진구,2026-04-20,35.148214,129.054903
0005169,임주원,M,1976-06-29,부산,부산진구,2026-04-20,35.165841,129.062262
0005170,윤현우,M,1979-10-20,대구,수성구,2026-04-20,35.866721,128.649568
0005171,서서현,M,1970-08-22,서울,서초구,2026-04-20,37.484243,127.021823
0005172,서수진,M,1983-03-16,울산,동구,2026-04-22,35.516205,129.425624
0005173,박지우,F,1980-01-09,인천,부평구,2026-04-22,37.501582,126.711729
0005174,홍지훈,M,1977-10-22,부산,부산진구,2026-04-22,35.153548,129.048878
0005175,안예준,M,1993-08-12,대전,대덕구,2026-04-22,36.364878,127.436737
0005176,장지훈,F,1999-06-03,서울,마포구,2026-04-23,37.562295,126.898744
0005177,최수진,F,1980-12-15,대전,중구,2026-04-23,36.338939,127.448992
0005178,홍서준,F,1970-05-03,대전,대덕구,2026-04-23,36.355969,127.447839
0005179,서시우,M,1985-05-08,서울,강남구,2026-04-23,37.486781,127.030789
0005180,장현석,F,1983-06-04,대구,중구,2026-04-24,35.87333,128.618027
0005181,한예준,M,1988-02-27,서울,마포구,2026-04-24,37.579329,126.904005
0005182,신예준,M,1988-01-19,부산,동래구,2026-04-24,35.207187,129.078356
0005183,김시우,M,1973-08-30,대구,달서구,2026-04-25,35.817083,128.534496
0005184,권영희,M,2001-11-22,부산,부산진구,2026-04-25,35.157608,129.051143
0005185,윤건우,M,1988-04-18,서울,성동구,2026-04-26,37.576037,127.03348
0005186,박현석,M,1993-11-19,서울,송파구,2026-04-26,37.51955,127.115158
0005187,오민서,F,1989-03-14,서울,서초구,2026-04-27,37.485348,127.020431
0005188,조서연,F,1975-10-27,대전,대덕구,2026-04-27,36.378921,127.443177
0005189,임윤서,F,1982-01-25,인천,남동구,2026-04-27,37.450773,126.747514
0005190,윤민서,M,1986-10-14,서울,성동구,2026-04-27,37.56004,127.06894
0005191,권민서,F,1985-03-28,서울,성동구,2026-04-27,37.56004,127.06894
0005192,황주원,M,1978-01-12,서울,마포구,2026-04-27,37.579231,126.921633
0005193,신지민,F,1983-11-26,서울,마포구,2026-04-27,37.567218,126.927162
0005194,신서연,M,2002-09-23,부산,동래구,2026-04-28,35.205918,129.063324
0005195,안서준,F,1988-11-23,광주,북구,2026-04-28,35.162623,126.925196
0005196,권건우,F,1986-12-19,울산,울주군,2026-04-29,35.533543,129.241653
0005197,윤철수,F,1970-02-07,부산,부산진구,2026-04-29,35.156248,129.056828
0005198,오하준,M,1993-02-15,인천,계양구,2026-04-29,37.544605,126.734891
0005199,정서연,F,2001-10-29,서울,강남구,2026-04-29,37.493375,127.03537
0005200,한동현,M,1987-11-24,인천,연수구,2026-04-30,37.428937,126.682846
0005201,최지민,F,1997-01-31,서울,서초구,2026-04-30,37.492387,127.030204
0005202,장현우,M,1983-08-07,대전,대덕구,2026-04-30,36.364878,127.436737
0005203,홍현우,M,1993-10-30,울산,울주군,2026-04-30,35.533543,129.241653
0005204,박영희,F,2005-01-13,서울,성동구,2026-04-30,37.56004,127.06894
0005205,임현석,F,1983-09-12,인천,남동구,2026-04-30,37.450773,126.747514
0005206,권서연,F,2001-04-10,서울,성동구,2026-04-30,37.551464,127.03869
0005207,한지훈,F,1984-11-18,서울,강남구,2026-05-01,37.489466,127.022467
0005208,송동현,F,1991-03-28,부산,동래구,2026-05-01,35.218634,129.091488
0005209,김지우,F,2001-05-30,부산,남구,2026-05-01,35.134891,129.094263
0005210,홍수진,M,1990-11-27,서울,강남구,2026-05-01,37.486781,127.030789
0005211,오하은,F,1970-05-20,대전,유성구,2026-05-01,36.35391,127.351198
0005212,홍지호,F,1994-08-31,부산,동래구,2026-05-01,35.205918,129.063324
0005213,장서준,F,1981-02-05,부산,부산진구,2026-05-01,35.148214,129.054903
0005214,이주원,M,1975-07-27,서울,서초구,2026-05-01,37.492387,127.030204
0005215,정지원,M,1983-07-25,광주,북구,2026-05-01,35.18152,126.926067
0005216,조지유,F,1985-02-11,인천,계양구,2026-05-01,37.541331,126.745466
0005217,한시우,F,1983-11-02,부산,동래구,2026-05-02,35.218634,129.091488
0005218,송하은,M,1979-07-19,서울,강남구,2026-05-02,37.501172,127.032666
0005219,황윤서,F,1973-09-01,광주,북구,2026-05-02,35.18152,126.926067
0005220,서서준,M,1974-11-02,광주,북구,2026-05-02,35.158612,126.907869
0005221,윤현석,F,1980-08-23,서울,마포구,2026-05-02,37.582523,126.912364
0005222,황하윤,F,1982-08-30,부산,동래구,2026-05-02,35.202857,129.076308
0005223,신예준,F,1996-11-02,서울,강남구,2026-05-02,37.489466,127.022467
0005224,안승민,M,2004-02-03,서울,강남구,2026-05-02,37.506762,127.025263
0005225,전시우,M,2005-03-10,울산,중구,2026-05-02,35.578704,129.328588
0005226,신주원,F,2000-02-18,인천,남동구,2026-05-03,37.452294,126.729161
0005227,장하윤,F,1970-10-02,부산,수영구,2026-05-03,35.154477,129.111701
0005228,송지유,M,1991-03-03,서울,서초구,2026-05-03,37.484243,127.021823
0005229,최민서,M,1970-01-23,울산,울주군,2026-05-03,35.517505,129.248126
0005230,전지훈,F,1979-06-15,서울,송파구,2026-05-03,37.528144,127.11822
0005231,윤승민,F,1993-11-30,대구,북구,2026-05-04,35.898802,128.615833
0005232,정지훈,F,1989-01-02,인천,부평구,2026-05-04,37.501582,126.711729
0005233,황영희,F,1992-08-23,광주,북구,2026-05-04,35.18152,126.926067
0005234,박서윤,F,1999-12-11,서울,성동구,2026-05-04,37.561687,127.040441
0005235,오현석,F,1977-05-05,인천,남동구,2026-05-05,37.431258,126.73738
0005236,오지호,M,1989-09-20,대구,북구,2026-05-05,35.898802,128.615833
0005237,박동현,M,1987-05-24,대전,대덕구,2026-05-05,36.364878,127.436737
0005238,임승민,M,1996-09-14,서울,송파구,2026-05-06,37.51955,127.115158
0005239,한철수,M,1972-08-31,대전,중구,2026-05-06,36.319807,127.434568
0005240,김철수,M,1976-07-23,서울,마포구,2026-05-06,37.582523,126.912364
0005241,박시우,M,1997-12-14,인천,서구,2026-05-06,37.541082,126.676058
0005242,홍철수,F,2005-02-08,대전,유성구,2026-05-06,36.35391,127.351198
0005243,신건우,M,1981-05-08,부산,부산진구,2026-05-06,35.148214,129.054903
0005244,송시우,M,1996-08-12,울산,동구,2026-05-06,35.516205,129.425624
0005245,박하준,F,2001-07-13,서울,성동구,2026-05-07,37.576037,127.03348
0005246,안지유,M,1974-12-28,서울,서초구,2026-05-07,37.485348,127.020431
0005247,안도윤,F,1970-12-28,서울,송파구,2026-05-07,37.528144,127.11822
0005248,권지원,F,1977-07-11,울산,남구,2026-05-07,35.545241,129.330526
0005249,박건우,M,1977-01-10,서울,강남구,2026-05-07,37.506762,127.025263
0005250,전하윤,M,1986-11-07,서울,송파구,2026-05-07,37.51731,127.100273
0005251,장수현,F,1999-04-14,서울,서초구,2026-05-07,37.483618,127.040159
0005252,권건우,F,1985-08-10,광주,남구,2026-05-07,35.13845,126.940927
0005253,한동현,F,1990-08-26,울산,남구,2026-05-08,35.545241,129.330526
0005254,홍민준,M,1987-03-12,서울,서초구,2026-05-08,37.477597,127.042074
0005255,조서윤,F,1977-11-08,광주,남구,2026-05-08,35.13845,126.940927
0005256,신수진,F,1973-08-11,서울,강남구,2026-05-08,37.485809,127.043491
0005257,송서현,F,1989-12-24,서울,강남구,2026-05-08,37.494624,127.018984
0005258,강예준,M,1988-01-18,서울,성동구,2026-05-08,37.576037,127.03348
0005259,서건우,M,1990-02-16,부산,부산진구,2026-05-09,35.155731,129.036082
0005260,최지성,F,1990-03-29,서울,강남구,2026-05-09,37.494624,127.018984
0005261,최철수,F,1984-04-27,대구,동구,2026-05-09,35.889942,128.626899
0005262,황현우,M,1991-04-09,부산,동래구,2026-05-09,35.202857,129.076308
0005263,임서준,M,1977-08-10,서울,마포구,2026-05-09,37.563645,126.908126
0005264,정지원,M,2002-09-27,대전,중구,2026-05-09,36.319807,127.434568
0005265,조지훈,M,1977-02-20,서울,마포구,2026-05-10,37.562295,126.898744
0005266,김현우,F,1988-02-26,서울,송파구,2026-05-10,37.516641,127.094043
0005267,조서윤,F,1984-03-15,대전,유성구,2026-05-10,36.35391,127.351198
0005268,안지원,F,1970-03-20,인천,부평구,2026-05-10,37.507528,126.716538
0005269,윤현석,M,1991-11-10,서울,성동구,2026-05-10,37.551464,127.03869
0005270,장서연,M,1970-08-09,서울,강남구,2026-05-10,37.501172,127.032666
0005271,서서현,M,1979-12-19,울산,남구,2026-05-10,35.545241,129.330526
0005272,홍민준,F,1971-08-04,서울,송파구,2026-05-11,37.5014,127.135937
0005273,박수현,M,2002-04-01,대구,동구,2026-05-11,35.889942,128.626899
0005274,임수진,F,1980-08-09,서울,송파구,2026-05-11,37.527211,127.114209
0005275,오도윤,M,1990-11-07,대전,유성구,2026-05-11,36.35391,127.351198
0005276,조서현,F,2000-06-27,광주,북구,2026-05-11,35.162623,126.925196
0005277,전서연,M,1980-03-31,서울,강남구,2026-05-11,37.493375,127.03537
0005278,권영희,F,1980-02-11,서울,서초구,2026-05-11,37.484243,127.021823
0005279,오지민,M,1988-07-18,서울,성동구,2026-05-12,37.576037,127.03348
0005280,강철수,M,1999-05-06,광주,북구,2026-05-12,35.18152,126.926067
0005281,강수현,M,1970-06-07,부산,동래구,2026-05-12,35.202857,129.076308
0005282,오하은,M,1984-01-11,부산,부산진구,2026-05-12,35.157608,129.051143
0005283,신민준,F,2002-11-12,서울,성동구,2026-05-12,37.577737,127.017251
0005284,임지원,F,1970-09-26,서울,강남구,2026-05-12,37.485809,127.043491
0005285,서지훈,F,2002-05-23,서울,성동구,2026-05-12,37.577352,127.050323
0005286,송민서,F,1997-09-18,대구,북구,2026-05-12,35.898802,128.615833
0005287,오시우,F,1989-02-01,부산,동래구,2026-05-12,35.205918,129.063324
0005288,오지원,F,1971-11-27,서울,송파구,2026-05-13,37.51955,127.115158
0005289,조민서,M,1988-03-17,서울,서초구,2026-05-13,37.485348,127.020431
0005290,송예준,F,2001-08-17,서울,강남구,2026-05-13,37.486781,127.030789
0005291,서민서,F,1972-11-13,부산,남구,2026-05-13,35.13827,129.08179
0005292,김서윤,F,1985-04-04,광주,북구,2026-05-13,35.158612,126.907869
0005293,전지우,F,1999-11-03,서울,성동구,2026-05-13,37.56004,127.06894
0005294,황서연,M,1972-01-20,서울,성동구,2026-05-13,37.577737,127.017251
0005295,송지유,F,1980-07-02,부산,부산진구,2026-05-13,35.155731,129.036082
0005296,이하준,M,1989-11-20,대구,북구,2026-05-13,35.912824,128.621362
0005297,최현석,F,1990-02-21,서울,마포구,2026-05-13,37.582523,126.912364
0005298,황지호,M,1979-11-26,서울,서초구,2026-05-14,37.485348,127.020431
0005299,정서윤,M,2004-07-13,서울,서초구,2026-05-14,37.485348,127.020431
0005300,장지성,F,1978-02-11,부산,부산진구,2026-05-15,35.165841,129.062262
0005301,최윤서,M,1989-05-07,서울,서초구,2026-05-15,37.477597,127.042074
0005302,장하은,F,2002-05-29,서울,성동구,2026-05-15,37.577737,127.017251
0005303,강하윤,F,1977-04-17,서울,마포구,2026-05-15,37.555331,126.907948
0005304,박지민,M,1968-11-15,광주,북구,2026-05-15,35.18152,126.926067
0005305,박영희,M,1983-03-03,부산,부산진구,2026-05-15,35.155937,129.048964
0005306,안시우,F,1977-08-01,서울,마포구,2026-05-15,37.579231,126.921633
0005307,박민준,F,1982-05-24,인천,남동구,2026-05-16,37.450773,126.747514
0005308,신주원,F,2001-11-02,광주,남구,2026-05-16,35.13845,126.940927
0005309,권지민,M,1983-01-10,인천,연수구,2026-05-16,37.400091,126.683625
0005310,조동현,F,1978-03-07,대구,수성구,2026-05-16,35.866721,128.649568
0005311,송현석,F,1976-06-04,울산,울주군,2026-05-16,35.533543,129.241653
0005312,임승민,M,1995-09-10,대구,달서구,2026-05-16,35.817083,128.534496
0005313,김건우,M,1995-09-13,대구,달서구,2026-05-16,35.817083,128.534496
0005314,박승민,M,1981-12-16,서울,마포구,2026-05-16,37.562295,126.898744
0005315,한지원,F,1999-11-17,광주,동구,2026-05-17,35.148286,126.932418
0005316,황현석,M,1998-03-30,인천,부평구,2026-05-17,37.507528,126.716538
0005317,정수현,F,2005-08-20,서울,송파구,2026-05-17,37.51731,127.100273
0005318,이지유,M,1994-06-18,부산,동래구,2026-05-17,35.205918,129.063324
0005319,강지유,F,1980-04-20,대전,유성구,2026-05-17,36.35391,127.351198
0005320,한하준,M,1990-10-21,부산,부산진구,2026-05-18,35.155937,129.048964
0005321,장지우,M,2003-02-11,부산,부산진구,2026-05-18,35.157608,129.051143
0005322,황예준,M,1982-11-25,광주,남구,2026-05-18,35.13845,126.940927
0005323,신지민,M,1971-08-23,인천,연수구,2026-05-18,37.428937,126.682846
0005324,홍지성,M,1976-07-17,울산,동구,2026-05-18,35.516205,129.425624
0005325,전도윤,M,1973-03-26,대전,대덕구,2026-05-19,36.378921,127.443177
0005326,오수진,F,1970-04-19,서울,서초구,2026-05-19,37.485348,127.020431
0005327,윤민준,M,2002-02-13,대전,서구,2026-05-19,36.355481,127.361029
0005328,이하윤,F,1991-08-25,울산,동구,2026-05-19,35.492899,129.423847
0005329,강주원,M,1997-04-16,서울,송파구,2026-05-19,37.526044,127.101726
0005330,오수현,M,1990-11-02,서울,마포구,2026-05-19,37.569019,126.91137
0005331,박현우,M,1976-11-19,대전,대덕구,2026-05-19,36.355969,127.447839
0005332,임지원,M,1990-08-25,광주,북구,2026-05-20,35.18152,126.926067
0005333,오민서,F,2000-04-28,서울,마포구,2026-05-20,37.563645,126.908126
0005334,신철수,M,1972-04-04,서울,서초구,2026-05-20,37.477597,127.042074
0005335,강서현,M,1973-05-31,서울,송파구,2026-05-20,37.51955,127.115158
0005336,최주원,M,1972-07-01,광주,북구,2026-05-20,35.182325,126.899092
0005337,서민준,F,1978-02-17,대구,달서구,2026-05-21,35.817083,128.534496
0005338,이윤서,F,2005-07-10,서울,마포구,2026-05-21,37.57353,126.916356
0005339,홍서연,M,1978-03-18,서울,서초구,2026-05-22,37.484243,127.021823
0005340,박철수,M,1976-12-23,광주,북구,2026-05-22,35.158612,126.907869
0005341,안지우,F,1971-05-18,서울,강남구,2026-05-22,37.493375,127.03537
0005342,장동현,F,1999-04-20,서울,강남구,2026-05-22,37.493375,127.03537
0005343,전지성,F,1994-09-29,서울,성동구,2026-05-22,37.56004,127.06894
0005344,장예준,M,1998-05-08,서울,송파구,2026-05-22,37.516641,127.094043
0005345,황서준,F,1974-09-02,서울,강남구,2026-05-22,37.506762,127.025263
0005346,안현석,M,1984-02-26,인천,계양구,2026-05-23,37.541331,126.745466
0005347,한현우,M,1985-03-10,부산,남구,2026-05-23,35.120493,129.085186
0005348,정지민,M,1991-08-08,대전,대덕구,2026-05-23,36.366109,127.434212
0005349,신주원,F,1972-04-08,서울,강남구,2026-05-23,37.489466,127.022467
0005350,조수현,F,1984-08-16,인천,남동구,2026-05-23,37.450773,126.747514
0005351,윤수진,M,1978-10-06,서울,송파구,2026-05-23,37.51731,127.100273
0005352,김수진,M,1979-11-28,서울,마포구,2026-05-24,37.563645,126.908126
0005353,황서윤,M,2005-12-01,서울,송파구,2026-05-24,37.528144,127.11822
0005354,장수현,F,1984-02-03,서울,강남구,2026-05-24,37.507388,127.043409
0005355,전서연,M,2005-03-12,광주,북구,2026-05-24,35.182325,126.899092
0005356,신수현,M,1994-07-21,서울,마포구,2026-05-24,37.555331,126.907948
0005357,김도윤,M,1975-03-05,광주,북구,2026-05-24,35.18152,126.926067
0005358,임지호,M,1975-11-25,대구,중구,2026-05-25,35.87333,128.618027
0005359,한수진,F,1977-06-26,서울,서초구,2026-05-25,37.492387,127.030204
0005360,김현석,M,1985-11-03,울산,중구,2026-05-25,35.578704,129.328588
0005361,송하준,F,1991-06-05,부산,동래구,2026-05-25,35.205918,129.063324
0005362,서하은,M,1984-07-08,서울,성동구,2026-05-25,37.558694,127.046971
0005363,한서윤,M,1983-08-13,서울,강남구,2026-05-26,37.489466,127.022467
0005364,권서현,M,1995-06-01,인천,부평구,2026-05-26,37.507528,126.716538
0005365,전하윤,F,1996-12-04,서울,마포구,2026-05-26,37.57353,126.916356
0005366,이동현,F,1976-10-24,부산,부산진구,2026-05-26,35.165841,129.062262
0005367,임지우,F,1973-12-24,울산,동구,2026-05-26,35.492899,129.423847
0005368,조하은,M,2004-08-31,서울,성동구,2026-05-26,37.56004,127.06894
0005369,서윤서,F,1999-07-10,서울,송파구,2026-05-26,37.508941,127.105223
0005370,안서준,M,1999-12-21,서울,서초구,2026-05-26,37.477597,127.042074
0005371,김건우,M,1999-07-25,대전,중구,2026-05-26,36.338939,127.448992
0005372,최윤서,M,2005-11-05,서울,서초구,2026-05-27,37.485348,127.020431
0005373,임현석,F,1979-07-03,부산,해운대구,2026-05-27,35.176365,129.153956
0005374,전건우,M,2001-11-05,부산,부산진구,2026-05-27,35.156248,129.056828
0005375,최서준,M,1991-03-01,인천,부평구,2026-05-27,37.501582,126.711729
0005376,조서준,M,1972-10-10,울산,울주군,2026-05-28,35.533543,129.241653
0005377,권건우,M,1975-07-08,부산,동래구,2026-05-28,35.202857,129.076308
0005378,서철수,M,1985-11-26,서울,마포구,2026-05-28,37.579231,126.921633
0005379,권도윤,F,1980-07-06,부산,부산진구,2026-05-28,35.155731,129.036082
0005380,황건우,M,1992-11-28,광주,남구,2026-05-28,35.13845,126.940927
0005381,권서윤,F,1976-11-01,부산,부산진구,2026-05-29,35.155731,129.036082
0005382,임서현,M,1990-11-29,인천,부평구,2026-05-29,37.507528,126.716538
0005383,강지호,F,1987-02-21,대전,서구,2026-05-29,36.355481,127.361029
0005384,전지호,F,1999-09-06,부산,동래구,2026-05-29,35.210645,129.083455
0005385,한하은,M,2001-10-03,서울,강남구,2026-05-29,37.493375,127.03537
0005386,이서연,M,2000-11-24,인천,계양구,2026-05-29,37.544605,126.734891
0005387,조철수,F,1998-12-22,대구,북구,2026-05-29,35.898802,128.615833
0005388,조수현,F,1971-11-14,인천,계양구,2026-05-30,37.544605,126.734891
0005389,이건우,M,1994-10-27,서울,마포구,2026-05-30,37.569019,126.91137
0005390,이현석,M,2000-04-16,대구,북구,2026-05-30,35.898802,128.615833
0005391,이지원,M,2000-09-11,부산,부산진구,2026-05-31,35.156248,129.056828
0005392,임서현,F,2000-01-30,대전,중구,2026-05-31,36.319807,127.434568
0005393,홍서준,F,1994-11-03,서울,송파구,2026-05-31,37.516641,127.094043
0005394,박지민,F,1994-10-19,인천,부평구,2026-05-31,37.507528,126.716538
0005395,황영희,F,1975-08-10,서울,서초구,2026-05-31,37.478985,127.033267
0005396,한하은,F,1974-12-01,대전,대덕구,2026-06-01,36.378921,127.443177
0005397,한서윤,M,1990-09-08,부산,부산진구,2026-06-01,35.155731,129.036082
0005398,윤지호,M,2003-05-31,광주,북구,2026-06-01,35.158612,126.907869
0005399,조지원,F,1980-04-15,부산,동래구,2026-06-01,35.207187,129.078356
0005400,강지민,M,1984-06-08,광주,북구,2026-06-02,35.158612,126.907869
0005401,홍철수,F,2001-06-16,울산,남구,2026-06-02,35.54049,129.328761
0005402,송서준,M,1991-06-10,서울,강남구,2026-06-02,37.494624,127.018984
0005403,박서현,M,1999-12-01,서울,송파구,2026-06-02,37.514153,127.094813
0005404,한주원,M,2001-06-12,서울,송파구,2026-06-03,37.516641,127.094043
0005405,권지우,F,1988-05-09,서울,서초구,2026-06-03,37.485348,127.020431
0005406,안수현,M,1990-09-12,울산,울주군,2026-06-03,35.517505,129.248126
0005407,송하준,F,1970-09-29,서울,성동구,2026-06-03,37.56004,127.06894
0005408,안영희,F,2002-08-16,부산,남구,2026-06-03,35.134891,129.094263
0005409,임서연,M,1996-07-20,부산,부산진구,2026-06-03,35.156248,129.056828
0005410,윤서윤,M,1971-05-11,광주,북구,2026-06-04,35.162623,126.925196
0005411,이서준,M,1972-04-01,광주,남구,2026-06-05,35.13845,126.940927
0005412,강현석,M,1990-10-31,광주,북구,2026-06-05,35.18152,126.926067
0005413,정주원,M,2003-07-25,인천,부평구,2026-06-05,37.501582,126.711729
0005414,홍현우,M,1972-01-09,서울,송파구,2026-06-05,37.508941,127.105223
0005415,황하윤,F,1981-11-25,인천,남동구,2026-06-05,37.450773,126.747514
0005416,윤건우,M,2002-10-03,부산,동래구,2026-06-05,35.207187,129.078356
0005417,송서준,F,1975-11-02,서울,서초구,2026-06-05,37.485348,127.020431
0005418,박건우,F,1984-10-27,서울,서초구,2026-06-06,37.492387,127.030204
0005419,박서현,F,2003-02-16,서울,마포구,2026-06-06,37.555331,126.907948
0005420,박서연,F,1988-12-14,울산,남구,2026-06-06,35.545241,129.330526
0005421,권지성,F,1974-12-03,부산,부산진구,2026-06-06,35.173635,129.074432
0005422,박예준,F,2006-12-06,부산,부산진구,2026-06-06,35.148214,129.054903
0005423,황영희,F,1987-09-09,서울,서초구,2026-06-06,37.477597,127.042074
0005424,최주원,F,2005-06-10,서울,마포구,2026-06-06,37.562295,126.898744
0005425,신예준,M,1978-12-07,서울,마포구,2026-06-07,37.562295,126.898744
0005426,정지훈,M,1994-12-20,서울,송파구,2026-06-07,37.510372,127.112456
0005427,오시우,M,1987-02-07,광주,북구,2026-06-07,35.182325,126.899092
0005428,조서현,F,1984-08-27,부산,동래구,2026-06-07,35.205918,129.063324
0005429,임서현,M,1972-01-29,인천,연수구,2026-06-07,37.400091,126.683625
0005430,김영희,F,1982-07-31,인천,연수구,2026-06-07,37.428937,126.682846
0005431,정수진,F,1985-09-22,광주,북구,2026-06-07,35.182325,126.899092
0005432,황지우,F,2005-10-16,울산,동구,2026-06-07,35.492899,129.423847
0005433,홍하준,M,1980-04-14,광주,남구,2026-06-07,35.13845,126.940927
0005434,권현우,F,1994-03-01,부산,동래구,2026-06-07,35.205918,129.063324
0005435,안하윤,F,1977-10-04,대전,중구,2026-06-07,36.319807,127.434568
0005436,한수현,F,1973-11-19,서울,송파구,2026-06-07,37.50325,127.119319
0005437,황건우,M,1995-02-13,대전,대덕구,2026-06-07,36.378921,127.443177
0005438,최수현,M,1992-08-17,광주,북구,2026-06-07,35.182325,126.899092
0005439,신건우,F,1977-12-07,서울,강남구,2026-06-07,37.494624,127.018984
0005440,장하은,M,1970-08-09,부산,남구,2026-06-07,35.120493,129.085186
0005441,윤철수,M,1975-10-25,부산,부산진구,2026-06-08,35.164516,129.05897
0005442,최서윤,M,2000-08-05,대전,중구,2026-06-08,36.338939,127.448992
0005443,홍지성,M,1987-05-24,부산,동래구,2026-06-08,35.205918,129.063324
0005444,한승민,M,1978-03-31,서울,성동구,2026-06-08,37.577737,127.017251
0005445,황주원,F,1982-12-09,대전,대덕구,2026-06-09,36.378921,127.443177
0005446,윤지우,F,2004-04-30,인천,연수구,2026-06-09,37.400091,126.683625
0005447,조지우,M,1999-04-28,부산,남구,2026-06-09,35.120493,129.085186
0005448,윤하윤,F,1974-04-11,서울,서초구,2026-06-09,37.478985,127.033267
0005449,전도윤,M,1974-05-09,부산,남구,2026-06-10,35.13827,129.08179
0005450,최수진,F,1993-11-25,서울,송파구,2026-06-10,37.5014,127.135937
0005451,한지민,F,1971-08-31,대구,달서구,2026-06-10,35.817083,128.534496
0005452,강서현,M,1992-09-03,울산,울주군,2026-06-10,35.533543,129.241653
0005453,홍동현,M,2003-05-18,서울,마포구,2026-06-10,37.57353,126.916356
0005454,권지훈,M,1994-01-17,서울,강남구,2026-06-10,37.489466,127.022467
0005455,전민준,F,1995-06-25,울산,동구,2026-06-11,35.492899,129.423847
0005456,안주원,F,1990-06-13,서울,성동구,2026-06-11,37.561687,127.040441
0005457,김서준,M,1995-02-18,부산,부산진구,2026-06-11,35.153548,129.048878
0005458,전수진,F,1986-12-11,서울,서초구,2026-06-11,37.484243,127.021823
0005459,장도윤,F,1998-12-23,서울,서초구,2026-06-11,37.492387,127.030204
0005460,오시우,F,1985-07-24,대구,중구,2026-06-12,35.87333,128.618027
0005461,권지성,F,1989-09-01,광주,북구,2026-06-12,35.18152,126.926067
0005462,권철수,M,1974-05-16,인천,연수구,2026-06-12,37.428937,126.682846
0005463,강현우,M,1990-07-03,인천,연수구,2026-06-12,37.400091,126.683625
0005464,최현석,F,2003-11-24,인천,부평구,2026-06-13,37.501582,126.711729
0005465,서서현,M,1978-04-15,서울,강남구,2026-06-13,37.507388,127.043409
0005466,한예준,F,1983-07-28,대구,동구,2026-06-14,35.889942,128.626899
0005467,윤민서,M,2001-08-09,부산,부산진구,2026-06-14,35.156248,129.056828
0005468,황현석,M,1995-06-08,대전,대덕구,2026-06-14,36.378921,127.443177
0005469,한지우,M,1992-06-06,서울,마포구,2026-06-14,37.567218,126.927162
0005470,서철수,M,1970-06-29,서울,성동구,2026-06-14,37.56004,127.06894
0005471,이서준,F,1986-02-27,서울,서초구,2026-06-15,37.485348,127.020431
0005472,정주원,F,1972-08-16,서울,서초구,2026-06-15,37.485348,127.020431
0005473,홍서현,F,1984-09-21,대구,달서구,2026-06-15,35.817083,128.534496
0005474,전윤서,M,1970-08-07,대구,달서구,2026-06-15,35.817083,128.534496
0005475,조현우,M,1980-12-15,서울,마포구,2026-06-15,37.562295,126.898744
0005476,신하윤,M,1992-06-28,서울,송파구,2026-06-15,37.5014,127.135937
0005477,안하준,M,1985-05-26,부산,남구,2026-06-15,35.120493,129.085186
0005478,신지우,M,2005-10-23,서울,송파구,2026-06-16,37.50325,127.119319
0005479,서수현,M,1984-06-23,서울,송파구,2026-06-16,37.51955,127.115158
0005480,한지호,F,2000-04-05,대구,북구,2026-06-16,35.898802,128.615833
0005481,오주원,M,1976-05-27,부산,부산진구,2026-06-16,35.148214,129.054903
0005482,조시우,M,2005-11-19,서울,송파구,2026-06-16,37.514153,127.094813
0005483,강영희,M,1992-12-07,서울,송파구,2026-06-16,37.516641,127.094043
0005484,황서준,M,1999-02-18,부산,수영구,2026-06-17,35.154477,129.111701
0005485,한승민,M,1971-11-08,인천,남동구,2026-06-17,37.431258,126.73738
0005486,권승민,M,1981-12-17,서울,강남구,2026-06-17,37.506762,127.025263
0005487,임건우,F,1980-05-13,대구,북구,2026-06-17,35.912824,128.621362
0005488,정지원,M,1990-09-02,부산,부산진구,2026-06-17,35.157608,129.051143
0005489,장지유,M,1998-08-09,서울,서초구,2026-06-17,37.477597,127.042074
0005490,박수현,M,1996-04-04,부산,해운대구,2026-06-17,35.176365,129.153956
0005491,황도윤,M,1995-04-18,광주,북구,2026-06-18,35.18152,126.926067
0005492,서서현,F,1996-10-30,서울,강남구,2026-06-18,37.489466,127.022467
0005493,송시우,F,2002-03-17,서울,성동구,2026-06-18,37.558694,127.046971
0005494,이지우,M,1994-10-26,서울,마포구,2026-06-18,37.555331,126.907948
0005495,최서윤,M,1972-05-16,인천,계양구,2026-06-18,37.541331,126.745466
0005496,장시우,F,1971-01-04,부산,해운대구,2026-06-18,35.176365,129.153956
0005497,장수진,M,1986-09-11,울산,중구,2026-06-18,35.578704,129.328588
0005498,황하준,F,1987-06-10,서울,송파구,2026-06-18,37.516641,127.094043
0005499,이도윤,M,1988-08-18,서울,마포구,2026-06-19,37.562295,126.898744
0005500,안지훈,M,2005-08-15,서울,서초구,2026-06-19,37.478985,127.033267
0005501,서주원,F,1994-10-16,부산,동래구,2026-06-19,35.202857,129.076308
0005502,전민준,M,1976-01-31,서울,송파구,2026-06-19,37.5014,127.135937
0005503,정동현,M,1984-02-08,광주,북구,2026-06-19,35.182325,126.899092
0005504,장서현,F,2004-06-24,부산,남구,2026-06-19,35.134891,129.094263
0005505,송지훈,M,1984-07-06,서울,성동구,2026-06-20,37.577737,127.017251
0005506,권서윤,M,1993-08-02,인천,남동구,2026-06-20,37.431258,126.73738
0005507,강서윤,F,1989-05-13,부산,동래구,2026-06-20,35.202857,129.076308
0005508,장서연,M,1970-08-28,서울,송파구,2026-06-20,37.51955,127.115158
0005509,조시우,M,1993-09-10,인천,계양구,2026-06-20,37.544605,126.734891
0005510,전지유,F,1978-11-22,서울,강남구,2026-06-21,37.486781,127.030789
0005511,신민준,M,1987-03-26,대구,북구,2026-06-21,35.898802,128.615833
0005512,황철수,F,1973-11-06,서울,강남구,2026-06-21,37.489466,127.022467
0005513,송철수,F,2000-12-21,서울,성동구,2026-06-21,37.567738,127.044146
0005514,박서준,M,1983-10-25,부산,남구,2026-06-21,35.13827,129.08179
0005515,이도윤,M,2001-01-25,부산,동래구,2026-06-21,35.218634,129.091488
0005516,임서연,M,1998-04-21,서울,마포구,2026-06-21,37.57353,126.916356
0005517,장지성,F,1993-01-20,울산,중구,2026-06-22,35.578704,129.328588
0005518,서서현,M,1978-09-15,서울,강남구,2026-06-22,37.501172,127.032666
0005519,오승민,M,1981-06-23,부산,남구,2026-06-22,35.13827,129.08179
0005520,정지유,F,1980-11-24,서울,강남구,2026-06-22,37.486781,127.030789
0005521,송지원,F,1989-09-15,대전,중구,2026-06-22,36.338939,127.448992
0005522,전수현,M,1980-05-08,서울,마포구,2026-06-22,37.562295,126.898744
0005523,이철수,F,1980-09-18,서울,송파구,2026-06-22,37.514153,127.094813
0005524,권현우,F,1992-10-15,부산,부산진구,2026-06-22,35.153548,129.048878
0005525,박지호,F,1982-12-23,부산,부산진구,2026-06-23,35.148214,129.054903
0005526,한서윤,M,1983-07-04,서울,마포구,2026-06-23,37.562295,126.898744
0005527,임하준,M,1980-01-31,인천,계양구,2026-06-23,37.544605,126.734891
0005528,권지민,M,1973-08-27,서울,마포구,2026-06-23,37.555331,126.907948
0005529,안수현,F,1995-06-24,인천,남동구,2026-06-24,37.452294,126.729161
0005530,황하윤,F,1980-05-06,서울,서초구,2026-06-24,37.483618,127.040159
0005531,이승민,M,1976-10-22,대구,수성구,2026-06-24,35.866721,128.649568
0005532,오예준,M,1980-06-30,부산,수영구,2026-06-24,35.154477,129.111701
0005533,김지호,F,1974-06-29,부산,부산진구,2026-06-24,35.165841,129.062262
0005534,장지유,M,1985-01-14,인천,계양구,2026-06-25,37.541331,126.745466
0005535,권서현,F,1970-04-28,울산,중구,2026-06-25,35.578704,129.328588
0005536,장수진,F,1994-09-09,서울,성동구,2026-06-25,37.551464,127.03869
0005537,오지호,M,1989-12-03,대전,유성구,2026-06-25,36.35391,127.351198
0005538,강영희,M,1979-12-25,부산,남구,2026-06-25,35.134891,129.094263
0005539,안건우,M,1972-09-08,서울,마포구,2026-06-25,37.582523,126.912364
0005540,한하윤,F,1982-11-02,인천,계양구,2026-06-26,37.541331,126.745466
0005541,정현우,M,2002-01-11,서울,송파구,2026-06-26,37.5014,127.135937
0005542,황윤서,M,1984-10-24,부산,해운대구,2026-06-26,35.176365,129.153956
0005543,최건우,M,2003-03-13,부산,부산진구,2026-06-26,35.155937,129.048964
0005544,안지원,M,1977-04-13,인천,부평구,2026-06-26,37.507528,126.716538
0005545,박지유,M,1979-07-14,서울,마포구,2026-06-26,37.57353,126.916356
0005546,황현석,F,1971-11-19,서울,강남구,2026-06-26,37.501172,127.032666
0005547,오수진,F,1989-07-24,서울,송파구,2026-06-26,37.51731,127.100273
0005548,김수현,M,2000-04-28,울산,울주군,2026-06-26,35.533543,129.241653
0005549,서서현,M,1972-11-03,대구,북구,2026-06-26,35.898802,128.615833
0005550,오주원,M,1982-07-09,대전,대덕구,2026-06-26,36.364878,127.436737
0005551,송수현,M,2001-08-03,서울,성동구,2026-06-26,37.576037,127.03348
0005552,황예준,F,1979-08-21,인천,계양구,2026-06-27,37.544605,126.734891
0005553,안지훈,M,1996-06-12,광주,북구,2026-06-27,35.182325,126.899092
0005554,이지민,F,1974-11-27,서울,송파구,2026-06-27,37.528144,127.11822
0005555,이서연,M,1995-12-20,대구,달서구,2026-06-27,35.817083,128.534496
0005556,박서윤,M,1973-07-10,광주,동구,2026-06-27,35.148286,126.932418
0005557,오동현,F,1975-04-10,대구,북구,2026-06-27,35.898802,128.615833
0005558,오주원,M,1983-05-02,대전,대덕구,2026-06-28,36.378921,127.443177
0005559,윤서연,F,1971-02-07,인천,남동구,2026-06-28,37.452294,126.729161
0005560,윤윤서,M,1997-10-28,부산,부산진구,2026-06-28,35.155731,129.036082
0005561,신지유,M,1999-10-29,대구,중구,2026-06-28,35.87333,128.618027
0005562,윤윤서,M,1999-08-30,대전,대덕구,2026-06-29,36.378921,127.443177
0005563,박시우,F,1984-01-25,부산,해운대구,2026-06-29,35.176365,129.153956
0005564,전서현,M,2000-09-20,대구,수성구,2026-06-29,35.866721,128.649568
0005565,정현우,M,1978-10-29,부산,해운대구,2026-06-30,35.176365,129.153956
0005566,김지민,F,1988-01-15,서울,서초구,2026-06-30,37.477597,127.042074
0005567,황동현,F,1999-02-05,서울,서초구,2026-06-30,37.48525,127.024041
0005568,정하윤,F,2004-04-10,부산,부산진구,2026-06-30,35.153548,129.048878
