order_id,customer_id,restaurant_id,order_datetime,order_amount,discount_amount,pay_amount,is_promo,delivery_time_min,promised_time_min,delay_min,is_delayed,distance_km,customer_rating
0000001,0000104,0000046,2023-07-01 08:56:41,61900,0,61900,0,42.9,46.1,-3.2,0,9.4,5.0
0000002,0000125,0000057,2023-07-02 08:37:30,67000,5000,62000,1,33.9,25.7,8.2,1,6.81,5.0
0000003,0000062,0000077,2023-07-02 11:41:03,96300,5000,91300,1,26.1,32.1,-6.0,0,2.06,5.0
0000004,0000055,0000069,2023-07-02 08:53:49,24500,0,24500,0,39.2,39.2,0.0,0,8.87,5.0
0000005,0000096,0000045,2023-07-02 09:34:41,39000,0,39000,0,35.8,36.0,-0.2,0,1.59,5.0
0000006,0000137,0000057,2023-07-03 06:46:32,22900,1000,21900,1,26.5,15.6,10.9,1,9.24,5.0
0000007,0000036,0000085,2023-07-03 12:50:01,68000,5000,63000,1,29.6,29.9,-0.3,0,8.07,5.0
0000008,0000040,0000056,2023-07-04 11:13:30,88100,5000,83100,1,31.4,35.0,-3.6,0,13.3,5.0
0000009,0000087,0000078,2023-07-05 07:03:19,58700,0,58700,0,36.1,34.9,1.2,1,13.14,5.0
0000010,0000014,0000062,2023-07-05 07:18:00,69900,0,69900,0,33.9,33.0,0.9,1,7.43,5.0
0000011,0000135,0000077,2023-07-05 07:17:06,74000,5000,69000,1,40.5,31.9,8.6,1,18.19,5.0
0000012,0000100,0000068,2023-07-07 10:52:24,96500,0,96500,0,35.8,39.0,-3.2,0,16.97,5.0
0000013,0000169,0000058,2023-07-07 09:54:45,50700,2000,48700,1,33.1,22.6,10.5,1,1.46,5.0
0000014,0000029,0000085,2023-07-08 03:00:18,54000,0,54000,0,31.7,32.7,-1.0,0,1.94,5.0
0000015,0000145,0000085,2023-07-08 11:29:59,7100,500,6600,1,38.1,36.0,2.1,1,6.46,5.0
0000016,0000016,0000028,2023-07-08 06:49:16,31100,1000,30100,1,44.8,48.4,-3.6,0,0.84,5.0
0000017,0000097,0000008,2023-07-09 07:07:53,57200,0,57200,0,41.4,38.5,2.9,1,4.68,5.0
0000018,0000150,0000078,2023-07-09 11:47:49,75800,5000,70800,1,31.9,32.7,-0.8,0,5.42,5.0
0000019,0000175,0000046,2023-07-09 10:07:08,37500,1000,36500,1,42.6,52.5,-9.9,0,10.4,5.0
0000020,0000043,0000040,2023-07-10 11:28:04,54900,0,54900,0,40.4,38.8,1.6,1,2.45,5.0
0000021,0000134,0000055,2023-07-10 08:48:59,7400,500,6900,1,31.1,19.2,11.9,1,17.72,5.0
0000022,0000125,0000008,2023-07-11 05:18:10,47900,0,47900,0,30.5,29.4,1.1,1,5.38,5.0
0000023,0000048,0000019,2023-07-12 06:20:29,18400,0,18400,0,31.4,34.2,-2.8,0,1.81,4.0
0000024,0000161,0000058,2023-07-14 07:16:42,27900,1000,26900,1,35.2,35.7,-0.5,0,1.64,5.0
0000025,0000080,0000037,2023-07-14 13:43:10,50800,2000,48800,1,35.1,36.1,-1.0,0,1.23,5.0
0000026,0000023,0000088,2023-07-15 10:15:17,56200,0,56200,0,34.8,36.1,-1.3,0,10.75,1.0
0000027,0000147,0000048,2023-07-15 10:59:25,7800,500,7300,1,35.4,39.3,-3.9,0,6.59,1.0
0000028,0000210,0000095,2023-07-15 08:26:42,80600,5000,75600,1,36.0,28.5,7.5,1,9.72,5.0
0000029,0000107,0000045,2023-07-15 08:28:41,42400,0,42400,0,31.6,31.1,0.5,1,13.5,5.0
0000030,0000040,0000073,2023-07-16 12:30:16,90700,0,90700,0,33.0,37.5,-4.5,0,8.62,5.0
0000031,0000151,0000001,2023-07-17 06:34:57,64500,5000,59500,1,41.7,43.7,-2.0,0,3.16,4.0
0000032,0000014,0000085,2023-07-18 08:33:12,30000,0,30000,0,33.9,34.8,-0.9,0,17.29,5.0
0000033,0000177,0000042,2023-07-18 09:30:34,36300,1000,35300,1,43.4,30.3,13.1,1,2.6,5.0
0000034,0000068,0000040,2023-07-20 11:59:43,34000,1000,33000,1,35.0,42.3,-7.3,0,11.65,5.0
0000035,0000235,0000077,2023-07-21 11:48:27,52900,2000,50900,1,32.7,23.2,9.5,1,1.35,5.0
0000036,0000105,0000020,2023-07-21 07:47:33,86800,0,86800,0,26.0,29.4,-3.4,0,19.03,5.0
0000037,0000243,0000094,2023-07-21 10:42:00,39000,1000,38000,1,43.0,35.7,7.3,1,14.86,5.0
0000038,0000227,0000057,2023-07-21 09:37:19,19600,500,19100,1,23.6,27.4,-3.8,0,1.02,5.0
0000039,0000077,0000046,2023-07-22 09:20:27,54100,0,54100,0,33.9,32.0,1.9,1,2.95,5.0
0000040,0000239,0000037,2023-07-23 08:59:20,45900,2000,43900,1,36.7,41.0,-4.3,0,11.15,5.0
0000041,0000255,0000020,2023-07-24 09:27:58,43100,2000,41100,1,39.6,45.5,-5.9,0,13.23,5.0
0000042,0000226,0000056,2023-07-25 11:12:55,27700,1000,26700,1,30.7,34.2,-3.5,0,1.48,5.0
0000043,0000012,0000077,2023-07-27 08:50:42,9600,0,9600,0,35.3,37.5,-2.2,0,16.16,5.0
0000044,0000084,0000089,2023-07-27 10:09:36,99200,0,99200,0,31.9,30.3,1.6,1,8.22,5.0
0000045,0000248,0000089,2023-07-28 07:51:26,90700,5000,85700,1,28.0,22.1,5.9,1,7.58,5.0
0000046,0000208,0000049,2023-07-28 09:36:45,45800,2000,43800,1,33.2,19.1,14.1,1,0.44,5.0
0000047,0000128,0000073,2023-07-29 07:06:52,15900,500,15400,1,34.7,41.7,-7.0,0,0.69,5.0
0000048,0000117,0000031,2023-07-31 08:02:38,60300,0,60300,0,24.0,27.7,-3.7,0,7.07,5.0
0000049,0000261,0000057,2023-07-31 06:26:41,55400,2000,53400,1,38.4,25.1,13.3,1,10.29,5.0
0000050,0000101,0000069,2023-08-02 08:02:08,28400,0,28400,0,29.5,28.5,1.0,1,14.64,5.0
0000051,0000128,0000025,2023-08-02 09:08:29,9300,0,9300,0,36.5,41.3,-4.8,0,11.55,5.0
0000052,0000076,0000084,2023-08-02 09:30:53,49900,0,49900,0,32.5,31.0,1.5,1,1.24,5.0
0000053,0000211,0000056,2023-08-03 04:58:12,84900,0,84900,0,27.5,30.1,-2.6,0,7.4,5.0
0000054,0000232,0000084,2023-08-04 06:27:58,47500,0,47500,0,39.6,35.9,3.7,1,7.46,5.0
0000055,0000107,0000090,2023-08-05 04:48:30,79900,0,79900,0,31.3,33.0,-1.7,0,14.66,5.0
0000056,0000206,0000055,2023-08-06 04:55:01,15200,0,15200,0,41.0,43.2,-2.2,0,7.79,5.0
0000057,0000292,0000031,2023-08-06 08:49:24,75200,0,75200,0,37.1,32.6,4.5,1,1.66,5.0
0000058,0000294,0000027,2023-08-06 05:37:45,15700,500,15200,1,30.4,21.2,9.2,1,20.96,4.0
0000059,0000012,0000013,2023-08-08 06:26:29,80700,0,80700,0,33.9,35.3,-1.4,0,7.65,5.0
0000060,0000031,0000049,2023-08-08 04:30:50,56700,0,56700,0,30.2,31.9,-1.7,0,7.05,5.0
0000061,0000277,0000025,2023-08-10 10:15:58,45900,0,45900,0,40.6,34.2,6.4,1,0.61,5.0
0000062,0000294,0000069,2023-08-10 08:29:48,76300,0,76300,0,36.6,32.1,4.5,1,5.72,5.0
0000063,0000178,0000029,2023-08-10 03:22:45,79400,0,79400,0,34.7,31.5,3.2,1,11.1,5.0
0000064,0000156,0000045,2023-08-11 03:14:51,77300,0,77300,0,31.0,30.2,0.8,1,2.43,5.0
0000065,0000239,0000028,2023-08-12 03:59:35,45100,0,45100,0,30.7,33.9,-3.2,0,11.02,5.0
0000066,0000078,0000056,2023-08-12 09:00:42,19000,0,19000,0,38.1,41.0,-2.9,0,6.81,5.0
0000067,0000167,0000055,2023-08-13 11:05:49,9800,500,9300,1,43.0,46.5,-3.5,0,8.57,5.0
0000068,0000339,0000020,2023-08-13 11:11:32,72500,5000,67500,1,49.7,39.3,10.4,1,11.33,5.0
0000069,0000175,0000013,2023-08-13 09:58:08,66100,0,66100,0,39.5,37.0,2.5,1,1.17,4.0
0000070,0000240,0000085,2023-08-14 11:41:31,91500,0,91500,0,29.2,30.4,-1.2,0,7.52,5.0
0000071,0000211,0000025,2023-08-14 08:52:54,10900,0,10900,0,28.6,31.4,-2.8,0,9.27,4.0
0000072,0000269,0000046,2023-08-15 08:12:02,47700,0,47700,0,39.9,32.0,7.9,1,20.11,5.0
0000073,0000043,0000066,2023-08-15 08:43:15,66200,0,66200,0,29.8,29.9,-0.1,0,0.97,5.0
0000074,0000112,0000013,2023-08-15 12:22:10,7600,500,7100,1,38.4,34.0,4.4,1,12.78,5.0
0000075,0000075,0000007,2023-08-16 10:29:20,90700,0,90700,0,32.7,32.6,0.1,1,14.99,5.0
0000076,0000227,0000077,2023-08-16 10:00:13,67000,0,67000,0,32.9,31.6,1.3,1,15.72,5.0
0000077,0000014,0000095,2023-08-16 11:37:03,32000,0,32000,0,40.2,41.4,-1.2,0,9.48,5.0
0000078,0000184,0000084,2023-08-17 11:49:48,37700,0,37700,0,30.3,33.3,-3.0,0,4.07,5.0
0000079,0000097,0000069,2023-08-18 03:39:49,35800,0,35800,0,35.9,35.0,0.9,1,15.84,5.0
0000080,0000313,0000040,2023-08-19 09:09:16,46900,2000,44900,1,38.0,44.0,-6.0,0,16.37,5.0
0000081,0000152,0000078,2023-08-19 11:32:01,82400,0,82400,0,34.6,35.6,-1.0,0,3.24,5.0
0000082,0000303,0000095,2023-08-19 04:16:03,92200,5000,87200,1,37.0,40.4,-3.4,0,10.64,5.0
0000083,0000065,0000057,2023-08-19 09:57:53,49300,0,49300,0,29.9,28.1,1.8,1,8.19,5.0
0000084,0000212,0000050,2023-08-20 11:52:49,15900,500,15400,1,27.7,18.8,8.9,1,6.35,5.0
0000085,0000199,0000089,2023-08-21 09:11:10,49900,0,49900,0,34.6,30.2,4.4,1,19.39,5.0
0000086,0000200,0000084,2023-08-22 06:30:35,39600,1000,38600,1,32.1,38.4,-6.3,0,3.95,5.0
0000087,0000044,0000045,2023-08-22 07:56:23,92600,0,92600,0,36.6,34.5,2.1,1,8.3,5.0
0000088,0000036,0000013,2023-08-22 10:50:49,56500,0,56500,0,32.6,31.7,0.9,1,0.66,4.0
0000089,0000196,0000048,2023-08-22 08:42:28,9700,500,9200,1,44.5,48.1,-3.6,0,15.2,5.0
0000090,0000253,0000042,2023-08-22 07:38:22,14300,0,14300,0,32.4,31.3,1.1,1,2.0,5.0
0000091,0000094,0000084,2023-08-22 08:02:31,37000,1000,36000,1,25.4,31.8,-6.4,0,11.72,5.0
0000092,0000014,0000037,2023-08-22 11:44:30,71600,0,71600,0,33.9,35.6,-1.7,0,11.96,3.0
0000093,0000173,0000056,2023-08-23 09:28:24,14100,500,13600,1,33.8,37.5,-3.7,0,8.54,5.0
0000094,0000329,0000037,2023-08-23 07:05:29,73600,5000,68600,1,31.8,17.8,14.0,1,11.75,5.0
0000095,0000317,0000029,2023-08-24 09:14:40,88800,5000,83800,1,32.2,27.5,4.7,1,1.68,4.0
0000096,0000025,0000090,2023-08-25 04:32:28,91100,0,91100,0,34.9,38.6,-3.7,0,9.95,5.0
0000097,0000271,0000068,2023-08-25 09:43:36,51200,2000,49200,1,32.7,37.2,-4.5,0,15.0,5.0
0000098,0000301,0000045,2023-08-25 12:30:27,96200,5000,91200,1,29.1,38.9,-9.8,0,13.34,5.0
0000099,0000171,0000019,2023-08-26 05:36:46,49100,0,49100,0,33.3,32.5,0.8,1,17.67,5.0
0000100,0000167,0000029,2023-08-27 08:52:16,83300,0,83300,0,30.7,31.2,-0.5,0,12.66,5.0
0000101,0000239,0000077,2023-08-27 08:41:09,49800,0,49800,0,35.0,32.0,3.0,1,11.18,5.0
0000102,0000094,0000008,2023-08-27 10:21:40,90700,0,90700,0,26.9,30.0,-3.1,0,6.1,5.0
0000103,0000385,0000008,2023-08-27 12:38:35,84800,5000,79800,1,38.9,26.4,12.5,1,14.21,5.0
0000104,0000281,0000001,2023-08-28 10:35:53,79000,0,79000,0,28.7,30.3,-1.6,0,7.53,3.0
0000105,0000109,0000031,2023-08-28 08:06:29,19700,0,19700,0,36.8,37.0,-0.2,0,7.33,5.0
0000106,0000126,0000090,2023-08-28 10:03:33,83000,0,83000,0,48.4,41.9,6.5,1,15.83,5.0
0000107,0000351,0000065,2023-09-01 10:39:36,67800,0,67800,0,28.7,32.0,-3.3,0,9.04,3.0
0000108,0000016,0000058,2023-09-01 10:23:15,9800,0,9800,0,38.5,36.6,1.9,1,12.09,5.0
0000109,0000084,0000050,2023-09-02 02:35:53,63600,0,63600,0,31.3,34.0,-2.7,0,8.0,5.0
0000110,0000012,0000049,2023-09-02 13:19:22,99000,0,99000,0,32.9,32.2,0.7,1,7.96,5.0
0000111,0000111,0000007,2023-09-02 11:13:32,91200,0,91200,0,34.4,33.6,0.8,1,9.15,4.0
0000112,0000195,0000031,2023-09-05 07:09:00,92400,0,92400,0,30.8,30.6,0.2,1,5.94,5.0
0000113,0000286,0000058,2023-09-05 11:22:53,34200,0,34200,0,44.3,39.5,4.8,1,14.59,5.0
0000114,0000308,0000057,2023-09-06 08:48:58,35500,0,35500,0,34.3,36.7,-2.4,0,18.66,4.0
0000115,0000344,0000020,2023-09-07 09:24:03,88700,5000,83700,1,34.5,40.8,-6.3,0,12.72,5.0
0000116,0000187,0000068,2023-09-08 03:22:46,42400,2000,40400,1,36.7,45.3,-8.6,0,13.8,5.0
0000117,0000220,0000046,2023-09-09 10:34:31,34600,0,34600,0,35.6,37.3,-1.7,0,3.26,5.0
0000118,0000333,0000031,2023-09-10 10:58:43,47000,0,47000,0,32.5,34.2,-1.7,0,5.68,5.0
0000119,0000294,0000068,2023-09-10 09:23:32,46200,0,46200,0,30.7,35.3,-4.6,0,10.49,3.0
0000120,0000315,0000055,2023-09-10 04:35:23,52500,0,52500,0,36.0,36.5,-0.5,0,8.79,4.0
0000121,0000169,0000073,2023-09-11 04:26:22,26200,0,26200,0,45.3,37.8,7.5,1,9.21,5.0
0000122,0000282,0000056,2023-09-11 11:36:18,76100,0,76100,0,29.4,31.8,-2.4,0,1.67,5.0
0000123,0000386,0000055,2023-09-11 04:26:44,95900,0,95900,0,37.0,37.6,-0.6,0,9.35,5.0
0000124,0000257,0000040,2023-09-12 06:38:16,59400,0,59400,0,36.7,38.3,-1.6,0,13.44,4.0
0000125,0000306,0000010,2023-09-12 09:32:49,57900,2000,55900,1,34.4,42.7,-8.3,0,0.92,5.0
0000126,0000174,0000085,2023-09-12 11:40:35,62200,0,62200,0,28.6,32.4,-3.8,0,1.78,4.0
0000127,0000256,0000028,2023-09-13 08:57:24,54900,2000,52900,1,39.8,29.2,10.6,1,0.61,5.0
0000128,0000048,0000066,2023-09-14 07:09:02,67700,0,67700,0,35.8,33.9,1.9,1,7.57,5.0
0000129,0000426,0000014,2023-09-15 09:33:41,70700,5000,65700,1,31.0,35.8,-4.8,0,1.2,5.0
0000130,0000365,0000055,2023-09-15 11:26:25,65500,0,65500,0,23.4,29.1,-5.7,0,7.44,5.0
0000131,0000335,0000007,2023-09-16 09:21:28,99500,0,99500,0,46.3,46.7,-0.4,0,7.05,5.0
0000132,0000003,0000065,2023-09-16 11:14:22,39800,0,39800,0,39.5,38.8,0.7,1,9.8,5.0
0000133,0000211,0000010,2023-09-18 11:03:08,57700,0,57700,0,31.2,31.7,-0.5,0,2.63,5.0
0000134,0000045,0000033,2023-09-18 07:24:08,12200,0,12200,0,33.7,36.9,-3.2,0,12.06,5.0
0000135,0000102,0000062,2023-09-19 09:49:34,94100,0,94100,0,32.4,32.6,-0.2,0,18.67,5.0
0000136,0000148,0000095,2023-09-20 09:05:48,69000,0,69000,0,40.9,37.3,3.6,1,12.38,5.0
0000137,0000244,0000046,2023-09-21 10:24:21,56200,0,56200,0,22.0,29.5,-7.5,0,7.64,5.0
0000138,0000162,0000045,2023-09-21 12:58:04,39100,0,39100,0,34.1,34.5,-0.4,0,3.85,5.0
0000139,0000044,0000048,2023-09-22 08:57:05,60100,0,60100,0,33.5,37.9,-4.4,0,15.8,5.0
0000140,0000059,0000050,2023-09-23 12:12:54,18000,0,18000,0,27.5,27.6,-0.1,0,1.53,5.0
0000141,0000372,0000037,2023-09-23 03:00:27,15400,0,15400,0,35.8,31.7,4.1,1,10.99,5.0
0000142,0000088,0000078,2023-09-23 10:40:18,42800,0,42800,0,27.8,32.2,-4.4,0,3.07,5.0
0000143,0000392,0000008,2023-09-25 05:00:51,30100,0,30100,0,30.2,31.3,-1.1,0,3.43,5.0
0000144,0000460,0000056,2023-09-26 10:18:01,36800,1000,35800,1,36.7,36.9,-0.2,0,2.06,5.0
0000145,0000260,0000095,2023-09-26 10:29:49,99200,0,99200,0,36.9,33.4,3.5,1,11.11,5.0
0000146,0000208,0000073,2023-09-27 08:52:26,74600,0,74600,0,27.5,31.0,-3.5,0,19.7,5.0
0000147,0000077,0000007,2023-09-27 07:05:34,61900,0,61900,0,34.2,31.0,3.2,1,10.2,5.0
0000148,0000363,0000025,2023-09-27 06:39:43,28800,0,28800,0,33.0,32.2,0.8,1,12.42,5.0
0000149,0000313,0000062,2023-09-27 08:31:58,30400,0,30400,0,44.7,38.9,5.8,1,9.49,5.0
0000150,0000466,0000001,2023-09-28 12:07:53,79500,5000,74500,1,35.2,31.4,3.8,1,13.96,3.0
0000151,0000199,0000031,2023-09-28 11:50:44,70700,0,70700,0,34.6,33.4,1.2,1,18.08,4.0
0000152,0000082,0000029,2023-09-28 10:50:42,15500,0,15500,0,39.1,37.2,1.9,1,2.21,5.0
0000153,0000524,0000073,2023-09-28 12:28:57,29700,1000,28700,1,38.0,35.5,2.5,1,9.13,5.0
0000154,0000030,0000058,2023-09-29 11:56:41,51100,0,51100,0,43.0,39.6,3.4,1,1.93,5.0
0000155,0000027,0000029,2023-10-01 09:36:24,43600,0,43600,0,23.6,30.6,-7.0,0,11.52,5.0
0000156,0000224,0000078,2023-10-01 04:54:14,65900,0,65900,0,37.5,37.8,-0.3,0,14.27,4.0
0000157,0000504,0000029,2023-10-01 10:57:38,80400,0,80400,0,33.9,33.5,0.4,1,12.75,5.0
0000158,0000471,0000073,2023-10-01 10:34:10,22900,0,22900,0,35.1,31.8,3.3,1,9.66,5.0
0000159,0000259,0000084,2023-10-02 08:16:51,90000,0,90000,0,30.8,28.6,2.2,1,6.42,5.0
0000160,0000038,0000040,2023-10-03 08:08:43,74700,0,74700,0,32.8,28.9,3.9,1,14.27,1.0
0000161,0000250,0000007,2023-10-04 04:33:46,92600,0,92600,0,32.6,36.0,-3.4,0,5.18,5.0
0000162,0000317,0000068,2023-10-05 09:11:32,28500,0,28500,0,22.6,27.2,-4.6,0,10.94,5.0
0000163,0000522,0000042,2023-10-05 07:45:00,99500,5000,94500,1,33.8,39.8,-6.0,0,7.75,5.0
0000164,0000077,0000033,2023-10-06 07:55:40,43100,0,43100,0,33.6,35.1,-1.5,0,9.18,5.0
0000165,0000232,0000008,2023-10-08 11:14:43,35000,0,35000,0,30.7,30.9,-0.2,0,5.87,5.0
0000166,0000499,0000019,2023-10-09 05:33:08,63300,5000,58300,1,29.9,35.5,-5.6,0,18.44,5.0
0000167,0000545,0000008,2023-10-10 10:02:56,71900,5000,66900,1,29.7,35.0,-5.3,0,14.21,5.0
0000168,0000479,0000058,2023-10-10 01:10:49,88800,0,88800,0,35.0,34.4,0.6,1,9.1,5.0
0000169,0000373,0000048,2023-10-12 09:22:37,56000,0,56000,0,31.5,33.9,-2.4,0,8.84,5.0
0000170,0000116,0000037,2023-10-12 03:53:02,41600,0,41600,0,35.3,32.9,2.4,1,2.19,5.0
0000171,0000246,0000050,2023-10-12 11:58:10,55800,0,55800,0,40.8,43.2,-2.4,0,6.54,5.0
0000172,0000392,0000057,2023-10-13 11:38:29,20400,0,20400,0,29.7,31.6,-1.9,0,6.93,5.0
0000173,0000581,0000019,2023-10-13 06:35:00,9800,500,9300,1,36.2,45.9,-9.7,0,11.69,5.0
0000174,0000005,0000001,2023-10-13 09:34:10,79700,0,79700,0,34.4,36.7,-2.3,0,2.76,1.0
0000175,0000107,0000007,2023-10-14 08:03:38,85300,0,85300,0,31.9,31.4,0.5,1,0.89,4.0
0000176,0000428,0000072,2023-10-15 11:22:34,29600,0,29600,0,37.0,37.0,0.0,0,2.0,5.0
0000177,0000421,0000008,2023-10-15 08:58:59,50000,0,50000,0,39.1,40.9,-1.8,0,7.84,5.0
0000178,0000210,0000095,2023-10-16 06:24:39,70500,0,70500,0,28.6,32.6,-4.0,0,2.45,5.0
0000179,0000191,0000084,2023-10-16 13:12:47,76800,0,76800,0,40.8,43.6,-2.8,0,8.01,5.0
0000180,0000171,0000019,2023-10-16 08:14:22,39500,0,39500,0,35.3,32.1,3.2,1,10.28,5.0
0000181,0000538,0000073,2023-10-17 07:42:48,88700,0,88700,0,28.5,31.6,-3.1,0,19.76,5.0
0000182,0000161,0000094,2023-10-18 10:02:17,59900,0,59900,0,37.0,32.5,4.5,1,1.29,5.0
0000183,0000344,0000048,2023-10-18 08:58:09,79000,0,79000,0,30.9,31.8,-0.9,0,0.5,5.0
0000184,0000139,0000033,2023-10-19 03:52:34,71700,0,71700,0,35.2,35.9,-0.7,0,12.78,5.0
0000185,0000208,0000065,2023-10-19 09:34:03,50100,0,50100,0,34.0,35.7,-1.7,0,1.4,5.0
0000186,0000257,0000026,2023-10-21 12:28:03,12700,0,12700,0,30.8,32.6,-1.8,0,12.32,5.0
0000187,0000030,0000094,2023-10-22 12:45:41,76000,0,76000,0,33.2,36.5,-3.3,0,15.17,5.0
0000188,0000077,0000090,2023-10-23 07:32:51,55300,0,55300,0,35.7,33.2,2.5,1,1.53,5.0
0000189,0000229,0000008,2023-10-25 09:28:37,8600,0,8600,0,28.4,28.8,-0.4,0,6.1,5.0
0000190,0000419,0000095,2023-10-25 10:19:19,76600,0,76600,0,38.1,31.4,6.7,1,12.76,5.0
0000191,0000200,0000078,2023-10-25 11:26:48,63500,0,63500,0,34.5,34.0,0.5,1,3.01,5.0
0000192,0000435,0000085,2023-10-26 07:45:04,36900,1000,35900,1,25.8,31.9,-6.1,0,7.85,5.0
0000193,0000278,0000031,2023-10-27 09:03:18,88100,0,88100,0,31.4,29.9,1.5,1,6.7,5.0
0000194,0000560,0000029,2023-10-27 11:01:30,48100,2000,46100,1,28.8,31.3,-2.5,0,19.14,5.0
0000195,0000384,0000019,2023-10-28 11:43:13,17000,0,17000,0,27.5,29.2,-1.7,0,10.53,5.0
0000196,0000497,0000042,2023-10-29 11:22:19,68900,0,68900,0,38.2,33.7,4.5,1,12.83,5.0
0000197,0000483,0000028,2023-10-29 10:48:13,41500,0,41500,0,26.0,29.4,-3.4,0,11.46,5.0
0000198,0000310,0000068,2023-11-02 09:01:49,51600,0,51600,0,31.3,34.4,-3.1,0,11.55,5.0
0000199,0000346,0000062,2023-11-02 09:54:25,75100,0,75100,0,44.7,40.7,4.0,1,1.27,5.0
0000200,0000312,0000073,2023-11-02 05:07:22,25700,0,25700,0,42.1,36.0,6.1,1,9.15,5.0
0000201,0000604,0000046,2023-11-02 10:24:56,38500,1000,37500,1,28.3,31.6,-3.3,0,18.13,5.0
0000202,0000625,0000088,2023-11-03 09:58:01,89900,0,89900,0,31.6,34.5,-2.9,0,2.9,3.0
0000203,0000086,0000007,2023-11-03 10:06:30,37900,0,37900,0,29.4,31.0,-1.6,0,15.18,5.0
0000204,0000686,0000001,2023-11-03 05:39:27,26300,1000,25300,1,32.0,20.5,11.5,1,0.99,5.0
0000205,0000217,0000042,2023-11-05 08:43:40,89000,0,89000,0,42.4,39.2,3.2,1,7.83,5.0
0000206,0000228,0000084,2023-11-05 12:25:41,21400,0,21400,0,37.9,33.0,4.9,1,8.08,5.0
0000207,0000630,0000078,2023-11-05 10:04:44,67500,5000,62500,1,42.6,49.4,-6.8,0,11.03,5.0
0000208,0000492,0000001,2023-11-06 09:31:25,65500,5000,60500,1,35.3,26.1,9.2,1,1.57,5.0
0000209,0000324,0000014,2023-11-06 10:26:00,24700,0,24700,0,37.0,33.7,3.3,1,8.01,4.0
0000210,0000091,0000078,2023-11-06 12:52:22,23400,0,23400,0,37.7,34.7,3.0,1,8.21,5.0
0000211,0000002,0000073,2023-11-07 09:40:56,25900,0,25900,0,31.6,31.3,0.3,1,8.39,5.0
0000212,0000637,0000045,2023-11-07 10:20:39,46200,0,46200,0,39.6,32.7,6.9,1,12.99,3.0
0000213,0000396,0000066,2023-11-08 09:03:28,76600,0,76600,0,33.6,29.4,4.2,1,11.66,5.0
0000214,0000603,0000020,2023-11-08 07:35:25,74900,0,74900,0,37.2,38.5,-1.3,0,2.55,5.0
0000215,0000094,0000031,2023-11-09 10:16:46,49900,0,49900,0,26.2,31.4,-5.2,0,6.89,4.0
0000216,0000065,0000019,2023-11-11 09:41:01,84800,0,84800,0,34.4,37.4,-3.0,0,2.86,5.0
0000217,0000494,0000072,2023-11-11 05:51:49,96700,0,96700,0,32.6,35.2,-2.6,0,16.19,5.0
0000218,0000656,0000062,2023-11-12 04:21:19,45000,0,45000,0,44.8,40.7,4.1,1,21.06,5.0
0000219,0000475,0000040,2023-11-12 06:54:12,84600,0,84600,0,34.6,32.0,2.6,1,11.9,5.0
0000220,0000560,0000050,2023-11-13 10:31:08,49600,0,49600,0,27.4,29.9,-2.5,0,1.31,5.0
0000221,0000144,0000062,2023-11-14 03:31:50,19300,0,19300,0,26.3,30.5,-4.2,0,8.08,5.0
0000222,0000647,0000068,2023-11-16 08:45:54,93200,5000,88200,1,26.7,32.8,-6.1,0,9.8,5.0
0000223,0000401,0000090,2023-11-19 07:47:20,46300,0,46300,0,43.5,43.0,0.5,1,10.54,5.0
0000224,0000177,0000077,2023-11-20 10:54:33,73800,0,73800,0,28.5,31.6,-3.1,0,0.37,5.0
0000225,0000019,0000026,2023-11-20 09:59:57,23500,0,23500,0,48.3,44.6,3.7,1,0.52,5.0
0000226,0000030,0000001,2023-11-21 04:09:03,73000,0,73000,0,27.0,28.4,-1.4,0,7.77,5.0
0000227,0000650,0000014,2023-11-21 09:24:45,97700,0,97700,0,28.1,30.7,-2.6,0,1.73,5.0
0000228,0000072,0000095,2023-11-21 11:56:00,59700,0,59700,0,41.2,41.2,0.0,0,9.48,5.0
0000229,0000480,0000028,2023-11-22 07:18:27,53700,0,53700,0,32.3,32.8,-0.5,0,7.5,5.0
0000230,0000044,0000037,2023-11-23 09:00:18,23800,0,23800,0,34.1,32.3,1.8,1,11.62,5.0
0000231,0000632,0000040,2023-11-23 09:34:33,88700,0,88700,0,39.2,38.8,0.4,1,1.61,5.0
0000232,0000350,0000033,2023-11-26 09:45:10,48200,0,48200,0,44.1,43.7,0.4,1,7.37,4.0
0000233,0000531,0000077,2023-11-27 09:44:35,16600,0,16600,0,30.6,30.3,0.3,1,11.23,5.0
0000234,0000839,0000055,2023-11-29 11:48:37,80700,5000,75700,1,35.2,31.1,4.1,1,1.52,5.0
0000235,0000323,0000013,2023-11-29 07:38:37,93300,5000,88300,1,27.3,35.3,-8.0,0,2.48,5.0
0000236,0000449,0000095,2023-11-29 08:08:12,88800,0,88800,0,36.5,35.8,0.7,1,0.43,5.0
0000237,0000407,0000088,2023-11-30 08:50:49,14300,0,14300,0,31.5,31.0,0.5,1,10.12,5.0
0000238,0000224,0000072,2023-11-30 06:25:08,97700,0,97700,0,34.0,29.5,4.5,1,1.09,5.0
0000239,0000314,0000031,2023-11-30 10:50:50,24300,0,24300,0,37.0,40.1,-3.1,0,6.95,5.0
0000240,0000069,0000031,2023-11-30 07:48:54,32500,0,32500,0,37.3,34.0,3.3,1,2.16,5.0
0000241,0000820,0000048,2023-11-30 09:58:13,64000,5000,59000,1,34.8,27.0,7.8,1,3.47,5.0
0000242,0000305,0000078,2023-12-01 10:00:51,71000,0,71000,0,32.6,29.2,3.4,1,5.97,5.0
0000243,0000319,0000056,2023-12-01 07:51:58,17300,0,17300,0,39.0,38.3,0.7,1,10.06,5.0
0000244,0000348,0000019,2023-12-02 03:37:42,59200,2000,57200,1,27.3,35.7,-8.4,0,1.03,5.0
0000245,0000099,0000058,2023-12-03 09:29:07,7900,0,7900,0,30.1,33.8,-3.7,0,13.74,5.0
0000246,0000833,0000019,2023-12-04 07:47:34,66100,5000,61100,1,40.6,37.1,3.5,1,19.54,5.0
0000247,0000429,0000031,2023-12-05 09:57:07,51500,0,51500,0,37.1,37.1,0.0,0,8.62,5.0
0000248,0000237,0000089,2023-12-06 06:30:46,57400,0,57400,0,41.3,35.5,5.8,1,10.09,3.0
0000249,0000618,0000031,2023-12-07 11:05:14,60300,0,60300,0,47.9,45.2,2.7,1,0.95,5.0
0000250,0000784,0000037,2023-12-07 06:43:33,37600,0,37600,0,31.6,36.2,-4.6,0,19.82,5.0
0000251,0000422,0000055,2023-12-07 10:13:50,54500,0,54500,0,27.1,30.6,-3.5,0,7.04,5.0
0000252,0000373,0000078,2023-12-08 03:13:35,51900,0,51900,0,30.2,30.8,-0.6,0,1.89,5.0
0000253,0000283,0000084,2023-12-09 09:11:34,20800,0,20800,0,37.3,39.7,-2.4,0,0.69,5.0
0000254,0000132,0000065,2023-12-09 10:11:54,22200,0,22200,0,29.5,36.6,-7.1,0,0.31,5.0
0000255,0000373,0000078,2023-12-10 09:54:35,92100,0,92100,0,29.8,34.2,-4.4,0,8.09,5.0
0000256,0000848,0000025,2023-12-10 13:21:47,70500,0,70500,0,31.9,32.1,-0.2,0,8.28,5.0
0000257,0000082,0000094,2023-12-10 04:06:22,20900,0,20900,0,28.5,29.9,-1.4,0,8.74,5.0
0000258,0000279,0000078,2023-12-12 08:10:45,42200,0,42200,0,28.7,31.9,-3.2,0,2.68,5.0
0000259,0000157,0000077,2023-12-12 07:23:41,27200,0,27200,0,32.2,32.7,-0.5,0,15.19,5.0
0000260,0000618,0000077,2023-12-13 08:20:45,98700,0,98700,0,35.9,34.4,1.5,1,13.25,4.0
0000261,0000249,0000014,2023-12-13 09:18:36,43900,0,43900,0,37.5,37.5,0.0,0,1.44,3.0
0000262,0000240,0000026,2023-12-13 10:56:53,80900,0,80900,0,31.7,35.1,-3.4,0,11.3,4.0
0000263,0000124,0000028,2023-12-13 07:51:59,87500,0,87500,0,44.9,42.5,2.4,1,5.19,5.0
0000264,0000510,0000027,2023-12-14 09:34:23,47300,0,47300,0,40.0,33.5,6.5,1,20.48,5.0
0000265,0000845,0000019,2023-12-14 10:59:11,43800,2000,41800,1,41.2,44.7,-3.5,0,16.37,5.0
0000266,0000163,0000089,2023-12-16 04:20:24,15800,500,15300,1,36.4,23.5,12.9,1,8.14,5.0
0000267,0000887,0000078,2023-12-16 10:08:15,82600,5000,77600,1,40.4,34.8,5.6,1,8.01,5.0
0000268,0000478,0000037,2023-12-16 07:16:17,40900,0,40900,0,30.5,34.1,-3.6,0,10.96,5.0
0000269,0000572,0000088,2023-12-16 10:05:21,91900,5000,86900,1,35.3,21.0,14.3,1,2.11,5.0
0000270,0000357,0000001,2023-12-17 05:57:07,93500,0,93500,0,29.7,31.8,-2.1,0,1.86,5.0
0000271,0000369,0000058,2023-12-17 08:13:08,31700,0,31700,0,33.6,35.4,-1.8,0,8.6,5.0
0000272,0000934,0000072,2023-12-17 12:26:40,82100,5000,77100,1,35.3,43.0,-7.7,0,19.16,5.0
0000273,0000271,0000050,2023-12-18 10:12:07,77700,0,77700,0,29.2,33.1,-3.9,0,0.95,5.0
0000274,0000909,0000019,2023-12-18 09:58:49,48300,2000,46300,1,31.3,36.2,-4.9,0,1.74,5.0
0000275,0000141,0000014,2023-12-19 09:09:29,14700,500,14200,1,37.2,29.2,8.0,1,14.58,5.0
0000276,0000380,0000056,2023-12-19 11:30:55,34600,0,34600,0,34.5,36.6,-2.1,0,13.98,5.0
0000277,0000338,0000013,2023-12-19 07:57:01,39400,0,39400,0,33.7,32.9,0.8,1,2.82,5.0
0000278,0000639,0000089,2023-12-19 09:31:16,80500,0,80500,0,29.6,29.5,0.1,1,6.91,5.0
0000279,0000322,0000094,2023-12-20 11:53:56,47500,0,47500,0,28.9,32.4,-3.5,0,5.75,5.0
0000280,0000050,0000095,2023-12-21 10:53:47,29800,0,29800,0,31.5,29.8,1.7,1,2.18,5.0
0000281,0000743,0000094,2023-12-21 11:46:04,43000,0,43000,0,39.7,38.8,0.9,1,6.85,5.0
0000282,0000665,0000078,2023-12-21 09:44:33,26500,0,26500,0,34.1,36.8,-2.7,0,3.85,5.0
0000283,0000108,0000033,2023-12-22 09:34:35,42400,0,42400,0,33.1,37.4,-4.3,0,8.84,5.0
0000284,0000500,0000090,2023-12-22 07:34:50,97900,0,97900,0,36.7,37.5,-0.8,0,17.56,5.0
0000285,0000344,0000084,2023-12-22 07:49:52,41900,0,41900,0,32.0,31.8,0.2,1,6.42,5.0
0000286,0000935,0000088,2023-12-23 11:25:35,56900,2000,54900,1,37.7,27.3,10.4,1,2.2,1.0
0000287,0000615,0000058,2023-12-24 11:56:44,34600,0,34600,0,38.8,36.4,2.4,1,8.26,5.0
0000288,0000935,0000040,2023-12-24 09:52:41,34500,0,34500,0,40.0,40.2,-0.2,0,1.89,5.0
0000289,0000202,0000089,2023-12-24 03:22:27,67900,0,67900,0,27.6,30.8,-3.2,0,0.92,5.0
0000290,0000185,0000029,2023-12-25 03:24:41,71600,5000,66600,1,33.4,26.2,7.2,1,13.1,5.0
0000291,0000807,0000037,2023-12-26 09:42:51,56900,0,56900,0,34.7,31.6,3.1,1,15.81,4.0
0000292,0000824,0000027,2023-12-27 12:55:21,41300,0,41300,0,31.6,31.5,0.1,1,3.03,1.0
0000293,0000692,0000001,2023-12-28 11:05:47,75600,0,75600,0,26.4,30.0,-3.6,0,9.27,5.0
0000294,0000952,0000050,2023-12-28 08:04:07,96400,0,96400,0,33.7,31.1,2.6,1,16.89,5.0
0000295,0000901,0000037,2023-12-29 09:14:53,43300,2000,41300,1,27.6,20.1,7.5,1,19.14,5.0
0000296,0000018,0000078,2023-12-29 06:25:47,73400,0,73400,0,37.6,35.2,2.4,1,10.05,4.0
0000297,0001015,0000095,2023-12-30 10:09:45,19400,500,18900,1,33.8,21.2,12.6,1,16.96,3.0
0000298,0000109,0000008,2023-12-30 06:31:10,29800,0,29800,0,29.8,33.0,-3.2,0,2.0,5.0
0000299,0000691,0000094,2024-01-02 09:32:28,17800,0,17800,0,35.2,32.8,2.4,1,8.53,5.0
0000300,0000631,0000062,2024-01-04 10:57:03,80300,0,80300,0,26.8,30.3,-3.5,0,1.27,5.0
0000301,0000582,0000089,2024-01-04 09:44:44,18600,0,18600,0,37.6,35.2,2.4,1,8.36,5.0
0000302,0000160,0000094,2024-01-05 11:15:03,24000,0,24000,0,35.7,33.5,2.2,1,13.85,3.0
0000303,0000496,0000007,2024-01-05 09:47:11,33600,0,33600,0,39.2,33.0,6.2,1,9.09,5.0
0000304,0000207,0000073,2024-01-06 02:48:21,75900,0,75900,0,31.4,32.6,-1.2,0,7.63,5.0
0000305,0000089,0000040,2024-01-07 10:40:47,62100,0,62100,0,37.2,36.0,1.2,1,17.95,5.0
0000306,0000205,0000048,2024-01-07 10:40:35,10800,0,10800,0,30.1,29.1,1.0,1,6.99,5.0
0000307,0000611,0000031,2024-01-07 12:18:36,78500,0,78500,0,35.9,39.6,-3.7,0,6.18,5.0
0000308,0000365,0000040,2024-01-07 08:43:01,74800,0,74800,0,29.5,32.3,-2.8,0,10.57,4.0
0000309,0000053,0000069,2024-01-07 07:08:05,44700,0,44700,0,31.7,31.3,0.4,1,2.34,4.0
0000310,0000616,0000085,2024-01-07 02:37:46,38800,0,38800,0,46.0,48.2,-2.2,0,1.52,5.0
0000311,0000861,0000068,2024-01-08 08:55:15,70400,0,70400,0,35.0,33.5,1.5,1,10.15,4.0
0000312,0000600,0000078,2024-01-08 06:58:17,46000,0,46000,0,36.1,36.4,-0.3,0,7.68,5.0
0000313,0000348,0000078,2024-01-09 08:17:53,16400,0,16400,0,33.4,29.7,3.7,1,7.68,1.0
0000314,0000942,0000077,2024-01-10 08:19:57,42100,0,42100,0,30.2,29.4,0.8,1,19.37,5.0
0000315,0000656,0000085,2024-01-11 07:37:08,42400,0,42400,0,27.8,32.0,-4.2,0,16.49,5.0
0000316,0000002,0000037,2024-01-11 04:23:53,72800,0,72800,0,43.0,39.4,3.6,1,3.65,5.0
0000317,0000159,0000077,2024-01-11 06:43:51,93900,0,93900,0,46.0,40.7,5.3,1,4.48,4.0
0000318,0000726,0000094,2024-01-12 08:12:10,47700,0,47700,0,25.3,27.9,-2.6,0,8.68,5.0
0000319,0000397,0000026,2024-01-12 10:10:08,77400,0,77400,0,34.4,33.1,1.3,1,0.23,5.0
0000320,0000436,0000037,2024-01-12 05:03:02,25000,1000,24000,1,40.7,27.7,13.0,1,10.77,5.0
0000321,0000712,0000001,2024-01-13 09:28:10,45200,2000,43200,1,35.6,26.3,9.3,1,8.06,5.0
0000322,0001034,0000007,2024-01-13 08:12:46,93400,5000,88400,1,37.8,28.8,9.0,1,2.67,5.0
0000323,0000984,0000065,2024-01-13 11:17:58,99000,0,99000,0,35.2,34.6,0.6,1,8.09,5.0
0000324,0000715,0000078,2024-01-14 09:54:55,83400,0,83400,0,30.4,31.4,-1.0,0,5.79,5.0
0000325,0000683,0000068,2024-01-14 09:48:51,87900,0,87900,0,43.8,38.0,5.8,1,9.74,5.0
0000326,0001025,0000014,2024-01-14 10:50:24,71000,5000,66000,1,28.0,36.9,-8.9,0,12.66,5.0
0000327,0000162,0000078,2024-01-15 10:35:35,42600,0,42600,0,28.7,29.4,-0.7,0,13.87,5.0
0000328,0000243,0000045,2024-01-15 11:06:44,23700,0,23700,0,35.5,32.4,3.1,1,14.42,5.0
0000329,0000359,0000042,2024-01-16 08:44:48,43600,0,43600,0,27.5,27.2,0.3,1,8.82,5.0
0000330,0000147,0000078,2024-01-16 03:36:13,84000,0,84000,0,28.1,29.0,-0.9,0,4.76,5.0
0000331,0000477,0000066,2024-01-16 08:54:31,16500,0,16500,0,33.3,37.4,-4.1,0,6.19,5.0
0000332,0000168,0000042,2024-01-16 04:28:45,12200,0,12200,0,25.4,28.8,-3.4,0,0.52,5.0
0000333,0000130,0000088,2024-01-16 02:10:23,49600,0,49600,0,37.1,42.4,-5.3,0,11.78,5.0
0000334,0000260,0000084,2024-01-19 07:35:40,60100,0,60100,0,35.6,38.9,-3.3,0,12.94,5.0
0000335,0001017,0000057,2024-01-20 08:27:21,77900,0,77900,0,32.4,35.7,-3.3,0,8.23,5.0
0000336,0000134,0000088,2024-01-22 07:39:33,69800,0,69800,0,33.2,34.1,-0.9,0,9.52,5.0
0000337,0000001,0000020,2024-01-22 09:22:32,31000,0,31000,0,37.5,35.8,1.7,1,14.87,5.0
0000338,0000491,0000049,2024-01-22 09:18:23,74300,0,74300,0,35.8,33.4,2.4,1,2.58,5.0
0000339,0000384,0000008,2024-01-23 11:07:30,35000,0,35000,0,39.2,30.2,9.0,1,5.65,5.0
0000340,0000885,0000077,2024-01-23 12:57:40,89300,0,89300,0,37.6,34.1,3.5,1,15.02,5.0
0000341,0000648,0000058,2024-01-24 11:45:18,24100,0,24100,0,34.7,32.8,1.9,1,3.38,4.0
0000342,0000674,0000040,2024-01-24 06:27:57,93200,0,93200,0,30.6,29.6,1.0,1,18.21,4.0
0000343,0000242,0000065,2024-01-25 10:14:03,62700,5000,57700,1,26.9,12.8,14.1,1,7.07,5.0
0000344,0000564,0000040,2024-01-25 07:37:41,80700,0,80700,0,43.8,37.0,6.8,1,0.73,4.0
0000345,0001060,0000077,2024-01-25 11:24:43,63100,5000,58100,1,42.0,27.2,14.8,1,14.14,5.0
0000346,0000032,0000078,2024-01-26 07:38:06,39500,0,39500,0,27.9,29.9,-2.0,0,13.53,5.0
0000347,0001087,0000046,2024-01-26 10:05:25,86600,5000,81600,1,26.4,31.8,-5.4,0,2.58,5.0
0000348,0000463,0000088,2024-01-27 07:11:02,66300,0,66300,0,35.5,38.1,-2.6,0,3.35,5.0
0000349,0001079,0000090,2024-01-27 11:44:05,43900,2000,41900,1,40.2,46.6,-6.4,0,18.08,5.0
0000350,0000312,0000095,2024-01-28 08:03:42,49400,0,49400,0,32.8,32.1,0.7,1,9.43,5.0
0000351,0000857,0000001,2024-01-28 08:40:39,47700,0,47700,0,38.2,39.0,-0.8,0,8.75,4.0
0000352,0000826,0000026,2024-01-28 02:24:41,71900,0,71900,0,28.7,29.2,-0.5,0,0.81,5.0
0000353,0001144,0000008,2024-01-29 09:00:11,76400,5000,71400,1,40.0,37.8,2.2,1,12.96,5.0
0000354,0000596,0000068,2024-01-30 08:45:50,28900,0,28900,0,26.5,31.2,-4.7,0,1.26,4.0
0000355,0000138,0000048,2024-01-30 10:41:59,65900,0,65900,0,38.7,35.4,3.3,1,0.34,5.0
0000356,0000765,0000045,2024-01-30 08:48:54,48000,0,48000,0,28.8,32.4,-3.6,0,2.06,5.0
0000357,0001114,0000085,2024-01-30 07:53:43,23100,1000,22100,1,34.4,26.2,8.2,1,7.17,5.0
0000358,0000548,0000055,2024-01-30 08:43:47,13700,0,13700,0,36.0,34.7,1.3,1,9.72,5.0
0000359,0000028,0000028,2024-01-30 10:50:27,34300,0,34300,0,40.0,34.9,5.1,1,0.29,5.0
0000360,0000546,0000008,2024-01-31 08:06:47,53800,0,53800,0,41.9,35.3,6.6,1,4.21,5.0
0000361,0000442,0000020,2024-01-31 11:55:06,76300,0,76300,0,46.5,39.9,6.6,1,13.28,5.0
0000362,0001023,0000027,2024-02-01 10:54:48,80500,0,80500,0,30.1,31.5,-1.4,0,22.16,5.0
0000363,0000501,0000058,2024-02-01 02:41:38,23000,0,23000,0,26.9,29.1,-2.2,0,8.47,5.0
0000364,0000535,0000069,2024-02-01 08:48:07,40200,2000,38200,1,39.1,33.6,5.5,1,1.24,5.0
0000365,0000304,0000062,2024-02-02 09:44:28,83200,0,83200,0,32.2,32.8,-0.6,0,18.66,5.0
0000366,0001087,0000073,2024-02-02 10:52:39,86800,0,86800,0,29.7,37.7,-8.0,0,1.58,5.0
0000367,0000551,0000020,2024-02-03 10:53:21,82400,0,82400,0,25.6,28.2,-2.6,0,13.1,5.0
0000368,0000312,0000013,2024-02-03 10:31:23,62400,0,62400,0,24.6,29.4,-4.8,0,7.09,5.0
0000369,0001084,0000094,2024-02-03 08:48:58,57600,2000,55600,1,35.9,43.7,-7.8,0,1.18,5.0
0000370,0000250,0000072,2024-02-03 09:54:56,95700,0,95700,0,32.4,34.7,-2.3,0,17.24,5.0
0000371,0001116,0000050,2024-02-04 08:17:49,15400,0,15400,0,32.0,30.8,1.2,1,7.49,1.0
0000372,0000508,0000027,2024-02-04 09:02:47,32300,0,32300,0,41.2,36.6,4.6,1,10.06,5.0
0000373,0001007,0000046,2024-02-04 07:10:12,59300,0,59300,0,34.7,36.7,-2.0,0,1.35,5.0
0000374,0000443,0000056,2024-02-04 10:01:49,74600,0,74600,0,26.1,30.4,-4.3,0,10.03,5.0
0000375,0000280,0000062,2024-02-04 08:26:04,25100,0,25100,0,39.7,37.9,1.8,1,17.9,3.0
0000376,0000103,0000025,2024-02-05 07:01:12,63900,0,63900,0,46.0,42.4,3.6,1,11.55,3.0
0000377,0000425,0000068,2024-02-05 11:15:32,86400,0,86400,0,29.3,28.0,1.3,1,16.8,5.0
0000378,0000009,0000050,2024-02-05 09:15:09,32900,0,32900,0,20.5,28.2,-7.7,0,16.48,5.0
0000379,0001141,0000078,2024-02-06 08:42:24,46900,0,46900,0,34.6,36.3,-1.7,0,1.42,5.0
0000380,0000042,0000069,2024-02-06 09:14:54,81800,0,81800,0,25.3,29.8,-4.5,0,6.76,5.0
0000381,0001118,0000094,2024-02-06 09:56:59,52800,0,52800,0,42.1,39.5,2.6,1,2.95,5.0
0000382,0000738,0000077,2024-02-07 10:11:15,77100,0,77100,0,42.4,40.6,1.8,1,12.08,4.0
0000383,0000295,0000013,2024-02-07 12:58:18,87000,0,87000,0,34.5,31.8,2.7,1,8.89,5.0
0000384,0000587,0000084,2024-02-07 10:34:01,89100,0,89100,0,35.5,35.9,-0.4,0,5.28,5.0
0000385,0000458,0000048,2024-02-09 11:14:38,30500,1000,29500,1,35.1,20.1,15.0,1,12.31,5.0
0000386,0000325,0000001,2024-02-09 09:02:20,76500,5000,71500,1,36.8,28.3,8.5,1,8.75,4.0
0000387,0000954,0000073,2024-02-10 09:18:21,13400,0,13400,0,35.5,33.4,2.1,1,18.64,5.0
0000388,0000789,0000037,2024-02-11 06:35:25,85300,0,85300,0,28.7,31.2,-2.5,0,18.83,5.0
0000389,0000766,0000057,2024-02-11 10:06:32,74200,0,74200,0,39.6,36.0,3.6,1,20.4,5.0
0000390,0001080,0000057,2024-02-11 11:09:57,24900,1000,23900,1,32.7,34.8,-2.1,0,19.96,3.0
0000391,0000860,0000045,2024-02-12 08:06:53,83300,0,83300,0,36.2,34.5,1.7,1,8.13,5.0
0000392,0000774,0000090,2024-02-12 10:40:40,85100,0,85100,0,39.0,34.4,4.6,1,12.66,5.0
0000393,0000435,0000069,2024-02-13 07:05:17,32300,0,32300,0,33.5,32.5,1.0,1,8.84,5.0
0000394,0000116,0000033,2024-02-13 07:01:15,47800,0,47800,0,36.5,36.4,0.1,1,12.09,5.0
0000395,0000990,0000085,2024-02-14 07:27:20,66200,0,66200,0,38.8,41.6,-2.8,0,9.18,5.0
0000396,0000274,0000013,2024-02-14 03:18:38,49000,0,49000,0,35.8,36.5,-0.7,0,6.77,5.0
0000397,0000838,0000014,2024-02-15 07:34:12,15600,0,15600,0,32.8,31.4,1.4,1,8.31,5.0
0000398,0000387,0000048,2024-02-16 11:56:18,56000,0,56000,0,36.3,35.7,0.6,1,2.19,5.0
0000399,0000366,0000020,2024-02-17 10:51:27,37400,0,37400,0,33.4,36.5,-3.1,0,15.76,5.0
0000400,0000773,0000027,2024-02-17 07:32:18,74300,0,74300,0,41.8,40.4,1.4,1,19.47,3.0
0000401,0000969,0000068,2024-02-17 09:38:34,10900,0,10900,0,30.8,32.0,-1.2,0,12.02,5.0
0000402,0000602,0000019,2024-02-17 10:48:41,73100,0,73100,0,41.4,38.3,3.1,1,14.91,5.0
0000403,0000377,0000010,2024-02-17 09:26:14,60000,0,60000,0,40.3,41.5,-1.2,0,11.18,5.0
0000404,0000561,0000029,2024-02-18 09:39:28,76700,0,76700,0,28.2,32.9,-4.7,0,19.76,3.0
0000405,0001081,0000049,2024-02-18 11:12:59,85700,0,85700,0,32.8,30.9,1.9,1,13.77,5.0
0000406,0000184,0000072,2024-02-19 10:36:38,73800,0,73800,0,32.1,35.6,-3.5,0,18.4,5.0
0000407,0000086,0000014,2024-02-20 11:14:13,29900,0,29900,0,37.1,34.7,2.4,1,12.53,5.0
0000408,0000917,0000010,2024-02-20 09:11:28,74900,0,74900,0,36.4,36.7,-0.3,0,16.68,5.0
0000409,0001165,0000010,2024-02-20 09:45:41,25300,1000,24300,1,39.0,48.9,-9.9,0,15.88,5.0
0000410,0000086,0000025,2024-02-21 13:34:27,47100,0,47100,0,34.0,33.5,0.5,1,1.35,5.0
0000411,0000685,0000094,2024-02-21 11:22:36,9100,0,9100,0,35.0,35.0,0.0,0,3.3,5.0
0000412,0000568,0000027,2024-02-21 02:02:22,65100,0,65100,0,37.1,36.6,0.5,1,22.02,5.0
0000413,0000097,0000046,2024-02-22 10:14:12,18100,0,18100,0,26.1,31.8,-5.7,0,19.92,5.0
0000414,0001052,0000057,2024-02-23 10:48:05,69400,5000,64400,1,29.8,37.8,-8.0,0,7.81,4.0
0000415,0000640,0000037,2024-02-23 10:28:05,81400,0,81400,0,36.1,35.1,1.0,1,2.55,5.0
0000416,0001102,0000040,2024-02-24 10:57:36,33700,0,33700,0,22.6,29.7,-7.1,0,13.69,4.0
0000417,0000166,0000042,2024-02-24 09:54:02,95000,0,95000,0,32.5,36.2,-3.7,0,13.72,5.0
0000418,0000757,0000058,2024-02-24 05:51:14,32400,0,32400,0,34.5,33.8,0.7,1,1.9,5.0
0000419,0001244,0000010,2024-02-25 11:00:57,73800,5000,68800,1,35.9,29.8,6.1,1,6.52,5.0
0000420,0000098,0000040,2024-02-25 12:03:02,52000,0,52000,0,49.5,46.2,3.3,1,16.39,3.0
0000421,0000184,0000057,2024-02-26 10:34:43,77800,0,77800,0,32.7,29.6,3.1,1,7.94,5.0
0000422,0001045,0000027,2024-02-27 03:20:19,73600,0,73600,0,47.5,38.3,9.2,1,22.85,5.0
0000423,0000283,0000013,2024-02-27 09:50:30,35700,0,35700,0,33.7,34.7,-1.0,0,11.84,5.0
0000424,0001287,0000058,2024-02-27 10:19:04,50700,2000,48700,1,34.1,40.3,-6.2,0,12.45,5.0
0000425,0000800,0000048,2024-02-29 02:09:11,99400,0,99400,0,24.1,30.0,-5.9,0,8.51,5.0
0000426,0001074,0000019,2024-02-29 10:06:45,79000,0,79000,0,40.6,46.8,-6.2,0,10.67,5.0
0000427,0000488,0000029,2024-02-29 11:18:04,91600,0,91600,0,27.0,28.2,-1.2,0,14.08,5.0
0000428,0001263,0000072,2024-02-29 08:37:35,13800,500,13300,1,30.5,20.1,10.4,1,9.24,1.0
0000429,0000687,0000056,2024-02-29 07:07:34,95000,0,95000,0,31.1,32.4,-1.3,0,8.6,5.0
0000430,0000574,0000050,2024-03-02 07:47:50,87400,0,87400,0,33.2,36.0,-2.8,0,17.85,5.0
0000431,0000474,0000025,2024-03-02 06:18:09,27300,0,27300,0,30.8,27.2,3.6,1,6.86,5.0
0000432,0000393,0000078,2024-03-02 09:18:49,21700,0,21700,0,34.3,31.3,3.0,1,8.26,5.0
0000433,0000265,0000072,2024-03-02 08:39:45,82900,0,82900,0,29.5,34.1,-4.6,0,6.17,5.0
0000434,0000342,0000045,2024-03-03 02:51:46,16800,500,16300,1,27.5,18.3,9.2,1,0.08,5.0
0000435,0000789,0000046,2024-03-04 07:26:08,43400,0,43400,0,30.7,32.8,-2.1,0,10.27,5.0
0000436,0000738,0000050,2024-03-04 08:47:49,29300,0,29300,0,32.7,36.3,-3.6,0,6.7,3.0
0000437,0000259,0000048,2024-03-06 06:18:17,13600,0,13600,0,30.7,32.2,-1.5,0,3.47,5.0
0000438,0000469,0000008,2024-03-06 07:07:44,84100,0,84100,0,32.3,28.4,3.9,1,1.74,5.0
0000439,0000312,0000048,2024-03-06 07:49:42,97300,0,97300,0,30.3,29.8,0.5,1,7.17,1.0
0000440,0001268,0000014,2024-03-08 07:46:00,90700,0,90700,0,30.6,30.4,0.2,1,1.27,5.0
0000441,0000830,0000008,2024-03-08 08:45:02,84000,0,84000,0,36.4,39.7,-3.3,0,2.3,5.0
0000442,0000461,0000029,2024-03-09 10:52:57,78700,0,78700,0,41.4,40.5,0.9,1,16.44,5.0
0000443,0000815,0000088,2024-03-09 07:29:53,42200,2000,40200,1,36.0,24.3,11.7,1,9.68,5.0
0000444,0000038,0000001,2024-03-09 09:11:50,80100,0,80100,0,35.2,31.0,4.2,1,8.75,5.0
0000445,0000282,0000084,2024-03-09 08:35:06,42200,0,42200,0,34.4,32.1,2.3,1,6.21,5.0
0000446,0001129,0000040,2024-03-09 11:34:25,65600,0,65600,0,38.2,37.6,0.6,1,12.51,5.0
0000447,0000428,0000055,2024-03-10 12:23:09,18100,0,18100,0,29.3,26.7,2.6,1,1.02,5.0
0000448,0000585,0000014,2024-03-11 08:38:19,33400,0,33400,0,38.2,36.3,1.9,1,12.91,5.0
0000449,0000607,0000033,2024-03-12 11:15:47,71800,5000,66800,1,31.6,23.5,8.1,1,12.6,3.0
0000450,0000224,0000025,2024-03-13 11:36:33,19000,0,19000,0,30.5,31.7,-1.2,0,7.16,5.0
0000451,0000124,0000068,2024-03-14 11:47:37,89900,0,89900,0,32.3,33.2,-0.9,0,1.41,5.0
0000452,0001021,0000055,2024-03-14 11:05:46,56600,2000,54600,1,36.2,26.7,9.5,1,7.67,5.0
0000453,0000389,0000088,2024-03-15 02:27:13,87800,5000,82800,1,34.0,25.1,8.9,1,9.24,1.0
0000454,0000138,0000031,2024-03-16 04:39:40,24100,0,24100,0,28.6,27.6,1.0,1,7.07,1.0
0000455,0000642,0000062,2024-03-16 10:03:04,71900,0,71900,0,33.8,35.1,-1.3,0,1.52,1.0
0000456,0000612,0000056,2024-03-17 07:37:55,85800,0,85800,0,35.3,37.7,-2.4,0,1.56,5.0
0000457,0000831,0000010,2024-03-18 11:54:45,24500,0,24500,0,39.4,33.0,6.4,1,8.43,5.0
0000458,0000004,0000084,2024-03-19 12:49:25,28800,0,28800,0,38.2,39.4,-1.2,0,14.92,5.0
0000459,0000725,0000019,2024-03-19 07:41:07,69300,0,69300,0,35.0,33.9,1.1,1,12.97,5.0
0000460,0000880,0000068,2024-03-20 05:48:12,25800,0,25800,0,28.2,29.6,-1.4,0,2.96,5.0
0000461,0001059,0000056,2024-03-20 09:21:42,56400,0,56400,0,33.8,34.5,-0.7,0,8.43,4.0
0000462,0001198,0000065,2024-03-21 09:19:37,73300,5000,68300,1,30.8,32.7,-1.9,0,6.33,5.0
0000463,0000804,0000010,2024-03-21 06:05:00,46000,0,46000,0,32.4,33.7,-1.3,0,8.3,5.0
0000464,0001297,0000040,2024-03-21 12:43:19,33300,1000,32300,1,34.9,43.9,-9.0,0,14.69,5.0
0000465,0000561,0000013,2024-03-22 10:18:51,81900,0,81900,0,31.6,35.7,-4.1,0,5.86,5.0
0000466,0000251,0000049,2024-03-22 08:52:02,8200,500,7700,1,35.7,23.8,11.9,1,7.21,5.0
0000467,0000872,0000031,2024-03-23 11:27:57,72700,0,72700,0,23.8,28.3,-4.5,0,17.14,5.0
0000468,0000711,0000033,2024-03-23 11:53:34,88600,0,88600,0,29.3,30.3,-1.0,0,10.79,5.0
0000469,0000623,0000033,2024-03-23 09:08:17,10400,0,10400,0,35.2,34.0,1.2,1,11.95,5.0
0000470,0000753,0000072,2024-03-23 11:09:41,11000,0,11000,0,26.3,30.8,-4.5,0,7.18,5.0
0000471,0001346,0000077,2024-03-24 04:20:48,8200,500,7700,1,30.3,35.1,-4.8,0,15.4,4.0
0000472,0000732,0000013,2024-03-25 09:01:36,73000,0,73000,0,36.3,34.8,1.5,1,0.95,5.0
0000473,0001049,0000008,2024-03-25 11:29:30,89600,0,89600,0,36.6,36.8,-0.2,0,12.04,5.0
0000474,0000933,0000048,2024-03-25 08:39:02,43900,0,43900,0,44.5,36.7,7.8,1,1.27,5.0
0000475,0000892,0000001,2024-03-26 11:39:41,95400,0,95400,0,41.4,36.9,4.5,1,6.67,4.0
0000476,0000754,0000056,2024-03-26 12:12:52,59500,0,59500,0,27.2,28.2,-1.0,0,12.57,5.0
0000477,0000585,0000020,2024-03-26 08:09:51,87400,0,87400,0,39.3,33.8,5.5,1,15.86,4.0
0000478,0000415,0000045,2024-03-26 09:33:49,16800,0,16800,0,36.5,33.7,2.8,1,12.99,1.0
0000479,0000143,0000072,2024-03-26 10:37:58,59100,0,59100,0,38.3,34.8,3.5,1,17.44,5.0
0000480,0000944,0000027,2024-03-27 08:56:41,23600,0,23600,0,28.8,32.7,-3.9,0,8.77,5.0
0000481,0000122,0000085,2024-03-27 11:53:44,40300,0,40300,0,31.4,27.4,4.0,1,6.86,5.0
0000482,0000008,0000050,2024-03-27 10:22:45,8900,0,8900,0,41.8,41.0,0.8,1,16.49,3.0
0000483,0001369,0000090,2024-03-28 11:09:42,24800,1000,23800,1,32.8,38.5,-5.7,0,18.03,5.0
0000484,0001229,0000020,2024-03-28 06:15:09,7900,0,7900,0,30.4,33.0,-2.6,0,12.12,4.0
0000485,0000574,0000031,2024-03-29 08:52:53,42500,0,42500,0,24.6,28.4,-3.8,0,1.13,5.0
0000486,0000168,0000050,2024-03-30 09:27:23,83100,0,83100,0,29.1,30.0,-0.9,0,16.22,5.0
0000487,0001326,0000062,2024-04-02 06:59:34,38900,0,38900,0,34.9,33.0,1.9,1,7.12,5.0
0000488,0000887,0000010,2024-04-02 08:39:26,43300,0,43300,0,33.7,36.0,-2.3,0,1.76,5.0
0000489,0000483,0000062,2024-04-02 03:35:42,31900,0,31900,0,35.4,35.0,0.4,1,10.53,5.0
0000490,0000433,0000007,2024-04-02 08:06:03,32500,0,32500,0,43.3,41.2,2.1,1,2.54,5.0
0000491,0000623,0000057,2024-04-02 09:35:26,85500,0,85500,0,23.6,31.1,-7.5,0,18.66,5.0
0000492,0000038,0000094,2024-04-03 10:22:50,24900,0,24900,0,28.0,28.2,-0.2,0,10.55,5.0
0000493,0001268,0000065,2024-04-03 12:50:37,26300,0,26300,0,33.7,31.6,2.1,1,6.04,5.0
0000494,0000483,0000019,2024-04-03 07:08:01,18200,0,18200,0,30.9,29.2,1.7,1,1.06,5.0
0000495,0001305,0000066,2024-04-03 09:11:31,42500,0,42500,0,32.3,32.8,-0.5,0,8.09,5.0
0000496,0001330,0000033,2024-04-03 11:39:44,86100,0,86100,0,42.3,41.5,0.8,1,1.38,5.0
0000497,0000382,0000028,2024-04-04 08:40:49,95600,5000,90600,1,32.1,18.7,13.4,1,8.46,5.0
0000498,0000273,0000045,2024-04-04 10:49:49,27300,0,27300,0,32.7,33.6,-0.9,0,1.13,5.0
0000499,0000632,0000062,2024-04-05 06:31:28,43900,0,43900,0,38.5,40.4,-1.9,0,18.63,5.0
0000500,0000844,0000026,2024-04-05 06:22:36,33200,0,33200,0,41.9,37.0,4.9,1,10.05,5.0
0000501,0000848,0000029,2024-04-06 07:18:21,53000,0,53000,0,33.7,30.9,2.8,1,13.79,3.0
0000502,0000100,0000095,2024-04-07 07:22:18,34900,0,34900,0,30.5,28.6,1.9,1,10.11,1.0
0000503,0001287,0000077,2024-04-07 09:39:46,65800,0,65800,0,28.8,27.7,1.1,1,16.14,5.0
0000504,0000999,0000033,2024-04-07 11:32:22,32900,0,32900,0,33.6,35.5,-1.9,0,10.44,5.0
0000505,0001527,0000014,2024-04-10 10:17:45,95900,5000,90900,1,39.2,45.4,-6.2,0,12.55,5.0
0000506,0000863,0000020,2024-04-10 09:12:54,37800,0,37800,0,35.2,35.3,-0.1,0,13.6,5.0
0000507,0000421,0000065,2024-04-10 11:42:38,11300,0,11300,0,30.9,35.3,-4.4,0,2.06,5.0
0000508,0000534,0000020,2024-04-10 11:14:50,94900,0,94900,0,32.0,31.1,0.9,1,1.89,1.0
0000509,0001049,0000056,2024-04-10 05:12:32,82200,0,82200,0,29.4,34.1,-4.7,0,7.73,5.0
0000510,0000191,0000078,2024-04-10 07:19:47,23200,0,23200,0,41.5,41.3,0.2,1,2.45,5.0
0000511,0000018,0000026,2024-04-11 03:51:13,89600,0,89600,0,32.7,32.3,0.4,1,1.19,5.0
0000512,0000025,0000026,2024-04-11 07:27:26,36600,0,36600,0,38.6,40.3,-1.7,0,11.97,5.0
0000513,0000946,0000014,2024-04-11 10:35:40,45800,0,45800,0,25.7,31.0,-5.3,0,13.01,5.0
0000514,0001093,0000049,2024-04-12 07:04:53,44900,0,44900,0,33.0,34.2,-1.2,0,3.25,5.0
0000515,0000924,0000073,2024-04-12 09:20:40,36400,0,36400,0,29.9,27.7,2.2,1,2.35,5.0
0000516,0000089,0000066,2024-04-12 02:45:09,14400,0,14400,0,34.9,33.6,1.3,1,12.39,5.0
0000517,0001094,0000090,2024-04-14 05:46:22,32000,0,32000,0,44.8,42.6,2.2,1,18.0,5.0
0000518,0000917,0000057,2024-04-14 09:34:44,55900,0,55900,0,35.7,32.0,3.7,1,20.4,1.0
0000519,0001547,0000055,2024-04-16 07:52:34,91600,5000,86600,1,29.9,37.3,-7.4,0,0.89,5.0
0000520,0001366,0000033,2024-04-17 10:17:58,26000,0,26000,0,31.9,29.7,2.2,1,7.35,5.0
0000521,0000340,0000069,2024-04-17 08:09:52,30200,0,30200,0,31.9,35.8,-3.9,0,0.59,4.0
0000522,0000568,0000077,2024-04-17 07:04:39,77200,0,77200,0,38.9,33.8,5.1,1,14.72,5.0
0000523,0001143,0000027,2024-04-18 10:11:58,78600,0,78600,0,44.0,39.1,4.9,1,10.6,4.0
0000524,0000190,0000042,2024-04-18 10:45:47,55600,0,55600,0,26.2,28.6,-2.4,0,12.79,5.0
0000525,0000341,0000050,2024-04-19 09:54:14,19100,0,19100,0,35.8,35.6,0.2,1,17.61,4.0
0000526,0000973,0000029,2024-04-19 09:07:51,72100,0,72100,0,37.0,35.0,2.0,1,1.84,3.0
0000527,0001547,0000013,2024-04-19 09:30:06,19800,0,19800,0,30.0,31.5,-1.5,0,7.52,4.0
0000528,0000366,0000010,2024-04-19 08:07:59,10300,0,10300,0,37.0,33.8,3.2,1,13.52,5.0
0000529,0000485,0000007,2024-04-19 07:50:40,58600,0,58600,0,34.2,34.6,-0.4,0,15.14,5.0
0000530,0000682,0000045,2024-04-20 07:07:50,24900,0,24900,0,30.5,32.0,-1.5,0,1.09,1.0
0000531,0001073,0000088,2024-04-20 11:38:26,10200,0,10200,0,33.6,35.0,-1.4,0,3.37,5.0
0000532,0000549,0000008,2024-04-20 04:04:52,90000,0,90000,0,26.5,31.5,-5.0,0,5.72,5.0
0000533,0000027,0000020,2024-04-20 10:44:17,54500,0,54500,0,29.1,32.1,-3.0,0,1.99,5.0
0000534,0000237,0000013,2024-04-20 08:54:23,74100,0,74100,0,37.6,33.6,4.0,1,7.06,5.0
0000535,0000199,0000095,2024-04-21 08:43:53,90600,0,90600,0,38.8,39.2,-0.4,0,4.1,5.0
0000536,0000803,0000019,2024-04-23 10:16:09,42400,0,42400,0,23.1,27.9,-4.8,0,1.24,5.0
0000537,0000713,0000090,2024-04-23 10:50:30,15800,0,15800,0,27.4,33.3,-5.9,0,18.49,5.0
0000538,0001579,0000055,2024-04-23 08:18:23,36900,1000,35900,1,41.1,43.0,-1.9,0,20.6,5.0
0000539,0000171,0000065,2024-04-24 11:45:13,55900,0,55900,0,39.4,40.7,-1.3,0,0.25,5.0
0000540,0000250,0000088,2024-04-25 11:49:58,36400,0,36400,0,33.2,36.0,-2.8,0,3.29,5.0
0000541,0001114,0000068,2024-04-25 09:29:07,38800,0,38800,0,30.1,30.3,-0.2,0,16.8,5.0
0000542,0000046,0000040,2024-04-26 10:37:11,51500,2000,49500,1,30.2,20.0,10.2,1,10.81,5.0
0000543,0001051,0000014,2024-04-27 12:51:18,20500,0,20500,0,31.2,32.3,-1.1,0,9.4,5.0
0000544,0000496,0000027,2024-04-27 05:11:13,63400,0,63400,0,33.3,30.8,2.5,1,10.48,5.0
0000545,0000080,0000008,2024-04-27 10:01:10,88600,0,88600,0,38.0,35.8,2.2,1,6.6,5.0
0000546,0000801,0000084,2024-04-29 13:26:05,72700,0,72700,0,30.5,30.4,0.1,1,7.67,5.0
0000547,0001463,0000029,2024-04-29 12:10:52,22300,0,22300,0,36.7,38.1,-1.4,0,17.6,5.0
0000548,0000604,0000027,2024-04-30 08:53:02,40300,0,40300,0,35.3,31.2,4.1,1,20.82,5.0
0000549,0000236,0000040,2024-04-30 07:52:00,70700,0,70700,0,38.5,37.6,0.9,1,19.78,1.0
0000550,0000668,0000010,2024-04-30 09:22:31,59900,0,59900,0,34.8,31.9,2.9,1,15.73,4.0
0000551,0001471,0000014,2024-04-30 09:18:31,16300,500,15800,1,27.6,34.1,-6.5,0,9.16,5.0
0000552,0000007,0000029,2024-05-02 08:42:39,82400,0,82400,0,32.0,31.9,0.1,1,0.84,5.0
0000553,0000772,0000040,2024-05-02 07:27:11,89200,0,89200,0,28.7,33.4,-4.7,0,14.91,5.0
0000554,0000290,0000046,2024-05-03 07:05:48,85500,5000,80500,1,31.7,39.2,-7.5,0,1.66,5.0
0000555,0000587,0000050,2024-05-04 04:39:45,51200,0,51200,0,27.0,29.8,-2.8,0,6.8,5.0
0000556,0001517,0000089,2024-05-04 10:43:38,41100,0,41100,0,45.3,44.6,0.7,1,19.39,5.0
0000557,0001264,0000029,2024-05-05 10:04:12,11000,0,11000,0,40.0,38.6,1.4,1,18.46,5.0
0000558,0000390,0000048,2024-05-05 07:46:35,36200,1000,35200,1,32.1,19.1,13.0,1,8.32,4.0
0000559,0000930,0000010,2024-05-05 10:32:01,41800,0,41800,0,31.2,32.6,-1.4,0,9.47,4.0
0000560,0001558,0000069,2024-05-05 10:49:32,74800,0,74800,0,33.9,31.6,2.3,1,1.54,1.0
0000561,0001444,0000062,2024-05-05 10:51:00,78500,0,78500,0,37.8,34.1,3.7,1,8.77,5.0
0000562,0001259,0000050,2024-05-06 06:40:27,61100,0,61100,0,30.4,32.3,-1.9,0,1.15,5.0
0000563,0000107,0000008,2024-05-08 09:20:00,44200,0,44200,0,33.1,33.6,-0.5,0,6.51,5.0
0000564,0001517,0000026,2024-05-09 07:22:14,39100,0,39100,0,30.5,28.6,1.9,1,1.91,5.0
0000565,0000690,0000042,2024-05-10 11:43:26,16500,0,16500,0,46.2,37.6,8.6,1,9.96,5.0
0000566,0001101,0000062,2024-05-11 01:03:51,14600,0,14600,0,38.7,33.2,5.5,1,0.24,5.0
0000567,0001307,0000095,2024-05-14 07:13:51,51300,0,51300,0,37.1,36.3,0.8,1,18.37,5.0
0000568,0000136,0000078,2024-05-14 09:31:07,69000,5000,64000,1,37.5,25.0,12.5,1,7.05,5.0
0000569,0000119,0000033,2024-05-14 03:56:34,13900,0,13900,0,35.8,38.0,-2.2,0,2.95,1.0
0000570,0000897,0000013,2024-05-16 10:45:26,13700,0,13700,0,34.8,31.6,3.2,1,6.15,5.0
0000571,0000055,0000073,2024-05-16 08:48:56,21400,0,21400,0,40.9,38.8,2.1,1,9.21,5.0
0000572,0000591,0000045,2024-05-17 12:11:27,39300,0,39300,0,32.5,35.0,-2.5,0,7.38,5.0
0000573,0001516,0000055,2024-05-17 11:16:49,30000,1000,29000,1,32.8,35.2,-2.4,0,19.9,4.0
0000574,0000218,0000049,2024-05-18 09:15:58,55500,0,55500,0,36.2,35.9,0.3,1,14.28,5.0
0000575,0000174,0000062,2024-05-19 08:44:58,72500,0,72500,0,42.4,33.8,8.6,1,8.02,5.0
0000576,0001663,0000029,2024-05-19 09:32:10,85100,5000,80100,1,41.7,32.3,9.4,1,2.96,4.0
0000577,0001734,0000046,2024-05-20 09:12:40,50100,2000,48100,1,29.5,23.6,5.9,1,2.77,5.0
0000578,0001058,0000045,2024-05-21 10:44:53,32300,1000,31300,1,36.4,29.3,7.1,1,7.54,5.0
0000579,0000603,0000040,2024-05-21 08:38:17,19800,0,19800,0,37.3,35.8,1.5,1,19.35,3.0
0000580,0001475,0000088,2024-05-21 08:53:47,27800,0,27800,0,34.7,36.4,-1.7,0,11.21,5.0
0000581,0000632,0000088,2024-05-21 10:33:31,52800,0,52800,0,34.4,32.9,1.5,1,9.63,5.0
0000582,0000140,0000007,2024-05-21 10:07:32,10800,0,10800,0,36.7,33.9,2.8,1,15.2,5.0
0000583,0000170,0000049,2024-05-23 10:53:18,75000,0,75000,0,36.6,38.5,-1.9,0,8.92,5.0
0000584,0001237,0000084,2024-05-23 09:11:03,87900,0,87900,0,35.9,34.7,1.2,1,7.46,5.0
0000585,0000362,0000008,2024-05-25 07:03:17,57000,0,57000,0,44.7,38.2,6.5,1,7.64,3.0
0000586,0000887,0000029,2024-05-25 11:47:58,53700,0,53700,0,40.2,35.8,4.4,1,11.19,3.0
0000587,0000127,0000056,2024-05-25 07:27:02,50100,0,50100,0,25.4,28.6,-3.2,0,8.69,4.0
0000588,0000519,0000062,2024-05-26 09:38:40,76100,0,76100,0,25.1,28.4,-3.3,0,7.52,5.0
0000589,0000457,0000025,2024-05-26 08:07:46,30700,0,30700,0,36.8,35.6,1.2,1,0.61,5.0
0000590,0001341,0000001,2024-05-26 04:43:15,55300,0,55300,0,32.7,32.0,0.7,1,8.63,5.0
0000591,0000756,0000014,2024-05-27 07:24:19,87100,0,87100,0,34.7,31.8,2.9,1,6.82,1.0
0000592,0001763,0000095,2024-05-27 10:59:48,17300,500,16800,1,36.4,33.1,3.3,1,11.38,5.0
0000593,0001241,0000031,2024-05-27 06:38:09,20200,0,20200,0,29.4,33.2,-3.8,0,1.36,5.0
0000594,0001439,0000027,2024-05-28 09:56:21,30500,0,30500,0,31.4,32.9,-1.5,0,3.92,5.0
0000595,0000220,0000090,2024-05-28 01:47:34,33400,0,33400,0,36.6,39.1,-2.5,0,11.71,5.0
0000596,0000676,0000057,2024-05-30 11:50:34,56300,0,56300,0,28.7,32.0,-3.3,0,8.36,4.0
0000597,0000306,0000042,2024-06-01 12:05:16,52400,0,52400,0,27.3,24.3,3.0,1,13.72,5.0
0000598,0000235,0000062,2024-06-01 08:46:37,79700,0,79700,0,32.4,36.3,-3.9,0,9.16,5.0
0000599,0000832,0000027,2024-06-01 04:36:11,16400,0,16400,0,35.9,38.0,-2.1,0,22.79,5.0
0000600,0000556,0000057,2024-06-01 12:23:42,80700,0,80700,0,31.9,34.7,-2.8,0,9.16,5.0
0000601,0001356,0000050,2024-06-03 08:18:44,93600,0,93600,0,29.0,30.4,-1.4,0,6.57,5.0
0000602,0000824,0000058,2024-06-04 07:38:28,26600,0,26600,0,34.5,34.0,0.5,1,3.02,5.0
0000603,0000366,0000045,2024-06-04 08:11:51,41400,0,41400,0,33.8,31.4,2.4,1,8.51,5.0
0000604,0000285,0000045,2024-06-04 10:11:04,12000,0,12000,0,40.6,39.9,0.7,1,12.6,5.0
0000605,0000256,0000062,2024-06-05 04:52:26,73100,0,73100,0,38.0,37.3,0.7,1,0.99,4.0
0000606,0000217,0000062,2024-06-05 06:45:34,74300,0,74300,0,26.9,28.0,-1.1,0,7.7,5.0
0000607,0001770,0000073,2024-06-06 03:35:27,48000,2000,46000,1,41.8,48.8,-7.0,0,1.8,5.0
0000608,0000609,0000007,2024-06-07 06:45:27,77100,0,77100,0,27.1,28.1,-1.0,0,11.49,5.0
0000609,0000442,0000048,2024-06-10 11:19:20,84300,0,84300,0,40.5,38.5,2.0,1,8.71,4.0
0000610,0000598,0000068,2024-06-10 09:43:16,24800,0,24800,0,34.1,35.2,-1.1,0,10.15,5.0
0000611,0000560,0000085,2024-06-11 10:12:20,51300,0,51300,0,36.5,38.1,-1.6,0,16.49,5.0
0000612,0001117,0000008,2024-06-11 07:26:41,30400,0,30400,0,31.7,35.9,-4.2,0,13.12,5.0
0000613,0001662,0000029,2024-06-12 09:08:49,97000,0,97000,0,30.4,28.0,2.4,1,12.91,5.0
0000614,0001695,0000069,2024-06-12 13:22:41,56200,0,56200,0,35.8,39.6,-3.8,0,14.57,1.0
0000615,0000932,0000010,2024-06-13 03:20:25,61500,0,61500,0,33.0,36.2,-3.2,0,2.35,5.0
0000616,0001812,0000056,2024-06-14 10:25:11,99800,5000,94800,1,40.9,26.1,14.8,1,7.4,5.0
0000617,0000419,0000057,2024-06-15 08:28:35,55000,0,55000,0,33.2,33.6,-0.4,0,7.94,5.0
0000618,0001709,0000094,2024-06-15 11:02:00,85900,0,85900,0,34.6,31.3,3.3,1,2.27,5.0
0000619,0000947,0000072,2024-06-15 09:20:32,72100,0,72100,0,34.3,36.0,-1.7,0,8.04,5.0
0000620,0001423,0000040,2024-06-16 07:50:39,88900,0,88900,0,30.7,31.9,-1.2,0,1.34,5.0
0000621,0001831,0000026,2024-06-16 10:25:59,56700,2000,54700,1,27.3,35.2,-7.9,0,0.41,5.0
0000622,0000975,0000095,2024-06-16 03:32:32,99300,0,99300,0,31.3,30.6,0.7,1,13.56,5.0
0000623,0001370,0000078,2024-06-17 09:06:10,15900,0,15900,0,36.6,34.9,1.7,1,2.23,5.0
0000624,0001085,0000065,2024-06-18 05:23:15,58900,0,58900,0,39.5,36.8,2.7,1,11.67,5.0
0000625,0000461,0000056,2024-06-18 11:58:11,74500,0,74500,0,37.9,33.8,4.1,1,1.45,5.0
0000626,0000143,0000008,2024-06-19 11:32:52,49600,0,49600,0,30.3,36.6,-6.3,0,5.72,5.0
0000627,0000389,0000033,2024-06-20 03:01:12,35600,0,35600,0,41.2,41.9,-0.7,0,11.84,5.0
0000628,0000429,0000084,2024-06-20 04:43:17,45500,0,45500,0,35.5,34.7,0.8,1,1.22,5.0
0000629,0001458,0000055,2024-06-21 07:46:11,71800,0,71800,0,32.1,32.3,-0.2,0,6.09,4.0
0000630,0001284,0000094,2024-06-21 03:22:53,69400,0,69400,0,49.7,42.4,7.3,1,9.56,5.0
0000631,0000866,0000065,2024-06-22 05:01:54,97300,0,97300,0,30.0,33.7,-3.7,0,7.45,5.0
0000632,0001179,0000085,2024-06-22 07:49:50,60200,5000,55200,1,32.1,26.3,5.8,1,0.19,5.0
0000633,0000029,0000049,2024-06-22 08:15:08,56800,0,56800,0,31.7,32.1,-0.4,0,7.07,5.0
0000634,0001596,0000045,2024-06-24 12:55:10,87800,0,87800,0,27.0,27.2,-0.2,0,6.8,4.0
0000635,0000810,0000029,2024-06-24 09:21:48,72800,0,72800,0,30.0,28.2,1.8,1,1.16,5.0
0000636,0001545,0000026,2024-06-25 08:23:14,89100,0,89100,0,30.7,33.9,-3.2,0,12.18,5.0
0000637,0000931,0000088,2024-06-25 10:47:36,43200,0,43200,0,39.7,35.3,4.4,1,10.11,5.0
0000638,0000844,0000055,2024-06-25 06:08:16,40500,0,40500,0,38.1,33.6,4.5,1,6.57,5.0
0000639,0001439,0000094,2024-06-25 10:01:46,48900,0,48900,0,41.6,43.2,-1.6,0,9.31,1.0
0000640,0000973,0000045,2024-06-28 04:45:37,99900,0,99900,0,33.6,31.2,2.4,1,12.99,5.0
0000641,0001837,0000040,2024-06-28 09:55:32,62100,5000,57100,1,34.8,22.8,12.0,1,18.34,5.0
0000642,0000878,0000001,2024-06-30 10:59:34,50100,0,50100,0,43.8,39.6,4.2,1,15.42,5.0
0000643,0000291,0000095,2024-06-30 11:07:43,47200,0,47200,0,36.7,32.1,4.6,1,13.47,5.0
0000644,0000972,0000068,2024-06-30 06:08:52,66100,0,66100,0,36.3,38.6,-2.3,0,18.07,5.0
0000645,0000798,0000073,2024-06-30 03:20:19,64300,0,64300,0,36.7,33.8,2.9,1,1.96,5.0
0000646,0000127,0000013,2024-06-30 09:42:45,78000,0,78000,0,36.8,29.6,7.2,1,7.79,5.0
0000647,0001578,0000048,2024-06-30 09:54:43,27100,0,27100,0,46.2,42.5,3.7,1,12.65,5.0
0000648,0000476,0000010,2024-07-01 08:49:31,42500,0,42500,0,36.6,36.9,-0.3,0,2.18,5.0
0000649,0000530,0000042,2024-07-01 10:22:28,87000,0,87000,0,26.0,28.2,-2.2,0,1.92,4.0
0000650,0001871,0000073,2024-07-01 04:55:14,67200,0,67200,0,32.1,32.2,-0.1,0,18.98,4.0
0000651,0001610,0000072,2024-07-01 11:15:23,66100,0,66100,0,29.1,32.7,-3.6,0,6.21,5.0
0000652,0000889,0000050,2024-07-01 08:07:24,59700,0,59700,0,25.1,30.6,-5.5,0,1.5,5.0
0000653,0001699,0000040,2024-07-01 12:26:05,94900,5000,89900,1,37.4,25.4,12.0,1,19.49,5.0
0000654,0000507,0000095,2024-07-01 09:05:30,91300,0,91300,0,36.2,34.7,1.5,1,14.55,5.0
0000655,0001409,0000026,2024-07-01 08:40:43,48200,0,48200,0,31.9,33.0,-1.1,0,10.19,5.0
0000656,0001435,0000072,2024-07-02 09:59:16,99400,0,99400,0,25.6,29.5,-3.9,0,0.77,5.0
0000657,0000456,0000050,2024-07-02 08:06:26,88400,0,88400,0,35.0,35.2,-0.2,0,6.72,5.0
0000658,0000853,0000058,2024-07-02 09:07:00,69700,0,69700,0,36.2,31.9,4.3,1,0.72,5.0
0000659,0000756,0000029,2024-07-02 09:10:42,79500,0,79500,0,32.1,37.2,-5.1,0,11.75,4.0
0000660,0001056,0000090,2024-07-03 09:10:36,68000,0,68000,0,30.2,30.6,-0.4,0,12.48,5.0
0000661,0000237,0000050,2024-07-03 08:32:05,94100,0,94100,0,33.2,29.6,3.6,1,2.64,5.0
0000662,0000577,0000028,2024-07-03 05:34:29,34200,0,34200,0,31.4,32.1,-0.7,0,8.46,5.0
0000663,0000875,0000062,2024-07-04 07:57:02,13200,0,13200,0,35.6,38.1,-2.5,0,10.61,5.0
0000664,0001754,0000089,2024-07-05 08:26:46,96300,0,96300,0,34.1,38.8,-4.7,0,10.87,5.0
0000665,0001648,0000045,2024-07-06 11:55:36,85400,0,85400,0,37.8,34.6,3.2,1,1.0,4.0
0000666,0000304,0000077,2024-07-06 06:45:01,66000,0,66000,0,32.9,29.1,3.8,1,18.89,5.0
0000667,0000338,0000045,2024-07-06 07:51:17,90700,0,90700,0,26.2,27.9,-1.7,0,14.11,5.0
0000668,0001848,0000037,2024-07-06 10:11:26,49600,0,49600,0,38.0,35.8,2.2,1,2.98,5.0
0000669,0000964,0000050,2024-07-08 10:27:15,51300,0,51300,0,38.8,39.3,-0.5,0,6.98,5.0
0000670,0001848,0000048,2024-07-08 09:54:51,48000,0,48000,0,39.4,35.8,3.6,1,12.28,5.0
0000671,0000884,0000094,2024-07-08 08:45:05,10200,0,10200,0,35.5,39.3,-3.8,0,2.58,5.0
0000672,0001659,0000057,2024-07-09 10:13:01,17800,0,17800,0,28.1,31.4,-3.3,0,7.03,5.0
0000673,0001669,0000065,2024-07-09 08:50:44,81700,0,81700,0,33.7,35.9,-2.2,0,11.5,5.0
0000674,0000131,0000048,2024-07-10 09:46:08,76000,0,76000,0,33.8,31.1,2.7,1,7.14,5.0
0000675,0001489,0000040,2024-07-10 04:08:47,89100,0,89100,0,29.6,29.6,0.0,0,18.18,5.0
0000676,0001015,0000042,2024-07-10 12:04:03,24600,0,24600,0,27.7,28.0,-0.3,0,7.6,5.0
0000677,0000501,0000050,2024-07-10 12:15:31,73100,0,73100,0,27.2,31.1,-3.9,0,1.4,5.0
0000678,0000588,0000014,2024-07-10 08:28:24,86900,0,86900,0,39.8,41.0,-1.2,0,5.59,5.0
0000679,0000718,0000014,2024-07-11 09:09:12,30000,0,30000,0,42.3,37.8,4.5,1,1.75,5.0
0000680,0000592,0000026,2024-07-12 11:01:57,40100,0,40100,0,27.8,28.1,-0.3,0,11.81,5.0
0000681,0000684,0000073,2024-07-12 03:06:36,34000,1000,33000,1,27.6,19.9,7.7,1,7.98,5.0
0000682,0001547,0000069,2024-07-12 07:18:49,25100,0,25100,0,24.8,29.1,-4.3,0,7.56,5.0
0000683,0001178,0000025,2024-07-12 11:23:23,62300,0,62300,0,35.7,33.9,1.8,1,2.59,5.0
0000684,0001529,0000072,2024-07-12 03:18:44,89500,5000,84500,1,25.6,14.3,11.3,1,7.71,5.0
0000685,0000380,0000008,2024-07-13 07:26:50,51900,0,51900,0,43.7,40.6,3.1,1,7.45,3.0
0000686,0001576,0000072,2024-07-13 11:43:11,60400,0,60400,0,31.8,34.7,-2.9,0,2.17,5.0
0000687,0001299,0000040,2024-07-13 06:14:52,56600,0,56600,0,27.9,29.2,-1.3,0,14.0,5.0
0000688,0000033,0000095,2024-07-13 06:27:18,75700,0,75700,0,33.0,30.5,2.5,1,13.25,5.0
0000689,0001712,0000007,2024-07-14 11:43:43,69300,0,69300,0,28.5,27.8,0.7,1,9.37,5.0
0000690,0001807,0000050,2024-07-14 10:03:24,28100,0,28100,0,31.0,34.9,-3.9,0,6.7,5.0
0000691,0001612,0000084,2024-07-15 08:56:23,65800,0,65800,0,42.4,40.0,2.4,1,8.12,5.0
0000692,0000071,0000026,2024-07-15 13:59:43,62800,0,62800,0,35.2,36.1,-0.9,0,8.24,3.0
0000693,0001023,0000042,2024-07-16 06:17:24,20200,0,20200,0,42.8,35.6,7.2,1,12.83,5.0
0000694,0001403,0000055,2024-07-16 06:53:19,74400,0,74400,0,31.1,29.6,1.5,1,9.1,5.0
0000695,0001620,0000026,2024-07-16 07:15:10,16400,0,16400,0,29.6,31.1,-1.5,0,9.7,5.0
0000696,0000107,0000095,2024-07-16 08:54:58,21400,0,21400,0,36.3,35.2,1.1,1,9.39,5.0
0000697,0000268,0000055,2024-07-17 12:39:36,99700,5000,94700,1,30.7,37.6,-6.9,0,6.93,5.0
0000698,0000171,0000069,2024-07-17 11:14:47,70200,0,70200,0,32.9,29.9,3.0,1,9.48,5.0
0000699,0001942,0000042,2024-07-17 10:03:43,63500,0,63500,0,26.8,29.1,-2.3,0,13.72,5.0
0000700,0001121,0000001,2024-07-18 10:23:38,96000,0,96000,0,28.3,32.4,-4.1,0,2.47,5.0
0000701,0000665,0000048,2024-07-19 05:44:40,76000,0,76000,0,37.7,36.5,1.2,1,1.54,5.0
0000702,0001566,0000049,2024-07-19 02:13:37,82000,0,82000,0,28.9,30.0,-1.1,0,12.54,5.0
0000703,0000102,0000026,2024-07-19 11:30:53,69900,0,69900,0,28.4,32.8,-4.4,0,1.69,5.0
0000704,0000117,0000049,2024-07-19 10:07:29,43200,0,43200,0,34.1,33.0,1.1,1,1.91,5.0
0000705,0001876,0000029,2024-07-21 05:25:29,46000,0,46000,0,30.5,29.4,1.1,1,18.77,5.0
0000706,0001369,0000028,2024-07-21 11:01:58,59500,0,59500,0,32.1,31.8,0.3,1,1.45,5.0
0000707,0001044,0000008,2024-07-21 09:59:11,14300,0,14300,0,31.3,30.2,1.1,1,3.9,3.0
0000708,0000750,0000033,2024-07-21 08:30:12,70300,0,70300,0,26.8,30.6,-3.8,0,8.86,5.0
0000709,0000597,0000028,2024-07-22 05:50:31,89400,5000,84400,1,34.3,22.1,12.2,1,9.54,4.0
0000710,0001960,0000056,2024-07-23 06:07:23,71400,5000,66400,1,31.6,28.6,3.0,1,0.83,5.0
0000711,0000059,0000094,2024-07-23 07:10:04,64300,0,64300,0,31.3,31.2,0.1,1,15.94,5.0
0000712,0001124,0000095,2024-07-23 10:10:34,11700,0,11700,0,33.6,34.0,-0.4,0,9.7,5.0
0000713,0001065,0000020,2024-07-24 10:34:07,32400,0,32400,0,30.5,35.6,-5.1,0,19.25,5.0
0000714,0000729,0000042,2024-07-24 05:51:37,83200,0,83200,0,32.5,34.1,-1.6,0,2.03,5.0
0000715,0000137,0000025,2024-07-24 04:36:26,74900,0,74900,0,32.1,30.5,1.6,1,7.39,5.0
0000716,0000469,0000001,2024-07-25 10:29:03,91000,0,91000,0,38.5,32.3,6.2,1,13.57,5.0
0000717,0000279,0000095,2024-07-25 10:56:31,82500,0,82500,0,34.6,33.2,1.4,1,2.99,5.0
0000718,0001752,0000048,2024-07-26 10:11:01,42400,2000,40400,1,31.2,18.8,12.4,1,7.14,3.0
0000719,0000898,0000026,2024-07-26 08:09:53,11300,0,11300,0,38.7,39.2,-0.5,0,10.64,4.0
0000720,0001466,0000037,2024-07-27 06:40:11,12800,0,12800,0,36.8,31.3,5.5,1,20.58,5.0
0000721,0001360,0000014,2024-07-28 08:51:15,40400,0,40400,0,39.9,33.8,6.1,1,1.2,4.0
0000722,0000160,0000027,2024-07-28 12:15:57,96300,0,96300,0,42.3,37.7,4.6,1,11.49,5.0
0000723,0001869,0000068,2024-07-28 09:15:38,74200,0,74200,0,38.5,36.9,1.6,1,15.51,5.0
0000724,0001305,0000033,2024-07-29 09:31:36,42700,0,42700,0,34.0,34.7,-0.7,0,9.92,1.0
0000725,0000940,0000008,2024-07-29 08:46:41,76600,5000,71600,1,30.2,18.3,11.9,1,6.51,5.0
0000726,0000877,0000029,2024-07-30 09:16:58,92700,0,92700,0,26.8,30.0,-3.2,0,13.79,5.0
0000727,0001625,0000056,2024-07-30 08:49:26,32100,0,32100,0,33.8,35.8,-2.0,0,2.7,5.0
0000728,0000573,0000089,2024-07-30 11:30:58,37700,1000,36700,1,46.8,38.9,7.9,1,17.43,5.0
0000729,0001719,0000031,2024-07-31 08:42:18,69800,5000,64800,1,34.0,29.0,5.0,1,15.85,5.0
0000730,0000411,0000055,2024-07-31 11:37:42,59800,2000,57800,1,32.2,25.6,6.6,1,8.19,5.0
0000731,0001616,0000031,2024-07-31 07:28:50,82500,0,82500,0,31.4,32.9,-1.5,0,15.68,1.0
0000732,0000467,0000085,2024-07-31 10:32:10,95400,0,95400,0,33.8,33.8,0.0,0,9.21,5.0
0000733,0000073,0000078,2024-08-01 07:59:41,14300,0,14300,0,33.4,31.6,1.8,1,6.29,1.0
0000734,0000886,0000068,2024-08-01 10:23:44,53600,0,53600,0,38.8,39.8,-1.0,0,2.32,5.0
0000735,0001581,0000001,2024-08-03 10:56:41,90400,0,90400,0,24.1,27.0,-2.9,0,7.42,5.0
0000736,0000400,0000007,2024-08-03 05:47:26,50800,0,50800,0,45.2,38.9,6.3,1,15.76,1.0
0000737,0001639,0000040,2024-08-04 10:10:56,95400,0,95400,0,29.9,34.5,-4.6,0,15.59,5.0
0000738,0002064,0000056,2024-08-04 09:52:24,24300,0,24300,0,48.4,47.6,0.8,1,1.8,5.0
0000739,0000576,0000008,2024-08-04 06:22:58,70800,0,70800,0,38.6,35.7,2.9,1,6.28,5.0
0000740,0001383,0000066,2024-08-05 07:10:45,16800,0,16800,0,38.5,34.4,4.1,1,1.25,5.0
0000741,0001582,0000033,2024-08-05 09:15:10,87100,5000,82100,1,33.9,29.5,4.4,1,7.1,5.0
0000742,0000153,0000008,2024-08-05 07:08:10,42700,0,42700,0,33.7,35.7,-2.0,0,13.36,5.0
0000743,0000882,0000014,2024-08-06 10:20:22,34900,1000,33900,1,33.4,20.8,12.6,1,10.07,5.0
0000744,0001903,0000065,2024-08-06 10:06:47,59700,2000,57700,1,34.2,39.3,-5.1,0,10.32,5.0
0000745,0001693,0000001,2024-08-06 09:32:38,52000,0,52000,0,37.1,32.9,4.2,1,7.35,3.0
0000746,0001542,0000048,2024-08-07 07:58:46,19400,0,19400,0,40.7,35.7,5.0,1,2.71,5.0
0000747,0000021,0000001,2024-08-07 08:57:51,35000,0,35000,0,28.3,29.8,-1.5,0,8.01,5.0
0000748,0000398,0000088,2024-08-08 10:56:29,19500,0,19500,0,39.4,39.1,0.3,1,3.35,5.0
0000749,0001757,0000019,2024-08-08 10:14:37,66000,0,66000,0,26.2,26.1,0.1,1,10.46,5.0
0000750,0000754,0000008,2024-08-08 09:13:50,78300,0,78300,0,50.2,47.7,2.5,1,4.97,4.0
0000751,0001039,0000085,2024-08-09 06:40:41,71400,0,71400,0,35.4,34.8,0.6,1,2.09,3.0
0000752,0000352,0000037,2024-08-10 07:58:11,32400,0,32400,0,38.2,35.2,3.0,1,3.65,5.0
0000753,0000640,0000058,2024-08-10 10:49:33,81000,0,81000,0,39.6,39.2,0.4,1,12.6,5.0
0000754,0001602,0000040,2024-08-11 04:12:28,17100,0,17100,0,36.0,37.6,-1.6,0,13.14,5.0
0000755,0001864,0000001,2024-08-11 10:44:10,46800,0,46800,0,32.7,32.6,0.1,1,8.63,5.0
0000756,0001019,0000007,2024-08-11 07:30:23,82600,0,82600,0,37.4,38.5,-1.1,0,15.09,4.0
0000757,0000007,0000084,2024-08-12 11:26:32,47100,0,47100,0,37.1,33.3,3.8,1,8.12,5.0
0000758,0000696,0000073,2024-08-12 10:29:50,42700,0,42700,0,35.6,30.5,5.1,1,0.29,5.0
0000759,0000617,0000001,2024-08-13 10:32:43,67900,0,67900,0,34.8,35.7,-0.9,0,13.22,5.0
0000760,0001282,0000020,2024-08-13 08:54:53,71100,0,71100,0,34.4,35.3,-0.9,0,15.08,5.0
0000761,0000257,0000042,2024-08-13 09:47:32,46900,0,46900,0,30.3,35.6,-5.3,0,8.82,5.0
0000762,0001665,0000068,2024-08-13 11:02:25,61400,0,61400,0,35.0,38.7,-3.7,0,13.23,4.0
0000763,0000518,0000069,2024-08-14 11:45:45,93700,0,93700,0,33.3,33.5,-0.2,0,7.93,5.0
0000764,0000847,0000089,2024-08-15 10:18:55,9800,0,9800,0,33.5,34.6,-1.1,0,7.51,5.0
0000765,0001427,0000068,2024-08-15 06:20:15,86200,0,86200,0,33.4,34.4,-1.0,0,0.79,5.0
0000766,0000534,0000045,2024-08-17 04:35:59,59000,0,59000,0,40.3,36.8,3.5,1,2.32,5.0
0000767,0000559,0000062,2024-08-17 05:59:03,22800,0,22800,0,33.4,30.8,2.6,1,9.69,5.0
0000768,0001443,0000055,2024-08-17 09:03:59,15200,0,15200,0,32.2,34.0,-1.8,0,6.26,5.0
0000769,0000519,0000050,2024-08-17 06:30:49,24700,0,24700,0,34.2,35.6,-1.4,0,1.14,5.0
0000770,0001066,0000013,2024-08-17 10:14:11,43800,0,43800,0,34.3,34.8,-0.5,0,1.03,5.0
0000771,0001749,0000068,2024-08-18 07:54:49,91200,0,91200,0,35.0,33.0,2.0,1,9.73,5.0
0000772,0001198,0000040,2024-08-18 08:27:54,19600,0,19600,0,41.1,40.9,0.2,1,14.9,5.0
0000773,0000695,0000028,2024-08-20 08:51:18,9100,0,9100,0,35.3,30.7,4.6,1,11.22,5.0
0000774,0002093,0000019,2024-08-20 10:52:51,36200,1000,35200,1,26.8,31.4,-4.6,0,12.09,4.0
0000775,0000670,0000020,2024-08-21 08:06:00,9600,0,9600,0,31.4,32.4,-1.0,0,2.67,4.0
0000776,0001318,0000020,2024-08-21 10:45:39,29400,0,29400,0,29.9,35.8,-5.9,0,20.28,5.0
0000777,0000293,0000050,2024-08-21 10:47:25,32300,0,32300,0,30.1,30.6,-0.5,0,1.14,5.0
0000778,0001165,0000028,2024-08-22 09:49:44,76600,0,76600,0,33.2,34.3,-1.1,0,0.22,5.0
0000779,0001531,0000028,2024-08-22 08:59:15,96900,0,96900,0,31.9,31.6,0.3,1,0.29,5.0
0000780,0001913,0000072,2024-08-22 06:45:39,93400,0,93400,0,36.2,35.3,0.9,1,17.32,5.0
0000781,0001617,0000072,2024-08-22 06:50:00,78600,0,78600,0,32.9,37.1,-4.2,0,6.89,5.0
0000782,0001704,0000027,2024-08-23 10:42:27,88300,0,88300,0,30.0,28.1,1.9,1,11.72,1.0
0000783,0001043,0000084,2024-08-23 09:17:43,66800,0,66800,0,31.2,32.0,-0.8,0,3.98,5.0
0000784,0001368,0000029,2024-08-24 11:50:58,45400,0,45400,0,27.3,30.2,-2.9,0,14.43,5.0
0000785,0001846,0000085,2024-08-24 10:42:01,13800,0,13800,0,30.1,32.0,-1.9,0,7.99,5.0
0000786,0001867,0000073,2024-08-24 08:40:53,87400,0,87400,0,39.1,35.9,3.2,1,9.21,5.0
0000787,0001069,0000027,2024-08-24 11:58:23,92100,0,92100,0,29.1,36.3,-7.2,0,10.58,5.0
0000788,0001625,0000045,2024-08-24 05:44:08,68000,0,68000,0,31.7,32.8,-1.1,0,0.07,5.0
0000789,0001653,0000094,2024-08-25 09:20:20,73200,0,73200,0,29.7,32.2,-2.5,0,10.44,5.0
0000790,0001513,0000058,2024-08-25 10:18:05,100000,0,100000,0,31.4,33.8,-2.4,0,1.9,5.0
0000791,0000487,0000028,2024-08-25 07:19:40,39700,0,39700,0,32.2,32.8,-0.6,0,8.6,5.0
0000792,0000529,0000090,2024-08-27 09:10:03,46500,0,46500,0,46.6,45.2,1.4,1,16.17,5.0
0000793,0001506,0000008,2024-08-27 08:04:52,81200,0,81200,0,40.1,40.7,-0.6,0,6.05,5.0
0000794,0000599,0000066,2024-08-28 03:45:23,89600,0,89600,0,36.0,37.8,-1.8,0,11.1,5.0
0000795,0001492,0000025,2024-08-28 11:47:00,47400,0,47400,0,35.5,34.0,1.5,1,3.51,5.0
0000796,0001064,0000027,2024-09-01 10:09:57,53900,0,53900,0,33.6,33.8,-0.2,0,12.46,1.0
0000797,0001886,0000089,2024-09-01 10:23:38,39200,0,39200,0,31.2,33.2,-2.0,0,7.96,5.0
0000798,0002187,0000037,2024-09-01 10:55:10,38400,0,38400,0,30.1,31.7,-1.6,0,14.93,5.0
0000799,0001539,0000033,2024-09-01 07:50:13,50200,0,50200,0,27.7,31.8,-4.1,0,9.51,5.0
0000800,0002039,0000008,2024-09-02 10:35:47,60600,0,60600,0,31.1,33.8,-2.7,0,12.95,4.0
0000801,0000256,0000090,2024-09-02 09:58:16,75600,0,75600,0,41.4,40.2,1.2,1,10.87,5.0
0000802,0001912,0000033,2024-09-03 11:19:45,94300,5000,89300,1,32.5,36.3,-3.8,0,2.99,5.0
0000803,0000820,0000029,2024-09-03 12:50:38,35200,0,35200,0,36.5,35.8,0.7,1,0.42,5.0
0000804,0001435,0000088,2024-09-03 12:56:11,67400,0,67400,0,26.7,30.8,-4.1,0,9.31,5.0
0000805,0001791,0000049,2024-09-03 11:35:33,69500,0,69500,0,50.6,50.7,-0.1,0,1.85,5.0
0000806,0000638,0000013,2024-09-04 07:09:18,78000,0,78000,0,33.9,35.8,-1.9,0,11.06,5.0
0000807,0000685,0000094,2024-09-04 12:17:38,27100,0,27100,0,29.7,30.7,-1.0,0,7.27,5.0
0000808,0000905,0000025,2024-09-04 10:30:52,13200,0,13200,0,28.7,28.6,0.1,1,2.52,5.0
0000809,0000393,0000027,2024-09-04 07:16:45,93000,0,93000,0,33.1,34.7,-1.6,0,11.08,1.0
0000810,0000577,0000077,2024-09-04 11:05:29,65100,0,65100,0,37.4,34.3,3.1,1,19.22,5.0
0000811,0001040,0000007,2024-09-04 07:10:13,84000,0,84000,0,31.4,34.7,-3.3,0,1.43,5.0
0000812,0000010,0000072,2024-09-04 05:57:55,76100,0,76100,0,35.8,32.4,3.4,1,6.73,5.0
0000813,0001760,0000013,2024-09-04 11:22:55,60500,0,60500,0,41.6,38.3,3.3,1,13.3,5.0
0000814,0000926,0000069,2024-09-06 11:34:31,40600,0,40600,0,35.6,33.2,2.4,1,15.23,5.0
0000815,0001545,0000069,2024-09-06 10:26:19,48000,0,48000,0,26.8,30.1,-3.3,0,7.07,5.0
0000816,0001763,0000040,2024-09-06 08:48:13,48200,0,48200,0,31.7,28.7,3.0,1,0.43,5.0
0000817,0000502,0000013,2024-09-06 08:06:03,89700,0,89700,0,38.9,36.3,2.6,1,7.55,5.0
0000818,0000705,0000027,2024-09-06 11:16:54,55600,0,55600,0,32.3,31.5,0.8,1,9.35,5.0
0000819,0001266,0000058,2024-09-06 08:35:04,23900,0,23900,0,28.8,27.6,1.2,1,8.53,5.0
0000820,0001608,0000033,2024-09-06 09:48:06,95300,0,95300,0,41.4,43.2,-1.8,0,4.71,5.0
0000821,0002053,0000049,2024-09-07 09:27:41,40800,0,40800,0,40.5,37.0,3.5,1,12.89,5.0
0000822,0001336,0000028,2024-09-07 10:42:10,62700,0,62700,0,34.1,29.9,4.2,1,12.4,5.0
0000823,0002137,0000065,2024-09-08 09:48:02,33900,1000,32900,1,32.4,34.8,-2.4,0,7.07,5.0
0000824,0001553,0000033,2024-09-08 09:38:37,29100,0,29100,0,39.0,36.6,2.4,1,9.35,5.0
0000825,0000924,0000062,2024-09-08 10:49:09,35400,0,35400,0,28.1,32.3,-4.2,0,9.24,5.0
0000826,0000709,0000088,2024-09-08 07:57:02,45500,0,45500,0,34.5,31.5,3.0,1,10.71,5.0
0000827,0002216,0000057,2024-09-08 07:13:06,82300,0,82300,0,35.8,36.1,-0.3,0,1.17,5.0
0000828,0001407,0000078,2024-09-09 11:26:00,61700,0,61700,0,28.9,29.1,-0.2,0,6.01,5.0
0000829,0001849,0000056,2024-09-09 06:13:33,62400,0,62400,0,37.6,37.5,0.1,1,1.24,5.0
0000830,0001766,0000008,2024-09-09 10:24:54,42300,0,42300,0,38.4,40.3,-1.9,0,7.33,5.0
0000831,0001508,0000020,2024-09-09 03:00:08,81000,0,81000,0,33.7,40.5,-6.8,0,12.72,4.0
0000832,0000886,0000042,2024-09-10 09:41:31,44800,0,44800,0,30.2,29.2,1.0,1,12.43,5.0
0000833,0000054,0000020,2024-09-10 10:14:08,11100,0,11100,0,28.8,30.3,-1.5,0,1.5,5.0
0000834,0002238,0000014,2024-09-11 08:50:06,84400,5000,79400,1,36.0,44.5,-8.5,0,2.8,5.0
0000835,0002093,0000056,2024-09-11 10:43:08,88200,0,88200,0,41.9,38.3,3.6,1,2.88,5.0
0000836,0000090,0000090,2024-09-11 11:20:06,62800,0,62800,0,34.7,40.6,-5.9,0,1.9,5.0
0000837,0001001,0000073,2024-09-12 11:27:13,44100,0,44100,0,34.8,37.3,-2.5,0,1.35,4.0
0000838,0000205,0000072,2024-09-12 07:40:10,38600,0,38600,0,30.9,33.5,-2.6,0,7.14,1.0
0000839,0000921,0000057,2024-09-12 12:25:01,20900,0,20900,0,36.2,37.0,-0.8,0,7.2,1.0
0000840,0002201,0000048,2024-09-13 09:12:32,86400,0,86400,0,33.5,32.3,1.2,1,1.86,5.0
0000841,0001398,0000065,2024-09-13 09:02:35,35100,0,35100,0,33.1,30.9,2.2,1,10.96,4.0
0000842,0002061,0000078,2024-09-13 10:33:06,72900,0,72900,0,37.4,37.2,0.2,1,6.46,5.0
0000843,0001389,0000049,2024-09-13 08:31:56,59800,0,59800,0,35.7,38.4,-2.7,0,7.21,5.0
0000844,0000802,0000077,2024-09-14 08:46:09,36800,0,36800,0,35.4,33.1,2.3,1,0.23,5.0
0000845,0000336,0000025,2024-09-14 09:07:47,21300,0,21300,0,40.7,38.1,2.6,1,8.87,5.0
0000846,0001746,0000073,2024-09-15 10:03:55,23500,0,23500,0,29.1,31.2,-2.1,0,11.04,5.0
0000847,0002047,0000037,2024-09-15 09:44:10,21000,0,21000,0,34.5,34.6,-0.1,0,10.46,5.0
0000848,0000469,0000072,2024-09-15 09:43:40,23400,0,23400,0,41.4,36.7,4.7,1,6.28,5.0
0000849,0000798,0000073,2024-09-16 10:47:55,80700,0,80700,0,32.2,35.1,-2.9,0,1.75,5.0
0000850,0001502,0000062,2024-09-16 03:00:55,82900,0,82900,0,37.7,36.4,1.3,1,19.2,5.0
0000851,0000517,0000048,2024-09-17 07:39:19,58700,0,58700,0,27.7,33.0,-5.3,0,7.46,3.0
0000852,0001371,0000069,2024-09-17 08:57:30,82900,0,82900,0,46.1,41.4,4.7,1,2.79,5.0
0000853,0001058,0000050,2024-09-17 09:45:48,49700,0,49700,0,35.8,35.7,0.1,1,2.64,5.0
0000854,0001258,0000050,2024-09-18 03:28:07,16500,0,16500,0,30.5,27.7,2.8,1,6.24,4.0
0000855,0000917,0000066,2024-09-18 06:28:30,17800,0,17800,0,35.5,33.8,1.7,1,6.12,5.0
0000856,0002219,0000088,2024-09-18 11:24:32,64500,5000,59500,1,37.9,30.3,7.6,1,6.35,5.0
0000857,0000213,0000073,2024-09-20 12:03:17,81300,0,81300,0,40.5,45.3,-4.8,0,20.74,5.0
0000858,0001792,0000028,2024-09-21 07:43:13,7700,0,7700,0,38.9,37.6,1.3,1,0.84,5.0
0000859,0000865,0000031,2024-09-21 10:32:17,19900,0,19900,0,35.5,35.6,-0.1,0,7.45,5.0
0000860,0000002,0000069,2024-09-22 11:31:23,78800,0,78800,0,34.3,33.4,0.9,1,1.86,5.0
0000861,0000963,0000013,2024-09-22 07:55:56,13200,0,13200,0,28.4,27.4,1.0,1,0.34,5.0
0000862,0000870,0000033,2024-09-23 10:43:51,59500,0,59500,0,35.6,34.6,1.0,1,2.16,5.0
0000863,0000928,0000065,2024-09-23 12:57:32,42400,0,42400,0,38.1,34.9,3.2,1,7.71,5.0
0000864,0001682,0000046,2024-09-23 09:05:05,67600,0,67600,0,35.0,36.2,-1.2,0,9.19,5.0
0000865,0001784,0000056,2024-09-24 10:57:06,82200,0,82200,0,25.1,33.1,-8.0,0,6.81,5.0
0000866,0001799,0000010,2024-09-24 05:33:46,78300,0,78300,0,37.4,36.6,0.8,1,0.9,5.0
0000867,0000377,0000068,2024-09-24 05:24:08,57600,0,57600,0,42.0,41.6,0.4,1,2.76,5.0
0000868,0000241,0000050,2024-09-25 05:33:29,12700,0,12700,0,30.0,31.8,-1.8,0,1.28,5.0
0000869,0000646,0000031,2024-09-25 07:02:12,28500,0,28500,0,36.2,34.7,1.5,1,16.78,4.0
0000870,0000271,0000049,2024-09-25 07:55:55,35100,0,35100,0,25.2,27.0,-1.8,0,1.64,5.0
0000871,0001842,0000014,2024-09-25 09:37:47,77600,0,77600,0,43.3,40.0,3.3,1,7.48,5.0
0000872,0000294,0000077,2024-09-26 04:02:22,87500,0,87500,0,34.0,32.6,1.4,1,13.68,5.0
0000873,0001722,0000050,2024-09-27 07:54:49,42600,0,42600,0,31.7,31.1,0.6,1,16.13,5.0
0000874,0000650,0000045,2024-09-27 08:27:10,64100,0,64100,0,44.9,45.2,-0.3,0,5.81,5.0
0000875,0000470,0000056,2024-09-27 12:07:07,75500,0,75500,0,34.6,31.2,3.4,1,1.7,5.0
0000876,0002255,0000088,2024-09-28 10:37:51,42500,2000,40500,1,32.9,40.7,-7.8,0,12.05,4.0
0000877,0001691,0000050,2024-09-28 10:04:07,46400,0,46400,0,34.6,34.6,0.0,0,5.95,5.0
0000878,0000121,0000028,2024-09-28 05:33:02,42400,0,42400,0,31.3,33.2,-1.9,0,12.25,5.0
0000879,0001662,0000073,2024-09-29 08:45:40,85700,0,85700,0,29.2,29.3,-0.1,0,19.76,5.0
0000880,0002036,0000050,2024-09-30 08:04:26,56200,0,56200,0,27.5,28.4,-0.9,0,1.14,5.0
0000881,0000559,0000084,2024-09-30 12:47:27,74900,0,74900,0,35.7,39.8,-4.1,0,11.46,5.0
0000882,0000904,0000090,2024-09-30 11:35:35,42900,0,42900,0,29.0,30.0,-1.0,0,14.4,5.0
0000883,0001281,0000001,2024-09-30 09:19:26,35100,0,35100,0,33.3,32.0,1.3,1,6.16,3.0
0000884,0000171,0000008,2024-10-01 06:13:19,96000,0,96000,0,30.1,29.6,0.5,1,5.77,5.0
0000885,0000577,0000088,2024-10-02 11:00:41,9100,0,9100,0,36.4,35.2,1.2,1,12.38,4.0
0000886,0000628,0000042,2024-10-02 10:11:43,96300,0,96300,0,26.7,28.4,-1.7,0,0.52,5.0
0000887,0001877,0000049,2024-10-02 09:17:04,41300,0,41300,0,37.4,35.8,1.6,1,1.64,5.0
0000888,0000171,0000050,2024-10-03 07:52:43,54800,0,54800,0,26.6,28.2,-1.6,0,7.85,5.0
0000889,0001576,0000028,2024-10-03 07:30:49,13900,0,13900,0,33.8,31.6,2.2,1,9.79,5.0
0000890,0000205,0000001,2024-10-03 07:11:52,87500,0,87500,0,31.3,27.7,3.6,1,0.63,4.0
0000891,0002210,0000058,2024-10-03 09:44:34,95800,0,95800,0,31.1,35.2,-4.1,0,8.1,1.0
0000892,0001640,0000089,2024-10-04 11:27:15,75600,0,75600,0,37.8,36.9,0.9,1,18.29,3.0
0000893,0001654,0000001,2024-10-05 10:50:06,69200,0,69200,0,30.7,30.2,0.5,1,15.33,5.0
0000894,0002128,0000094,2024-10-05 03:45:01,96300,0,96300,0,34.5,33.1,1.4,1,7.14,5.0
0000895,0000153,0000089,2024-10-06 09:55:59,76500,0,76500,0,31.0,30.2,0.8,1,9.48,4.0
0000896,0000118,0000040,2024-10-06 07:42:26,69000,0,69000,0,35.5,34.2,1.3,1,13.51,1.0
0000897,0000841,0000027,2024-10-06 07:06:31,62300,0,62300,0,36.1,36.4,-0.3,0,8.8,5.0
0000898,0000516,0000025,2024-10-07 07:33:12,15400,0,15400,0,39.4,36.9,2.5,1,10.08,5.0
0000899,0000455,0000072,2024-10-07 07:25:29,95400,0,95400,0,28.8,31.3,-2.5,0,7.71,5.0
0000900,0000524,0000008,2024-10-07 12:48:25,93100,0,93100,0,26.0,29.0,-3.0,0,12.73,5.0
0000901,0001945,0000046,2024-10-07 11:09:14,37600,0,37600,0,26.3,36.6,-10.3,0,9.89,1.0
0000902,0000789,0000049,2024-10-07 06:27:56,69200,0,69200,0,36.9,31.5,5.4,1,0.19,5.0
0000903,0002306,0000020,2024-10-08 09:49:32,97500,0,97500,0,39.0,36.4,2.6,1,17.22,5.0
0000904,0001796,0000056,2024-10-08 07:37:13,7000,0,7000,0,28.9,30.2,-1.3,0,13.98,5.0
0000905,0000588,0000073,2024-10-08 10:02:16,42400,0,42400,0,34.2,34.4,-0.2,0,0.99,4.0
0000906,0001604,0000057,2024-10-08 11:49:08,65900,0,65900,0,39.9,32.9,7.0,1,6.85,5.0
0000907,0001781,0000058,2024-10-08 09:22:00,68200,0,68200,0,42.9,38.3,4.6,1,3.25,5.0
0000908,0000692,0000040,2024-10-08 08:40:41,76900,0,76900,0,30.2,32.7,-2.5,0,13.49,5.0
0000909,0000258,0000090,2024-10-09 08:39:11,61400,0,61400,0,33.4,35.6,-2.2,0,1.16,5.0
0000910,0001734,0000025,2024-10-09 11:38:30,81000,0,81000,0,36.7,31.6,5.1,1,2.48,5.0
0000911,0000970,0000050,2024-10-09 09:25:01,10800,0,10800,0,30.6,34.8,-4.2,0,17.95,5.0
0000912,0002042,0000078,2024-10-10 10:24:22,82600,0,82600,0,39.2,37.6,1.6,1,7.42,5.0
0000913,0001237,0000077,2024-10-10 09:06:02,82900,0,82900,0,27.8,30.8,-3.0,0,13.45,5.0
0000914,0002265,0000095,2024-10-11 08:33:29,46300,0,46300,0,37.0,37.5,-0.5,0,2.36,4.0
0000915,0001768,0000042,2024-10-12 11:17:27,71000,0,71000,0,33.1,39.6,-6.5,0,8.23,5.0
0000916,0001508,0000014,2024-10-12 10:23:45,79300,0,79300,0,32.2,27.8,4.4,1,8.26,5.0
0000917,0001756,0000040,2024-10-12 09:10:02,97800,0,97800,0,32.0,30.7,1.3,1,12.21,4.0
0000918,0001660,0000062,2024-10-13 10:44:39,57600,0,57600,0,26.4,30.2,-3.8,0,1.99,5.0
0000919,0000757,0000050,2024-10-13 12:55:22,39900,0,39900,0,32.2,35.5,-3.3,0,6.19,5.0
0000920,0002347,0000008,2024-10-14 08:22:49,58200,2000,56200,1,38.1,34.4,3.7,1,6.05,5.0
0000921,0002049,0000062,2024-10-14 08:25:25,87000,0,87000,0,32.6,29.5,3.1,1,18.54,5.0
0000922,0002096,0000055,2024-10-15 08:27:59,12900,0,12900,0,29.8,33.0,-3.2,0,6.08,5.0
0000923,0000984,0000058,2024-10-15 11:04:19,69000,0,69000,0,33.4,37.4,-4.0,0,7.18,5.0
0000924,0000029,0000090,2024-10-16 10:45:19,44800,0,44800,0,26.0,28.9,-2.9,0,14.24,5.0
0000925,0001074,0000025,2024-10-16 11:52:51,44000,0,44000,0,33.4,33.9,-0.5,0,7.78,5.0
0000926,0001040,0000088,2024-10-16 04:30:13,84100,0,84100,0,28.6,30.6,-2.0,0,10.27,5.0
0000927,0001585,0000046,2024-10-17 09:03:42,85600,0,85600,0,29.0,29.0,0.0,0,9.6,5.0
0000928,0000474,0000068,2024-10-17 10:20:16,71700,0,71700,0,30.1,30.4,-0.3,0,11.74,5.0
0000929,0000846,0000045,2024-10-17 06:09:27,34200,0,34200,0,40.3,35.8,4.5,1,0.52,5.0
0000930,0000691,0000026,2024-10-18 09:49:36,83100,0,83100,0,41.1,43.2,-2.1,0,13.04,5.0
0000931,0001863,0000028,2024-10-19 04:48:00,46800,0,46800,0,33.8,30.2,3.6,1,9.24,5.0
0000932,0000136,0000033,2024-10-19 10:22:51,15400,0,15400,0,31.9,34.1,-2.2,0,8.5,5.0
0000933,0002035,0000095,2024-10-20 03:22:35,94600,0,94600,0,30.6,30.5,0.1,1,14.21,3.0
0000934,0001517,0000095,2024-10-20 12:50:41,48900,0,48900,0,32.2,32.5,-0.3,0,17.3,5.0
0000935,0001913,0000057,2024-10-20 11:05:19,46500,0,46500,0,32.4,36.5,-4.1,0,8.16,5.0
0000936,0000684,0000013,2024-10-20 07:47:06,51900,0,51900,0,43.1,39.0,4.1,1,1.95,5.0
0000937,0000352,0000031,2024-10-21 08:57:44,92500,0,92500,0,41.8,41.9,-0.1,0,14.93,3.0
0000938,0000688,0000027,2024-10-21 02:26:50,33800,0,33800,0,33.4,32.0,1.4,1,10.44,5.0
0000939,0001657,0000046,2024-10-21 10:45:15,50500,0,50500,0,41.0,38.4,2.6,1,7.39,5.0
0000940,0000058,0000049,2024-10-21 10:42:46,68700,0,68700,0,34.5,34.1,0.4,1,12.42,5.0
0000941,0000836,0000077,2024-10-22 10:53:47,77900,0,77900,0,33.2,36.2,-3.0,0,14.62,5.0
0000942,0002028,0000094,2024-10-22 08:02:03,99600,0,99600,0,34.3,36.1,-1.8,0,2.56,5.0
0000943,0001654,0000049,2024-10-23 02:42:19,64700,0,64700,0,24.2,29.7,-5.5,0,6.79,5.0
0000944,0001267,0000065,2024-10-23 10:23:23,31200,0,31200,0,37.2,38.2,-1.0,0,11.91,5.0
0000945,0002400,0000062,2024-10-23 09:51:33,50400,2000,48400,1,43.5,46.4,-2.9,0,8.72,5.0
0000946,0001810,0000050,2024-10-23 06:51:37,22600,0,22600,0,38.3,34.5,3.8,1,6.94,5.0
0000947,0001768,0000007,2024-10-24 08:17:10,41600,0,41600,0,42.8,35.6,7.2,1,8.84,5.0
0000948,0000061,0000048,2024-10-24 08:34:46,98200,0,98200,0,37.6,34.8,2.8,1,5.74,5.0
0000949,0002195,0000055,2024-10-25 03:29:37,23800,0,23800,0,23.9,29.2,-5.3,0,7.63,5.0
0000950,0000112,0000019,2024-10-25 08:33:28,19100,0,19100,0,43.6,41.2,2.4,1,2.86,4.0
0000951,0000086,0000019,2024-10-25 10:49:55,74100,0,74100,0,37.4,43.9,-6.5,0,4.05,5.0
0000952,0000823,0000025,2024-10-26 08:39:53,50600,0,50600,0,26.8,31.1,-4.3,0,1.27,5.0
0000953,0000864,0000066,2024-10-26 08:45:22,55900,0,55900,0,30.2,34.3,-4.1,0,10.88,5.0
0000954,0002121,0000007,2024-10-26 09:40:39,12000,0,12000,0,29.1,28.9,0.2,1,15.76,5.0
0000955,0000542,0000025,2024-10-27 11:15:00,29400,0,29400,0,24.3,29.0,-4.7,0,11.93,5.0
0000956,0002146,0000031,2024-10-27 08:35:00,29300,0,29300,0,31.2,37.5,-6.3,0,4.68,5.0
0000957,0002116,0000031,2024-10-27 08:22:45,55300,0,55300,0,38.1,41.8,-3.7,0,8.16,4.0
0000958,0000831,0000013,2024-10-27 10:25:14,76800,0,76800,0,37.7,38.0,-0.3,0,1.83,5.0
0000959,0000254,0000069,2024-10-28 09:06:42,42400,2000,40400,1,35.0,27.4,7.6,1,8.51,4.0
0000960,0001553,0000028,2024-10-29 09:11:00,24400,0,24400,0,31.2,36.9,-5.7,0,9.84,5.0
0000961,0002081,0000057,2024-10-29 10:20:36,81900,0,81900,0,42.5,41.4,1.1,1,9.79,5.0
0000962,0001096,0000014,2024-10-30 09:17:33,77000,0,77000,0,32.3,31.8,0.5,1,12.73,5.0
0000963,0001609,0000001,2024-10-30 10:38:11,61800,0,61800,0,33.6,31.5,2.1,1,12.66,5.0
0000964,0001801,0000084,2024-11-01 03:17:34,97300,0,97300,0,40.7,39.8,0.9,1,9.96,5.0
0000965,0000643,0000045,2024-11-02 10:14:52,48000,0,48000,0,32.7,29.9,2.8,1,13.5,5.0
0000966,0001380,0000077,2024-11-02 09:25:50,31100,0,31100,0,28.5,33.1,-4.6,0,3.01,5.0
0000967,0000621,0000013,2024-11-03 12:34:05,98600,0,98600,0,33.6,30.8,2.8,1,13.2,5.0
0000968,0000468,0000014,2024-11-03 09:59:56,24300,0,24300,0,31.9,31.8,0.1,1,13.59,5.0
0000969,0000954,0000057,2024-11-03 02:30:36,94900,0,94900,0,24.3,33.2,-8.9,0,19.86,4.0
0000970,0001032,0000077,2024-11-04 03:21:09,61300,0,61300,0,38.5,39.2,-0.7,0,12.28,5.0
0000971,0002356,0000055,2024-11-06 09:19:18,78300,0,78300,0,33.7,34.7,-1.0,0,1.52,5.0
0000972,0001695,0000073,2024-11-07 02:26:50,17800,0,17800,0,33.1,31.1,2.0,1,2.77,5.0
0000973,0001581,0000094,2024-11-07 12:55:36,67900,0,67900,0,33.1,31.1,2.0,1,15.49,5.0
0000974,0001871,0000078,2024-11-07 11:22:17,88300,0,88300,0,24.5,30.5,-6.0,0,7.43,5.0
0000975,0000287,0000077,2024-11-08 03:14:47,39300,0,39300,0,29.8,31.4,-1.6,0,11.64,5.0
0000976,0002441,0000094,2024-11-08 07:34:53,87400,0,87400,0,37.2,34.4,2.8,1,1.24,4.0
0000977,0001133,0000095,2024-11-08 12:46:24,62400,5000,57400,1,32.8,23.6,9.2,1,13.61,5.0
0000978,0001881,0000069,2024-11-09 04:56:52,62100,0,62100,0,36.2,42.4,-6.2,0,11.61,4.0
0000979,0000919,0000055,2024-11-09 09:16:52,91800,5000,86800,1,38.6,43.3,-4.7,0,0.67,5.0
0000980,0001027,0000055,2024-11-10 08:53:20,35100,1000,34100,1,35.2,20.5,14.7,1,1.4,5.0
0000981,0000814,0000026,2024-11-10 09:51:19,31600,0,31600,0,29.8,33.3,-3.5,0,12.32,5.0
0000982,0000572,0000069,2024-11-11 09:22:37,75400,0,75400,0,28.9,30.6,-1.7,0,6.92,5.0
0000983,0002228,0000046,2024-11-11 06:20:06,69800,5000,64800,1,38.4,28.2,10.2,1,7.77,5.0
0000984,0001792,0000069,2024-11-11 10:16:00,60900,0,60900,0,38.9,36.8,2.1,1,8.52,5.0
0000985,0002443,0000084,2024-11-12 07:19:02,35600,0,35600,0,38.4,34.1,4.3,1,6.68,5.0
0000986,0002044,0000045,2024-11-13 10:53:03,86900,0,86900,0,36.5,38.4,-1.9,0,7.98,5.0
0000987,0001653,0000085,2024-11-13 08:18:38,10400,0,10400,0,30.1,32.6,-2.5,0,7.98,5.0
0000988,0000094,0000085,2024-11-14 10:29:37,99400,0,99400,0,29.6,30.3,-0.7,0,17.98,5.0
0000989,0000705,0000045,2024-11-15 07:56:05,30900,0,30900,0,40.5,41.9,-1.4,0,14.31,4.0
0000990,0000124,0000090,2024-11-16 10:41:07,38600,0,38600,0,28.4,27.7,0.7,1,12.84,5.0
0000991,0002376,0000037,2024-11-16 08:07:50,85100,5000,80100,1,27.1,28.0,-0.9,0,14.95,5.0
0000992,0001842,0000029,2024-11-16 10:04:23,54600,0,54600,0,28.3,30.6,-2.3,0,14.08,5.0
0000993,0000879,0000055,2024-11-16 12:13:24,76300,0,76300,0,45.5,38.5,7.0,1,1.36,5.0
0000994,0000826,0000068,2024-11-17 06:51:59,85600,0,85600,0,37.3,34.6,2.7,1,12.73,5.0
0000995,0002371,0000042,2024-11-17 07:13:37,37900,0,37900,0,32.1,31.4,0.7,1,7.6,5.0
0000996,0000920,0000057,2024-11-18 07:18:46,17800,0,17800,0,35.8,32.8,3.0,1,0.9,5.0
0000997,0001717,0000037,2024-11-19 09:32:24,30500,0,30500,0,40.1,38.6,1.5,1,3.14,5.0
0000998,0000143,0000090,2024-11-19 10:29:40,21600,0,21600,0,31.8,30.4,1.4,1,19.18,5.0
0000999,0000106,0000066,2024-11-19 08:04:31,17700,0,17700,0,42.4,38.8,3.6,1,6.53,4.0
0001000,0001569,0000031,2024-11-20 11:04:00,27600,0,27600,0,33.2,32.4,0.8,1,7.88,5.0
0001001,0001545,0000072,2024-11-20 14:53:00,38800,0,38800,0,33.9,37.0,-3.1,0,2.51,3.0
0001002,0000679,0000040,2024-11-21 10:54:00,79900,0,79900,0,31.5,33.2,-1.7,0,13.42,5.0
0001003,0000840,0000031,2024-11-22 12:10:00,96900,0,96900,0,40.3,38.8,1.5,1,0.94,5.0
0001004,0001484,0000090,2024-11-23 19:35:00,73700,0,73700,0,29.3,30.0,-0.7,0,11.3,5.0
0001005,0002463,0000001,2024-11-23 21:16:00,7300,0,7300,0,33.8,33.2,0.6,1,7.46,3.0
0001006,0000492,0000040,2024-11-24 12:49:00,37000,0,37000,0,32.8,31.4,1.4,1,11.34,5.0
0001007,0002225,0000013,2024-11-24 18:03:00,93800,0,93800,0,36.2,30.6,5.6,1,5.98,4.0
0001008,0001625,0000069,2024-11-24 21:56:00,75700,0,75700,0,31.9,33.5,-1.6,0,7.76,5.0
0001009,0000616,0000089,2024-11-25 14:56:00,96900,0,96900,0,25.6,31.8,-6.2,0,10.12,5.0
0001010,0001884,0000090,2024-11-25 13:09:00,75000,0,75000,0,33.9,34.9,-1.0,0,16.17,5.0
0001011,0000623,0000073,2024-11-25 13:20:00,31300,0,31300,0,30.1,28.8,1.3,1,1.58,5.0
0001012,0002435,0000049,2024-11-26 23:43:00,45700,0,45700,0,46.9,44.4,2.5,1,5.14,5.0
0001013,0000794,0000048,2024-11-27 13:55:00,93300,5000,88300,1,33.5,41.4,-7.9,0,6.4,5.0
0001014,0002254,0000019,2024-11-28 23:43:00,62400,0,62400,0,34.9,33.8,1.1,1,3.35,5.0
0001015,0000856,0000056,2024-11-28 20:56:00,93400,0,93400,0,31.9,32.2,-0.3,0,1.5,5.0
0001016,0000157,0000085,2024-11-30 17:40:00,47500,0,47500,0,30.4,32.6,-2.2,0,7.22,5.0
0001017,0000109,0000084,2024-11-30 10:23:00,25900,0,25900,0,33.3,31.8,1.5,1,8.25,5.0
0001018,0000536,0000020,2024-11-30 22:35:00,12300,0,12300,0,44.2,40.4,3.8,1,11.0,4.0
0001019,0000489,0000037,2024-12-01 15:20:00,55800,0,55800,0,30.6,29.6,1.0,1,2.39,5.0
0001020,0000050,0000085,2024-12-01 21:47:00,33700,0,33700,0,46.0,42.0,4.0,1,8.7,5.0
0001021,0002048,0000090,2024-12-02 16:48:00,85700,0,85700,0,40.0,37.7,2.3,1,11.99,1.0
0001022,0001036,0000050,2024-12-03 15:02:00,93200,0,93200,0,31.9,28.2,3.7,1,16.48,5.0
0001023,0002317,0000089,2024-12-03 18:53:00,79600,0,79600,0,43.2,42.9,0.3,1,17.11,5.0
0001024,0002073,0000033,2024-12-04 11:35:00,63300,0,63300,0,38.6,35.9,2.7,1,9.96,5.0
0001025,0000226,0000062,2024-12-04 22:24:00,57900,0,57900,0,34.0,37.4,-3.4,0,18.79,5.0
0001026,0000948,0000069,2024-12-06 00:25:00,33200,0,33200,0,36.3,31.6,4.7,1,1.03,5.0
0001027,0001924,0000008,2024-12-06 15:11:52,99300,0,99300,0,31.9,32.6,-0.7,0,3.89,5.0
0001028,0000035,0000077,2024-12-06 15:47:00,95900,0,95900,0,36.5,35.0,1.5,1,1.73,5.0
0001029,0001231,0000045,2024-12-06 18:47:00,61100,0,61100,0,38.9,34.6,4.3,1,9.48,5.0
0001030,0001385,0000028,2024-12-06 16:07:00,51600,0,51600,0,30.2,32.6,-2.4,0,9.4,5.0
0001031,0002459,0000055,2024-12-07 11:06:00,28000,1000,27000,1,46.9,35.5,11.4,1,1.98,3.0
0001032,0001065,0000085,2024-12-07 17:55:00,86300,0,86300,0,33.8,37.5,-3.7,0,1.75,4.0
0001033,0002610,0000084,2024-12-07 19:05:00,36800,0,36800,0,26.5,31.2,-4.7,0,6.87,5.0
0001034,0001290,0000025,2024-12-08 12:37:00,10200,0,10200,0,37.9,37.7,0.2,1,7.73,1.0
0001035,0000603,0000050,2024-12-08 13:17:00,57200,0,57200,0,36.7,34.8,1.9,1,16.77,5.0
0001036,0000738,0000065,2024-12-09 00:03:00,62300,0,62300,0,31.8,29.8,2.0,1,0.94,5.0
0001037,0002238,0000048,2024-12-09 21:59:00,78100,0,78100,0,35.3,34.6,0.7,1,6.96,5.0
0001038,0001680,0000085,2024-12-10 14:42:00,75400,0,75400,0,29.3,29.2,0.1,1,6.86,5.0
0001039,0001772,0000042,2024-12-11 20:51:00,83000,0,83000,0,32.2,33.2,-1.0,0,1.14,5.0
0001040,0002468,0000085,2024-12-12 15:16:00,69600,0,69600,0,39.3,32.2,7.1,1,2.41,3.0
0001041,0000263,0000068,2024-12-12 18:27:00,64700,0,64700,0,34.9,31.7,3.2,1,3.46,5.0
0001042,0001069,0000010,2024-12-12 22:30:00,55900,0,55900,0,32.4,33.2,-0.8,0,9.03,5.0
0001043,0001223,0000068,2024-12-13 11:36:00,31500,1000,30500,1,34.1,28.2,5.9,1,14.72,5.0
0001044,0000861,0000027,2024-12-13 11:03:00,42500,0,42500,0,36.8,37.4,-0.6,0,11.14,5.0
0001045,0000306,0000065,2024-12-13 12:24:00,56800,0,56800,0,31.4,30.5,0.9,1,10.59,5.0
0001046,0000719,0000088,2024-12-13 21:18:00,54300,0,54300,0,33.0,33.7,-0.7,0,9.02,5.0
0001047,0001659,0000007,2024-12-14 19:16:00,34000,0,34000,0,44.3,39.2,5.1,1,0.0,5.0
0001048,0002120,0000077,2024-12-16 19:03:00,55000,2000,53000,1,39.4,25.1,14.3,1,13.37,5.0
0001049,0000595,0000084,2024-12-17 09:54:00,37200,0,37200,0,36.5,33.2,3.3,1,5.19,5.0
0001050,0002668,0000040,2024-12-18 00:56:00,79900,5000,74900,1,36.0,27.1,8.9,1,14.38,5.0
0001051,0002040,0000078,2024-12-18 13:17:00,99000,0,99000,0,30.9,32.3,-1.4,0,5.0,5.0
0001052,0000980,0000072,2024-12-18 16:11:00,96100,0,96100,0,31.2,32.6,-1.4,0,8.45,5.0
0001053,0000758,0000077,2024-12-18 18:53:00,90200,0,90200,0,38.4,38.1,0.3,1,21.13,5.0
0001054,0000282,0000033,2024-12-18 19:30:00,36700,0,36700,0,37.2,37.0,0.2,1,1.49,5.0
0001055,0001433,0000028,2024-12-18 19:46:00,14600,0,14600,0,36.4,35.6,0.8,1,8.04,5.0
0001056,0002336,0000073,2024-12-18 21:47:00,89300,0,89300,0,30.5,32.1,-1.6,0,8.39,5.0
0001057,0002015,0000042,2024-12-19 11:07:00,37700,0,37700,0,26.6,28.1,-1.5,0,7.97,5.0
0001058,0002403,0000019,2024-12-19 12:48:00,85500,0,85500,0,28.1,35.0,-6.9,0,13.13,3.0
0001059,0002670,0000078,2024-12-19 20:07:00,35400,1000,34400,1,45.3,45.5,-0.2,0,8.8,4.0
0001060,0001443,0000027,2024-12-19 19:27:00,57700,0,57700,0,35.6,32.0,3.6,1,3.1,5.0
0001061,0002104,0000069,2024-12-19 22:55:00,64500,0,64500,0,37.1,34.4,2.7,1,8.78,5.0
0001062,0000309,0000007,2024-12-20 18:28:00,24400,0,24400,0,31.8,32.6,-0.8,0,9.74,5.0
0001063,0002696,0000046,2024-12-21 10:13:00,53700,2000,51700,1,36.2,32.5,3.7,1,8.13,5.0
0001064,0000773,0000090,2024-12-22 17:42:00,35300,0,35300,0,36.2,35.0,1.2,1,11.23,5.0
0001065,0000140,0000095,2024-12-23 09:32:00,60600,0,60600,0,30.1,31.6,-1.5,0,18.37,5.0
0001066,0000624,0000010,2024-12-23 13:14:00,74600,0,74600,0,32.8,31.8,1.0,1,8.03,5.0
0001067,0001333,0000026,2024-12-23 18:37:00,13300,0,13300,0,33.4,34.2,-0.8,0,3.16,5.0
0001068,0001474,0000046,2024-12-25 12:17:00,43600,0,43600,0,24.1,28.9,-4.8,0,2.02,5.0
0001069,0001356,0000019,2024-12-25 19:14:00,75900,0,75900,0,40.4,35.3,5.1,1,12.28,5.0
0001070,0002298,0000069,2024-12-25 18:28:00,30600,0,30600,0,28.6,30.5,-1.9,0,14.53,1.0
0001071,0000076,0000057,2024-12-25 22:46:00,48100,0,48100,0,41.7,35.7,6.0,1,7.11,5.0
0001072,0002751,0000094,2024-12-27 15:14:00,18300,500,17800,1,34.9,42.6,-7.7,0,1.78,5.0
0001073,0002299,0000045,2024-12-27 18:22:00,27400,1000,26400,1,28.1,14.3,13.8,1,7.64,5.0
0001074,0002371,0000048,2024-12-27 19:31:00,61400,0,61400,0,39.6,39.1,0.5,1,0.95,5.0
0001075,0002590,0000057,2024-12-27 21:18:00,11600,0,11600,0,31.9,34.2,-2.3,0,10.05,3.0
0001076,0000131,0000019,2024-12-28 10:17:00,68800,0,68800,0,33.0,33.2,-0.2,0,17.06,5.0
0001077,0002137,0000077,2024-12-28 20:21:00,87100,0,87100,0,35.9,31.6,4.3,1,12.67,3.0
0001078,0001493,0000007,2024-12-29 10:19:00,86200,0,86200,0,42.3,39.3,3.0,1,16.41,5.0
0001079,0000776,0000090,2024-12-30 10:10:00,87000,0,87000,0,32.0,31.5,0.5,1,18.54,5.0
0001080,0001114,0000014,2025-01-02 18:36:00,31500,0,31500,0,36.4,39.8,-3.4,0,3.79,4.0
0001081,0000210,0000057,2025-01-04 17:03:00,76800,0,76800,0,26.4,30.3,-3.9,0,1.62,5.0
0001082,0001802,0000019,2025-01-04 20:52:00,46000,0,46000,0,34.0,33.0,1.0,1,12.71,5.0
0001083,0001547,0000048,2025-01-04 22:16:00,18700,0,18700,0,37.1,32.2,4.9,1,6.39,5.0
0001084,0002746,0000089,2025-01-05 11:23:00,81300,0,81300,0,33.7,31.6,2.1,1,7.69,5.0
0001085,0001926,0000037,2025-01-05 14:18:00,75600,0,75600,0,31.8,32.3,-0.5,0,1.74,5.0
0001086,0000914,0000072,2025-01-05 20:41:00,90500,0,90500,0,34.2,33.9,0.3,1,17.6,5.0
0001087,0000232,0000050,2025-01-05 23:12:00,40100,0,40100,0,29.8,31.5,-1.7,0,7.67,5.0
0001088,0001818,0000029,2025-01-06 12:16:00,19200,0,19200,0,35.7,33.0,2.7,1,17.6,5.0
0001089,0002664,0000066,2025-01-07 10:42:00,94000,0,94000,0,39.0,37.5,1.5,1,10.02,5.0
0001090,0000954,0000078,2025-01-07 20:15:00,17500,0,17500,0,35.6,35.8,-0.2,0,9.89,1.0
0001091,0000775,0000027,2025-01-08 11:21:00,72800,0,72800,0,31.9,34.1,-2.2,0,9.42,5.0
0001092,0002442,0000007,2025-01-08 17:59:39,55200,0,55200,0,33.6,31.8,1.8,1,11.49,5.0
0001093,0002390,0000077,2025-01-08 19:52:00,15600,0,15600,0,38.9,41.6,-2.7,0,19.32,4.0
0001094,0002356,0000078,2025-01-08 21:56:00,69900,0,69900,0,34.3,34.9,-0.6,0,12.64,3.0
0001095,0002245,0000095,2025-01-09 10:24:00,21600,0,21600,0,46.6,43.1,3.5,1,19.84,5.0
0001096,0001387,0000068,2025-01-09 10:31:00,93000,0,93000,0,30.5,31.3,-0.8,0,9.68,5.0
0001097,0002087,0000040,2025-01-10 14:31:00,59300,0,59300,0,33.3,32.3,1.0,1,13.42,5.0
0001098,0002249,0000090,2025-01-10 22:26:00,51800,0,51800,0,41.9,43.6,-1.7,0,12.6,5.0
0001099,0000082,0000045,2025-01-11 18:10:00,36100,0,36100,0,36.3,40.5,-4.2,0,13.97,5.0
0001100,0001839,0000066,2025-01-12 18:59:00,19600,0,19600,0,39.1,38.0,1.1,1,1.85,5.0
0001101,0000268,0000066,2025-01-13 07:43:00,61100,0,61100,0,37.0,40.0,-3.0,0,1.86,5.0
0001102,0002090,0000010,2025-01-14 14:07:00,36600,0,36600,0,36.2,35.5,0.7,1,2.12,5.0
0001103,0001484,0000048,2025-01-14 14:23:00,85600,0,85600,0,31.4,31.3,0.1,1,1.4,5.0
0001104,0000923,0000001,2025-01-14 18:51:00,56700,0,56700,0,23.7,27.3,-3.6,0,9.67,5.0
0001105,0001116,0000095,2025-01-14 22:56:00,7600,0,7600,0,34.2,37.4,-3.2,0,3.18,5.0
0001106,0002174,0000089,2025-01-15 00:33:00,50600,2000,48600,1,33.9,23.2,10.7,1,2.59,5.0
0001107,0002252,0000019,2025-01-15 14:25:12,37400,0,37400,0,32.4,32.3,0.1,1,0.84,5.0
0001108,0002098,0000020,2025-01-15 16:25:00,87800,0,87800,0,36.6,32.3,4.3,1,19.48,5.0
0001109,0002808,0000056,2025-01-15 19:19:00,78500,0,78500,0,33.6,33.5,0.1,1,0.69,5.0
0001110,0001562,0000088,2025-01-16 17:47:00,85100,5000,80100,1,32.0,20.7,11.3,1,11.48,5.0
0001111,0001518,0000027,2025-01-16 18:53:00,22300,0,22300,0,29.8,33.0,-3.2,0,10.76,5.0
0001112,0000565,0000095,2025-01-16 20:54:00,71700,0,71700,0,36.8,35.2,1.6,1,13.49,5.0
0001113,0000577,0000013,2025-01-17 21:42:00,52200,0,52200,0,39.7,33.7,6.0,1,8.15,5.0
0001114,0000317,0000048,2025-01-18 10:35:00,51300,0,51300,0,29.8,30.3,-0.5,0,12.92,5.0
0001115,0000345,0000066,2025-01-18 23:05:00,43400,0,43400,0,27.0,28.6,-1.6,0,7.62,5.0
0001116,0000401,0000056,2025-01-19 12:29:00,98500,0,98500,0,30.4,32.0,-1.6,0,1.07,5.0
0001117,0002677,0000014,2025-01-19 20:08:00,98000,0,98000,0,33.9,35.9,-2.0,0,13.23,5.0
0001118,0000216,0000026,2025-01-19 20:01:00,74600,0,74600,0,40.3,41.0,-0.7,0,8.55,5.0
0001119,0001499,0000028,2025-01-19 21:42:00,71000,0,71000,0,40.2,34.5,5.7,1,7.24,4.0
0001120,0001577,0000033,2025-01-19 22:07:00,12600,0,12600,0,40.2,39.5,0.7,1,8.97,5.0
0001121,0002159,0000046,2025-01-20 18:15:00,33200,0,33200,0,34.8,30.8,4.0,1,8.39,5.0
0001122,0001063,0000031,2025-01-20 17:29:00,9300,0,9300,0,26.7,28.6,-1.9,0,16.78,5.0
0001123,0002034,0000042,2025-01-20 19:58:00,90500,0,90500,0,32.6,33.8,-1.2,0,2.15,5.0
0001124,0002727,0000094,2025-01-20 19:10:00,74500,0,74500,0,44.9,45.2,-0.3,0,5.34,5.0
0001125,0001788,0000031,2025-01-21 11:55:00,52200,0,52200,0,29.0,30.7,-1.7,0,2.12,5.0
0001126,0000498,0000046,2025-01-22 15:49:00,40600,0,40600,0,25.2,30.2,-5.0,0,20.31,4.0
0001127,0002722,0000037,2025-01-23 15:19:00,25400,0,25400,0,41.4,43.4,-2.0,0,10.47,5.0
0001128,0002418,0000010,2025-01-23 17:12:00,26500,1000,25500,1,30.6,27.6,3.0,1,1.91,5.0
0001129,0000354,0000073,2025-01-23 21:25:00,68700,0,68700,0,36.4,36.3,0.1,1,7.36,5.0
0001130,0002452,0000084,2025-01-23 23:19:00,95700,0,95700,0,30.8,32.7,-1.9,0,1.89,5.0
0001131,0000945,0000040,2025-01-24 17:16:40,23300,0,23300,0,37.3,34.8,2.5,1,11.48,5.0
0001132,0002279,0000065,2025-01-25 10:03:00,31400,0,31400,0,35.5,32.9,2.6,1,5.86,5.0
0001133,0000968,0000068,2025-01-25 04:15:00,88000,0,88000,0,32.4,34.6,-2.2,0,13.4,5.0
0001134,0001677,0000007,2025-01-25 13:44:00,17900,0,17900,0,26.7,33.6,-6.9,0,3.45,5.0
0001135,0002877,0000040,2025-01-26 20:34:00,53900,2000,51900,1,35.7,44.7,-9.0,0,19.33,5.0
0001136,0002529,0000048,2025-01-26 21:29:00,87500,0,87500,0,26.9,30.7,-3.8,0,1.0,5.0
0001137,0002191,0000033,2025-01-26 22:12:00,74300,0,74300,0,35.2,30.3,4.9,1,12.4,5.0
0001138,0002665,0000090,2025-01-26 22:53:00,31200,0,31200,0,33.4,38.6,-5.2,0,11.13,5.0
0001139,0000993,0000050,2025-01-27 14:22:00,86200,0,86200,0,38.1,38.2,-0.1,0,16.81,5.0
0001140,0002735,0000033,2025-01-27 17:13:00,26400,0,26400,0,39.0,41.4,-2.4,0,3.53,5.0
0001141,0000057,0000058,2025-01-27 17:27:00,79500,0,79500,0,34.5,35.3,-0.8,0,2.54,5.0
0001142,0001924,0000029,2025-01-27 21:15:00,47200,0,47200,0,34.4,36.4,-2.0,0,13.59,5.0
0001143,0002211,0000094,2025-01-28 12:45:00,92300,0,92300,0,31.3,29.5,1.8,1,1.78,4.0
0001144,0002776,0000084,2025-01-28 14:41:00,31400,0,31400,0,39.4,31.6,7.8,1,12.6,5.0
0001145,0001603,0000088,2025-01-28 16:58:00,98400,0,98400,0,33.6,35.6,-2.0,0,8.92,5.0
0001146,0002296,0000029,2025-01-29 12:55:00,44900,0,44900,0,37.1,35.8,1.3,1,0.88,5.0
0001147,0001513,0000020,2025-01-30 12:22:00,44400,0,44400,0,34.8,31.2,3.6,1,14.33,4.0
0001148,0000323,0000046,2025-01-30 12:42:00,92400,0,92400,0,40.8,34.4,6.4,1,8.05,1.0
0001149,0001222,0000013,2025-01-31 13:26:00,83400,0,83400,0,36.4,35.2,1.2,1,12.91,5.0
0001150,0001780,0000045,2025-01-31 17:39:00,77400,0,77400,0,30.1,31.4,-1.3,0,1.09,5.0
0001151,0001841,0000026,2025-01-31 18:36:00,77200,0,77200,0,35.2,36.2,-1.0,0,9.23,5.0
0001152,0000491,0000088,2025-02-01 16:25:00,86400,0,86400,0,32.5,36.9,-4.4,0,10.5,5.0
0001153,0001837,0000037,2025-02-01 18:48:00,89700,0,89700,0,34.4,34.7,-0.3,0,12.64,3.0
0001154,0001542,0000007,2025-02-02 12:31:00,17100,0,17100,0,24.7,28.1,-3.4,0,14.15,5.0
0001155,0000608,0000028,2025-02-02 13:01:00,24600,0,24600,0,24.4,29.8,-5.4,0,11.24,5.0
0001156,0001051,0000057,2025-02-03 11:18:00,86200,0,86200,0,32.9,30.0,2.9,1,8.0,5.0
0001157,0000985,0000001,2025-02-03 13:55:00,27300,0,27300,0,48.0,45.9,2.1,1,8.13,5.0
0001158,0002522,0000040,2025-02-03 19:25:00,41000,2000,39000,1,34.2,21.3,12.9,1,2.48,5.0
0001159,0002415,0000033,2025-02-03 19:37:00,22500,0,22500,0,39.1,42.8,-3.7,0,14.45,5.0
0001160,0000248,0000084,2025-02-03 22:08:00,15000,0,15000,0,38.0,41.8,-3.8,0,9.96,5.0
0001161,0000811,0000084,2025-02-04 00:24:00,8600,0,8600,0,38.9,35.9,3.0,1,4.78,5.0
0001162,0000997,0000078,2025-02-04 20:08:00,51300,0,51300,0,38.9,39.8,-0.9,0,9.93,5.0
0001163,0000324,0000027,2025-02-05 05:55:00,64400,0,64400,0,34.1,32.8,1.3,1,7.73,5.0
0001164,0003040,0000025,2025-02-05 11:29:00,50000,2000,48000,1,32.5,25.3,7.2,1,2.52,1.0
0001165,0000664,0000077,2025-02-05 15:11:00,37500,1000,36500,1,40.6,28.7,11.9,1,1.71,5.0
0001166,0001828,0000027,2025-02-05 14:23:00,71500,0,71500,0,27.6,27.7,-0.1,0,20.75,5.0
0001167,0001983,0000014,2025-02-06 00:12:00,18800,0,18800,0,32.6,30.4,2.2,1,14.19,5.0
0001168,0000119,0000010,2025-02-06 15:49:00,17800,0,17800,0,27.2,27.4,-0.2,0,10.48,5.0
0001169,0000682,0000088,2025-02-06 18:27:00,84400,0,84400,0,44.8,44.0,0.8,1,1.38,5.0
0001170,0003038,0000025,2025-02-07 18:55:00,91400,5000,86400,1,37.3,34.2,3.1,1,2.72,5.0
0001171,0001881,0000090,2025-02-07 20:40:00,85700,0,85700,0,40.1,35.7,4.4,1,12.48,5.0
0001172,0001469,0000045,2025-02-07 19:43:00,94200,0,94200,0,42.9,42.0,0.9,1,2.54,5.0
0001173,0001559,0000062,2025-02-08 09:10:00,15900,0,15900,0,29.6,27.8,1.8,1,8.1,5.0
0001174,0000037,0000094,2025-02-08 19:14:00,46000,0,46000,0,35.6,31.2,4.4,1,6.86,5.0
0001175,0002605,0000014,2025-02-08 20:33:00,72500,0,72500,0,39.3,38.0,1.3,1,2.71,5.0
0001176,0001931,0000094,2025-02-08 21:43:00,47100,0,47100,0,36.5,34.8,1.7,1,5.62,4.0
0001177,0001612,0000065,2025-02-08 23:06:00,8500,0,8500,0,32.6,29.7,2.9,1,7.5,5.0
0001178,0002702,0000013,2025-02-09 14:49:40,99100,0,99100,0,31.5,35.2,-3.7,0,6.73,5.0
0001179,0002827,0000085,2025-02-09 15:02:00,35800,0,35800,0,37.6,35.8,1.8,1,8.02,5.0
0001180,0001581,0000048,2025-02-09 15:33:00,16700,0,16700,0,28.8,32.1,-3.3,0,7.67,5.0
0001181,0000109,0000025,2025-02-09 18:31:00,73700,0,73700,0,32.7,29.6,3.1,1,1.85,4.0
0001182,0002027,0000090,2025-02-10 10:28:00,91600,0,91600,0,27.7,30.4,-2.7,0,11.42,5.0
0001183,0002742,0000084,2025-02-10 17:10:00,39400,0,39400,0,32.4,33.1,-0.7,0,6.92,5.0
0001184,0000945,0000042,2025-02-10 19:48:00,44600,0,44600,0,34.7,35.2,-0.5,0,1.24,5.0
0001185,0000720,0000014,2025-02-11 16:45:00,39100,0,39100,0,37.1,38.7,-1.6,0,10.1,5.0
0001186,0001682,0000029,2025-02-12 10:48:00,31200,0,31200,0,31.4,33.8,-2.4,0,12.15,5.0
0001187,0002485,0000037,2025-02-12 15:25:00,78500,0,78500,0,42.1,39.4,2.7,1,11.52,5.0
0001188,0001753,0000028,2025-02-13 15:17:00,71500,0,71500,0,32.4,32.4,0.0,0,6.85,5.0
0001189,0002923,0000090,2025-02-13 21:20:00,83100,5000,78100,1,35.9,45.7,-9.8,0,17.27,5.0
0001190,0002935,0000094,2025-02-14 08:22:00,57300,0,57300,0,33.1,36.0,-2.9,0,14.28,5.0
0001191,0002918,0000029,2025-02-14 20:17:00,34700,0,34700,0,33.8,32.5,1.3,1,13.4,5.0
0001192,0000119,0000055,2025-02-15 18:31:00,99300,0,99300,0,31.4,27.8,3.6,1,0.89,5.0
0001193,0000988,0000095,2025-02-15 19:38:00,84800,0,84800,0,33.7,35.8,-2.1,0,15.92,5.0
0001194,0002391,0000084,2025-02-16 16:14:00,67400,0,67400,0,32.2,28.9,3.3,1,8.8,5.0
0001195,0001430,0000073,2025-02-17 18:47:00,63800,0,63800,0,34.5,35.3,-0.8,0,21.34,5.0
0001196,0002763,0000028,2025-02-18 17:01:00,19800,0,19800,0,25.6,29.2,-3.6,0,8.57,5.0
0001197,0002284,0000089,2025-02-18 18:28:00,48400,0,48400,0,27.3,28.4,-1.1,0,18.04,5.0
0001198,0000391,0000072,2025-02-18 20:27:56,45200,0,45200,0,32.9,31.7,1.2,1,0.85,5.0
0001199,0000137,0000068,2025-02-19 19:03:00,56800,0,56800,0,36.7,36.2,0.5,1,10.74,4.0
0001200,0002609,0000088,2025-02-20 12:32:00,41400,0,41400,0,34.8,31.9,2.9,1,10.07,5.0
0001201,0001628,0000008,2025-02-20 14:17:00,68400,0,68400,0,40.5,37.0,3.5,1,2.74,5.0
0001202,0001071,0000050,2025-02-20 17:12:00,41200,2000,39200,1,40.3,32.5,7.8,1,18.73,5.0
0001203,0001795,0000069,2025-02-20 21:12:00,37200,0,37200,0,30.1,30.8,-0.7,0,0.8,5.0
0001204,0001193,0000057,2025-02-21 16:16:00,80000,0,80000,0,29.4,30.4,-1.0,0,7.44,4.0
0001205,0001286,0000072,2025-02-21 16:47:00,36900,0,36900,0,33.4,29.6,3.8,1,7.71,5.0
0001206,0000815,0000095,2025-02-23 13:15:00,92800,0,92800,0,37.5,36.5,1.0,1,2.56,5.0
0001207,0001262,0000037,2025-02-23 13:36:00,86800,0,86800,0,30.8,32.9,-2.1,0,2.97,5.0
0001208,0000036,0000095,2025-02-23 13:12:00,49100,0,49100,0,31.9,32.8,-0.9,0,16.6,5.0
0001209,0002418,0000013,2025-02-23 20:25:00,59300,0,59300,0,34.6,32.4,2.2,1,1.86,5.0
0001210,0001957,0000085,2025-02-24 12:13:00,79200,0,79200,0,32.3,32.6,-0.3,0,1.18,5.0
0001211,0000661,0000068,2025-02-24 11:57:00,68600,0,68600,0,30.4,30.6,-0.2,0,17.6,5.0
0001212,0002094,0000010,2025-02-24 21:29:00,16000,0,16000,0,44.2,40.8,3.4,1,6.51,5.0
0001213,0000645,0000033,2025-02-24 20:49:00,44700,0,44700,0,44.2,40.4,3.8,1,10.06,5.0
0001214,0003150,0000055,2025-02-26 14:04:00,96400,5000,91400,1,30.9,17.5,13.4,1,1.13,3.0
0001215,0000779,0000031,2025-02-26 18:02:00,22400,0,22400,0,28.9,30.3,-1.4,0,1.49,5.0
0001216,0001223,0000048,2025-02-26 19:09:00,12500,0,12500,0,33.6,32.0,1.6,1,2.4,5.0
0001217,0000616,0000046,2025-02-26 20:41:00,17900,0,17900,0,33.8,33.7,0.1,1,8.15,5.0
0001218,0001921,0000010,2025-02-27 10:57:00,44300,2000,42300,1,33.6,27.1,6.5,1,2.88,5.0
0001219,0001896,0000078,2025-02-27 12:08:00,77700,0,77700,0,35.0,36.3,-1.3,0,10.05,5.0
0001220,0000814,0000025,2025-02-27 19:12:00,84300,0,84300,0,35.4,39.2,-3.8,0,6.86,5.0
0001221,0002610,0000072,2025-02-27 22:10:00,34900,0,34900,0,38.9,40.7,-1.8,0,7.52,5.0
0001222,0002875,0000072,2025-02-28 20:28:00,27900,0,27900,0,29.8,35.2,-5.4,0,6.77,5.0
0001223,0002082,0000088,2025-02-28 11:11:00,89600,0,89600,0,33.8,31.9,1.9,1,8.27,5.0
0001224,0002875,0000033,2025-02-28 15:40:00,23400,0,23400,0,27.8,29.0,-1.2,0,8.17,4.0
0001225,0000768,0000026,2025-02-28 16:55:00,43100,0,43100,0,29.3,31.0,-1.7,0,11.54,5.0
0001226,0000142,0000057,2025-02-28 18:03:00,28300,0,28300,0,36.4,33.6,2.8,1,2.48,5.0
0001227,0001430,0000008,2025-02-28 18:04:00,13000,0,13000,0,29.5,30.9,-1.4,0,14.14,5.0
0001228,0003015,0000094,2025-02-28 21:15:00,13800,0,13800,0,32.5,34.6,-2.1,0,8.68,5.0
0001229,0002531,0000029,2025-03-01 14:54:00,24300,0,24300,0,31.8,33.0,-1.2,0,17.59,5.0
0001230,0002843,0000065,2025-03-01 17:17:00,76900,5000,71900,1,26.5,16.1,10.4,1,7.7,5.0
0001231,0002184,0000065,2025-03-01 17:06:00,65100,0,65100,0,37.4,31.4,6.0,1,6.09,5.0
0001232,0001699,0000042,2025-03-02 07:59:00,47200,0,47200,0,37.0,37.8,-0.8,0,9.34,5.0
0001233,0000196,0000094,2025-03-02 11:17:00,82600,0,82600,0,30.4,32.0,-1.6,0,9.78,5.0
0001234,0003138,0000085,2025-03-02 13:28:00,24800,1000,23800,1,29.8,35.8,-6.0,0,2.11,5.0
0001235,0001726,0000048,2025-03-03 00:07:00,38900,0,38900,0,38.9,39.0,-0.1,0,7.0,4.0
0001236,0001271,0000010,2025-03-03 18:21:00,75700,0,75700,0,31.0,32.3,-1.3,0,0.35,5.0
0001237,0001243,0000077,2025-03-03 22:12:00,42700,0,42700,0,41.3,39.0,2.3,1,11.6,5.0
0001238,0001731,0000062,2025-03-04 14:13:00,84600,0,84600,0,32.1,31.3,0.8,1,0.85,5.0
0001239,0001829,0000090,2025-03-04 18:08:00,9300,0,9300,0,31.2,31.2,0.0,0,11.2,5.0
0001240,0001994,0000066,2025-03-05 09:41:00,9200,0,9200,0,38.4,38.4,0.0,0,1.42,5.0
0001241,0001473,0000049,2025-03-05 13:51:00,74200,5000,69200,1,33.0,20.4,12.6,1,1.65,5.0
0001242,0002895,0000028,2025-03-07 12:45:00,75600,0,75600,0,31.5,32.2,-0.7,0,11.9,3.0
0001243,0002227,0000007,2025-03-07 20:48:00,41400,0,41400,0,41.9,43.7,-1.8,0,17.38,5.0
0001244,0002360,0000057,2025-03-07 22:44:00,51400,0,51400,0,36.4,34.6,1.8,1,1.96,5.0
0001245,0002669,0000008,2025-03-08 21:14:00,94900,0,94900,0,38.0,38.1,-0.1,0,1.43,5.0
0001246,0000585,0000088,2025-03-09 16:01:00,74600,0,74600,0,38.3,36.8,1.5,1,4.73,5.0
0001247,0001237,0000019,2025-03-09 20:40:00,76700,0,76700,0,36.4,39.6,-3.2,0,16.16,5.0
0001248,0002494,0000013,2025-03-10 07:22:00,49300,0,49300,0,29.8,28.6,1.2,1,7.4,3.0
0001249,0001301,0000026,2025-03-10 10:16:00,39200,0,39200,0,35.4,38.3,-2.9,0,1.08,5.0
0001250,0001614,0000050,2025-03-11 09:36:00,14200,0,14200,0,32.8,40.0,-7.2,0,6.09,5.0
0001251,0001405,0000025,2025-03-11 10:56:00,56200,0,56200,0,36.7,37.0,-0.3,0,2.77,5.0
0001252,0001439,0000095,2025-03-11 15:25:00,54400,0,54400,0,29.0,28.8,0.2,1,13.44,5.0
0001253,0001356,0000094,2025-03-12 13:15:00,19600,0,19600,0,25.8,29.2,-3.4,0,7.62,5.0
0001254,0001409,0000008,2025-03-12 19:32:00,79100,0,79100,0,41.8,39.3,2.5,1,1.22,5.0
0001255,0002820,0000026,2025-03-13 11:24:00,54900,0,54900,0,27.3,29.4,-2.1,0,2.5,5.0
0001256,0001475,0000033,2025-03-13 14:56:00,43100,0,43100,0,33.1,30.0,3.1,1,11.59,5.0
0001257,0001783,0000069,2025-03-14 15:21:00,43100,0,43100,0,37.7,37.0,0.7,1,6.82,5.0
0001258,0000831,0000049,2025-03-14 20:33:00,80400,0,80400,0,32.2,34.0,-1.8,0,7.08,4.0
0001259,0001948,0000073,2025-03-15 12:49:39,70500,0,70500,0,36.4,33.4,3.0,1,18.14,4.0
0001260,0000692,0000001,2025-03-15 12:03:00,17400,0,17400,0,30.1,30.9,-0.8,0,1.36,5.0
0001261,0001361,0000045,2025-03-16 12:54:00,48300,0,48300,0,40.0,31.6,8.4,1,2.13,5.0
0001262,0001396,0000037,2025-03-16 17:39:00,72900,0,72900,0,29.1,29.3,-0.2,0,15.38,5.0
0001263,0000250,0000077,2025-03-17 13:27:00,20300,0,20300,0,25.6,26.1,-0.5,0,11.53,5.0
0001264,0002750,0000084,2025-03-17 09:07:00,98500,0,98500,0,33.4,30.1,3.3,1,1.69,5.0
0001265,0003019,0000073,2025-03-18 11:47:00,70900,0,70900,0,29.8,29.8,0.0,0,20.55,5.0
0001266,0001835,0000014,2025-03-18 11:32:00,89400,0,89400,0,26.9,30.4,-3.5,0,1.49,5.0
0001267,0002121,0000055,2025-03-18 15:10:00,74600,0,74600,0,26.3,28.2,-1.9,0,6.87,5.0
0001268,0002720,0000078,2025-03-19 15:35:00,12500,0,12500,0,34.5,33.6,0.9,1,5.0,1.0
0001269,0000898,0000069,2025-03-19 15:46:00,69200,0,69200,0,35.3,37.9,-2.6,0,2.91,1.0
0001270,0002384,0000049,2025-03-19 16:37:00,69400,0,69400,0,32.9,35.2,-2.3,0,2.93,5.0
0001271,0001744,0000029,2025-03-20 00:09:00,70400,0,70400,0,36.0,35.1,0.9,1,18.31,5.0
0001272,0000980,0000058,2025-03-21 00:09:00,42700,0,42700,0,30.1,32.4,-2.3,0,9.75,5.0
0001273,0001612,0000037,2025-03-21 17:54:00,53300,0,53300,0,32.7,27.5,5.2,1,14.07,5.0
0001274,0001418,0000019,2025-03-21 20:53:00,53200,0,53200,0,31.5,30.4,1.1,1,18.03,5.0
0001275,0000233,0000007,2025-03-22 10:58:00,35800,1000,34800,1,37.2,25.2,12.0,1,15.66,5.0
0001276,0001265,0000089,2025-03-22 10:14:00,14800,500,14300,1,35.0,30.4,4.6,1,8.02,3.0
0001277,0001917,0000055,2025-03-23 13:41:00,80900,0,80900,0,37.5,32.7,4.8,1,7.91,5.0
0001278,0002778,0000033,2025-03-23 22:51:00,81600,0,81600,0,33.7,33.7,0.0,0,12.4,5.0
0001279,0000911,0000049,2025-03-24 12:35:00,34600,0,34600,0,24.9,31.7,-6.8,0,1.24,5.0
0001280,0000180,0000046,2025-03-24 15:13:00,64200,0,64200,0,40.3,39.3,1.0,1,3.49,5.0
0001281,0001939,0000027,2025-03-24 18:57:00,56000,0,56000,0,39.1,34.8,4.3,1,1.71,5.0
0001282,0000560,0000048,2025-03-25 07:19:00,27300,0,27300,0,32.9,37.8,-4.9,0,4.82,5.0
0001283,0002327,0000040,2025-03-25 20:30:00,75900,0,75900,0,29.9,33.0,-3.1,0,12.13,5.0
0001284,0000968,0000025,2025-03-26 06:14:00,25600,0,25600,0,26.1,31.2,-5.1,0,1.54,4.0
0001285,0001190,0000088,2025-03-26 10:18:00,81700,0,81700,0,28.7,31.8,-3.1,0,10.2,5.0
0001286,0001723,0000073,2025-03-26 17:33:00,78800,0,78800,0,34.1,31.5,2.6,1,9.0,5.0
0001287,0001129,0000058,2025-03-26 22:35:00,65500,0,65500,0,39.4,37.7,1.7,1,2.08,5.0
0001288,0003092,0000089,2025-03-26 23:26:00,20800,0,20800,0,33.2,32.9,0.3,1,18.04,5.0
0001289,0000139,0000073,2025-03-27 13:29:00,61400,0,61400,0,39.4,42.2,-2.8,0,3.79,5.0
0001290,0002515,0000001,2025-03-27 19:59:00,80800,0,80800,0,28.0,29.5,-1.5,0,7.63,5.0
0001291,0000675,0000050,2025-03-27 20:24:00,27900,0,27900,0,23.6,27.6,-4.0,0,1.53,5.0
0001292,0002662,0000062,2025-03-28 12:02:00,30600,0,30600,0,40.8,37.5,3.3,1,6.56,5.0
0001293,0000642,0000029,2025-03-28 13:39:00,51300,0,51300,0,40.6,40.4,0.2,1,10.73,5.0
0001294,0002032,0000072,2025-03-29 22:33:00,48100,0,48100,0,39.5,37.2,2.3,1,9.93,5.0
0001295,0000915,0000045,2025-03-30 19:44:00,25600,0,25600,0,28.2,30.4,-2.2,0,8.83,5.0
0001296,0002464,0000027,2025-04-01 00:53:00,30600,0,30600,0,24.5,26.4,-1.9,0,21.22,5.0
0001297,0003217,0000049,2025-04-01 15:40:00,42200,0,42200,0,38.9,39.0,-0.1,0,1.96,5.0
0001298,0001345,0000089,2025-04-02 13:13:00,53800,0,53800,0,26.6,31.6,-5.0,0,1.51,5.0
0001299,0000545,0000073,2025-04-02 12:01:00,53700,0,53700,0,32.5,32.7,-0.2,0,18.16,5.0
0001300,0001598,0000040,2025-04-03 10:25:00,50500,0,50500,0,29.3,30.3,-1.0,0,17.61,5.0
0001301,0000682,0000037,2025-04-03 14:13:00,20100,0,20100,0,32.5,36.0,-3.5,0,15.72,5.0
0001302,0000650,0000068,2025-04-03 19:12:00,89500,0,89500,0,35.5,32.0,3.5,1,14.47,4.0
0001303,0002966,0000058,2025-04-04 17:09:00,12400,0,12400,0,38.7,36.5,2.2,1,13.65,5.0
0001304,0000450,0000045,2025-04-05 00:36:00,13700,0,13700,0,32.9,36.0,-3.1,0,7.87,5.0
0001305,0002275,0000013,2025-04-05 11:49:00,96000,0,96000,0,39.3,38.7,0.6,1,12.66,5.0
0001306,0000256,0000072,2025-04-05 22:09:33,90600,0,90600,0,38.8,38.0,0.8,1,18.22,5.0
0001307,0002082,0000046,2025-04-06 11:35:00,41700,0,41700,0,30.0,33.2,-3.2,0,7.62,5.0
0001308,0002961,0000029,2025-04-06 22:55:00,47200,2000,45200,1,34.4,29.0,5.4,1,13.0,5.0
0001309,0001153,0000025,2025-04-07 10:27:00,68600,5000,63600,1,26.9,12.1,14.8,1,8.64,5.0
0001310,0002312,0000085,2025-04-07 12:05:00,48500,0,48500,0,27.9,36.3,-8.4,0,8.12,5.0
0001311,0000174,0000090,2025-04-07 16:48:00,79000,0,79000,0,27.1,34.8,-7.7,0,19.27,3.0
0001312,0001284,0000027,2025-04-07 21:37:00,43100,0,43100,0,42.2,42.8,-0.6,0,21.98,5.0
0001313,0000585,0000029,2025-04-08 16:40:00,90800,0,90800,0,38.5,30.5,8.0,1,12.75,5.0
0001314,0002290,0000057,2025-04-08 18:33:00,64900,0,64900,0,33.5,35.1,-1.6,0,8.84,1.0
0001315,0002469,0000050,2025-04-09 00:33:00,41800,0,41800,0,34.7,29.5,5.2,1,6.96,5.0
0001316,0000863,0000027,2025-04-09 09:41:00,87800,0,87800,0,37.2,33.6,3.6,1,9.02,5.0
0001317,0000285,0000084,2025-04-09 14:51:00,46900,0,46900,0,37.9,37.8,0.1,1,5.09,5.0
0001318,0000066,0000027,2025-04-09 14:37:00,28200,0,28200,0,28.8,30.2,-1.4,0,11.46,5.0
0001319,0001404,0000069,2025-04-09 15:18:00,48500,0,48500,0,35.0,35.8,-0.8,0,9.06,5.0
0001320,0000360,0000088,2025-04-09 18:26:00,11900,0,11900,0,26.8,31.6,-4.8,0,2.86,5.0
0001321,0002228,0000084,2025-04-10 13:24:00,35500,0,35500,0,47.5,44.2,3.3,1,9.29,5.0
0001322,0002190,0000065,2025-04-10 14:53:00,81400,0,81400,0,31.2,31.6,-0.4,0,1.15,5.0
0001323,0003340,0000029,2025-04-10 15:39:00,70500,5000,65500,1,29.9,25.0,4.9,1,10.52,5.0
0001324,0002392,0000078,2025-04-10 21:26:00,75900,0,75900,0,35.5,38.1,-2.6,0,14.29,4.0
0001325,0002571,0000055,2025-04-10 21:52:00,44500,0,44500,0,31.1,32.2,-1.1,0,18.0,5.0
0001326,0001644,0000056,2025-04-11 00:35:00,65400,0,65400,0,26.7,28.3,-1.6,0,1.39,5.0
0001327,0000540,0000049,2025-04-11 10:26:00,67000,0,67000,0,26.9,26.8,0.1,1,3.89,5.0
0001328,0000357,0000027,2025-04-12 08:10:00,100000,0,100000,0,48.8,42.3,6.5,1,22.21,5.0
0001329,0000147,0000033,2025-04-12 13:12:00,23400,0,23400,0,32.2,30.1,2.1,1,8.3,5.0
0001330,0000874,0000010,2025-04-12 21:33:00,91300,0,91300,0,29.9,32.0,-2.1,0,7.77,5.0
0001331,0003273,0000028,2025-04-13 13:43:00,52500,0,52500,0,42.0,39.2,2.8,1,11.99,5.0
0001332,0001323,0000029,2025-04-14 16:50:00,55900,2000,53900,1,29.9,27.6,2.3,1,18.77,5.0
0001333,0002669,0000025,2025-04-15 14:20:00,51300,0,51300,0,31.8,31.4,0.4,1,0.09,5.0
0001334,0001289,0000055,2025-04-15 17:05:00,20500,0,20500,0,28.0,29.5,-1.5,0,1.44,5.0
0001335,0002124,0000019,2025-04-16 17:32:00,82600,0,82600,0,24.2,29.2,-5.0,0,11.98,4.0
0001336,0000391,0000019,2025-04-17 11:46:00,64000,0,64000,0,27.8,29.1,-1.3,0,13.98,5.0
0001337,0000246,0000007,2025-04-17 11:24:00,38800,0,38800,0,34.4,31.8,2.6,1,11.49,4.0
0001338,0001389,0000014,2025-04-17 10:16:00,71800,0,71800,0,31.5,35.5,-4.0,0,11.9,5.0
0001339,0000302,0000073,2025-04-17 11:39:00,44500,0,44500,0,30.7,32.3,-1.6,0,7.71,1.0
0001340,0003394,0000057,2025-04-17 18:08:00,34700,1000,33700,1,29.5,17.0,12.5,1,1.36,5.0
0001341,0001713,0000013,2025-04-18 10:50:00,35900,0,35900,0,25.4,29.2,-3.8,0,8.89,4.0
0001342,0003323,0000042,2025-04-18 13:38:00,55700,0,55700,0,30.3,33.2,-2.9,0,13.72,5.0
0001343,0000114,0000042,2025-04-18 20:07:00,26900,0,26900,0,35.2,37.4,-2.2,0,12.31,5.0
0001344,0002871,0000084,2025-04-20 09:50:00,87000,0,87000,0,45.4,41.2,4.2,1,7.65,5.0
0001345,0001124,0000073,2025-04-20 19:41:00,70100,0,70100,0,28.3,31.2,-2.9,0,3.88,5.0
0001346,0001696,0000031,2025-04-21 19:48:00,78500,0,78500,0,34.4,34.1,0.3,1,1.6,5.0
0001347,0003134,0000029,2025-04-22 15:44:00,34700,0,34700,0,33.6,32.2,1.4,1,11.22,5.0
0001348,0000768,0000089,2025-04-22 18:01:00,73900,0,73900,0,30.2,35.7,-5.5,0,3.26,5.0
0001349,0001160,0000045,2025-04-23 10:46:00,99500,0,99500,0,31.0,31.3,-0.3,0,7.56,5.0
0001350,0000724,0000088,2025-04-23 16:37:00,52900,0,52900,0,34.2,27.6,6.6,1,2.44,5.0
0001351,0001647,0000065,2025-04-24 12:09:00,77000,0,77000,0,23.5,29.6,-6.1,0,7.12,5.0
0001352,0002332,0000066,2025-04-24 13:11:00,50900,2000,48900,1,36.5,26.9,9.6,1,11.34,5.0
0001353,0002416,0000048,2025-04-24 14:37:00,32600,0,32600,0,32.7,32.1,0.6,1,6.93,3.0
0001354,0002624,0000019,2025-04-24 15:44:00,72100,0,72100,0,23.1,28.4,-5.3,0,18.44,5.0
0001355,0003392,0000014,2025-04-24 18:33:00,9800,500,9300,1,34.9,40.6,-5.7,0,2.44,5.0
0001356,0001458,0000088,2025-04-24 22:04:00,89600,0,89600,0,34.5,34.1,0.4,1,2.71,5.0
0001357,0001024,0000095,2025-04-25 09:12:00,12300,0,12300,0,32.1,29.3,2.8,1,12.56,5.0
0001358,0002218,0000008,2025-04-25 09:44:00,37200,0,37200,0,33.2,36.8,-3.6,0,1.35,5.0
0001359,0002022,0000073,2025-04-25 12:49:00,15900,0,15900,0,44.3,39.2,5.1,1,3.37,5.0
0001360,0003009,0000019,2025-04-25 17:21:00,97700,0,97700,0,27.4,31.6,-4.2,0,17.33,5.0
0001361,0000549,0000068,2025-04-25 19:03:00,39700,0,39700,0,27.5,27.2,0.3,1,1.72,5.0
0001362,0001865,0000046,2025-04-25 19:23:00,57900,0,57900,0,27.4,30.8,-3.4,0,8.87,5.0
0001363,0003018,0000090,2025-04-25 19:40:00,17600,0,17600,0,34.8,34.4,0.4,1,18.03,5.0
0001364,0000415,0000065,2025-04-26 10:06:00,98800,0,98800,0,33.3,32.6,0.7,1,5.45,4.0
0001365,0003159,0000026,2025-04-26 15:03:00,18700,0,18700,0,36.5,35.0,1.5,1,0.86,1.0
0001366,0001711,0000068,2025-04-26 16:40:00,59400,0,59400,0,28.1,30.1,-2.0,0,17.09,4.0
0001367,0000171,0000040,2025-04-26 15:51:00,40300,0,40300,0,42.8,37.9,4.9,1,13.51,4.0
0001368,0003048,0000019,2025-04-26 17:36:00,58600,0,58600,0,33.3,30.4,2.9,1,14.58,5.0
0001369,0000146,0000057,2025-04-28 13:29:00,58500,0,58500,0,43.1,38.9,4.2,1,6.1,5.0
0001370,0002647,0000049,2025-04-28 21:58:00,85400,0,85400,0,35.9,38.3,-2.4,0,13.3,5.0
0001371,0000011,0000072,2025-04-29 13:07:00,42300,0,42300,0,30.8,31.4,-0.6,0,2.52,4.0
0001372,0003116,0000057,2025-04-30 19:37:00,64700,5000,59700,1,48.3,34.4,13.9,1,10.49,5.0
0001373,0002888,0000072,2025-04-30 13:33:00,91700,0,91700,0,30.4,31.0,-0.6,0,17.32,5.0
0001374,0002178,0000014,2025-04-30 17:28:25,9400,0,9400,0,26.7,30.6,-3.9,0,1.35,5.0
0001375,0002928,0000058,2025-05-01 11:39:00,86600,0,86600,0,33.6,34.2,-0.6,0,1.91,5.0
0001376,0001855,0000040,2025-05-01 14:37:00,62800,0,62800,0,39.2,39.3,-0.1,0,13.44,5.0
0001377,0003159,0000062,2025-05-01 21:58:00,9700,0,9700,0,38.4,34.8,3.6,1,18.61,5.0
0001378,0000636,0000094,2025-05-02 14:01:00,83400,0,83400,0,42.2,42.2,0.0,0,12.81,1.0
0001379,0000173,0000026,2025-05-02 19:24:00,29100,0,29100,0,33.6,39.8,-6.2,0,11.46,4.0
0001380,0001217,0000050,2025-05-02 22:51:00,94100,5000,89100,1,29.1,20.7,8.4,1,7.38,5.0
0001381,0001136,0000069,2025-05-03 11:53:00,35200,0,35200,0,27.0,31.8,-4.8,0,9.52,5.0
0001382,0002603,0000094,2025-05-03 18:15:00,66400,0,66400,0,33.0,31.5,1.5,1,3.63,5.0
0001383,0001952,0000048,2025-05-04 07:29:00,88300,5000,83300,1,35.9,30.4,5.5,1,1.37,5.0
0001384,0001589,0000094,2025-05-04 16:48:36,55400,0,55400,0,33.8,34.4,-0.6,0,1.96,1.0
0001385,0001893,0000073,2025-05-04 18:35:00,89100,0,89100,0,29.3,31.2,-1.9,0,7.92,5.0
0001386,0001122,0000029,2025-05-04 21:13:00,34900,0,34900,0,29.9,30.6,-0.7,0,17.34,5.0
0001387,0001828,0000078,2025-05-05 21:05:00,90400,0,90400,0,32.3,34.2,-1.9,0,9.47,5.0
0001388,0003250,0000062,2025-05-06 07:26:00,34200,0,34200,0,31.1,28.7,2.4,1,0.83,5.0
0001389,0003304,0000046,2025-05-06 11:47:00,64500,0,64500,0,27.7,31.5,-3.8,0,1.38,5.0
0001390,0002926,0000028,2025-05-06 13:54:00,58100,0,58100,0,39.1,36.3,2.8,1,6.55,5.0
0001391,0001284,0000068,2025-05-06 18:06:00,46500,0,46500,0,25.3,32.4,-7.1,0,15.0,5.0
0001392,0002884,0000050,2025-05-06 17:36:00,32400,0,32400,0,28.8,32.1,-3.3,0,7.3,5.0
0001393,0002663,0000048,2025-05-06 19:22:00,29500,0,29500,0,33.5,34.2,-0.7,0,4.15,3.0
0001394,0000698,0000085,2025-05-06 20:25:00,56000,0,56000,0,37.8,35.1,2.7,1,6.76,5.0
0001395,0000460,0000001,2025-05-06 23:56:00,35900,0,35900,0,36.1,34.2,1.9,1,2.06,5.0
0001396,0001045,0000040,2025-05-07 11:11:00,56900,0,56900,0,34.9,36.2,-1.3,0,16.37,5.0
0001397,0000050,0000007,2025-05-07 12:23:00,36400,0,36400,0,33.5,32.6,0.9,1,14.99,5.0
0001398,0000350,0000066,2025-05-07 11:41:00,38700,0,38700,0,30.2,34.4,-4.2,0,7.35,5.0
0001399,0000552,0000033,2025-05-07 12:01:00,44900,0,44900,0,29.6,30.6,-1.0,0,10.72,5.0
0001400,0003277,0000008,2025-05-07 14:05:00,76700,0,76700,0,29.8,28.8,1.0,1,7.11,5.0
0001401,0002719,0000010,2025-05-07 20:56:00,33700,0,33700,0,29.5,30.5,-1.0,0,0.67,5.0
0001402,0003256,0000026,2025-05-08 17:39:00,87300,0,87300,0,42.2,39.6,2.6,1,9.82,5.0
0001403,0001506,0000050,2025-05-08 22:35:00,93300,0,93300,0,36.2,35.7,0.5,1,2.17,5.0
0001404,0002431,0000066,2025-05-09 10:52:00,16400,0,16400,0,33.9,31.8,2.1,1,12.83,5.0
0001405,0000828,0000042,2025-05-09 16:22:00,50300,0,50300,0,32.3,31.3,1.0,1,8.54,5.0
0001406,0002211,0000025,2025-05-10 21:05:00,92300,0,92300,0,36.9,37.0,-0.1,0,0.69,5.0
0001407,0002186,0000008,2025-05-11 16:16:00,90800,0,90800,0,33.8,33.8,0.0,0,4.8,5.0
0001408,0001706,0000010,2025-05-11 18:44:00,41200,0,41200,0,33.3,29.1,4.2,1,10.52,5.0
0001409,0002182,0000026,2025-05-12 13:42:00,48900,2000,46900,1,37.3,33.7,3.6,1,9.03,5.0
0001410,0002623,0000008,2025-05-12 15:08:00,20200,0,20200,0,32.2,33.5,-1.3,0,4.79,1.0
0001411,0001926,0000069,2025-05-12 19:44:00,63700,0,63700,0,26.9,31.8,-4.9,0,1.24,1.0
0001412,0001053,0000089,2025-05-13 09:28:00,9800,0,9800,0,25.3,28.6,-3.3,0,7.14,5.0
0001413,0001233,0000031,2025-05-13 11:36:00,52000,0,52000,0,39.4,36.5,2.9,1,7.45,5.0
0001414,0002600,0000062,2025-05-14 07:46:00,70000,0,70000,0,27.0,31.4,-4.4,0,17.44,5.0
0001415,0000971,0000085,2025-05-14 19:03:00,89100,0,89100,0,44.9,45.2,-0.3,0,5.06,4.0
0001416,0001786,0000025,2025-05-15 16:50:00,12400,0,12400,0,26.4,28.5,-2.1,0,7.83,5.0
0001417,0000210,0000058,2025-05-15 17:28:00,87800,0,87800,0,33.2,30.0,3.2,1,12.96,4.0
0001418,0000584,0000010,2025-05-15 20:10:00,21000,0,21000,0,31.9,32.8,-0.9,0,1.1,5.0
0001419,0001477,0000049,2025-05-16 17:16:00,86900,0,86900,0,32.0,33.0,-1.0,0,15.35,5.0
0001420,0000646,0000010,2025-05-16 21:59:00,83100,0,83100,0,31.6,31.0,0.6,1,0.56,5.0
0001421,0001294,0000072,2025-05-17 15:35:00,73100,0,73100,0,31.1,29.4,1.7,1,17.12,5.0
0001422,0000368,0000073,2025-05-17 19:02:00,24800,0,24800,0,33.7,34.3,-0.6,0,3.88,5.0
0001423,0001416,0000069,2025-05-18 14:07:00,29100,0,29100,0,36.9,34.3,2.6,1,13.29,5.0
0001424,0002007,0000062,2025-05-18 21:21:00,50100,0,50100,0,43.1,41.4,1.7,1,8.35,5.0
0001425,0000192,0000069,2025-05-19 10:24:00,85700,5000,80700,1,36.9,30.9,6.0,1,7.16,5.0
0001426,0000380,0000001,2025-05-19 19:18:00,27800,0,27800,0,37.9,33.8,4.1,1,14.99,4.0
0001427,0000212,0000057,2025-05-20 19:19:00,70300,0,70300,0,30.1,32.8,-2.7,0,0.68,5.0
0001428,0000683,0000037,2025-05-21 15:15:00,29300,0,29300,0,33.4,37.2,-3.8,0,3.6,5.0
0001429,0001170,0000008,2025-05-21 15:14:00,57700,0,57700,0,29.1,33.2,-4.1,0,5.82,5.0
0001430,0002290,0000057,2025-05-21 19:12:00,66700,0,66700,0,35.3,29.2,6.1,1,0.8,1.0
0001431,0003151,0000089,2025-05-21 19:12:00,16000,0,16000,0,30.1,30.3,-0.2,0,1.58,5.0
0001432,0000567,0000095,2025-05-22 17:46:00,58400,0,58400,0,30.4,29.4,1.0,1,9.7,5.0
0001433,0001915,0000058,2025-05-23 11:51:00,14100,0,14100,0,32.6,34.7,-2.1,0,12.88,5.0
0001434,0002791,0000094,2025-05-23 18:29:00,25600,0,25600,0,27.3,27.7,-0.4,0,0.48,5.0
0001435,0002843,0000010,2025-05-23 20:25:00,38200,0,38200,0,48.4,46.2,2.2,1,0.79,5.0
0001436,0002440,0000033,2025-05-23 22:48:00,29000,0,29000,0,39.9,41.8,-1.9,0,8.32,5.0
0001437,0001879,0000073,2025-05-24 12:41:00,73100,0,73100,0,36.4,35.0,1.4,1,20.55,5.0
0001438,0002330,0000025,2025-05-24 19:16:00,80400,0,80400,0,31.3,30.2,1.1,1,8.1,4.0
0001439,0002223,0000008,2025-05-25 12:42:00,74300,0,74300,0,38.5,38.1,0.4,1,5.82,4.0
0001440,0000463,0000014,2025-05-25 16:16:00,83000,0,83000,0,34.0,32.3,1.7,1,1.49,5.0
0001441,0000338,0000031,2025-05-26 10:19:00,21300,0,21300,0,33.8,35.2,-1.4,0,2.29,4.0
0001442,0003070,0000048,2025-05-27 11:13:00,31600,0,31600,0,34.3,29.3,5.0,1,0.72,5.0
0001443,0002489,0000068,2025-05-27 13:15:00,92500,0,92500,0,31.4,32.1,-0.7,0,1.63,5.0
0001444,0003012,0000095,2025-05-27 19:02:00,94800,0,94800,0,32.3,33.8,-1.5,0,11.95,5.0
0001445,0000054,0000062,2025-05-28 10:04:00,36100,0,36100,0,36.3,35.2,1.1,1,7.97,5.0
0001446,0002990,0000033,2025-05-28 20:37:00,7700,0,7700,0,40.2,40.7,-0.5,0,8.82,5.0
0001447,0002394,0000045,2025-05-28 21:18:00,61800,5000,56800,1,36.8,43.9,-7.1,0,0.63,5.0
0001448,0000961,0000027,2025-05-29 08:37:00,91900,0,91900,0,24.2,29.2,-5.0,0,11.49,1.0
0001449,0000263,0000019,2025-05-29 13:06:00,78000,0,78000,0,28.5,37.7,-9.2,0,11.8,5.0
0001450,0001189,0000057,2025-05-29 22:36:00,7600,0,7600,0,33.8,36.5,-2.7,0,10.29,5.0
0001451,0002106,0000020,2025-05-30 21:30:00,21800,0,21800,0,39.5,37.8,1.7,1,12.02,5.0
0001452,0002128,0000089,2025-06-01 20:33:00,97000,0,97000,0,38.0,39.8,-1.8,0,9.14,5.0
0001453,0001982,0000084,2025-06-02 13:57:00,91800,0,91800,0,31.4,30.6,0.8,1,7.57,3.0
0001454,0000400,0000088,2025-06-02 14:54:00,88500,0,88500,0,30.7,33.8,-3.1,0,9.84,5.0
0001455,0002296,0000042,2025-06-03 16:13:00,31400,0,31400,0,40.6,37.9,2.7,1,2.97,5.0
0001456,0000865,0000090,2025-06-04 20:02:00,84900,0,84900,0,32.6,30.9,1.7,1,11.92,5.0
0001457,0000172,0000010,2025-06-04 21:52:00,72500,0,72500,0,45.2,43.2,2.0,1,2.18,4.0
0001458,0002332,0000019,2025-06-05 22:54:00,58800,0,58800,0,32.0,35.8,-3.8,0,10.49,5.0
0001459,0000313,0000045,2025-06-07 11:44:00,40400,0,40400,0,26.5,30.4,-3.9,0,1.5,3.0
0001460,0000340,0000042,2025-06-08 11:45:00,57500,0,57500,0,35.7,32.0,3.7,1,8.88,5.0
0001461,0002222,0000025,2025-06-08 14:22:00,37400,0,37400,0,24.6,31.4,-6.8,0,7.1,5.0
0001462,0003132,0000078,2025-06-08 15:23:00,86300,0,86300,0,24.5,28.2,-3.7,0,2.52,5.0
0001463,0003125,0000025,2025-06-10 15:45:00,15500,0,15500,0,37.8,37.6,0.2,1,2.05,5.0
0001464,0001342,0000033,2025-06-10 20:50:00,85600,0,85600,0,41.2,39.3,1.9,1,9.44,5.0
0001465,0000149,0000008,2025-06-11 19:36:00,64200,0,64200,0,33.5,32.0,1.5,1,12.95,5.0
0001466,0000132,0000014,2025-06-13 12:14:00,31900,0,31900,0,32.6,32.0,0.6,1,8.47,5.0
0001467,0001190,0000028,2025-06-13 13:16:00,13200,0,13200,0,29.1,28.9,0.2,1,12.86,4.0
0001468,0002565,0000095,2025-06-13 14:24:00,44600,0,44600,0,38.6,35.6,3.0,1,2.14,5.0
0001469,0002805,0000062,2025-06-13 20:46:04,28800,0,28800,0,35.0,33.5,1.5,1,17.83,5.0
0001470,0000248,0000073,2025-06-14 11:45:00,76700,0,76700,0,28.6,28.0,0.6,1,7.71,5.0
0001471,0001583,0000056,2025-06-14 20:12:00,7500,0,7500,0,31.1,28.0,3.1,1,0.09,5.0
0001472,0001554,0000025,2025-06-15 15:45:00,35400,0,35400,0,36.7,38.6,-1.9,0,10.06,5.0
0001473,0001491,0000094,2025-06-15 18:07:00,43800,0,43800,0,33.2,31.4,1.8,1,7.26,5.0
0001474,0000562,0000027,2025-06-15 21:08:00,50000,0,50000,0,34.4,32.9,1.5,1,9.62,4.0
0001475,0001056,0000078,2025-06-16 11:47:00,10200,0,10200,0,29.2,30.5,-1.3,0,6.52,5.0
0001476,0001133,0000028,2025-06-16 20:46:00,93000,0,93000,0,28.1,30.5,-2.4,0,10.73,5.0
0001477,0000567,0000019,2025-06-16 19:59:00,99300,0,99300,0,28.5,33.3,-4.8,0,1.08,5.0
0001478,0001425,0000090,2025-06-17 00:58:00,59700,0,59700,0,31.0,28.0,3.0,1,11.65,5.0
0001479,0002316,0000040,2025-06-17 11:32:00,67900,0,67900,0,33.6,31.7,1.9,1,2.45,5.0
0001480,0002788,0000001,2025-06-18 10:55:00,7900,0,7900,0,30.7,30.8,-0.1,0,0.71,5.0
0001481,0001576,0000095,2025-06-18 19:11:00,45600,0,45600,0,28.7,30.7,-2.0,0,10.31,5.0
0001482,0003116,0000065,2025-06-18 18:13:00,50600,0,50600,0,33.7,32.7,1.0,1,7.9,5.0
0001483,0002394,0000027,2025-06-18 21:32:00,99600,0,99600,0,34.6,35.6,-1.0,0,9.91,5.0
0001484,0000204,0000088,2025-06-19 00:02:00,15700,500,15200,1,45.0,39.4,5.6,1,11.44,5.0
0001485,0001542,0000007,2025-06-19 18:51:00,95400,0,95400,0,32.4,31.2,1.2,1,0.0,5.0
0001486,0001793,0000008,2025-06-20 11:49:00,34800,0,34800,0,40.5,38.4,2.1,1,7.59,4.0
0001487,0001735,0000042,2025-06-20 14:45:00,61800,0,61800,0,33.0,34.6,-1.6,0,1.96,4.0
0001488,0002083,0000020,2025-06-22 11:55:00,87700,0,87700,0,35.4,33.8,1.6,1,13.32,3.0
0001489,0000624,0000025,2025-06-22 12:40:00,23300,0,23300,0,32.8,35.8,-3.0,0,12.34,5.0
0001490,0003673,0000040,2025-06-22 20:27:00,63500,5000,58500,1,34.2,39.6,-5.4,0,10.79,5.0
0001491,0000391,0000001,2025-06-23 16:54:00,21500,0,21500,0,33.4,33.5,-0.1,0,13.31,5.0
0001492,0000857,0000045,2025-06-24 14:13:00,75400,0,75400,0,36.8,38.0,-1.2,0,12.54,5.0
0001493,0003210,0000013,2025-06-24 21:53:00,44500,0,44500,0,43.2,37.4,5.8,1,1.2,5.0
0001494,0001962,0000045,2025-06-25 10:43:00,93800,0,93800,0,32.1,35.6,-3.5,0,9.59,5.0
0001495,0003048,0000085,2025-06-26 15:51:00,56200,0,56200,0,35.8,30.9,4.9,1,8.6,5.0
0001496,0000438,0000042,2025-06-26 17:43:00,20000,0,20000,0,28.1,28.8,-0.7,0,2.06,5.0
0001497,0002015,0000045,2025-06-26 19:41:00,20200,0,20200,0,32.8,32.5,0.3,1,8.03,5.0
0001498,0000100,0000085,2025-06-27 11:41:00,41200,0,41200,0,31.4,30.1,1.3,1,6.81,5.0
0001499,0000799,0000085,2025-06-27 14:57:00,42600,0,42600,0,38.9,33.1,5.8,1,6.97,5.0
0001500,0003111,0000085,2025-06-27 20:40:00,39000,0,39000,0,27.1,30.8,-3.7,0,8.07,5.0
0001501,0003291,0000037,2025-06-28 10:16:00,74000,0,74000,0,35.0,30.9,4.1,1,13.89,1.0
0001502,0003468,0000033,2025-06-29 14:42:00,75700,0,75700,0,29.1,33.6,-4.5,0,11.06,5.0
0001503,0003450,0000042,2025-06-29 17:16:00,83900,0,83900,0,31.6,29.9,1.7,1,7.5,5.0
0001504,0003677,0000089,2025-06-30 18:07:00,95200,5000,90200,1,32.3,35.2,-2.9,0,17.57,5.0
0001505,0000502,0000078,2025-06-30 14:02:00,40400,0,40400,0,51.0,48.7,2.3,1,9.47,3.0
0001506,0002603,0000031,2025-06-30 22:46:00,55700,0,55700,0,38.0,36.2,1.8,1,7.4,4.0
0001507,0003216,0000019,2025-07-01 18:45:00,89000,5000,84000,1,34.9,28.3,6.6,1,15.39,5.0
0001508,0002524,0000049,2025-07-01 18:12:00,93800,0,93800,0,28.6,28.8,-0.2,0,7.57,5.0
0001509,0003022,0000050,2025-07-02 13:09:00,33400,0,33400,0,35.0,31.5,3.5,1,8.43,5.0
0001510,0002114,0000050,2025-07-02 16:06:00,44400,0,44400,0,28.4,31.1,-2.7,0,5.59,5.0
0001511,0003059,0000033,2025-07-02 17:04:00,93200,0,93200,0,31.8,33.0,-1.2,0,8.7,5.0
0001512,0002924,0000088,2025-07-02 19:58:00,98200,0,98200,0,34.9,37.0,-2.1,0,11.78,5.0
0001513,0003001,0000048,2025-07-03 18:49:00,76500,0,76500,0,29.9,31.5,-1.6,0,1.37,5.0
0001514,0003230,0000089,2025-07-03 19:56:00,8300,0,8300,0,35.1,34.6,0.5,1,9.02,5.0
0001515,0002842,0000066,2025-07-03 22:27:00,75700,5000,70700,1,31.0,28.4,2.6,1,1.62,5.0
0001516,0001629,0000084,2025-07-04 13:53:00,91400,0,91400,0,25.3,29.7,-4.4,0,7.39,5.0
0001517,0003415,0000095,2025-07-04 18:36:00,61700,0,61700,0,35.1,33.5,1.6,1,11.59,5.0
0001518,0000866,0000010,2025-07-04 19:46:00,32200,0,32200,0,35.3,32.7,2.6,1,9.47,5.0
0001519,0000415,0000028,2025-07-05 13:54:00,98000,0,98000,0,37.3,34.7,2.6,1,8.62,5.0
0001520,0000098,0000084,2025-07-05 17:25:00,53000,0,53000,0,42.3,41.5,0.8,1,7.74,4.0
0001521,0000698,0000025,2025-07-06 11:14:00,57900,0,57900,0,34.2,33.0,1.2,1,2.66,4.0
0001522,0000662,0000026,2025-07-06 12:37:00,16000,0,16000,0,30.2,32.1,-1.9,0,2.32,5.0
0001523,0003589,0000072,2025-07-06 16:32:00,96600,0,96600,0,33.8,31.2,2.6,1,17.19,5.0
0001524,0002165,0000010,2025-07-06 18:36:00,11800,0,11800,0,28.3,29.5,-1.2,0,13.12,5.0
0001525,0002913,0000029,2025-07-07 09:07:00,72000,0,72000,0,35.9,38.2,-2.3,0,12.69,5.0
0001526,0002533,0000050,2025-07-07 13:19:00,87200,0,87200,0,34.6,35.1,-0.5,0,5.8,5.0
0001527,0001319,0000072,2025-07-07 17:30:00,88600,0,88600,0,35.8,35.8,0.0,0,5.95,3.0
0001528,0001837,0000090,2025-07-07 18:45:00,80100,0,80100,0,34.6,39.5,-4.9,0,13.29,5.0
0001529,0002999,0000045,2025-07-07 21:02:00,62900,0,62900,0,36.8,36.2,0.6,1,9.52,5.0
0001530,0000514,0000026,2025-07-08 14:15:00,95500,0,95500,0,39.7,35.7,4.0,1,0.33,5.0
0001531,0000253,0000069,2025-07-08 15:45:00,84800,0,84800,0,41.0,41.4,-0.4,0,2.79,5.0
0001532,0002376,0000026,2025-07-08 22:41:00,14700,0,14700,0,29.7,34.3,-4.6,0,8.38,5.0
0001533,0000968,0000008,2025-07-09 13:59:00,64800,0,64800,0,30.9,35.5,-4.6,0,6.71,5.0
0001534,0001694,0000001,2025-07-09 15:38:00,8200,0,8200,0,40.9,40.4,0.5,1,4.13,5.0
0001535,0002157,0000057,2025-07-09 17:29:00,88300,0,88300,0,39.7,36.4,3.3,1,7.33,5.0
0001536,0001322,0000065,2025-07-09 16:23:00,72900,0,72900,0,39.0,34.5,4.5,1,1.46,5.0
0001537,0001564,0000066,2025-07-10 07:17:00,35600,0,35600,0,27.4,27.2,0.2,1,1.48,5.0
0001538,0002474,0000033,2025-07-10 20:19:00,17700,0,17700,0,35.7,37.1,-1.4,0,9.57,5.0
0001539,0001533,0000013,2025-07-10 21:59:00,53000,0,53000,0,37.2,38.3,-1.1,0,5.98,5.0
0001540,0001128,0000037,2025-07-10 23:56:00,43500,0,43500,0,42.1,42.4,-0.3,0,3.65,5.0
0001541,0000675,0000095,2025-07-11 08:22:00,11500,0,11500,0,39.2,41.3,-2.1,0,3.18,4.0
0001542,0001696,0000045,2025-07-11 12:03:00,48200,0,48200,0,32.4,34.5,-2.1,0,12.03,5.0
0001543,0001800,0000084,2025-07-11 18:34:00,29100,0,29100,0,36.3,34.2,2.1,1,9.02,5.0
0001544,0003047,0000007,2025-07-11 22:41:00,45700,0,45700,0,43.0,44.8,-1.8,0,12.83,4.0
0001545,0003749,0000069,2025-07-12 11:06:00,92600,5000,87600,1,43.0,28.7,14.3,1,13.89,5.0
0001546,0001711,0000048,2025-07-12 13:44:00,87900,0,87900,0,29.1,30.9,-1.8,0,6.03,5.0
0001547,0003019,0000088,2025-07-12 16:52:00,64100,0,64100,0,28.8,29.0,-0.2,0,10.43,5.0
0001548,0002327,0000066,2025-07-12 19:59:00,71600,0,71600,0,31.5,31.6,-0.1,0,6.76,5.0
0001549,0001537,0000033,2025-07-12 22:33:00,95800,0,95800,0,32.3,34.2,-1.9,0,7.52,1.0
0001550,0000430,0000019,2025-07-12 19:40:00,23000,0,23000,0,38.7,37.0,1.7,1,15.1,5.0
0001551,0003733,0000085,2025-07-13 15:19:00,12500,0,12500,0,44.0,42.0,2.0,1,9.21,5.0
0001552,0003260,0000095,2025-07-13 22:39:00,69400,0,69400,0,37.8,33.4,4.4,1,1.34,5.0
0001553,0002151,0000077,2025-07-14 11:11:00,47500,0,47500,0,40.3,40.4,-0.1,0,11.58,5.0
0001554,0002478,0000069,2025-07-14 17:48:00,85800,0,85800,0,28.4,28.5,-0.1,0,1.85,5.0
0001555,0000154,0000033,2025-07-15 10:53:00,19000,0,19000,0,33.8,31.0,2.8,1,12.6,3.0
0001556,0002130,0000020,2025-07-15 11:53:00,40500,0,40500,0,38.5,35.3,3.2,1,1.14,5.0
0001557,0000830,0000066,2025-07-15 11:13:00,87900,0,87900,0,31.0,30.8,0.2,1,7.98,5.0
0001558,0003088,0000066,2025-07-15 11:24:00,42600,0,42600,0,28.6,32.2,-3.6,0,8.27,5.0
0001559,0001983,0000019,2025-07-15 20:04:00,26600,0,26600,0,41.5,41.6,-0.1,0,1.99,5.0
0001560,0001791,0000065,2025-07-15 20:44:00,95400,0,95400,0,34.2,33.0,1.2,1,7.12,5.0
0001561,0002744,0000010,2025-07-15 21:49:00,57500,2000,55500,1,48.8,45.5,3.3,1,5.01,5.0
0001562,0003226,0000057,2025-07-16 11:50:00,83700,5000,78700,1,43.6,39.4,4.2,1,8.64,5.0
0001563,0002191,0000077,2025-07-16 22:34:00,35800,0,35800,0,36.2,36.8,-0.6,0,15.15,5.0
0001564,0002435,0000057,2025-07-16 21:29:00,93500,0,93500,0,29.3,30.7,-1.4,0,7.44,4.0
0001565,0002154,0000095,2025-07-16 22:29:00,52200,0,52200,0,41.0,33.5,7.5,1,11.8,5.0
0001566,0000595,0000031,2025-07-17 11:53:00,65000,0,65000,0,31.4,33.0,-1.6,0,7.88,5.0
0001567,0000333,0000069,2025-07-17 19:41:00,76600,0,76600,0,27.4,35.8,-8.4,0,1.48,1.0
0001568,0001476,0000045,2025-07-17 20:54:00,43600,0,43600,0,42.8,40.7,2.1,1,6.68,5.0
0001569,0000654,0000072,2025-07-18 08:42:00,79400,0,79400,0,31.9,31.9,0.0,0,7.6,5.0
0001570,0002464,0000007,2025-07-18 10:56:00,49100,0,49100,0,33.9,30.2,3.7,1,7.21,5.0
0001571,0001915,0000046,2025-07-18 10:30:00,24900,0,24900,0,39.4,38.9,0.5,1,3.49,5.0
0001572,0000375,0000045,2025-07-18 10:43:00,27900,0,27900,0,29.9,33.0,-3.1,0,12.4,5.0
0001573,0003103,0000008,2025-07-18 22:48:00,16900,0,16900,0,37.5,40.6,-3.1,0,5.34,5.0
0001574,0002662,0000028,2025-07-18 22:15:00,56700,0,56700,0,26.0,30.2,-4.2,0,9.22,5.0
0001575,0000834,0000095,2025-07-18 23:46:00,21200,0,21200,0,34.9,32.4,2.5,1,9.4,5.0
0001576,0002566,0000040,2025-07-19 16:44:00,24700,1000,23700,1,31.7,27.1,4.6,1,14.53,5.0
0001577,0001707,0000020,2025-07-19 19:42:00,35700,1000,34700,1,36.9,29.8,7.1,1,1.87,5.0
0001578,0000682,0000010,2025-07-19 18:38:00,69600,0,69600,0,35.7,34.8,0.9,1,15.05,5.0
0001579,0001994,0000020,2025-07-20 12:01:00,50800,0,50800,0,36.4,33.6,2.8,1,13.0,5.0
0001580,0000496,0000013,2025-07-20 09:55:00,82300,0,82300,0,34.8,35.6,-0.8,0,12.89,1.0
0001581,0003711,0000089,2025-07-20 10:44:00,46500,0,46500,0,37.3,35.6,1.7,1,8.34,5.0
0001582,0002352,0000057,2025-07-20 18:15:00,81600,0,81600,0,27.8,35.4,-7.6,0,7.65,5.0
0001583,0000258,0000031,2025-07-21 17:58:00,86400,0,86400,0,34.3,32.9,1.4,1,6.7,4.0
0001584,0003672,0000001,2025-07-21 18:08:00,83700,0,83700,0,34.3,32.0,2.3,1,6.83,5.0
0001585,0000462,0000050,2025-07-21 19:49:00,73900,0,73900,0,37.5,35.2,2.3,1,16.1,5.0
0001586,0002886,0000045,2025-07-21 20:03:00,67700,0,67700,0,37.2,35.8,1.4,1,8.24,5.0
0001587,0000199,0000057,2025-07-22 11:45:00,78000,0,78000,0,34.1,33.8,0.3,1,1.33,5.0
0001588,0003424,0000007,2025-07-22 13:51:00,62200,0,62200,0,38.0,37.6,0.4,1,1.24,5.0
0001589,0002410,0000090,2025-07-22 23:09:00,44200,2000,42200,1,39.2,25.1,14.1,1,13.41,5.0
0001590,0001981,0000019,2025-07-23 10:47:00,51700,0,51700,0,36.0,32.5,3.5,1,1.57,5.0
0001591,0002761,0000028,2025-07-23 18:06:00,76000,0,76000,0,39.7,34.4,5.3,1,0.65,5.0
0001592,0000226,0000046,2025-07-23 19:13:00,50200,0,50200,0,38.1,39.8,-1.7,0,7.68,5.0
0001593,0000568,0000068,2025-07-23 20:18:00,96800,0,96800,0,38.0,36.3,1.7,1,2.95,5.0
0001594,0001948,0000089,2025-07-23 21:41:00,11400,0,11400,0,38.2,37.4,0.8,1,0.91,4.0
0001595,0000754,0000046,2025-07-24 11:53:00,46400,0,46400,0,34.4,35.7,-1.3,0,18.19,5.0
0001596,0001741,0000029,2025-07-24 13:19:00,88700,0,88700,0,34.6,34.1,0.5,1,14.83,5.0
0001597,0000947,0000084,2025-07-24 15:06:00,54100,0,54100,0,42.6,38.6,4.0,1,2.64,5.0
0001598,0001920,0000095,2025-07-24 16:39:00,21700,0,21700,0,35.9,36.4,-0.5,0,14.55,5.0
0001599,0001893,0000090,2025-07-24 21:28:00,84400,0,84400,0,30.8,32.2,-1.4,0,13.91,5.0
0001600,0002657,0000028,2025-07-25 00:28:00,61100,0,61100,0,47.2,44.4,2.8,1,8.25,5.0
0001601,0000043,0000058,2025-07-25 21:08:00,19200,0,19200,0,42.1,37.6,4.5,1,2.58,5.0
0001602,0002954,0000049,2025-07-26 11:04:00,27100,0,27100,0,34.2,31.9,2.3,1,8.79,5.0
0001603,0001349,0000046,2025-07-26 17:16:00,50600,0,50600,0,28.3,35.0,-6.7,0,6.88,4.0
0001604,0000291,0000007,2025-07-26 16:19:00,43500,0,43500,0,35.0,34.5,0.5,1,2.77,5.0
0001605,0001564,0000077,2025-07-26 19:33:00,39800,0,39800,0,43.3,39.7,3.6,1,12.24,5.0
0001606,0002450,0000084,2025-07-26 21:30:00,22200,0,22200,0,42.1,35.4,6.7,1,8.29,5.0
0001607,0002046,0000010,2025-07-27 14:32:00,81600,0,81600,0,28.2,29.2,-1.0,0,3.57,5.0
0001608,0001667,0000072,2025-07-27 19:13:00,59300,0,59300,0,42.4,42.4,0.0,0,8.35,5.0
0001609,0003433,0000089,2025-07-27 21:32:00,33800,0,33800,0,39.2,38.5,0.7,1,18.97,5.0
0001610,0000720,0000033,2025-07-28 10:20:00,14200,0,14200,0,37.7,37.2,0.5,1,7.09,5.0
0001611,0002266,0000026,2025-07-28 09:24:00,48900,0,48900,0,36.7,35.8,0.9,1,11.56,5.0
0001612,0000272,0000095,2025-07-28 11:24:00,32800,0,32800,0,35.7,31.8,3.9,1,11.0,5.0
0001613,0003781,0000090,2025-07-28 17:07:00,37300,1000,36300,1,36.6,45.8,-9.2,0,1.12,5.0
0001614,0001293,0000045,2025-07-29 13:37:00,14400,0,14400,0,36.5,38.5,-2.0,0,3.33,5.0
0001615,0001878,0000084,2025-07-29 13:03:00,85900,5000,80900,1,41.1,34.6,6.5,1,11.07,5.0
0001616,0002431,0000008,2025-07-29 15:57:00,28200,0,28200,0,30.6,33.2,-2.6,0,13.33,4.0
0001617,0000836,0000045,2025-07-29 16:38:00,69900,0,69900,0,36.4,37.1,-0.7,0,12.21,5.0
0001618,0000197,0000062,2025-07-29 16:03:00,87100,0,87100,0,43.4,38.1,5.3,1,9.49,5.0
0001619,0001105,0000077,2025-07-30 11:37:00,78200,0,78200,0,32.8,34.7,-1.9,0,12.78,1.0
0001620,0001676,0000049,2025-07-30 10:40:00,84200,0,84200,0,29.8,30.2,-0.4,0,6.57,5.0
0001621,0000565,0000037,2025-07-30 12:55:00,92400,0,92400,0,35.0,32.5,2.5,1,19.12,5.0
0001622,0003403,0000019,2025-07-30 17:47:00,57700,0,57700,0,32.3,28.0,4.3,1,14.52,4.0
0001623,0000877,0000025,2025-07-30 20:29:00,52900,0,52900,0,38.0,35.1,2.9,1,7.62,5.0
0001624,0000954,0000019,2025-07-30 21:13:00,51900,0,51900,0,38.8,34.7,4.1,1,14.69,5.0
0001625,0002040,0000065,2025-07-31 14:32:00,79400,0,79400,0,30.0,34.8,-4.8,0,7.14,5.0
0001626,0001516,0000062,2025-07-31 15:39:00,71200,0,71200,0,33.4,31.5,1.9,1,18.14,5.0
0001627,0003242,0000055,2025-07-31 15:13:00,31600,0,31600,0,33.5,36.6,-3.1,0,7.75,5.0
0001628,0001951,0000040,2025-07-31 21:36:00,64800,0,64800,0,32.8,34.4,-1.6,0,14.85,5.0
0001629,0001146,0000065,2025-08-01 22:09:00,82400,0,82400,0,32.7,31.2,1.5,1,9.04,4.0
0001630,0003551,0000025,2025-08-02 12:28:00,76100,0,76100,0,32.3,34.8,-2.5,0,14.78,4.0
0001631,0001525,0000069,2025-08-02 15:40:36,34700,0,34700,0,37.3,40.2,-2.9,0,7.84,5.0
0001632,0003601,0000027,2025-08-02 20:20:00,25700,0,25700,0,41.5,38.8,2.7,1,20.83,5.0
0001633,0001927,0000033,2025-08-03 14:36:00,25200,0,25200,0,39.0,31.9,7.1,1,1.61,3.0
0001634,0003839,0000019,2025-08-03 19:45:00,66500,0,66500,0,39.6,39.0,0.6,1,1.73,1.0
0001635,0000511,0000089,2025-08-04 11:44:00,45000,0,45000,0,32.5,37.4,-4.9,0,2.59,5.0
0001636,0001838,0000057,2025-08-04 16:01:00,19600,0,19600,0,33.1,33.2,-0.1,0,8.01,5.0
0001637,0002547,0000020,2025-08-04 19:47:00,18800,0,18800,0,36.1,34.2,1.9,1,0.12,5.0
0001638,0001350,0000029,2025-08-04 21:49:00,75400,0,75400,0,32.5,30.8,1.7,1,0.45,5.0
0001639,0003039,0000056,2025-08-05 05:15:00,60200,5000,55200,1,39.3,28.3,11.0,1,10.45,5.0
0001640,0000995,0000065,2025-08-05 08:21:00,45900,0,45900,0,25.8,29.1,-3.3,0,8.08,5.0
0001641,0001907,0000045,2025-08-05 10:31:00,75100,0,75100,0,30.6,34.0,-3.4,0,0.83,5.0
0001642,0003302,0000028,2025-08-05 09:15:00,69300,0,69300,0,33.3,34.4,-1.1,0,12.0,5.0
0001643,0001650,0000033,2025-08-05 12:14:00,71100,0,71100,0,27.5,33.1,-5.6,0,10.84,5.0
0001644,0000415,0000013,2025-08-05 18:30:00,58900,0,58900,0,38.8,35.6,3.2,1,8.19,5.0
0001645,0001146,0000050,2025-08-05 20:37:00,17900,0,17900,0,35.8,35.3,0.5,1,16.13,1.0
0001646,0002859,0000013,2025-08-05 21:29:00,76700,0,76700,0,34.8,37.0,-2.2,0,2.27,5.0
0001647,0000924,0000029,2025-08-05 21:02:00,42500,0,42500,0,27.5,31.8,-4.3,0,0.18,3.0
0001648,0003225,0000001,2025-08-06 13:26:00,79200,0,79200,0,42.2,36.7,5.5,1,14.76,5.0
0001649,0003361,0000065,2025-08-06 15:29:00,62100,0,62100,0,40.0,39.6,0.4,1,4.32,3.0
0001650,0002173,0000085,2025-08-06 17:14:00,21800,0,21800,0,35.3,29.2,6.1,1,7.22,5.0
0001651,0000137,0000010,2025-08-06 18:15:00,27900,0,27900,0,34.6,34.0,0.6,1,10.01,4.0
0001652,0003379,0000078,2025-08-06 20:15:00,90300,0,90300,0,27.6,31.2,-3.6,0,8.01,5.0
0001653,0001979,0000088,2025-08-06 19:38:00,72900,0,72900,0,32.8,32.5,0.3,1,10.15,5.0
0001654,0003004,0000013,2025-08-06 21:57:00,23000,0,23000,0,36.9,38.7,-1.8,0,8.89,5.0
0001655,0003785,0000065,2025-08-07 07:11:00,14300,0,14300,0,29.6,27.7,1.9,1,6.21,5.0
0001656,0002226,0000008,2025-08-07 16:43:00,22600,0,22600,0,27.2,27.5,-0.3,0,2.93,5.0
0001657,0002394,0000037,2025-08-07 19:31:00,28000,0,28000,0,27.0,33.5,-6.5,0,2.28,5.0
0001658,0003365,0000094,2025-08-07 21:17:00,18000,0,18000,0,39.3,38.8,0.5,1,5.52,5.0
0001659,0002201,0000026,2025-08-07 18:49:00,26900,0,26900,0,35.2,36.8,-1.6,0,8.1,5.0
0001660,0002878,0000077,2025-08-07 22:47:00,61900,0,61900,0,25.7,30.1,-4.4,0,12.26,5.0
0001661,0000972,0000025,2025-08-08 12:23:00,85300,0,85300,0,33.8,32.1,1.7,1,2.74,5.0
0001662,0001431,0000050,2025-08-08 17:47:00,61800,0,61800,0,34.7,34.9,-0.2,0,5.25,5.0
0001663,0000362,0000069,2025-08-08 16:32:00,77200,0,77200,0,26.3,31.0,-4.7,0,16.29,5.0
0001664,0002491,0000094,2025-08-08 23:20:00,54400,0,54400,0,41.2,36.5,4.7,1,15.92,5.0
0001665,0001935,0000066,2025-08-09 11:40:00,39900,0,39900,0,31.6,36.8,-5.2,0,12.45,5.0
0001666,0000920,0000073,2025-08-09 16:18:00,11700,0,11700,0,47.5,42.4,5.1,1,8.21,5.0
0001667,0002896,0000045,2025-08-09 18:57:00,39200,0,39200,0,32.7,30.8,1.9,1,7.56,5.0
0001668,0003540,0000088,2025-08-09 21:32:00,89400,5000,84400,1,32.4,26.8,5.6,1,12.38,5.0
0001669,0001696,0000013,2025-08-10 11:23:00,12000,0,12000,0,37.9,35.2,2.7,1,7.72,5.0
0001670,0000548,0000057,2025-08-10 11:31:00,64900,0,64900,0,29.4,31.5,-2.1,0,7.13,5.0
0001671,0000914,0000089,2025-08-10 16:20:00,49300,0,49300,0,30.8,29.2,1.6,1,18.87,5.0
0001672,0001876,0000056,2025-08-11 12:57:00,63300,0,63300,0,41.9,43.1,-1.2,0,12.57,5.0
0001673,0000032,0000056,2025-08-11 11:09:00,28400,0,28400,0,29.4,26.9,2.5,1,8.64,4.0
0001674,0001822,0000069,2025-08-11 13:12:00,57300,0,57300,0,28.1,29.0,-0.9,0,0.49,5.0
0001675,0002473,0000077,2025-08-11 14:26:00,35900,0,35900,0,35.7,34.1,1.6,1,14.66,1.0
0001676,0001306,0000084,2025-08-11 16:52:00,29800,0,29800,0,41.8,41.2,0.6,1,7.36,5.0
0001677,0001726,0000026,2025-08-11 19:33:00,56000,0,56000,0,37.9,34.1,3.8,1,10.45,5.0
0001678,0003053,0000031,2025-08-11 20:18:00,68800,0,68800,0,34.8,38.2,-3.4,0,16.48,5.0
0001679,0001953,0000001,2025-08-12 13:27:00,46200,2000,44200,1,31.5,21.3,10.2,1,15.04,5.0
0001680,0000328,0000072,2025-08-12 14:14:00,87300,0,87300,0,29.4,32.4,-3.0,0,17.71,5.0
0001681,0003416,0000078,2025-08-12 14:55:00,23400,1000,22400,1,35.4,22.9,12.5,1,16.49,5.0
0001682,0001784,0000025,2025-08-12 16:10:00,13300,0,13300,0,34.4,31.2,3.2,1,11.53,5.0
0001683,0002012,0000057,2025-08-12 17:39:00,51500,0,51500,0,37.0,38.1,-1.1,0,8.88,5.0
0001684,0003406,0000013,2025-08-12 18:18:00,84500,0,84500,0,28.5,28.8,-0.3,0,12.36,5.0
0001685,0002311,0000077,2025-08-12 19:06:00,62400,0,62400,0,33.3,31.3,2.0,1,19.13,5.0
0001686,0001216,0000013,2025-08-12 21:21:00,7600,0,7600,0,33.1,31.4,1.7,1,8.7,1.0
0001687,0002925,0000056,2025-08-13 13:33:00,95500,0,95500,0,36.5,36.2,0.3,1,8.96,5.0
0001688,0001605,0000040,2025-08-13 14:46:00,87800,0,87800,0,38.1,37.6,0.5,1,10.86,5.0
0001689,0002926,0000078,2025-08-13 23:43:00,50500,0,50500,0,34.8,35.4,-0.6,0,8.77,5.0
0001690,0002803,0000014,2025-08-14 12:27:00,32600,0,32600,0,36.2,36.0,0.2,1,8.06,5.0
0001691,0002093,0000065,2025-08-14 21:08:00,57700,0,57700,0,29.3,34.4,-5.1,0,5.78,5.0
0001692,0000951,0000031,2025-08-14 22:56:00,76600,0,76600,0,37.4,39.8,-2.4,0,17.05,5.0
0001693,0003449,0000033,2025-08-15 12:33:00,77300,0,77300,0,26.6,31.7,-5.1,0,7.22,5.0
0001694,0003468,0000085,2025-08-15 16:21:00,31200,0,31200,0,36.1,35.9,0.2,1,9.13,4.0
0001695,0001905,0000027,2025-08-15 18:12:00,26000,0,26000,0,37.5,30.9,6.6,1,21.98,5.0
0001696,0003583,0000042,2025-08-15 20:53:00,22200,0,22200,0,29.1,31.1,-2.0,0,9.0,5.0
0001697,0000750,0000025,2025-08-16 15:07:00,19400,0,19400,0,28.9,33.2,-4.3,0,0.92,5.0
0001698,0003882,0000013,2025-08-16 17:54:00,23000,1000,22000,1,32.4,40.7,-8.3,0,11.6,5.0
0001699,0000832,0000007,2025-08-16 18:24:00,17800,0,17800,0,38.0,32.1,5.9,1,5.7,5.0
0001700,0001193,0000084,2025-08-17 15:10:00,91900,0,91900,0,28.7,32.5,-3.8,0,1.38,5.0
0001701,0000159,0000033,2025-08-17 17:11:00,43600,0,43600,0,24.6,27.6,-3.0,0,10.68,5.0
0001702,0003291,0000066,2025-08-17 23:37:00,57400,0,57400,0,40.7,40.9,-0.2,0,12.45,5.0
0001703,0001773,0000077,2025-08-17 23:28:00,33700,0,33700,0,35.0,34.7,0.3,1,11.68,5.0
0001704,0002731,0000085,2025-08-18 16:24:00,89800,0,89800,0,36.9,37.2,-0.3,0,1.6,5.0
0001705,0001932,0000085,2025-08-18 17:58:00,89300,0,89300,0,33.2,27.2,6.0,1,6.3,5.0
0001706,0000043,0000010,2025-08-18 19:27:29,62200,0,62200,0,31.5,33.3,-1.8,0,9.72,1.0
0001707,0000758,0000072,2025-08-18 19:05:00,45300,0,45300,0,40.2,40.7,-0.5,0,7.02,5.0
0001708,0000721,0000072,2025-08-20 16:30:00,78800,0,78800,0,32.5,35.9,-3.4,0,19.15,4.0
0001709,0003804,0000090,2025-08-21 11:30:00,98700,0,98700,0,29.4,30.1,-0.7,0,12.04,5.0
0001710,0000333,0000085,2025-08-21 14:43:00,50400,0,50400,0,35.8,32.0,3.8,1,9.18,5.0
0001711,0001712,0000040,2025-08-21 17:04:00,80400,0,80400,0,37.1,37.0,0.1,1,10.52,5.0
0001712,0001878,0000031,2025-08-21 18:01:00,94700,0,94700,0,32.1,31.6,0.5,1,5.87,5.0
0001713,0002588,0000048,2025-08-21 21:16:00,79000,0,79000,0,30.3,32.5,-2.2,0,1.78,5.0
0001714,0000822,0000066,2025-08-21 23:41:00,72900,0,72900,0,37.0,31.7,5.3,1,8.41,5.0
0001715,0003467,0000033,2025-08-22 11:15:00,14600,0,14600,0,40.7,40.0,0.7,1,4.71,4.0
0001716,0003482,0000069,2025-08-22 10:34:00,68100,0,68100,0,32.3,31.4,0.9,1,9.59,4.0
0001717,0000338,0000042,2025-08-22 20:03:00,48200,0,48200,0,33.3,35.9,-2.6,0,7.87,5.0
0001718,0002833,0000057,2025-08-23 16:29:00,65800,5000,60800,1,24.7,11.3,13.4,1,9.14,3.0
0001719,0003374,0000058,2025-08-23 20:03:00,95300,0,95300,0,32.0,34.3,-2.3,0,8.3,5.0
0001720,0003908,0000078,2025-08-23 20:05:00,7600,500,7100,1,32.5,39.5,-7.0,0,8.59,5.0
0001721,0001476,0000094,2025-08-23 21:14:00,94000,0,94000,0,33.4,38.1,-4.7,0,16.94,5.0
0001722,0001493,0000050,2025-08-24 13:20:00,12800,0,12800,0,38.3,33.9,4.4,1,5.69,4.0
0001723,0003334,0000073,2025-08-24 19:13:00,48000,0,48000,0,43.7,38.7,5.0,1,8.6,5.0
0001724,0003686,0000049,2025-08-24 20:01:00,7600,0,7600,0,24.7,24.3,0.4,1,14.28,5.0
0001725,0000916,0000078,2025-08-24 19:52:00,43000,0,43000,0,31.1,30.0,1.1,1,8.68,5.0
0001726,0000036,0000088,2025-08-25 00:29:00,53700,0,53700,0,29.1,28.8,0.3,1,9.22,5.0
0001727,0003746,0000045,2025-08-25 11:16:00,27100,0,27100,0,34.0,33.0,1.0,1,7.52,5.0
0001728,0000079,0000050,2025-08-26 11:02:00,96500,0,96500,0,33.0,31.4,1.6,1,8.21,5.0
0001729,0003420,0000042,2025-08-26 11:01:00,11100,0,11100,0,30.4,32.2,-1.8,0,2.1,5.0
0001730,0001190,0000094,2025-08-27 00:48:00,35600,0,35600,0,38.7,40.4,-1.7,0,15.2,5.0
0001731,0002646,0000026,2025-08-27 12:11:00,71100,0,71100,0,35.0,32.6,2.4,1,11.16,5.0
0001732,0003035,0000029,2025-08-27 13:28:00,89600,0,89600,0,27.7,29.2,-1.5,0,12.64,5.0
0001733,0000598,0000055,2025-08-27 15:47:00,98300,0,98300,0,28.1,28.2,-0.1,0,8.53,5.0
0001734,0002602,0000049,2025-08-28 11:51:00,59700,0,59700,0,41.0,38.9,2.1,1,5.62,3.0
0001735,0002844,0000062,2025-08-28 15:10:00,11000,0,11000,0,36.7,40.4,-3.7,0,21.5,5.0
0001736,0002923,0000001,2025-08-28 15:09:00,26900,0,26900,0,34.4,32.0,2.4,1,1.57,5.0
0001737,0002462,0000001,2025-08-28 13:47:00,59000,2000,57000,1,32.8,19.1,13.7,1,7.64,5.0
0001738,0001367,0000019,2025-08-28 17:44:00,64500,0,64500,0,37.0,37.0,0.0,0,10.46,5.0
0001739,0003768,0000078,2025-08-28 19:32:00,7800,0,7800,0,39.4,39.1,0.3,1,14.48,5.0
0001740,0002911,0000077,2025-08-28 20:08:00,28700,0,28700,0,38.1,35.9,2.2,1,11.23,5.0
0001741,0001830,0000072,2025-08-29 13:17:00,70000,0,70000,0,36.5,34.4,2.1,1,5.97,5.0
0001742,0003809,0000046,2025-09-01 12:42:00,92400,0,92400,0,32.7,29.0,3.7,1,18.58,5.0
0001743,0002123,0000088,2025-09-01 14:39:00,41500,0,41500,0,27.4,29.0,-1.6,0,11.94,5.0
0001744,0001774,0000040,2025-09-01 14:59:00,66900,0,66900,0,30.0,31.2,-1.2,0,14.26,5.0
0001745,0003020,0000028,2025-09-01 16:03:00,30500,0,30500,0,36.8,36.0,0.8,1,1.5,5.0
0001746,0002007,0000040,2025-09-02 20:05:00,70400,0,70400,0,34.9,35.6,-0.7,0,18.68,5.0
0001747,0003079,0000050,2025-09-03 15:15:00,69400,0,69400,0,33.9,31.8,2.1,1,6.96,5.0
0001748,0002312,0000013,2025-09-03 17:36:00,56900,0,56900,0,34.1,30.7,3.4,1,0.93,5.0
0001749,0003934,0000084,2025-09-03 17:42:00,47100,0,47100,0,25.2,26.9,-1.7,0,7.95,4.0
0001750,0002049,0000094,2025-09-03 17:43:00,39400,0,39400,0,17.5,24.0,-6.5,0,1.18,5.0
0001751,0001108,0000020,2025-09-03 18:31:00,43000,2000,41000,1,40.8,33.2,7.6,1,16.17,4.0
0001752,0002126,0000056,2025-09-03 17:49:00,86600,0,86600,0,31.9,27.7,4.2,1,8.25,5.0
0001753,0001632,0000008,2025-09-03 22:53:00,22900,0,22900,0,39.8,37.4,2.4,1,6.6,4.0
0001754,0003878,0000048,2025-09-04 09:05:00,25600,0,25600,0,39.2,39.5,-0.3,0,1.51,1.0
0001755,0002401,0000065,2025-09-04 10:29:00,85900,0,85900,0,33.6,33.8,-0.2,0,11.35,5.0
0001756,0000316,0000020,2025-09-04 10:57:00,73100,0,73100,0,39.2,37.2,2.0,1,13.43,5.0
0001757,0000356,0000078,2025-09-04 15:20:00,90800,0,90800,0,37.2,36.2,1.0,1,2.55,5.0
0001758,0001386,0000078,2025-09-05 09:37:00,71900,0,71900,0,36.6,33.9,2.7,1,3.48,4.0
0001759,0002458,0000094,2025-09-05 12:52:00,76900,0,76900,0,40.2,40.8,-0.6,0,1.18,5.0
0001760,0003517,0000084,2025-09-05 19:21:00,44600,0,44600,0,38.8,35.3,3.5,1,13.73,5.0
0001761,0000007,0000031,2025-09-05 20:41:00,20100,0,20100,0,36.8,40.0,-3.2,0,16.55,5.0
0001762,0000085,0000069,2025-09-05 22:23:00,80800,0,80800,0,38.3,32.2,6.1,1,7.84,5.0
0001763,0003585,0000026,2025-09-06 15:49:00,43500,0,43500,0,33.9,32.8,1.1,1,11.42,5.0
0001764,0002930,0000048,2025-09-06 14:27:00,27500,0,27500,0,38.3,36.8,1.5,1,2.71,5.0
0001765,0000358,0000046,2025-09-07 16:14:00,15700,0,15700,0,30.4,29.9,0.5,1,8.34,4.0
0001766,0001774,0000095,2025-09-07 18:11:00,96400,0,96400,0,28.2,33.2,-5.0,0,13.92,4.0
0001767,0001271,0000025,2025-09-08 11:24:00,17800,0,17800,0,34.8,31.2,3.6,1,1.31,5.0
0001768,0002267,0000084,2025-09-08 11:49:00,58300,0,58300,0,37.4,37.6,-0.2,0,1.39,5.0
0001769,0002281,0000045,2025-09-08 17:40:00,95600,0,95600,0,40.3,32.4,7.9,1,0.84,5.0
0001770,0001748,0000026,2025-09-09 08:37:00,22700,0,22700,0,37.6,31.4,6.2,1,8.97,5.0
0001771,0004000,0000028,2025-09-09 15:42:00,26900,1000,25900,1,37.6,45.8,-8.2,0,7.14,5.0
0001772,0001825,0000056,2025-09-09 15:40:00,92200,0,92200,0,31.6,31.4,0.2,1,9.49,4.0
0001773,0001696,0000010,2025-09-09 19:20:00,34300,0,34300,0,31.4,34.3,-2.9,0,8.87,5.0
0001774,0002712,0000008,2025-09-10 20:31:00,97400,0,97400,0,38.9,37.2,1.7,1,7.68,5.0
0001775,0003614,0000066,2025-09-10 22:18:00,43500,0,43500,0,39.8,36.8,3.0,1,8.85,4.0
0001776,0003694,0000066,2025-09-11 10:49:26,35900,0,35900,0,27.8,30.7,-2.9,0,9.88,5.0
0001777,0002670,0000019,2025-09-11 19:16:00,46900,0,46900,0,36.8,39.5,-2.7,0,12.27,4.0
0001778,0003811,0000094,2025-09-11 17:27:00,63700,0,63700,0,30.9,32.2,-1.3,0,2.6,5.0
0001779,0001265,0000007,2025-09-11 18:43:00,69900,0,69900,0,30.8,34.8,-4.0,0,6.15,5.0
0001780,0000374,0000026,2025-09-11 21:21:00,12400,0,12400,0,31.3,34.9,-3.6,0,11.14,4.0
0001781,0000770,0000088,2025-09-12 13:12:00,14800,0,14800,0,39.1,33.0,6.1,1,10.75,5.0
0001782,0003629,0000062,2025-09-12 14:21:00,95300,0,95300,0,33.3,32.9,0.4,1,7.91,5.0
0001783,0001708,0000073,2025-09-12 19:12:00,39900,0,39900,0,31.1,32.1,-1.0,0,7.35,5.0
0001784,0001023,0000055,2025-09-12 21:38:00,27800,0,27800,0,47.7,48.4,-0.7,0,6.82,5.0
0001785,0003853,0000010,2025-09-13 09:43:00,52700,0,52700,0,40.3,43.7,-3.4,0,6.78,5.0
0001786,0001135,0000068,2025-09-13 10:56:00,19700,0,19700,0,35.7,35.5,0.2,1,16.83,5.0
0001787,0003775,0000025,2025-09-13 20:27:00,82000,0,82000,0,38.8,40.8,-2.0,0,10.06,5.0
0001788,0000876,0000028,2025-09-14 16:26:00,12800,0,12800,0,32.0,31.8,0.2,1,12.18,1.0
0001789,0000781,0000008,2025-09-14 19:31:00,42500,0,42500,0,34.2,30.7,3.5,1,2.1,5.0
0001790,0002363,0000095,2025-09-14 20:46:00,14300,0,14300,0,30.7,37.1,-6.4,0,9.22,5.0
0001791,0000417,0000090,2025-09-14 18:57:00,77300,0,77300,0,27.5,32.0,-4.5,0,0.93,5.0
0001792,0002691,0000073,2025-09-14 21:53:00,47700,0,47700,0,29.0,32.1,-3.1,0,19.87,4.0
0001793,0002058,0000025,2025-09-15 17:22:24,32000,0,32000,0,32.7,31.0,1.7,1,3.15,5.0
0001794,0003841,0000010,2025-09-15 19:20:00,62300,0,62300,0,39.5,36.2,3.3,1,7.82,5.0
0001795,0003709,0000031,2025-09-15 18:55:00,23000,0,23000,0,30.0,31.4,-1.4,0,6.27,5.0
0001796,0003939,0000055,2025-09-15 19:48:00,83300,0,83300,0,31.7,32.4,-0.7,0,6.14,5.0
0001797,0000519,0000010,2025-09-16 15:57:00,40700,0,40700,0,36.3,40.2,-3.9,0,8.05,5.0
0001798,0003356,0000028,2025-09-16 16:48:00,41800,0,41800,0,27.8,29.6,-1.8,0,6.93,5.0
0001799,0000546,0000029,2025-09-16 20:14:00,13500,0,13500,0,42.8,40.0,2.8,1,10.73,1.0
0001800,0002429,0000085,2025-09-17 10:16:00,26200,0,26200,0,26.1,32.2,-6.1,0,7.16,5.0
0001801,0002945,0000020,2025-09-17 12:23:00,88500,0,88500,0,30.0,33.1,-3.1,0,19.84,5.0
0001802,0003037,0000001,2025-09-17 14:17:00,72700,0,72700,0,32.5,31.8,0.7,1,9.09,5.0
0001803,0002102,0000007,2025-09-17 16:11:00,94300,0,94300,0,30.0,29.9,0.1,1,2.71,5.0
0001804,0003510,0000077,2025-09-17 16:52:00,64200,0,64200,0,33.2,35.8,-2.6,0,13.37,5.0
0001805,0002818,0000045,2025-09-18 14:12:00,36200,0,36200,0,37.8,41.6,-3.8,0,9.04,5.0
0001806,0000266,0000072,2025-09-18 15:14:00,66500,0,66500,0,37.6,35.4,2.2,1,6.9,4.0
0001807,0001530,0000045,2025-09-18 16:48:00,41500,0,41500,0,25.9,27.8,-1.9,0,13.84,5.0
0001808,0001224,0000050,2025-09-18 19:15:00,83200,0,83200,0,31.3,34.6,-3.3,0,16.12,5.0
0001809,0000032,0000068,2025-09-19 12:11:00,38200,0,38200,0,43.4,38.8,4.6,1,19.21,5.0
0001810,0003080,0000019,2025-09-19 18:02:00,14300,0,14300,0,30.1,31.8,-1.7,0,13.43,5.0
0001811,0002921,0000026,2025-09-19 17:14:00,87800,0,87800,0,35.3,30.2,5.1,1,12.96,5.0
0001812,0000171,0000042,2025-09-19 21:10:00,60900,0,60900,0,39.6,34.2,5.4,1,1.9,5.0
0001813,0002441,0000007,2025-09-19 21:57:00,53300,0,53300,0,30.3,37.0,-6.7,0,3.88,3.0
0001814,0003431,0000090,2025-09-19 21:01:00,60000,0,60000,0,45.3,36.6,8.7,1,11.56,5.0
0001815,0002358,0000040,2025-09-20 20:27:00,35800,0,35800,0,27.8,27.8,0.0,0,18.68,5.0
0001816,0001295,0000028,2025-09-21 05:10:00,49100,0,49100,0,31.9,32.4,-0.5,0,11.35,5.0
0001817,0000595,0000057,2025-09-21 10:54:00,94100,0,94100,0,42.1,37.1,5.0,1,19.67,5.0
0001818,0003313,0000089,2025-09-21 12:02:00,65900,0,65900,0,30.2,29.6,0.6,1,9.09,5.0
0001819,0001975,0000050,2025-09-21 16:14:00,76500,0,76500,0,26.4,30.4,-4.0,0,16.13,5.0
0001820,0003941,0000073,2025-09-22 09:53:00,26500,0,26500,0,34.0,32.1,1.9,1,11.23,5.0
0001821,0002702,0000094,2025-09-22 15:47:00,52500,0,52500,0,31.8,29.2,2.6,1,9.51,5.0
0001822,0002403,0000056,2025-09-22 19:31:00,67800,0,67800,0,29.4,30.4,-1.0,0,0.36,5.0
0001823,0003743,0000014,2025-09-23 10:18:00,60900,0,60900,0,46.8,40.0,6.8,1,7.39,4.0
0001824,0003297,0000025,2025-09-23 10:38:00,12300,0,12300,0,31.4,33.3,-1.9,0,2.96,5.0
0001825,0000413,0000019,2025-09-23 19:07:00,86300,0,86300,0,35.1,33.6,1.5,1,15.58,5.0
0001826,0002659,0000027,2025-09-24 13:46:00,51100,0,51100,0,28.2,32.4,-4.2,0,2.22,5.0
0001827,0003811,0000046,2025-09-24 19:24:00,53900,0,53900,0,28.5,28.5,0.0,0,2.0,4.0
0001828,0002386,0000014,2025-09-24 19:08:00,21600,0,21600,0,32.1,36.4,-4.3,0,2.84,4.0
0001829,0000405,0000008,2025-09-24 18:09:00,33800,0,33800,0,42.3,41.8,0.5,1,10.72,5.0
0001830,0001748,0000020,2025-09-25 06:39:35,22300,0,22300,0,29.5,31.6,-2.1,0,2.76,5.0
0001831,0002889,0000062,2025-09-25 10:46:00,17400,0,17400,0,28.2,29.8,-1.6,0,19.08,5.0
0001832,0002895,0000045,2025-09-25 19:11:00,71600,0,71600,0,28.7,35.8,-7.1,0,12.92,5.0
0001833,0003687,0000020,2025-09-25 20:41:00,92400,5000,87400,1,33.6,20.4,13.2,1,13.19,5.0
0001834,0003421,0000072,2025-09-26 18:34:00,52800,0,52800,0,30.7,31.7,-1.0,0,7.99,3.0
0001835,0003964,0000026,2025-09-26 21:08:00,11800,500,11300,1,32.2,24.7,7.5,1,11.12,5.0
0001836,0003740,0000057,2025-09-26 21:55:00,13100,0,13100,0,36.5,32.2,4.3,1,20.44,5.0
0001837,0001558,0000025,2025-09-27 04:32:45,77500,0,77500,0,27.1,33.9,-6.8,0,2.78,5.0
0001838,0001507,0000025,2025-09-27 11:06:00,61700,0,61700,0,36.1,33.8,2.3,1,10.1,5.0
0001839,0001126,0000094,2025-09-27 18:24:00,47200,0,47200,0,33.1,31.8,1.3,1,9.36,5.0
0001840,0001138,0000058,2025-09-28 16:31:00,74600,5000,69600,1,37.0,23.1,13.9,1,0.69,5.0
0001841,0002854,0000007,2025-09-28 17:19:00,94900,0,94900,0,27.6,31.0,-3.4,0,9.78,5.0
0001842,0000685,0000013,2025-09-29 12:10:00,61200,0,61200,0,39.1,36.1,3.0,1,13.45,5.0
0001843,0001350,0000062,2025-09-29 09:27:00,88700,0,88700,0,39.3,40.4,-1.1,0,9.47,5.0
0001844,0003697,0000065,2025-09-29 15:31:00,99400,0,99400,0,41.2,32.8,8.4,1,4.32,5.0
0001845,0001711,0000045,2025-09-29 15:41:00,87500,0,87500,0,38.8,34.4,4.4,1,1.94,3.0
0001846,0000545,0000046,2025-09-29 20:33:00,85900,0,85900,0,31.7,33.9,-2.2,0,7.84,5.0
0001847,0003803,0000014,2025-09-30 07:11:00,44000,0,44000,0,30.4,33.6,-3.2,0,1.56,4.0
0001848,0000013,0000068,2025-09-30 10:09:00,22100,0,22100,0,32.8,36.5,-3.7,0,14.08,5.0
0001849,0001947,0000072,2025-09-30 10:27:00,11400,0,11400,0,28.3,31.8,-3.5,0,17.47,5.0
0001850,0000177,0000020,2025-09-30 15:01:00,39400,0,39400,0,29.7,29.4,0.3,1,19.53,5.0
0001851,0001553,0000050,2025-09-30 16:41:00,10100,0,10100,0,32.7,33.0,-0.3,0,5.8,5.0
0001852,0002273,0000095,2025-09-30 10:37:00,40900,0,40900,0,34.0,33.0,1.0,1,14.49,5.0
0001853,0003137,0000084,2025-09-30 17:16:00,86200,0,86200,0,32.7,35.0,-2.3,0,13.22,4.0
0001854,0000571,0000066,2025-10-01 10:42:00,85000,0,85000,0,38.3,35.9,2.4,1,1.48,5.0
0001855,0002479,0000040,2025-10-01 11:07:00,34300,0,34300,0,23.4,27.6,-4.2,0,12.13,5.0
0001856,0002437,0000084,2025-10-01 12:45:00,71400,0,71400,0,31.4,32.7,-1.3,0,3.95,5.0
0001857,0001494,0000027,2025-10-01 15:01:00,50700,0,50700,0,30.0,34.6,-4.6,0,8.59,5.0
0001858,0003225,0000040,2025-10-01 13:34:00,96100,0,96100,0,35.4,36.8,-1.4,0,2.45,5.0
0001859,0003273,0000066,2025-10-01 18:22:00,46400,0,46400,0,37.5,38.9,-1.4,0,8.82,5.0
0001860,0002882,0000014,2025-10-01 18:08:00,37500,0,37500,0,34.2,34.3,-0.1,0,8.93,5.0
0001861,0001182,0000037,2025-10-01 20:06:00,11400,0,11400,0,38.1,34.2,3.9,1,17.88,5.0
0001862,0000059,0000085,2025-10-02 10:21:00,44900,0,44900,0,35.1,34.8,0.3,1,2.69,5.0
0001863,0001120,0000078,2025-10-02 10:46:00,96000,0,96000,0,38.7,39.2,-0.5,0,3.62,5.0
0001864,0002098,0000007,2025-10-02 14:02:00,35700,0,35700,0,25.9,30.7,-4.8,0,8.18,5.0
0001865,0000627,0000049,2025-10-03 00:02:00,10900,0,10900,0,29.7,26.9,2.8,1,7.6,5.0
0001866,0001261,0000065,2025-10-03 14:15:00,30500,1000,29500,1,41.7,39.6,2.1,1,6.04,5.0
0001867,0003360,0000031,2025-10-03 16:06:00,48600,0,48600,0,35.6,35.5,0.1,1,17.59,5.0
0001868,0000126,0000072,2025-10-03 17:20:00,52300,0,52300,0,34.7,35.0,-0.3,0,17.86,5.0
0001869,0002213,0000089,2025-10-03 17:55:00,46300,0,46300,0,30.0,29.7,0.3,1,6.87,5.0
0001870,0000314,0000094,2025-10-04 11:18:00,48500,0,48500,0,30.5,32.2,-1.7,0,9.0,5.0
0001871,0000108,0000050,2025-10-04 11:50:00,19600,0,19600,0,29.3,38.0,-8.7,0,17.01,5.0
0001872,0004058,0000050,2025-10-04 13:03:00,11500,0,11500,0,33.5,30.8,2.7,1,7.36,5.0
0001873,0001782,0000001,2025-10-04 13:12:00,51700,0,51700,0,49.1,46.3,2.8,1,2.55,4.0
0001874,0000085,0000028,2025-10-04 17:13:00,22700,0,22700,0,39.0,37.7,1.3,1,13.07,5.0
0001875,0004105,0000056,2025-10-04 17:16:00,71200,5000,66200,1,33.4,33.4,-0.0,0,2.06,5.0
0001876,0002360,0000058,2025-10-04 17:47:00,56500,0,56500,0,36.3,34.5,1.8,1,13.55,5.0
0001877,0001544,0000066,2025-10-04 19:50:00,88000,0,88000,0,27.8,31.4,-3.6,0,0.81,5.0
0001878,0002189,0000073,2025-10-04 21:30:00,23600,0,23600,0,31.2,33.3,-2.1,0,7.02,5.0
0001879,0002615,0000094,2025-10-04 21:27:00,90400,0,90400,0,36.8,36.7,0.1,1,0.33,5.0
0001880,0001025,0000072,2025-10-05 12:32:00,14400,0,14400,0,26.1,29.9,-3.8,0,0.42,5.0
0001881,0002559,0000072,2025-10-05 19:57:00,77300,0,77300,0,38.5,34.6,3.9,1,17.27,5.0
0001882,0002975,0000089,2025-10-05 22:12:00,30100,0,30100,0,31.9,31.5,0.4,1,9.9,4.0
0001883,0002772,0000089,2025-10-06 11:18:00,71700,0,71700,0,47.6,41.4,6.2,1,8.68,5.0
0001884,0000585,0000013,2025-10-06 21:41:00,30100,0,30100,0,34.5,34.3,0.2,1,6.72,5.0
0001885,0003799,0000033,2025-10-07 10:40:00,22000,0,22000,0,39.0,35.2,3.8,1,2.29,1.0
0001886,0003256,0000095,2025-10-07 16:36:00,89100,0,89100,0,25.8,27.2,-1.4,0,1.64,4.0
0001887,0004127,0000049,2025-10-07 20:46:00,8800,500,8300,1,36.5,24.4,12.1,1,12.94,5.0
0001888,0003354,0000056,2025-10-07 19:48:00,99100,0,99100,0,36.6,35.9,0.7,1,7.25,5.0
0001889,0003617,0000010,2025-10-07 20:28:00,87500,0,87500,0,41.9,40.2,1.7,1,2.57,5.0
0001890,0002977,0000026,2025-10-07 22:22:00,94000,0,94000,0,35.2,34.3,0.9,1,9.31,5.0
0001891,0002686,0000058,2025-10-08 11:07:00,63300,0,63300,0,24.3,30.6,-6.3,0,13.08,5.0
0001892,0002868,0000073,2025-10-08 18:48:00,23200,0,23200,0,28.5,26.8,1.7,1,18.25,5.0
0001893,0000668,0000001,2025-10-08 19:53:00,37400,0,37400,0,41.8,38.8,3.0,1,13.14,5.0
0001894,0001806,0000010,2025-10-08 19:55:00,83000,0,83000,0,45.3,43.6,1.7,1,13.18,5.0
0001895,0002209,0000072,2025-10-09 14:18:00,38300,0,38300,0,32.2,32.4,-0.2,0,6.77,5.0
0001896,0000931,0000040,2025-10-10 12:05:00,55400,0,55400,0,31.1,32.6,-1.5,0,18.49,5.0
0001897,0003352,0000029,2025-10-10 17:47:00,49100,0,49100,0,33.8,32.0,1.8,1,14.51,5.0
0001898,0000385,0000046,2025-10-11 11:25:00,85900,0,85900,0,36.4,35.1,1.3,1,2.27,5.0
0001899,0001820,0000019,2025-10-11 10:37:00,10300,0,10300,0,26.6,31.5,-4.9,0,0.2,5.0
0001900,0001468,0000008,2025-10-11 19:29:00,20200,0,20200,0,40.6,34.6,6.0,1,8.19,5.0
0001901,0004123,0000008,2025-10-12 19:19:00,86000,5000,81000,1,32.2,25.3,6.9,1,6.54,5.0
0001902,0000017,0000040,2025-10-12 20:06:00,37900,1000,36900,1,35.6,21.4,14.2,1,13.76,5.0
0001903,0001306,0000042,2025-10-13 09:52:00,31200,0,31200,0,37.7,36.7,1.0,1,2.97,5.0
0001904,0002304,0000089,2025-10-13 13:32:00,97900,0,97900,0,38.0,36.3,1.7,1,18.26,5.0
0001905,0003944,0000025,2025-10-13 16:31:00,10200,0,10200,0,28.1,30.9,-2.8,0,7.83,5.0
0001906,0002942,0000046,2025-10-13 22:08:00,22500,0,22500,0,34.0,33.4,0.6,1,1.18,5.0
0001907,0000498,0000025,2025-10-13 20:25:00,60800,0,60800,0,44.7,48.0,-3.3,0,8.49,5.0
0001908,0000636,0000007,2025-10-14 11:02:00,42500,0,42500,0,27.5,30.6,-3.1,0,7.64,4.0
0001909,0002291,0000069,2025-10-14 13:22:00,31500,0,31500,0,35.3,37.6,-2.3,0,1.76,4.0
0001910,0002649,0000088,2025-10-14 17:49:00,78500,0,78500,0,42.2,37.8,4.4,1,3.18,5.0
0001911,0000660,0000095,2025-10-14 18:52:00,19200,0,19200,0,33.1,33.6,-0.5,0,16.8,5.0
0001912,0001702,0000020,2025-10-14 19:45:00,85600,0,85600,0,33.6,31.2,2.4,1,1.28,5.0
0001913,0003668,0000010,2025-10-15 11:45:00,56900,0,56900,0,32.3,29.3,3.0,1,3.07,5.0
0001914,0001646,0000078,2025-10-15 13:31:00,89700,0,89700,0,39.0,33.1,5.9,1,3.76,5.0
0001915,0002499,0000042,2025-10-15 17:58:00,95800,0,95800,0,49.7,44.4,5.3,1,6.72,5.0
0001916,0001277,0000062,2025-10-15 20:13:00,39400,0,39400,0,40.8,39.5,1.3,1,9.08,5.0
0001917,0001017,0000084,2025-10-15 19:34:00,27400,0,27400,0,37.7,35.0,2.7,1,1.42,4.0
0001918,0001492,0000010,2025-10-16 10:44:00,89300,0,89300,0,28.9,29.4,-0.5,0,7.75,5.0
0001919,0003209,0000068,2025-10-16 15:23:00,31200,0,31200,0,32.9,33.3,-0.4,0,17.87,4.0
0001920,0000462,0000027,2025-10-16 15:25:00,60700,0,60700,0,29.7,33.3,-3.6,0,2.92,5.0
0001921,0002510,0000008,2025-10-16 17:35:00,55500,2000,53500,1,26.1,20.4,5.7,1,2.48,5.0
0001922,0002834,0000048,2025-10-17 22:39:00,34800,0,34800,0,37.2,33.1,4.1,1,9.01,5.0
0001923,0002064,0000073,2025-10-17 23:35:00,94200,0,94200,0,38.6,35.8,2.8,1,6.33,5.0
0001924,0000453,0000065,2025-10-18 00:42:00,62300,0,62300,0,38.6,35.4,3.2,1,11.93,5.0
0001925,0002940,0000090,2025-10-18 07:57:00,42900,0,42900,0,28.6,28.2,0.4,1,13.29,5.0
0001926,0001931,0000007,2025-10-18 18:15:00,75200,0,75200,0,29.7,33.2,-3.5,0,2.71,5.0
0001927,0000568,0000028,2025-10-18 19:56:00,76500,0,76500,0,39.1,36.6,2.5,1,11.28,5.0
0001928,0002966,0000095,2025-10-18 20:57:00,47300,0,47300,0,36.6,33.7,2.9,1,2.36,5.0
0001929,0002192,0000040,2025-10-18 23:15:00,89700,0,89700,0,38.5,39.5,-1.0,0,10.77,5.0
0001930,0003042,0000013,2025-10-19 11:26:00,60700,5000,55700,1,37.9,24.8,13.1,1,5.58,5.0
0001931,0003137,0000008,2025-10-19 16:36:00,84800,0,84800,0,32.8,30.8,2.0,1,6.0,5.0
0001932,0000983,0000069,2025-10-19 16:05:00,64100,0,64100,0,31.2,31.9,-0.7,0,0.87,5.0
0001933,0000095,0000026,2025-10-19 18:24:00,49200,0,49200,0,35.9,37.4,-1.5,0,2.49,5.0
0001934,0003370,0000049,2025-10-20 00:26:00,69400,0,69400,0,31.8,31.2,0.6,1,13.07,5.0
0001935,0000768,0000048,2025-10-20 13:49:00,32700,0,32700,0,28.8,32.5,-3.7,0,6.95,5.0
0001936,0002375,0000078,2025-10-20 20:55:00,33400,0,33400,0,34.8,37.6,-2.8,0,3.73,5.0
0001937,0001241,0000088,2025-10-21 07:58:00,30800,0,30800,0,34.6,32.1,2.5,1,10.89,5.0
0001938,0002969,0000078,2025-10-21 19:04:00,94200,5000,89200,1,28.9,35.2,-6.3,0,13.75,5.0
0001939,0002954,0000066,2025-10-21 19:09:00,51700,0,51700,0,37.7,39.4,-1.7,0,1.42,5.0
0001940,0001802,0000019,2025-10-21 20:36:00,42000,0,42000,0,36.0,33.6,2.4,1,17.94,5.0
0001941,0002860,0000031,2025-10-22 12:05:00,92400,0,92400,0,30.9,35.5,-4.6,0,17.29,5.0
0001942,0002520,0000094,2025-10-22 17:55:00,47600,0,47600,0,40.5,39.6,0.9,1,5.34,5.0
0001943,0002316,0000019,2025-10-22 20:19:00,60700,0,60700,0,33.9,34.7,-0.8,0,14.89,4.0
0001944,0000669,0000073,2025-10-22 22:12:00,19400,0,19400,0,33.7,34.3,-0.6,0,1.92,5.0
0001945,0004123,0000033,2025-10-23 11:53:00,14900,0,14900,0,42.3,41.8,0.5,1,2.99,5.0
0001946,0003175,0000072,2025-10-24 17:14:00,86400,0,86400,0,27.1,29.9,-2.8,0,6.32,5.0
0001947,0001520,0000072,2025-10-24 21:03:00,8100,0,8100,0,28.6,32.6,-4.0,0,1.07,5.0
0001948,0001820,0000069,2025-10-24 22:30:00,62600,0,62600,0,31.3,34.1,-2.8,0,0.43,5.0
0001949,0001988,0000027,2025-10-25 13:45:00,26000,0,26000,0,24.1,30.3,-6.2,0,9.34,5.0
0001950,0001632,0000027,2025-10-25 16:32:00,67800,0,67800,0,28.4,32.7,-4.3,0,9.38,5.0
0001951,0000260,0000026,2025-10-25 22:19:00,79300,0,79300,0,31.3,33.3,-2.0,0,10.34,4.0
0001952,0000625,0000046,2025-10-26 10:55:00,42300,0,42300,0,42.9,41.2,1.7,1,1.18,5.0
0001953,0001360,0000085,2025-10-26 17:52:00,21700,0,21700,0,36.0,32.8,3.2,1,8.1,5.0
0001954,0002444,0000010,2025-10-26 21:25:00,59900,0,59900,0,32.5,32.7,-0.2,0,9.07,5.0
0001955,0003978,0000090,2025-10-27 00:21:00,70000,0,70000,0,45.1,45.2,-0.1,0,16.24,5.0
0001956,0002900,0000027,2025-10-27 08:11:00,86100,0,86100,0,33.8,34.6,-0.8,0,9.95,5.0
0001957,0000669,0000028,2025-10-27 11:04:00,58700,0,58700,0,24.1,29.7,-5.6,0,9.03,4.0
0001958,0004115,0000078,2025-10-27 10:52:00,33900,1000,32900,1,23.1,28.0,-4.9,0,13.54,5.0
0001959,0002518,0000094,2025-10-27 16:43:00,92700,0,92700,0,35.1,32.6,2.5,1,2.7,5.0
0001960,0001382,0000062,2025-10-27 16:58:00,30100,1000,29100,1,28.3,18.5,9.8,1,1.1,5.0
0001961,0004055,0000090,2025-10-27 17:05:00,38500,0,38500,0,34.9,34.3,0.6,1,17.48,5.0
0001962,0001832,0000046,2025-10-28 08:25:00,52000,0,52000,0,32.4,34.0,-1.6,0,19.5,5.0
0001963,0003210,0000028,2025-10-28 19:46:00,55000,0,55000,0,33.9,31.2,2.7,1,9.35,5.0
0001964,0002597,0000007,2025-10-28 20:59:00,99000,5000,94000,1,39.9,29.9,10.0,1,3.44,5.0
0001965,0003894,0000058,2025-10-28 22:25:00,9600,0,9600,0,32.6,34.1,-1.5,0,1.93,5.0
0001966,0000560,0000008,2025-10-29 00:03:00,63500,0,63500,0,28.5,32.0,-3.5,0,6.29,5.0
0001967,0001157,0000025,2025-10-29 22:52:00,83500,5000,78500,1,40.4,38.0,2.4,1,2.52,3.0
0001968,0000595,0000095,2025-10-29 23:04:00,15000,0,15000,0,35.0,36.8,-1.8,0,10.93,5.0
0001969,0003539,0000057,2025-10-30 19:20:00,46700,0,46700,0,28.7,30.3,-1.6,0,18.39,5.0
0001970,0002625,0000045,2025-10-30 18:52:00,97600,0,97600,0,39.4,36.3,3.1,1,2.56,5.0
0001971,0001592,0000020,2025-11-01 06:40:00,72300,0,72300,0,24.2,24.3,-0.1,0,0.0,3.0
0001972,0002229,0000062,2025-11-02 09:21:00,8400,0,8400,0,31.8,33.6,-1.8,0,1.56,5.0
0001973,0001448,0000029,2025-11-02 11:55:00,52800,0,52800,0,25.9,31.6,-5.7,0,21.25,5.0
0001974,0000559,0000068,2025-11-02 13:43:00,30200,0,30200,0,34.9,35.5,-0.6,0,13.8,5.0
0001975,0001071,0000069,2025-11-02 17:02:00,64000,0,64000,0,55.4,60.7,-5.3,0,0.69,5.0
0001976,0000098,0000040,2025-11-02 17:06:00,37600,0,37600,0,34.9,32.5,2.4,1,14.74,4.0
0001977,0003105,0000095,2025-11-02 15:59:00,30600,0,30600,0,30.8,34.3,-3.5,0,13.47,5.0
0001978,0004271,0000007,2025-11-02 18:25:00,45300,0,45300,0,24.6,29.6,-5.0,0,10.64,5.0
0001979,0000047,0000014,2025-11-03 13:19:00,77700,0,77700,0,29.4,30.7,-1.3,0,1.42,5.0
0001980,0003943,0000026,2025-11-03 15:23:00,27200,0,27200,0,29.0,31.5,-2.5,0,9.68,5.0
0001981,0003757,0000085,2025-11-03 15:01:00,97200,0,97200,0,30.5,33.2,-2.7,0,1.19,5.0
0001982,0004207,0000085,2025-11-04 19:45:00,74400,0,74400,0,44.5,43.1,1.4,1,7.22,5.0
0001983,0004027,0000085,2025-11-05 10:20:00,80300,0,80300,0,34.3,34.9,-0.6,0,17.35,3.0
0001984,0002502,0000088,2025-11-05 23:39:00,7600,0,7600,0,38.3,37.5,0.8,1,13.39,5.0
0001985,0003681,0000007,2025-11-06 12:23:00,7300,0,7300,0,32.0,28.4,3.6,1,0.59,5.0
0001986,0002437,0000037,2025-11-06 13:47:00,98000,0,98000,0,36.0,38.6,-2.6,0,2.88,5.0
0001987,0001919,0000014,2025-11-06 20:13:00,49600,0,49600,0,33.7,33.1,0.6,1,1.02,5.0
0001988,0003614,0000090,2025-11-06 20:43:00,48000,0,48000,0,37.6,38.5,-0.9,0,11.59,5.0
0001989,0001197,0000014,2025-11-06 21:02:00,17200,0,17200,0,34.4,38.8,-4.4,0,7.01,5.0
0001990,0001234,0000037,2025-11-07 11:39:00,23500,0,23500,0,34.4,34.6,-0.2,0,15.2,5.0
0001991,0003700,0000049,2025-11-07 16:32:00,75800,0,75800,0,26.8,29.8,-3.0,0,0.65,5.0
0001992,0000162,0000055,2025-11-08 15:21:00,64400,0,64400,0,45.7,46.3,-0.6,0,5.46,5.0
0001993,0003894,0000078,2025-11-08 18:51:00,23400,0,23400,0,33.3,31.5,1.8,1,10.52,4.0
0001994,0002000,0000049,2025-11-08 19:56:00,75300,0,75300,0,38.1,33.0,5.1,1,2.37,4.0
0001995,0000216,0000068,2025-11-09 10:10:00,40400,0,40400,0,32.7,31.9,0.8,1,11.15,5.0
0001996,0001000,0000050,2025-11-09 11:47:00,69500,5000,64500,1,39.9,36.6,3.3,1,7.99,5.0
0001997,0001765,0000085,2025-11-09 19:32:00,94800,5000,89800,1,31.6,28.8,2.8,1,7.9,5.0
0001998,0001222,0000020,2025-11-09 21:31:00,94500,0,94500,0,41.0,39.4,1.6,1,12.19,5.0
0001999,0001422,0000048,2025-11-09 21:11:00,13900,0,13900,0,41.9,39.1,2.8,1,6.35,5.0
0002000,0000210,0000028,2025-11-09 23:30:00,97400,0,97400,0,38.9,41.1,-2.2,0,10.75,5.0
0002001,0004271,0000020,2025-11-10 20:30:00,68100,0,68100,0,33.1,34.8,-1.7,0,12.32,5.0
0002002,0003995,0000058,2025-11-10 22:40:00,87100,0,87100,0,31.9,33.6,-1.7,0,8.61,5.0
0002003,0003917,0000001,2025-11-11 20:34:00,88800,0,88800,0,37.0,34.0,3.0,1,7.82,5.0
0002004,0002854,0000025,2025-11-12 12:02:00,29800,0,29800,0,28.4,32.5,-4.1,0,4.37,1.0
0002005,0001235,0000007,2025-11-12 20:02:00,30600,0,30600,0,30.0,33.5,-3.5,0,3.88,5.0
0002006,0002146,0000066,2025-11-13 16:48:00,83400,0,83400,0,32.0,31.9,0.1,1,12.51,5.0
0002007,0002474,0000045,2025-11-13 15:57:00,27600,0,27600,0,37.2,38.8,-1.6,0,2.53,5.0
0002008,0001905,0000045,2025-11-13 20:19:00,35400,0,35400,0,40.3,37.4,2.9,1,8.13,5.0
0002009,0003581,0000057,2025-11-14 16:12:00,8500,0,8500,0,32.7,32.1,0.6,1,8.28,5.0
0002010,0003538,0000048,2025-11-15 12:54:00,47800,0,47800,0,31.9,37.7,-5.8,0,11.57,5.0
0002011,0002672,0000050,2025-11-15 19:18:00,78900,0,78900,0,34.3,33.7,0.6,1,1.08,5.0
0002012,0002287,0000046,2025-11-15 22:24:00,69500,0,69500,0,40.6,41.0,-0.4,0,20.03,5.0
0002013,0004195,0000090,2025-11-16 08:34:00,8300,0,8300,0,31.4,29.4,2.0,1,0.7,5.0
0002014,0004094,0000084,2025-11-16 12:03:00,54100,0,54100,0,40.0,37.2,2.8,1,2.42,5.0
0002015,0000116,0000050,2025-11-16 12:53:00,45200,0,45200,0,27.9,31.0,-3.1,0,5.7,4.0
0002016,0002472,0000069,2025-11-16 18:23:00,64400,0,64400,0,46.9,42.3,4.6,1,15.07,5.0
0002017,0000834,0000095,2025-11-16 21:33:00,46400,0,46400,0,38.6,37.6,1.0,1,14.65,5.0
0002018,0002941,0000088,2025-11-17 10:14:00,58900,0,58900,0,34.3,35.0,-0.7,0,9.21,5.0
0002019,0003377,0000088,2025-11-17 17:58:00,44700,0,44700,0,25.7,29.7,-4.0,0,10.24,3.0
0002020,0002763,0000078,2025-11-17 18:12:00,36200,0,36200,0,40.4,36.5,3.9,1,14.77,5.0
0002021,0001865,0000026,2025-11-17 19:15:00,33100,0,33100,0,40.5,39.2,1.3,1,10.96,5.0
0002022,0002070,0000013,2025-11-17 19:31:00,10400,0,10400,0,32.2,36.7,-4.5,0,6.8,5.0
0002023,0000976,0000031,2025-11-18 14:55:00,37600,0,37600,0,30.9,31.5,-0.6,0,5.82,5.0
0002024,0001617,0000088,2025-11-18 17:28:00,40700,0,40700,0,35.3,30.3,5.0,1,9.52,5.0
0002025,0000154,0000057,2025-11-18 20:13:00,56900,0,56900,0,38.5,39.8,-1.3,0,19.71,3.0
0002026,0003041,0000055,2025-11-19 00:01:00,82500,5000,77500,1,28.0,24.1,3.9,1,8.76,5.0
0002027,0004263,0000031,2025-11-19 10:23:00,10500,0,10500,0,30.4,30.4,0.0,0,17.06,5.0
0002028,0002559,0000001,2025-11-19 18:29:00,47400,0,47400,0,34.3,32.4,1.9,1,0.66,4.0
0002029,0003617,0000089,2025-11-19 20:23:00,58500,0,58500,0,42.1,43.2,-1.1,0,7.93,5.0
0002030,0000845,0000056,2025-11-20 10:38:00,91700,0,91700,0,33.2,33.3,-0.1,0,9.62,5.0
0002031,0000726,0000062,2025-11-20 11:03:00,7000,0,7000,0,26.8,30.9,-4.1,0,18.53,5.0
0002032,0003177,0000055,2025-11-20 13:15:00,15200,0,15200,0,35.3,36.5,-1.2,0,16.25,5.0
0002033,0002695,0000040,2025-11-20 16:47:00,61700,0,61700,0,41.0,36.2,4.8,1,10.52,5.0
0002034,0000310,0000026,2025-11-20 17:55:00,44900,0,44900,0,34.4,32.1,2.3,1,1.05,5.0
0002035,0002389,0000066,2025-11-20 21:04:00,96300,0,96300,0,40.4,39.2,1.2,1,13.94,4.0
0002036,0001983,0000056,2025-11-20 20:24:00,98000,0,98000,0,39.8,36.2,3.6,1,1.6,5.0
0002037,0001558,0000094,2025-11-20 21:34:00,47000,0,47000,0,24.6,29.9,-5.3,0,8.88,5.0
0002038,0003801,0000031,2025-11-20 20:02:00,77500,0,77500,0,35.2,33.3,1.9,1,5.61,5.0
0002039,0003536,0000066,2025-11-20 22:35:00,36800,0,36800,0,34.2,35.0,-0.8,0,8.53,5.0
0002040,0002575,0000088,2025-11-21 11:41:00,38200,0,38200,0,29.0,27.5,1.5,1,3.39,5.0
0002041,0002454,0000073,2025-11-21 13:46:00,47300,0,47300,0,42.2,37.5,4.7,1,3.46,5.0
0002042,0003255,0000046,2025-11-21 17:01:00,88900,5000,83900,1,36.8,32.3,4.5,1,9.04,5.0
0002043,0002067,0000085,2025-11-21 20:01:00,80100,5000,75100,1,37.4,24.0,13.4,1,6.47,5.0
0002044,0001393,0000027,2025-11-22 11:12:00,86700,0,86700,0,29.6,27.0,2.6,1,9.81,5.0
0002045,0001786,0000085,2025-11-22 14:27:00,24000,0,24000,0,32.6,30.5,2.1,1,7.99,5.0
0002046,0004280,0000046,2025-11-22 16:29:00,65600,0,65600,0,31.5,29.5,2.0,1,3.31,5.0
0002047,0002044,0000010,2025-11-22 19:59:00,16200,0,16200,0,26.0,29.1,-3.1,0,0.97,5.0
0002048,0002142,0000001,2025-11-22 21:15:00,57100,2000,55100,1,40.7,31.2,9.5,1,7.53,5.0
0002049,0003743,0000033,2025-11-23 11:54:00,77100,0,77100,0,30.6,30.4,0.2,1,8.82,5.0
0002050,0003578,0000095,2025-11-23 17:09:00,34600,0,34600,0,33.0,32.9,0.1,1,0.74,5.0
0002051,0001194,0000045,2025-11-24 06:39:00,46100,2000,44100,1,27.9,13.8,14.1,1,14.44,5.0
0002052,0004048,0000014,2025-11-24 12:02:00,39600,0,39600,0,36.7,39.2,-2.5,0,7.56,5.0
0002053,0003306,0000084,2025-11-24 16:04:00,72200,0,72200,0,27.9,28.5,-0.6,0,1.39,5.0
0002054,0001112,0000068,2025-11-24 23:44:00,36500,0,36500,0,37.5,35.4,2.1,1,11.62,5.0
0002055,0001670,0000065,2025-11-25 00:51:00,62000,0,62000,0,26.9,30.5,-3.6,0,9.56,5.0
0002056,0002771,0000066,2025-11-25 21:46:00,68400,0,68400,0,38.3,40.4,-2.1,0,1.54,5.0
0002057,0001951,0000084,2025-11-26 15:18:05,48000,0,48000,0,31.0,30.4,0.6,1,12.03,5.0
0002058,0002845,0000033,2025-11-26 14:58:00,80000,0,80000,0,39.6,39.2,0.4,1,1.4,5.0
0002059,0001835,0000014,2025-11-26 21:37:00,80000,0,80000,0,40.5,35.5,5.0,1,2.06,5.0
0002060,0000599,0000085,2025-11-26 19:43:00,52600,0,52600,0,31.4,32.8,-1.4,0,17.98,4.0
0002061,0001808,0000077,2025-11-27 06:23:00,29400,0,29400,0,33.0,33.4,-0.4,0,14.92,4.0
0002062,0004230,0000029,2025-11-27 21:40:00,8300,0,8300,0,33.6,35.5,-1.9,0,18.78,5.0
0002063,0003342,0000019,2025-11-28 12:05:00,30700,0,30700,0,42.8,43.0,-0.2,0,3.23,5.0
0002064,0004014,0000048,2025-11-28 19:21:00,73600,5000,68600,1,27.1,18.4,8.7,1,14.36,5.0
0002065,0003100,0000027,2025-11-28 18:54:00,9900,0,9900,0,39.8,40.0,-0.2,0,10.6,5.0
0002066,0003551,0000072,2025-11-28 21:17:00,60300,0,60300,0,40.8,35.5,5.3,1,17.32,5.0
0002067,0001787,0000025,2025-11-28 21:18:00,95300,0,95300,0,74.5,72.8,1.7,1,2.78,5.0
0002068,0003382,0000073,2025-11-29 09:56:00,58500,2000,56500,1,31.4,22.4,9.0,1,10.01,5.0
0002069,0002872,0000029,2025-11-30 09:33:00,74200,0,74200,0,38.8,37.8,1.0,1,12.75,5.0
0002070,0002549,0000037,2025-11-30 12:35:00,48400,0,48400,0,37.4,41.6,-4.2,0,14.52,5.0
0002071,0001781,0000094,2025-11-30 13:50:00,87900,0,87900,0,33.7,30.4,3.3,1,0.92,5.0
0002072,0001711,0000077,2025-11-30 22:50:00,93100,0,93100,0,31.5,40.8,-9.3,0,2.95,5.0
0002073,0001019,0000048,2025-11-30 08:14:00,34700,0,34700,0,39.9,37.7,2.2,1,8.59,3.0
0002074,0002142,0000025,2025-11-30 14:32:00,48100,0,48100,0,26.5,29.2,-2.7,0,4.4,5.0
0002075,0002723,0000057,2025-11-30 15:20:00,69700,0,69700,0,25.3,29.5,-4.2,0,18.71,5.0
0002076,0000749,0000088,2025-11-30 17:21:00,87700,5000,82700,1,32.9,35.8,-2.9,0,1.64,4.0
0002077,0000909,0000048,2025-11-30 23:12:04,63700,0,63700,0,40.6,37.9,2.7,1,12.14,5.0
0002078,0002924,0000090,2025-12-01 07:50:00,36300,0,36300,0,31.7,28.2,3.5,1,11.74,5.0
0002079,0001056,0000031,2025-12-01 23:55:00,97800,0,97800,0,30.5,34.5,-4.0,0,7.88,5.0
0002080,0002763,0000084,2025-12-02 09:59:00,19700,0,19700,0,30.4,34.0,-3.6,0,12.2,5.0
0002081,0000760,0000013,2025-12-02 14:59:00,68300,0,68300,0,29.3,25.0,4.3,1,8.95,5.0
0002082,0002635,0000026,2025-12-02 16:24:00,66700,0,66700,0,31.3,37.0,-5.7,0,2.76,5.0
0002083,0001877,0000025,2025-12-02 23:54:00,70500,0,70500,0,29.6,31.6,-2.0,0,12.06,5.0
0002084,0002073,0000078,2025-12-03 11:27:00,20000,0,20000,0,35.5,38.6,-3.1,0,3.14,3.0
0002085,0003776,0000019,2025-12-03 18:27:00,7900,0,7900,0,40.5,33.8,6.7,1,12.97,3.0
0002086,0002338,0000048,2025-12-03 20:11:00,48600,0,48600,0,40.5,40.6,-0.1,0,7.16,5.0
0002087,0001145,0000013,2025-12-03 21:43:00,78600,0,78600,0,39.5,34.2,5.3,1,9.03,5.0
0002088,0000645,0000056,2025-12-03 21:55:00,57900,0,57900,0,39.9,39.0,0.9,1,12.39,5.0
0002089,0002473,0000046,2025-12-04 17:25:00,33300,0,33300,0,34.8,29.1,5.7,1,8.82,5.0
0002090,0001161,0000073,2025-12-04 17:31:00,15000,0,15000,0,35.8,38.0,-2.2,0,11.28,5.0
0002091,0000809,0000033,2025-12-04 20:43:00,17900,0,17900,0,32.0,31.8,0.2,1,11.12,5.0
0002092,0003485,0000057,2025-12-05 18:30:00,71200,0,71200,0,36.2,35.7,0.5,1,1.38,5.0
0002093,0001162,0000072,2025-12-06 21:28:00,81100,0,81100,0,34.9,36.9,-2.0,0,6.63,5.0
0002094,0003938,0000088,2025-12-06 21:40:00,18400,0,18400,0,41.4,37.7,3.7,1,9.76,5.0
0002095,0004265,0000085,2025-12-07 08:51:00,77800,0,77800,0,29.8,34.2,-4.4,0,7.03,5.0
0002096,0004093,0000040,2025-12-07 12:18:00,29200,0,29200,0,29.2,28.8,0.4,1,0.86,5.0
0002097,0001264,0000048,2025-12-07 12:25:00,79100,0,79100,0,29.5,30.2,-0.7,0,14.44,5.0
0002098,0003471,0000048,2025-12-07 19:29:00,15300,0,15300,0,34.9,31.4,3.5,1,6.46,5.0
0002099,0001557,0000020,2025-12-08 17:34:00,89500,5000,84500,1,37.1,31.6,5.5,1,1.66,5.0
0002100,0001134,0000085,2025-12-08 22:15:00,59600,0,59600,0,39.2,36.8,2.4,1,6.46,3.0
0002101,0002397,0000001,2025-12-08 21:14:00,35000,0,35000,0,32.6,34.3,-1.7,0,8.6,5.0
0002102,0003110,0000069,2025-12-09 20:57:00,54400,0,54400,0,36.7,34.2,2.5,1,6.97,5.0
0002103,0003893,0000013,2025-12-10 13:11:00,37400,0,37400,0,26.9,30.0,-3.1,0,7.53,5.0
0002104,0003179,0000040,2025-12-10 13:38:00,64700,0,64700,0,31.4,33.4,-2.0,0,15.09,5.0
0002105,0000382,0000094,2025-12-10 13:39:00,67300,0,67300,0,39.4,33.9,5.5,1,7.57,5.0
0002106,0003421,0000073,2025-12-10 17:57:00,74200,0,74200,0,40.4,35.9,4.5,1,7.7,5.0
0002107,0003074,0000040,2025-12-10 22:33:00,91000,0,91000,0,38.1,39.7,-1.6,0,10.52,4.0
0002108,0001003,0000037,2025-12-10 23:50:00,73200,0,73200,0,29.4,27.0,2.4,1,15.69,5.0
0002109,0002608,0000055,2025-12-11 11:21:00,40000,0,40000,0,33.6,32.6,1.0,1,8.05,4.0
0002110,0004267,0000007,2025-12-11 16:47:00,41800,0,41800,0,33.8,32.3,1.5,1,14.64,5.0
0002111,0004428,0000037,2025-12-11 20:16:00,84100,5000,79100,1,37.6,47.0,-9.4,0,15.33,5.0
0002112,0001995,0000072,2025-12-12 11:49:00,76200,0,76200,0,38.0,38.0,0.0,0,7.55,1.0
0002113,0003918,0000065,2025-12-12 10:30:00,70100,0,70100,0,35.7,37.4,-1.7,0,8.58,5.0
0002114,0001244,0000084,2025-12-13 13:13:00,19000,0,19000,0,30.2,32.3,-2.1,0,4.14,5.0
0002115,0000295,0000033,2025-12-13 15:04:00,20200,0,20200,0,27.9,29.0,-1.1,0,8.99,5.0
0002116,0001128,0000014,2025-12-13 14:36:00,45900,0,45900,0,33.4,32.5,0.9,1,12.55,5.0
0002117,0002735,0000069,2025-12-13 16:38:00,53500,0,53500,0,37.1,33.6,3.5,1,1.58,5.0
0002118,0000389,0000062,2025-12-13 19:04:00,28800,0,28800,0,32.1,30.4,1.7,1,1.11,5.0
0002119,0001608,0000020,2025-12-13 21:02:00,35700,0,35700,0,33.0,33.4,-0.4,0,20.17,5.0
0002120,0000550,0000057,2025-12-13 23:28:00,88000,0,88000,0,33.5,32.9,0.6,1,1.34,5.0
0002121,0000099,0000078,2025-12-14 11:29:00,25900,0,25900,0,25.9,27.2,-1.3,0,9.55,5.0
0002122,0004035,0000020,2025-12-14 13:08:00,28600,0,28600,0,34.4,33.4,1.0,1,14.27,5.0
0002123,0001765,0000068,2025-12-14 13:30:00,51000,0,51000,0,47.7,46.0,1.7,1,16.83,5.0
0002124,0002780,0000010,2025-12-14 17:24:00,54400,0,54400,0,30.1,29.8,0.3,1,1.1,4.0
0002125,0000656,0000078,2025-12-14 17:34:00,91700,0,91700,0,38.8,39.6,-0.8,0,3.51,5.0
0002126,0002553,0000033,2025-12-14 19:11:00,45300,0,45300,0,31.4,31.0,0.4,1,11.64,5.0
0002127,0003854,0000084,2025-12-14 19:08:00,18000,0,18000,0,35.0,29.4,5.6,1,5.74,1.0
0002128,0000582,0000065,2025-12-16 11:58:00,12000,0,12000,0,29.1,29.1,0.0,0,7.9,5.0
0002129,0003057,0000084,2025-12-16 13:56:00,44500,0,44500,0,26.5,30.6,-4.1,0,12.02,5.0
0002130,0004288,0000088,2025-12-17 09:23:00,93900,0,93900,0,36.4,37.7,-1.3,0,10.9,5.0
0002131,0000967,0000057,2025-12-17 17:31:54,76600,5000,71600,1,32.9,24.0,8.9,1,1.12,1.0
0002132,0004415,0000014,2025-12-17 20:45:00,34600,0,34600,0,33.1,31.7,1.4,1,1.59,5.0
0002133,0002149,0000046,2025-12-18 09:40:00,37300,0,37300,0,30.1,30.6,-0.5,0,8.76,5.0
0002134,0000607,0000085,2025-12-18 10:34:00,8100,0,8100,0,32.0,36.0,-4.0,0,1.52,5.0
0002135,0001259,0000048,2025-12-18 19:43:00,36000,0,36000,0,41.9,38.0,3.9,1,3.3,5.0
0002136,0001719,0000084,2025-12-19 11:14:00,55500,0,55500,0,35.7,35.3,0.4,1,11.66,5.0
0002137,0001476,0000056,2025-12-19 11:36:00,9400,0,9400,0,41.0,37.2,3.8,1,12.77,5.0
0002138,0001567,0000028,2025-12-19 10:19:00,19200,0,19200,0,40.7,39.8,0.9,1,10.2,5.0
0002139,0004389,0000066,2025-12-19 14:20:00,53900,2000,51900,1,36.3,39.5,-3.2,0,8.02,5.0
0002140,0004017,0000026,2025-12-19 16:53:00,76700,0,76700,0,36.6,33.4,3.2,1,9.25,5.0
0002141,0003019,0000089,2025-12-20 21:39:00,59100,0,59100,0,41.2,39.1,2.1,1,19.99,5.0
0002142,0002504,0000037,2025-12-20 23:52:00,61600,0,61600,0,35.4,37.4,-2.0,0,19.1,5.0
0002143,0002879,0000088,2025-12-21 10:27:00,47000,0,47000,0,37.9,32.9,5.0,1,12.41,5.0
0002144,0001203,0000033,2025-12-21 13:30:00,38400,0,38400,0,32.4,32.3,0.1,1,7.94,5.0
0002145,0002404,0000029,2025-12-21 19:31:00,56800,0,56800,0,30.9,31.0,-0.1,0,11.53,5.0
0002146,0000801,0000026,2025-12-22 11:53:00,76700,0,76700,0,32.5,35.1,-2.6,0,8.12,4.0
0002147,0002806,0000073,2025-12-22 18:37:00,28400,0,28400,0,24.5,26.8,-2.3,0,20.26,5.0
0002148,0000672,0000069,2025-12-23 11:25:00,94300,0,94300,0,31.3,31.2,0.1,1,1.91,5.0
0002149,0004523,0000014,2025-12-23 14:45:00,32600,1000,31600,1,32.7,27.7,5.0,1,14.58,5.0
0002150,0002251,0000010,2025-12-23 16:12:00,96900,0,96900,0,35.9,38.1,-2.2,0,9.04,1.0
0002151,0001755,0000027,2025-12-23 19:09:00,23000,0,23000,0,32.0,35.8,-3.8,0,10.44,3.0
0002152,0000660,0000028,2025-12-23 22:59:00,57300,0,57300,0,31.3,32.7,-1.4,0,7.5,5.0
0002153,0001762,0000014,2025-12-24 04:57:00,98700,0,98700,0,31.3,28.4,2.9,1,7.68,5.0
0002154,0002149,0000069,2025-12-25 09:37:00,61400,0,61400,0,30.7,32.4,-1.7,0,1.14,5.0
0002155,0002732,0000046,2025-12-25 16:21:00,57200,0,57200,0,32.4,29.4,3.0,1,8.95,5.0
0002156,0000144,0000014,2025-12-25 18:42:00,28800,0,28800,0,28.3,31.4,-3.1,0,1.83,5.0
0002157,0000236,0000001,2025-12-25 17:51:00,63700,0,63700,0,33.7,34.5,-0.8,0,9.24,4.0
0002158,0000593,0000089,2025-12-25 20:44:00,89800,0,89800,0,44.3,44.7,-0.4,0,1.29,5.0
0002159,0002974,0000089,2025-12-26 14:21:00,53100,0,53100,0,29.4,29.1,0.3,1,8.34,5.0
0002160,0000674,0000026,2025-12-27 11:30:00,18700,0,18700,0,32.5,30.2,2.3,1,1.19,5.0
0002161,0001619,0000019,2025-12-27 13:36:00,40500,0,40500,0,34.2,30.7,3.5,1,12.71,5.0
0002162,0000501,0000090,2025-12-27 15:25:00,94000,0,94000,0,31.1,28.8,2.3,1,13.18,5.0
0002163,0000564,0000014,2025-12-27 14:14:00,78100,0,78100,0,35.5,38.8,-3.3,0,12.54,5.0
0002164,0004599,0000040,2025-12-27 20:18:59,47600,2000,45600,1,40.7,47.0,-6.3,0,14.9,5.0
0002165,0004470,0000048,2025-12-28 10:38:00,85000,5000,80000,1,36.6,31.2,5.4,1,1.95,5.0
0002166,0001862,0000010,2025-12-28 20:03:00,15700,0,15700,0,36.7,36.7,0.0,0,1.03,5.0
0002167,0002933,0000026,2025-12-29 11:27:00,45300,2000,43300,1,39.0,26.6,12.4,1,0.33,5.0
0002168,0002978,0000020,2025-12-29 18:55:00,47700,0,47700,0,35.2,35.2,0.0,0,1.42,5.0
0002169,0003372,0000046,2025-12-29 21:45:00,36800,0,36800,0,36.6,35.0,1.6,1,17.75,5.0
0002170,0001586,0000020,2025-12-30 15:16:00,80200,0,80200,0,23.5,31.0,-7.5,0,19.19,5.0
0002171,0003776,0000056,2025-12-30 17:33:00,59700,0,59700,0,31.8,28.7,3.1,1,1.62,5.0
0002172,0004588,0000058,2026-01-01 13:25:00,10100,0,10100,0,40.6,39.2,1.4,1,10.29,5.0
0002173,0003444,0000010,2026-01-01 17:36:00,83400,0,83400,0,26.4,28.5,-2.1,0,10.0,5.0
0002174,0000082,0000056,2026-01-01 20:25:00,21100,0,21100,0,33.1,32.9,0.2,1,1.8,5.0
0002175,0001616,0000027,2026-01-01 20:30:00,78900,0,78900,0,30.6,32.2,-1.6,0,7.9,5.0
0002176,0000035,0000085,2026-01-01 20:43:00,77100,0,77100,0,41.1,36.2,4.9,1,6.87,5.0
0002177,0000286,0000055,2026-01-02 14:42:00,74100,0,74100,0,28.7,30.1,-1.4,0,6.98,5.0
0002178,0003789,0000055,2026-01-02 15:48:00,72600,5000,67600,1,30.6,17.5,13.1,1,17.98,5.0
0002179,0003699,0000058,2026-01-03 12:49:00,67000,0,67000,0,33.0,34.6,-1.6,0,2.23,5.0
0002180,0001477,0000013,2026-01-03 23:30:00,76500,0,76500,0,36.5,37.0,-0.5,0,1.81,4.0
0002181,0000861,0000042,2026-01-04 11:01:00,78400,0,78400,0,36.2,36.7,-0.5,0,12.51,5.0
0002182,0000692,0000025,2026-01-04 12:40:00,61800,0,61800,0,33.7,32.2,1.5,1,8.51,5.0
0002183,0000660,0000008,2026-01-04 17:32:00,59800,0,59800,0,28.2,31.8,-3.6,0,14.14,5.0
0002184,0000924,0000050,2026-01-05 16:10:00,74600,0,74600,0,29.1,31.6,-2.5,0,8.03,5.0
0002185,0004607,0000055,2026-01-05 14:42:00,81100,5000,76100,1,37.7,40.4,-2.7,0,7.93,5.0
0002186,0000581,0000040,2026-01-05 16:50:00,85100,0,85100,0,30.7,30.9,-0.2,0,18.21,5.0
0002187,0002522,0000058,2026-01-05 18:22:00,10300,0,10300,0,24.7,27.6,-2.9,0,1.54,5.0
0002188,0000137,0000013,2026-01-05 22:20:00,81300,0,81300,0,36.0,33.0,3.0,1,7.91,5.0
0002189,0003913,0000065,2026-01-06 14:04:00,39500,0,39500,0,34.8,35.4,-0.6,0,2.11,5.0
0002190,0002419,0000066,2026-01-06 20:59:00,80600,0,80600,0,31.0,34.4,-3.4,0,0.81,5.0
0002191,0004310,0000048,2026-01-07 10:11:00,65800,5000,60800,1,34.7,23.7,11.0,1,7.14,4.0
0002192,0003929,0000001,2026-01-07 11:48:00,78200,0,78200,0,31.1,33.1,-2.0,0,6.9,5.0
0002193,0003956,0000066,2026-01-07 13:50:00,22600,0,22600,0,24.9,28.3,-3.4,0,1.32,4.0
0002194,0004066,0000078,2026-01-07 14:32:00,99200,0,99200,0,33.1,33.8,-0.7,0,3.07,4.0
0002195,0000667,0000056,2026-01-07 20:26:00,45600,0,45600,0,38.9,37.2,1.7,1,2.02,3.0
0002196,0003699,0000088,2026-01-08 19:02:00,92800,0,92800,0,38.6,36.8,1.8,1,9.62,4.0
0002197,0002765,0000062,2026-01-08 20:31:01,50700,2000,48700,1,31.4,34.2,-2.8,0,9.07,5.0
0002198,0000090,0000046,2026-01-09 09:19:00,67900,0,67900,0,33.2,34.2,-1.0,0,6.79,5.0
0002199,0004585,0000094,2026-01-09 15:25:00,85800,0,85800,0,35.4,35.7,-0.3,0,3.63,5.0
0002200,0000275,0000027,2026-01-09 19:47:00,12800,0,12800,0,36.0,39.3,-3.3,0,10.15,5.0
0002201,0000216,0000040,2026-01-09 20:55:00,53200,0,53200,0,34.8,30.0,4.8,1,12.35,5.0
0002202,0004328,0000068,2026-01-09 19:56:00,15700,0,15700,0,42.6,42.5,0.1,1,11.79,5.0
0002203,0002405,0000088,2026-01-10 08:38:00,86600,0,86600,0,41.6,34.4,7.2,1,1.38,4.0
0002204,0004032,0000014,2026-01-10 13:37:00,50800,0,50800,0,35.3,32.5,2.8,1,9.26,5.0
0002205,0004610,0000010,2026-01-10 14:49:00,37500,0,37500,0,32.5,30.6,1.9,1,1.62,4.0
0002206,0003907,0000033,2026-01-11 05:06:00,83200,0,83200,0,39.0,36.9,2.1,1,9.97,5.0
0002207,0000944,0000066,2026-01-11 11:27:00,14300,0,14300,0,45.7,39.8,5.9,1,1.54,5.0
0002208,0000082,0000095,2026-01-11 13:12:00,77800,0,77800,0,42.4,38.3,4.1,1,18.07,5.0
0002209,0002733,0000013,2026-01-11 13:41:00,33600,0,33600,0,33.9,32.7,1.2,1,1.43,5.0
0002210,0002129,0000042,2026-01-11 15:21:00,90300,0,90300,0,35.2,30.2,5.0,1,1.04,5.0
0002211,0001994,0000028,2026-01-12 00:20:00,70600,0,70600,0,36.6,42.0,-5.4,0,6.81,4.0
0002212,0001324,0000008,2026-01-12 14:38:00,62600,0,62600,0,33.0,31.2,1.8,1,7.33,5.0
0002213,0000859,0000066,2026-01-12 20:03:00,7000,0,7000,0,35.8,36.8,-1.0,0,10.46,5.0
0002214,0000807,0000090,2026-01-12 21:39:00,13700,0,13700,0,52.4,48.4,4.0,1,11.51,5.0
0002215,0001747,0000042,2026-01-12 22:41:00,27500,0,27500,0,38.7,38.2,0.5,1,9.22,5.0
0002216,0000562,0000033,2026-01-13 08:08:00,46400,0,46400,0,28.1,29.4,-1.3,0,2.75,5.0
0002217,0000970,0000072,2026-01-13 17:25:00,8900,0,8900,0,36.2,32.2,4.0,1,1.07,5.0
0002218,0002177,0000025,2026-01-13 16:37:00,97400,0,97400,0,45.6,39.6,6.0,1,2.78,5.0
0002219,0004322,0000084,2026-01-14 12:47:00,77800,0,77800,0,27.6,29.9,-2.3,0,5.5,4.0
0002220,0002226,0000066,2026-01-14 13:46:00,43900,0,43900,0,32.9,34.2,-1.3,0,8.77,5.0
0002221,0003670,0000095,2026-01-14 15:52:00,97800,0,97800,0,35.8,34.0,1.8,1,18.37,5.0
0002222,0003684,0000019,2026-01-14 18:03:00,82900,0,82900,0,35.4,34.7,0.7,1,13.36,5.0
0002223,0000168,0000019,2026-01-14 21:49:00,70000,0,70000,0,37.5,34.6,2.9,1,20.96,4.0
0002224,0001183,0000077,2026-01-14 22:41:00,80700,5000,75700,1,36.7,31.4,5.3,1,12.67,5.0
0002225,0001911,0000058,2026-01-15 18:11:00,83000,0,83000,0,32.2,32.0,0.2,1,9.51,5.0
0002226,0000577,0000089,2026-01-15 21:44:00,71400,0,71400,0,32.6,33.5,-0.9,0,0.92,5.0
0002227,0003617,0000084,2026-01-15 21:23:00,39500,0,39500,0,31.7,32.2,-0.5,0,12.75,5.0
0002228,0002155,0000049,2026-01-15 21:34:00,52100,2000,50100,1,34.5,22.6,11.9,1,13.29,5.0
0002229,0002676,0000007,2026-01-16 09:24:00,10100,0,10100,0,33.2,32.1,1.1,1,8.57,5.0
0002230,0002058,0000007,2026-01-16 10:34:00,30100,0,30100,0,30.8,29.7,1.1,1,1.19,5.0
0002231,0003019,0000007,2026-01-16 19:18:00,8700,0,8700,0,41.1,41.2,-0.1,0,9.55,5.0
0002232,0003155,0000055,2026-01-16 22:49:00,20900,0,20900,0,37.3,38.4,-1.1,0,5.99,5.0
0002233,0000349,0000020,2026-01-17 18:30:00,36900,0,36900,0,36.4,37.5,-1.1,0,12.49,5.0
0002234,0000883,0000062,2026-01-18 08:01:00,79300,0,79300,0,29.6,29.7,-0.1,0,8.71,5.0
0002235,0000030,0000045,2026-01-18 07:46:00,86700,0,86700,0,32.4,30.4,2.0,1,1.06,5.0
0002236,0002133,0000026,2026-01-18 10:01:00,27800,0,27800,0,39.5,34.4,5.1,1,8.99,5.0
0002237,0000628,0000072,2026-01-18 15:32:00,38300,0,38300,0,29.4,29.8,-0.4,0,7.46,5.0
0002238,0004603,0000007,2026-01-18 21:39:00,25200,1000,24200,1,31.2,40.7,-9.5,0,3.88,5.0
0002239,0003707,0000090,2026-01-19 15:01:00,76100,0,76100,0,34.1,33.9,0.2,1,1.17,5.0
0002240,0002567,0000072,2026-01-19 18:04:00,28200,0,28200,0,27.8,31.2,-3.4,0,6.45,5.0
0002241,0001612,0000025,2026-01-19 21:17:00,23200,0,23200,0,33.1,35.6,-2.5,0,6.39,5.0
0002242,0004444,0000066,2026-01-20 11:20:00,86300,5000,81300,1,35.4,28.4,7.0,1,8.15,5.0
0002243,0000272,0000013,2026-01-20 16:58:00,72100,0,72100,0,45.7,39.4,6.3,1,5.13,5.0
0002244,0003655,0000084,2026-01-20 16:08:00,48100,0,48100,0,34.8,32.2,2.6,1,5.42,5.0
0002245,0000207,0000095,2026-01-20 19:09:00,81100,0,81100,0,32.3,35.8,-3.5,0,16.58,5.0
0002246,0001901,0000031,2026-01-20 17:28:00,81500,0,81500,0,38.0,40.0,-2.0,0,6.33,5.0
0002247,0004562,0000085,2026-01-20 22:14:00,26100,1000,25100,1,40.4,44.4,-4.0,0,8.09,5.0
0002248,0001082,0000073,2026-01-21 15:36:00,99400,0,99400,0,31.3,30.0,1.3,1,19.24,4.0
0002249,0003256,0000084,2026-01-21 16:15:00,35600,0,35600,0,26.9,30.9,-4.0,0,12.75,5.0
0002250,0000228,0000072,2026-01-21 18:41:00,38000,0,38000,0,26.0,24.3,1.7,1,18.46,4.0
0002251,0002076,0000049,2026-01-22 12:28:00,89800,0,89800,0,31.9,33.8,-1.9,0,8.16,5.0
0002252,0000329,0000046,2026-01-23 08:22:00,34700,0,34700,0,30.9,32.6,-1.7,0,3.8,5.0
0002253,0004106,0000048,2026-01-23 14:55:00,93200,0,93200,0,34.8,32.4,2.4,1,6.98,5.0
0002254,0000361,0000013,2026-01-23 20:56:00,66200,0,66200,0,34.2,33.0,1.2,1,0.34,5.0
0002255,0002371,0000090,2026-01-23 20:04:00,70500,0,70500,0,34.2,33.4,0.8,1,13.13,5.0
0002256,0001016,0000055,2026-01-24 09:46:00,79400,0,79400,0,32.5,31.4,1.1,1,6.67,3.0
0002257,0000619,0000078,2026-01-24 23:13:00,83700,0,83700,0,44.5,39.0,5.5,1,10.45,5.0
0002258,0000772,0000085,2026-01-24 21:36:00,69100,0,69100,0,43.2,42.5,0.7,1,15.53,4.0
0002259,0003289,0000049,2026-01-26 06:18:00,25000,0,25000,0,29.5,32.0,-2.5,0,6.1,5.0
0002260,0002494,0000065,2026-01-26 15:17:00,44600,0,44600,0,39.6,37.9,1.7,1,11.36,5.0
0002261,0003204,0000084,2026-01-26 18:19:00,97900,0,97900,0,32.1,33.5,-1.4,0,0.69,1.0
0002262,0003675,0000028,2026-01-27 20:56:00,10300,0,10300,0,31.1,30.5,0.6,1,2.21,5.0
0002263,0000642,0000066,2026-01-27 19:13:00,42900,0,42900,0,34.0,34.6,-0.6,0,8.74,5.0
0002264,0000205,0000020,2026-01-28 12:42:23,86800,0,86800,0,35.6,38.7,-3.1,0,1.94,5.0
0002265,0002038,0000046,2026-01-28 15:37:00,29600,0,29600,0,27.7,29.1,-1.4,0,19.3,5.0
0002266,0002020,0000077,2026-01-28 16:48:00,98900,0,98900,0,37.8,35.8,2.0,1,15.84,5.0
0002267,0001744,0000046,2026-01-28 20:06:00,73900,0,73900,0,32.0,33.0,-1.0,0,7.77,5.0
0002268,0000596,0000019,2026-01-28 20:36:00,66900,0,66900,0,38.3,36.6,1.7,1,15.49,5.0
0002269,0000982,0000078,2026-01-28 19:17:00,50500,0,50500,0,41.9,41.3,0.6,1,15.09,4.0
0002270,0000605,0000073,2026-01-29 11:15:00,42800,0,42800,0,29.3,32.1,-2.8,0,19.4,5.0
0002271,0003988,0000068,2026-01-29 12:59:00,40800,0,40800,0,31.7,31.6,0.1,1,9.86,5.0
0002272,0004194,0000033,2026-01-29 19:34:00,22000,0,22000,0,30.3,29.2,1.1,1,13.3,5.0
0002273,0002618,0000037,2026-01-29 20:59:00,32600,0,32600,0,39.5,39.6,-0.1,0,16.34,5.0
0002274,0001977,0000010,2026-01-29 20:56:00,82500,0,82500,0,41.2,43.0,-1.8,0,11.47,5.0
0002275,0000968,0000033,2026-01-30 10:33:00,81800,0,81800,0,33.2,32.1,1.1,1,12.94,5.0
0002276,0004141,0000040,2026-01-30 11:14:00,11000,0,11000,0,27.2,26.2,1.0,1,15.37,5.0
0002277,0004260,0000026,2026-01-30 12:54:00,33200,0,33200,0,35.4,32.2,3.2,1,10.6,5.0
0002278,0002611,0000037,2026-01-30 18:12:00,28400,0,28400,0,27.7,29.3,-1.6,0,14.38,4.0
0002279,0001723,0000068,2026-01-30 19:31:00,19000,0,19000,0,39.7,41.0,-1.3,0,10.15,5.0
0002280,0004702,0000027,2026-01-30 20:51:00,64900,5000,59900,1,35.7,32.7,3.0,1,8.33,5.0
0002281,0003025,0000037,2026-01-30 23:20:00,35900,0,35900,0,28.1,30.5,-2.4,0,15.38,5.0
0002282,0002117,0000057,2026-01-31 09:50:00,52000,0,52000,0,27.9,30.0,-2.1,0,0.7,5.0
0002283,0003935,0000068,2026-01-31 16:54:00,59800,0,59800,0,36.5,37.0,-0.5,0,3.45,3.0
0002284,0004252,0000066,2026-01-31 15:56:00,24100,0,24100,0,33.9,35.6,-1.7,0,8.75,5.0
0002285,0001938,0000046,2026-02-01 11:14:00,75400,0,75400,0,26.3,28.6,-2.3,0,7.39,5.0
0002286,0004554,0000078,2026-02-01 11:11:00,62200,0,62200,0,36.0,36.1,-0.1,0,7.24,5.0
0002287,0004188,0000065,2026-02-01 15:14:00,25300,0,25300,0,32.9,33.5,-0.6,0,11.82,5.0
0002288,0002915,0000010,2026-02-01 21:29:00,68600,0,68600,0,27.4,32.5,-5.1,0,13.84,5.0
0002289,0004073,0000095,2026-02-02 00:22:00,25100,0,25100,0,33.7,30.7,3.0,1,12.3,5.0
0002290,0003091,0000066,2026-02-02 17:04:00,79800,0,79800,0,34.7,36.2,-1.5,0,8.02,4.0
0002291,0002489,0000084,2026-02-02 19:11:00,83000,0,83000,0,34.6,31.7,2.9,1,2.21,5.0
0002292,0002473,0000028,2026-02-02 19:11:00,84300,0,84300,0,29.8,32.8,-3.0,0,11.72,5.0
0002293,0003492,0000008,2026-02-03 10:26:00,13500,500,13000,1,35.7,26.9,8.8,1,13.3,5.0
0002294,0000743,0000084,2026-02-03 10:08:00,75500,0,75500,0,30.9,31.0,-0.1,0,6.58,5.0
0002295,0001286,0000055,2026-02-03 14:19:00,29600,0,29600,0,35.7,37.7,-2.0,0,8.99,5.0
0002296,0000371,0000072,2026-02-03 20:30:00,17800,0,17800,0,36.8,38.0,-1.2,0,6.45,5.0
0002297,0003891,0000010,2026-02-04 13:49:00,26300,0,26300,0,38.2,34.7,3.5,1,1.37,5.0
0002298,0001206,0000057,2026-02-04 10:28:00,78500,0,78500,0,33.5,33.0,0.5,1,9.92,5.0
0002299,0003316,0000085,2026-02-04 14:56:00,41600,0,41600,0,30.4,35.0,-4.6,0,5.98,5.0
0002300,0001162,0000095,2026-02-04 18:17:00,58300,0,58300,0,40.9,38.7,2.2,1,19.81,5.0
0002301,0001362,0000077,2026-02-05 22:37:00,41300,0,41300,0,26.3,31.4,-5.1,0,1.92,5.0
0002302,0001872,0000040,2026-02-06 19:08:00,43500,0,43500,0,40.3,40.2,0.1,1,11.68,5.0
0002303,0002983,0000066,2026-02-06 20:36:00,27200,1000,26200,1,29.1,17.4,11.7,1,8.23,5.0
0002304,0003557,0000028,2026-02-07 12:54:00,12200,0,12200,0,35.3,34.6,0.7,1,1.83,5.0
0002305,0002078,0000008,2026-02-07 15:39:00,22500,0,22500,0,37.0,35.0,2.0,1,6.4,5.0
0002306,0002845,0000008,2026-02-07 23:33:00,53100,0,53100,0,35.7,40.2,-4.5,0,1.91,5.0
0002307,0002418,0000028,2026-02-08 11:41:00,50700,0,50700,0,35.7,39.0,-3.3,0,9.48,5.0
0002308,0001272,0000045,2026-02-08 22:30:00,51400,0,51400,0,33.8,34.9,-1.1,0,2.39,5.0
0002309,0000790,0000094,2026-02-08 23:44:00,24300,0,24300,0,37.2,35.2,2.0,1,13.42,5.0
0002310,0002246,0000062,2026-02-09 00:14:00,67400,0,67400,0,34.7,30.3,4.4,1,7.96,5.0
0002311,0000933,0000073,2026-02-09 14:55:00,9100,0,9100,0,36.1,31.7,4.4,1,1.92,5.0
0002312,0001229,0000057,2026-02-09 21:09:00,93100,0,93100,0,37.3,37.3,0.0,0,7.05,5.0
0002313,0002833,0000014,2026-02-10 21:14:00,26200,0,26200,0,34.5,38.3,-3.8,0,6.35,5.0
0002314,0004497,0000029,2026-02-10 21:16:00,97900,0,97900,0,36.3,33.3,3.0,1,14.51,3.0
0002315,0000649,0000095,2026-02-11 11:56:00,25500,0,25500,0,32.5,31.5,1.0,1,13.4,5.0
0002316,0000427,0000050,2026-02-11 12:47:00,23400,0,23400,0,30.6,30.0,0.6,1,7.16,5.0
0002317,0001476,0000029,2026-02-11 15:33:00,45200,0,45200,0,33.6,31.8,1.8,1,1.44,5.0
0002318,0003014,0000049,2026-02-11 17:14:00,90600,0,90600,0,37.4,36.2,1.2,1,12.94,5.0
0002319,0001827,0000033,2026-02-11 18:08:00,89800,0,89800,0,31.6,35.3,-3.7,0,12.78,5.0
0002320,0001975,0000028,2026-02-11 18:58:00,86800,0,86800,0,38.5,36.5,2.0,1,7.16,5.0
0002321,0000333,0000001,2026-02-11 20:50:00,56800,0,56800,0,33.6,37.1,-3.5,0,2.02,5.0
0002322,0003205,0000027,2026-02-11 21:59:00,97100,5000,92100,1,37.7,40.8,-3.1,0,8.69,5.0
0002323,0002067,0000088,2026-02-12 12:18:00,50800,0,50800,0,41.0,41.3,-0.3,0,3.72,5.0
0002324,0003078,0000008,2026-02-12 14:38:00,73600,0,73600,0,31.0,30.8,0.2,1,13.3,5.0
0002325,0003340,0000084,2026-02-12 14:24:00,84500,0,84500,0,29.0,31.2,-2.2,0,0.54,4.0
0002326,0002825,0000094,2026-02-13 11:13:00,62700,0,62700,0,37.1,36.0,1.1,1,7.6,4.0
0002327,0003752,0000037,2026-02-13 12:03:00,30800,0,30800,0,38.4,36.9,1.5,1,2.97,5.0
0002328,0004569,0000033,2026-02-14 00:48:00,48600,0,48600,0,26.5,28.8,-2.3,0,11.81,5.0
0002329,0000089,0000028,2026-02-14 11:37:00,48800,0,48800,0,28.9,28.6,0.3,1,6.59,5.0
0002330,0002652,0000088,2026-02-14 14:58:00,38200,0,38200,0,29.3,33.1,-3.8,0,8.9,5.0
0002331,0003333,0000008,2026-02-14 16:28:00,35600,0,35600,0,31.0,34.0,-3.0,0,15.08,5.0
0002332,0003656,0000068,2026-02-14 17:04:00,85000,0,85000,0,26.1,29.6,-3.5,0,18.82,5.0
0002333,0000984,0000040,2026-02-15 21:53:00,75700,0,75700,0,24.9,30.5,-5.6,0,17.46,5.0
0002334,0002443,0000019,2026-02-16 12:12:00,33100,0,33100,0,33.6,32.5,1.1,1,14.01,4.0
0002335,0001023,0000048,2026-02-16 17:46:00,10700,0,10700,0,39.2,41.4,-2.2,0,2.71,4.0
0002336,0001715,0000007,2026-02-16 20:01:00,62900,0,62900,0,26.8,28.4,-1.6,0,1.73,5.0
0002337,0001021,0000027,2026-02-16 21:08:00,18700,0,18700,0,40.8,41.6,-0.8,0,3.14,5.0
0002338,0004504,0000048,2026-02-16 19:30:00,77800,0,77800,0,37.2,35.4,1.8,1,6.88,5.0
0002339,0000252,0000057,2026-02-17 14:15:00,72400,0,72400,0,39.7,39.2,0.5,1,9.19,5.0
0002340,0002699,0000089,2026-02-17 13:59:00,14300,0,14300,0,31.0,33.4,-2.4,0,10.12,4.0
0002341,0000476,0000058,2026-02-17 19:02:00,94700,0,94700,0,28.9,28.9,0.0,0,0.94,5.0
0002342,0002897,0000001,2026-02-17 20:45:00,14800,0,14800,0,28.1,35.0,-6.9,0,1.86,5.0
0002343,0000311,0000019,2026-02-18 21:11:00,33300,0,33300,0,32.4,35.4,-3.0,0,1.99,5.0
0002344,0000669,0000033,2026-02-18 21:19:00,47600,0,47600,0,38.4,40.1,-1.7,0,12.63,5.0
0002345,0004440,0000046,2026-02-18 21:16:00,18900,0,18900,0,30.9,30.6,0.3,1,19.2,5.0
0002346,0002455,0000045,2026-02-20 00:26:00,76400,0,76400,0,40.9,38.3,2.6,1,1.23,5.0
0002347,0003357,0000027,2026-02-20 12:44:00,56200,0,56200,0,32.7,31.9,0.8,1,8.99,1.0
0002348,0004114,0000048,2026-02-20 18:09:00,33400,0,33400,0,37.4,37.8,-0.4,0,1.78,5.0
0002349,0000930,0000033,2026-02-20 22:03:00,97200,0,97200,0,36.4,37.1,-0.7,0,12.09,5.0
0002350,0002847,0000066,2026-02-21 13:59:00,81500,0,81500,0,32.9,34.4,-1.5,0,7.56,5.0
0002351,0000434,0000094,2026-02-21 13:59:00,85400,0,85400,0,36.1,38.1,-2.0,0,10.51,3.0
0002352,0002726,0000013,2026-02-21 21:10:00,70400,0,70400,0,41.1,40.0,1.1,1,5.13,1.0
0002353,0002150,0000072,2026-02-21 21:12:00,16200,0,16200,0,30.0,34.0,-4.0,0,6.11,1.0
0002354,0002255,0000031,2026-02-21 22:09:00,46700,0,46700,0,39.7,34.5,5.2,1,6.95,5.0
0002355,0002974,0000095,2026-02-22 22:48:00,9600,0,9600,0,36.8,35.4,1.4,1,13.24,5.0
0002356,0001792,0000027,2026-02-23 17:46:00,31300,0,31300,0,26.1,32.5,-6.4,0,4.34,5.0
0002357,0004844,0000026,2026-02-23 19:22:00,10400,500,9900,1,37.5,43.2,-5.7,0,12.06,4.0
0002358,0004401,0000033,2026-02-23 19:29:00,10200,0,10200,0,34.3,33.6,0.7,1,8.5,4.0
0002359,0002099,0000050,2026-02-24 11:30:00,90900,0,90900,0,31.6,29.7,1.9,1,6.96,5.0
0002360,0000822,0000055,2026-02-24 10:52:00,45100,0,45100,0,31.0,32.7,-1.7,0,7.04,5.0
0002361,0003059,0000057,2026-02-24 16:11:00,69900,0,69900,0,34.4,31.2,3.2,1,19.67,5.0
0002362,0002894,0000057,2026-02-24 17:09:00,21300,0,21300,0,29.5,30.0,-0.5,0,8.27,5.0
0002363,0000655,0000031,2026-02-25 18:26:00,23100,0,23100,0,31.0,31.8,-0.8,0,5.87,4.0
0002364,0004404,0000069,2026-02-25 21:45:00,30500,0,30500,0,38.2,38.2,0.0,0,1.31,5.0
0002365,0001878,0000057,2026-02-25 21:56:00,86600,0,86600,0,37.3,35.8,1.5,1,9.98,5.0
0002366,0002819,0000010,2026-02-26 18:35:00,7900,0,7900,0,33.7,33.1,0.6,1,7.92,5.0
0002367,0004882,0000037,2026-02-27 10:40:00,63800,5000,58800,1,25.0,25.3,-0.3,0,1.74,5.0
0002368,0001992,0000008,2026-02-28 15:36:00,64800,0,64800,0,32.9,36.1,-3.2,0,6.87,5.0
0002369,0000825,0000045,2026-02-28 13:23:00,28800,0,28800,0,32.6,31.9,0.7,1,13.96,5.0
0002370,0002875,0000084,2026-02-28 11:03:00,61800,0,61800,0,25.6,29.8,-4.2,0,2.07,5.0
0002371,0001485,0000089,2026-02-28 11:29:00,18900,0,18900,0,32.7,30.8,1.9,1,9.13,5.0
0002372,0001386,0000048,2026-02-28 21:18:00,81900,0,81900,0,33.6,35.8,-2.2,0,7.35,5.0
0002373,0001990,0000073,2026-02-28 22:15:00,52700,0,52700,0,35.1,35.6,-0.5,0,2.72,5.0
0002374,0003623,0000029,2026-02-28 13:21:00,33400,1000,32400,1,37.7,38.3,-0.6,0,0.49,1.0
0002375,0000802,0000048,2026-02-28 18:02:00,85900,0,85900,0,36.0,34.4,1.6,1,6.58,5.0
0002376,0004460,0000085,2026-02-28 18:55:00,27900,0,27900,0,47.0,44.6,2.4,1,5.88,5.0
0002377,0004023,0000001,2026-02-28 21:31:00,95100,0,95100,0,33.9,30.6,3.3,1,0.22,5.0
0002378,0001972,0000055,2026-03-01 08:09:00,82500,0,82500,0,34.9,38.3,-3.4,0,8.89,5.0
0002379,0002790,0000089,2026-03-01 13:18:00,99200,0,99200,0,36.0,31.8,4.2,1,16.87,5.0
0002380,0004211,0000010,2026-03-01 13:42:00,98600,0,98600,0,30.5,28.3,2.2,1,0.79,4.0
0002381,0003944,0000033,2026-03-01 17:15:00,25100,0,25100,0,29.7,32.2,-2.5,0,1.56,5.0
0002382,0004706,0000094,2026-03-02 11:17:00,73300,0,73300,0,33.9,32.9,1.0,1,0.94,4.0
0002383,0003894,0000013,2026-03-02 14:08:00,60100,0,60100,0,34.4,38.3,-3.9,0,5.51,4.0
0002384,0001513,0000008,2026-03-02 20:12:00,26200,0,26200,0,29.0,34.5,-5.5,0,7.91,5.0
0002385,0002748,0000020,2026-03-02 19:44:00,47100,0,47100,0,42.3,40.9,1.4,1,0.47,5.0
0002386,0002201,0000014,2026-03-02 22:38:00,91800,0,91800,0,37.6,36.6,1.0,1,12.54,5.0
0002387,0000998,0000029,2026-03-03 11:27:00,38100,0,38100,0,38.3,39.0,-0.7,0,16.45,5.0
0002388,0000899,0000037,2026-03-03 14:24:00,49700,0,49700,0,31.7,35.5,-3.8,0,18.93,5.0
0002389,0004813,0000001,2026-03-03 18:56:00,77500,5000,72500,1,35.2,38.2,-3.0,0,12.97,4.0
0002390,0002804,0000020,2026-03-04 12:47:00,90100,0,90100,0,37.5,38.2,-0.7,0,12.15,5.0
0002391,0002726,0000088,2026-03-04 14:13:00,26400,0,26400,0,27.5,30.7,-3.2,0,10.81,5.0
0002392,0004907,0000037,2026-03-04 15:21:00,77300,0,77300,0,24.8,30.1,-5.3,0,18.35,5.0
0002393,0001043,0000078,2026-03-04 15:39:00,15200,0,15200,0,36.6,36.6,0.0,0,9.7,5.0
0002394,0001416,0000058,2026-03-04 18:09:00,19600,0,19600,0,35.8,34.1,1.7,1,2.01,5.0
0002395,0004781,0000078,2026-03-05 00:07:00,40800,0,40800,0,33.7,33.8,-0.1,0,10.01,5.0
0002396,0002617,0000026,2026-03-05 10:24:00,18200,0,18200,0,22.8,26.7,-3.9,0,10.63,5.0
0002397,0001739,0000037,2026-03-05 12:37:00,35600,0,35600,0,34.3,30.2,4.1,1,13.66,5.0
0002398,0002551,0000077,2026-03-05 15:27:00,42500,2000,40500,1,35.3,22.5,12.8,1,11.15,5.0
0002399,0001140,0000040,2026-03-05 15:49:00,91300,5000,86300,1,36.6,34.0,2.6,1,14.53,5.0
0002400,0002884,0000078,2026-03-05 17:44:00,77700,0,77700,0,27.2,31.0,-3.8,0,10.38,5.0
0002401,0002371,0000045,2026-03-05 18:37:00,31400,0,31400,0,37.1,36.8,0.3,1,1.75,5.0
0002402,0004595,0000045,2026-03-05 19:40:00,56300,0,56300,0,49.3,44.4,4.9,1,3.85,5.0
0002403,0001395,0000073,2026-03-07 17:03:00,50300,0,50300,0,35.3,34.6,0.7,1,8.63,5.0
0002404,0000395,0000078,2026-03-08 12:42:00,17600,0,17600,0,35.3,33.6,1.7,1,10.45,5.0
0002405,0001716,0000095,2026-03-08 12:50:00,46600,0,46600,0,30.4,29.4,1.0,1,16.56,5.0
0002406,0001288,0000068,2026-03-08 18:33:00,8400,500,7900,1,40.6,37.3,3.3,1,14.08,5.0
0002407,0001738,0000066,2026-03-08 19:48:00,77700,0,77700,0,33.0,33.8,-0.8,0,8.31,5.0
0002408,0002161,0000088,2026-03-09 11:12:00,38800,1000,37800,1,33.1,18.8,14.3,1,7.68,5.0
0002409,0002770,0000072,2026-03-09 15:10:00,43200,0,43200,0,33.5,32.4,1.1,1,1.01,5.0
0002410,0003366,0000045,2026-03-09 21:53:00,79200,0,79200,0,30.3,34.1,-3.8,0,7.52,5.0
0002411,0000642,0000020,2026-03-09 20:46:00,78200,0,78200,0,32.3,33.5,-1.2,0,20.28,5.0
0002412,0002253,0000057,2026-03-09 22:07:00,20800,0,20800,0,26.0,31.0,-5.0,0,7.46,5.0
0002413,0000786,0000014,2026-03-09 21:12:00,35600,0,35600,0,33.3,34.1,-0.8,0,13.23,5.0
0002414,0002679,0000025,2026-03-12 07:36:00,17500,0,17500,0,33.4,33.1,0.3,1,0.82,5.0
0002415,0004480,0000094,2026-03-12 09:49:00,64000,0,64000,0,28.5,33.9,-5.4,0,2.24,5.0
0002416,0004634,0000013,2026-03-12 15:04:00,74900,0,74900,0,34.3,32.6,1.7,1,9.53,5.0
0002417,0000733,0000028,2026-03-12 18:16:00,60700,0,60700,0,38.2,40.4,-2.2,0,10.77,5.0
0002418,0001238,0000056,2026-03-12 18:21:00,79300,0,79300,0,35.3,31.6,3.7,1,0.54,5.0
0002419,0000542,0000077,2026-03-12 19:02:00,97200,0,97200,0,34.9,33.0,1.9,1,2.71,5.0
0002420,0003687,0000056,2026-03-12 20:54:00,19500,0,19500,0,34.1,33.5,0.6,1,12.92,5.0
0002421,0003720,0000046,2026-03-13 11:20:00,69400,0,69400,0,28.9,27.6,1.3,1,9.01,5.0
0002422,0003805,0000066,2026-03-13 10:14:00,73500,0,73500,0,33.1,35.4,-2.3,0,9.53,5.0
0002423,0000221,0000028,2026-03-13 16:57:00,77000,0,77000,0,28.1,29.5,-1.4,0,7.48,5.0
0002424,0001805,0000069,2026-03-13 21:58:00,77200,0,77200,0,37.4,40.0,-2.6,0,3.42,4.0
0002425,0004492,0000008,2026-03-13 21:08:00,96400,0,96400,0,34.3,36.1,-1.8,0,1.53,5.0
0002426,0004533,0000062,2026-03-13 22:41:00,26600,0,26600,0,35.4,35.4,0.0,0,1.6,5.0
0002427,0001618,0000069,2026-03-14 17:16:00,60500,5000,55500,1,38.6,25.3,13.3,1,9.48,5.0
0002428,0003408,0000085,2026-03-14 17:02:00,66600,0,66600,0,35.1,36.8,-1.7,0,17.43,5.0
0002429,0000597,0000031,2026-03-14 20:59:00,42600,0,42600,0,36.8,35.2,1.6,1,6.49,3.0
0002430,0001555,0000046,2026-03-14 21:44:00,53100,0,53100,0,41.1,37.4,3.7,1,19.77,5.0
0002431,0002726,0000069,2026-03-14 22:21:00,47500,0,47500,0,32.9,34.5,-1.6,0,0.87,4.0
0002432,0001549,0000058,2026-03-14 23:23:00,19400,0,19400,0,35.5,35.3,0.2,1,12.33,3.0
0002433,0002925,0000028,2026-03-15 18:37:00,41600,0,41600,0,26.3,29.1,-2.8,0,1.3,5.0
0002434,0003987,0000090,2026-03-16 23:42:00,13000,500,12500,1,31.1,28.6,2.5,1,12.38,1.0
0002435,0003706,0000073,2026-03-17 11:33:00,63200,5000,58200,1,28.3,20.7,7.6,1,8.0,4.0
0002436,0004166,0000019,2026-03-18 18:08:00,30600,0,30600,0,31.5,32.1,-0.6,0,16.16,5.0
0002437,0004496,0000084,2026-03-18 18:36:00,94800,0,94800,0,30.7,35.3,-4.6,0,11.66,1.0
0002438,0004617,0000088,2026-03-18 20:43:00,25100,0,25100,0,49.7,47.7,2.0,1,11.35,4.0
0002439,0003591,0000026,2026-03-19 13:25:00,64900,0,64900,0,30.1,28.7,1.4,1,10.31,5.0
0002440,0004042,0000025,2026-03-20 10:41:00,72200,0,72200,0,27.3,28.5,-1.2,0,1.76,5.0
0002441,0003137,0000040,2026-03-20 13:36:00,92400,0,92400,0,33.7,32.0,1.7,1,11.09,5.0
0002442,0003066,0000049,2026-03-20 19:06:00,63000,0,63000,0,33.1,35.6,-2.5,0,8.45,5.0
0002443,0001637,0000095,2026-03-21 06:06:00,36600,1000,35600,1,33.8,28.5,5.3,1,11.04,5.0
0002444,0004109,0000008,2026-03-21 11:51:00,48100,0,48100,0,38.7,35.2,3.5,1,1.15,5.0
0002445,0003214,0000040,2026-03-21 17:33:00,82900,0,82900,0,34.1,33.0,1.1,1,15.09,5.0
0002446,0000747,0000090,2026-03-21 22:38:00,89900,0,89900,0,38.2,33.9,4.3,1,1.53,5.0
0002447,0003147,0000013,2026-03-22 00:07:00,39900,1000,38900,1,29.7,34.9,-5.2,0,8.44,5.0
0002448,0003518,0000045,2026-03-22 10:47:00,47600,0,47600,0,35.3,34.3,1.0,1,7.26,5.0
0002449,0001892,0000057,2026-03-22 15:46:00,19200,500,18700,1,29.3,22.0,7.3,1,7.78,5.0
0002450,0003930,0000028,2026-03-23 04:50:00,73100,0,73100,0,31.9,32.0,-0.1,0,8.46,5.0
0002451,0002094,0000089,2026-03-23 13:08:00,19100,0,19100,0,32.2,30.8,1.4,1,17.61,5.0
0002452,0002953,0000090,2026-03-23 13:44:00,27300,0,27300,0,32.6,31.2,1.4,1,1.71,5.0
0002453,0002408,0000089,2026-03-23 16:10:00,55400,0,55400,0,31.2,30.2,1.0,1,19.61,5.0
0002454,0002572,0000057,2026-03-24 18:36:00,54000,0,54000,0,34.1,31.5,2.6,1,8.99,5.0
0002455,0004118,0000095,2026-03-25 13:06:00,39800,0,39800,0,30.8,33.8,-3.0,0,17.23,5.0
0002456,0003573,0000027,2026-03-25 15:42:00,92000,0,92000,0,23.8,33.6,-9.8,0,20.45,5.0
0002457,0003452,0000019,2026-03-25 21:48:07,79200,0,79200,0,34.8,35.7,-0.9,0,13.13,1.0
0002458,0000291,0000090,2026-03-25 23:41:00,89800,0,89800,0,36.7,37.7,-1.0,0,11.68,5.0
0002459,0000240,0000033,2026-03-26 15:10:00,45700,0,45700,0,34.1,39.2,-5.1,0,11.33,5.0
0002460,0000885,0000084,2026-03-26 14:18:00,67600,0,67600,0,23.2,31.8,-8.6,0,1.19,5.0
0002461,0002328,0000089,2026-03-26 16:18:00,54400,0,54400,0,26.2,28.9,-2.7,0,1.62,5.0
0002462,0002939,0000025,2026-03-27 13:06:00,80600,0,80600,0,26.3,33.2,-6.9,0,2.34,5.0
0002463,0005053,0000048,2026-03-27 16:50:00,91500,5000,86500,1,35.9,33.3,2.6,1,8.71,5.0
0002464,0004848,0000031,2026-03-27 16:16:00,85700,0,85700,0,34.5,32.4,2.1,1,6.69,5.0
0002465,0002836,0000095,2026-03-27 17:04:00,73900,0,73900,0,41.2,35.8,5.4,1,10.49,5.0
0002466,0001914,0000057,2026-03-27 19:23:00,21800,0,21800,0,33.5,32.0,1.5,1,8.88,5.0
0002467,0003023,0000046,2026-03-27 22:17:00,61800,0,61800,0,36.5,36.8,-0.3,0,9.36,5.0
0002468,0001555,0000046,2026-03-27 23:44:00,49500,0,49500,0,40.1,36.0,4.1,1,3.26,5.0
0002469,0003967,0000095,2026-03-28 00:48:00,53700,0,53700,0,39.6,41.5,-1.9,0,3.35,5.0
0002470,0000312,0000033,2026-03-28 15:38:00,23000,0,23000,0,31.8,30.7,1.1,1,10.62,5.0
0002471,0003097,0000049,2026-03-28 19:37:00,69400,0,69400,0,32.3,33.0,-0.7,0,0.7,5.0
0002472,0004282,0000046,2026-03-29 10:40:00,66700,0,66700,0,39.7,34.7,5.0,1,2.17,1.0
0002473,0004341,0000010,2026-03-29 15:19:00,63500,0,63500,0,41.7,36.3,5.4,1,9.66,5.0
0002474,0000278,0000088,2026-03-29 16:44:00,93700,0,93700,0,27.2,30.0,-2.8,0,10.5,5.0
0002475,0000675,0000049,2026-03-29 20:53:00,84600,0,84600,0,30.5,33.0,-2.5,0,1.91,5.0
0002476,0004497,0000090,2026-03-30 11:32:00,82200,0,82200,0,37.1,35.4,1.7,1,1.72,4.0
0002477,0004263,0000077,2026-03-30 12:48:00,60800,0,60800,0,31.9,27.2,4.7,1,0.48,5.0
0002478,0004781,0000090,2026-03-30 19:04:00,78300,0,78300,0,36.8,34.5,2.3,1,17.62,4.0
0002479,0002658,0000028,2026-04-01 12:30:00,61500,0,61500,0,27.1,27.4,-0.3,0,6.59,5.0
0002480,0003562,0000007,2026-04-01 20:45:00,41900,0,41900,0,33.2,33.5,-0.3,0,1.11,3.0
0002481,0003076,0000077,2026-04-02 07:28:00,92600,0,92600,0,30.0,31.5,-1.5,0,11.36,5.0
0002482,0003290,0000029,2026-04-02 11:47:00,63900,0,63900,0,37.0,33.8,3.2,1,0.45,5.0
0002483,0004766,0000094,2026-04-03 11:53:00,65700,0,65700,0,29.8,32.0,-2.2,0,15.11,5.0
0002484,0001980,0000066,2026-04-03 12:46:00,14000,500,13500,1,31.5,17.5,14.0,1,8.38,5.0
0002485,0002989,0000072,2026-04-03 19:23:00,66500,0,66500,0,26.5,33.7,-7.2,0,7.38,4.0
0002486,0001921,0000027,2026-04-03 22:25:00,14800,0,14800,0,39.3,34.6,4.7,1,12.27,5.0
0002487,0003610,0000049,2026-04-04 07:44:00,65400,0,65400,0,33.0,37.1,-4.1,0,9.61,5.0
0002488,0001902,0000007,2026-04-04 17:28:00,72000,0,72000,0,32.4,32.3,0.1,1,6.15,5.0
0002489,0002346,0000077,2026-04-05 16:15:00,35600,0,35600,0,29.4,27.0,2.4,1,1.54,5.0
0002490,0001517,0000073,2026-04-05 23:26:00,40100,0,40100,0,40.2,36.1,4.1,1,1.87,4.0
0002491,0002231,0000089,2026-04-06 09:38:00,34900,0,34900,0,28.6,31.2,-2.6,0,7.57,5.0
0002492,0003127,0000037,2026-04-06 12:07:00,17600,0,17600,0,25.5,31.9,-6.4,0,2.55,5.0
0002493,0003286,0000048,2026-04-06 13:43:00,20100,0,20100,0,32.0,29.2,2.8,1,2.48,5.0
0002494,0004843,0000062,2026-04-06 17:53:00,98600,5000,93600,1,35.0,41.9,-6.9,0,7.73,4.0
0002495,0004648,0000031,2026-04-06 18:02:00,49700,0,49700,0,38.4,35.4,3.0,1,2.35,5.0
0002496,0001579,0000008,2026-04-07 11:07:00,67000,0,67000,0,36.9,36.6,0.3,1,12.95,5.0
0002497,0001007,0000062,2026-04-07 19:58:00,32000,0,32000,0,34.9,29.7,5.2,1,8.83,5.0
0002498,0004200,0000031,2026-04-08 12:32:00,56500,0,56500,0,25.6,35.3,-9.7,0,7.88,5.0
0002499,0002289,0000088,2026-04-08 14:46:13,22900,1000,21900,1,38.9,29.5,9.4,1,9.77,4.0
0002500,0003511,0000026,2026-04-08 14:34:00,7100,0,7100,0,32.3,36.0,-3.7,0,9.68,5.0
0002501,0003161,0000058,2026-04-08 19:45:00,47000,0,47000,0,33.6,37.4,-3.8,0,12.27,5.0
0002502,0004428,0000013,2026-04-08 20:09:00,22100,0,22100,0,32.8,31.0,1.8,1,12.35,5.0
0002503,0000138,0000084,2026-04-08 19:58:00,33000,0,33000,0,37.3,37.6,-0.3,0,10.96,5.0
0002504,0002776,0000069,2026-04-09 11:55:00,99100,0,99100,0,35.7,37.6,-1.9,0,8.66,5.0
0002505,0000949,0000027,2026-04-09 13:53:00,93900,5000,88900,1,39.9,36.2,3.7,1,10.09,5.0
0002506,0003563,0000027,2026-04-10 09:04:00,51100,0,51100,0,25.1,29.3,-4.2,0,21.31,5.0
0002507,0000551,0000085,2026-04-10 10:19:00,31700,0,31700,0,38.3,38.2,0.1,1,8.23,5.0
0002508,0002103,0000055,2026-04-11 00:39:00,80000,0,80000,0,39.4,37.9,1.5,1,5.46,5.0
0002509,0001650,0000050,2026-04-11 06:40:00,62500,0,62500,0,28.0,30.2,-2.2,0,18.24,4.0
0002510,0003847,0000048,2026-04-11 16:32:00,20000,1000,19000,1,30.2,28.0,2.2,1,12.99,5.0
0002511,0004553,0000068,2026-04-11 18:28:00,40800,0,40800,0,34.9,37.4,-2.5,0,15.6,5.0
0002512,0002452,0000055,2026-04-11 17:41:00,66700,0,66700,0,36.5,34.9,1.6,1,17.5,4.0
0002513,0003280,0000007,2026-04-11 23:37:00,85100,0,85100,0,32.4,32.8,-0.4,0,1.75,5.0
0002514,0002300,0000046,2026-04-12 08:04:00,45100,0,45100,0,27.8,27.2,0.6,1,8.13,3.0
0002515,0000958,0000084,2026-04-12 12:02:00,32900,0,32900,0,40.4,37.1,3.3,1,13.22,5.0
0002516,0003915,0000027,2026-04-12 09:32:00,21000,1000,20000,1,35.0,29.1,5.9,1,2.83,5.0
0002517,0003331,0000027,2026-04-12 12:37:00,8600,0,8600,0,28.8,31.2,-2.4,0,2.92,5.0
0002518,0004110,0000077,2026-04-12 15:37:00,65100,0,65100,0,33.0,36.4,-3.4,0,2.59,5.0
0002519,0003572,0000029,2026-04-13 17:51:00,34500,0,34500,0,36.2,35.5,0.7,1,17.6,5.0
0002520,0002124,0000049,2026-04-13 19:05:00,84400,0,84400,0,45.2,42.4,2.8,1,10.5,5.0
0002521,0001734,0000027,2026-04-14 11:38:00,90200,0,90200,0,30.4,32.4,-2.0,0,9.84,4.0
0002522,0001257,0000045,2026-04-14 18:34:00,14900,0,14900,0,34.7,34.5,0.2,1,2.82,5.0
0002523,0003539,0000062,2026-04-14 23:56:00,46700,0,46700,0,32.8,34.5,-1.7,0,6.91,5.0
0002524,0003200,0000019,2026-04-14 23:34:00,87100,5000,82100,1,41.9,43.4,-1.5,0,1.99,5.0
0002525,0001924,0000095,2026-04-15 13:30:00,29500,0,29500,0,30.9,33.5,-2.6,0,12.47,5.0
0002526,0003363,0000084,2026-04-15 14:15:00,99200,5000,94200,1,35.7,28.6,7.1,1,6.59,5.0
0002527,0001000,0000048,2026-04-16 11:30:00,57400,0,57400,0,33.2,34.7,-1.5,0,12.92,5.0
0002528,0002260,0000095,2026-04-16 03:45:00,49000,0,49000,0,25.7,31.8,-6.1,0,2.56,5.0
0002529,0000382,0000094,2026-04-16 10:25:00,34900,0,34900,0,26.2,30.0,-3.8,0,8.09,5.0
0002530,0001238,0000042,2026-04-16 23:05:00,53100,0,53100,0,29.5,32.6,-3.1,0,9.04,5.0
0002531,0000540,0000046,2026-04-17 11:19:00,71700,0,71700,0,30.9,33.2,-2.3,0,8.15,5.0
0002532,0003722,0000056,2026-04-17 15:07:00,87200,0,87200,0,42.0,40.8,1.2,1,11.44,5.0
0002533,0001208,0000008,2026-04-17 15:20:00,85700,0,85700,0,39.5,40.4,-0.9,0,6.08,5.0
0002534,0003072,0000084,2026-04-17 15:29:00,25700,0,25700,0,28.5,34.2,-5.7,0,2.51,5.0
0002535,0001063,0000068,2026-04-17 20:39:00,74400,0,74400,0,32.5,36.6,-4.1,0,2.66,5.0
0002536,0003405,0000008,2026-04-18 11:46:00,95600,0,95600,0,33.3,33.7,-0.4,0,2.73,5.0
0002537,0000229,0000033,2026-04-18 17:25:00,90400,0,90400,0,38.3,32.6,5.7,1,2.06,4.0
0002538,0004365,0000027,2026-04-18 19:35:00,13000,0,13000,0,27.5,32.9,-5.4,0,23.43,4.0
0002539,0001944,0000065,2026-04-19 10:40:00,51400,0,51400,0,28.2,28.5,-0.3,0,1.46,5.0
0002540,0002758,0000013,2026-04-19 11:49:00,68000,0,68000,0,40.7,35.9,4.8,1,13.67,5.0
0002541,0001799,0000084,2026-04-19 11:30:36,39000,0,39000,0,46.5,42.4,4.1,1,11.47,5.0
0002542,0001466,0000068,2026-04-19 16:21:00,43200,0,43200,0,40.8,36.3,4.5,1,13.16,5.0
0002543,0002375,0000050,2026-04-19 21:51:00,89600,0,89600,0,43.4,41.2,2.2,1,7.37,5.0
0002544,0000622,0000019,2026-04-19 23:11:00,44000,0,44000,0,36.1,36.8,-0.7,0,1.74,5.0
0002545,0004297,0000065,2026-04-20 00:34:00,85800,0,85800,0,36.8,35.2,1.6,1,11.05,5.0
0002546,0004460,0000007,2026-04-20 18:07:00,49200,0,49200,0,27.0,30.9,-3.9,0,17.56,5.0
0002547,0004718,0000090,2026-04-20 19:43:00,81900,0,81900,0,24.8,29.2,-4.4,0,2.53,5.0
0002548,0000857,0000062,2026-04-20 20:37:00,93800,0,93800,0,38.1,38.4,-0.3,0,8.6,5.0
0002549,0004644,0000045,2026-04-21 09:12:00,19600,0,19600,0,37.3,32.9,4.4,1,7.08,5.0
0002550,0004898,0000033,2026-04-21 20:44:00,24500,0,24500,0,27.6,30.7,-3.1,0,8.79,5.0
0002551,0003220,0000062,2026-04-21 21:26:00,18400,0,18400,0,39.5,38.1,1.4,1,8.53,5.0
0002552,0002089,0000069,2026-04-21 20:36:00,52000,0,52000,0,42.8,40.3,2.5,1,13.89,5.0
0002553,0004021,0000033,2026-04-21 22:04:00,21500,0,21500,0,41.2,38.8,2.4,1,7.63,5.0
0002554,0002098,0000055,2026-04-22 15:09:00,27200,0,27200,0,44.2,37.1,7.1,1,7.85,5.0
0002555,0003833,0000077,2026-04-22 17:48:00,22600,0,22600,0,28.0,29.6,-1.6,0,2.26,5.0
0002556,0000868,0000025,2026-04-23 10:35:00,95400,0,95400,0,30.1,33.3,-3.2,0,14.13,5.0
0002557,0003954,0000049,2026-04-23 11:44:00,66300,0,66300,0,30.0,27.7,2.3,1,13.02,5.0
0002558,0001963,0000069,2026-04-23 14:03:24,95200,0,95200,0,45.8,44.8,1.0,1,4.51,3.0
0002559,0002576,0000010,2026-04-23 19:05:00,43400,0,43400,0,27.6,31.6,-4.0,0,9.46,5.0
0002560,0000453,0000040,2026-04-24 11:49:00,73400,0,73400,0,32.4,29.1,3.3,1,14.64,3.0
0002561,0001350,0000077,2026-04-24 12:30:00,79100,0,79100,0,39.6,35.8,3.8,1,16.86,1.0
0002562,0001776,0000085,2026-04-24 13:01:00,68000,5000,63000,1,28.0,19.4,8.6,1,7.17,5.0
0002563,0004895,0000019,2026-04-24 13:08:00,86600,0,86600,0,23.9,31.3,-7.4,0,17.78,5.0
0002564,0002355,0000066,2026-04-24 19:55:00,51400,0,51400,0,69.4,69.8,-0.4,0,10.02,5.0
0002565,0002660,0000078,2026-04-24 22:07:00,97100,0,97100,0,37.4,31.4,6.0,1,8.59,3.0
0002566,0005112,0000010,2026-04-25 07:26:00,66000,5000,61000,1,35.9,33.1,2.8,1,1.62,5.0
0002567,0001677,0000094,2026-04-25 21:50:00,49000,0,49000,0,36.2,38.8,-2.6,0,2.39,5.0
0002568,0002808,0000058,2026-04-26 12:08:00,25600,0,25600,0,32.7,31.4,1.3,1,8.53,5.0
0002569,0002103,0000013,2026-04-26 11:37:00,46900,0,46900,0,36.5,34.7,1.8,1,8.44,5.0
0002570,0001646,0000037,2026-04-26 19:10:49,44700,0,44700,0,34.1,32.4,1.7,1,13.37,5.0
0002571,0002414,0000090,2026-04-26 20:08:00,24300,0,24300,0,27.5,31.2,-3.7,0,1.84,5.0
0002572,0001973,0000020,2026-04-26 21:14:00,86300,0,86300,0,45.2,43.9,1.3,1,2.15,5.0
0002573,0003638,0000077,2026-04-27 14:05:00,74700,0,74700,0,32.5,31.0,1.5,1,11.55,5.0
0002574,0004101,0000077,2026-04-27 19:04:00,25100,0,25100,0,35.2,28.0,7.2,1,0.51,5.0
0002575,0000581,0000050,2026-04-27 19:51:00,84300,0,84300,0,38.8,36.0,2.8,1,6.65,5.0
0002576,0003780,0000072,2026-04-27 20:06:00,60100,0,60100,0,37.8,40.2,-2.4,0,1.82,5.0
0002577,0003932,0000066,2026-04-28 11:14:00,18900,0,18900,0,33.6,29.9,3.7,1,12.65,5.0
0002578,0004368,0000085,2026-04-28 12:45:00,29600,0,29600,0,29.8,30.0,-0.2,0,8.27,5.0
0002579,0001443,0000037,2026-04-28 14:03:00,87500,0,87500,0,34.4,31.3,3.1,1,18.58,5.0
0002580,0004219,0000014,2026-04-28 12:31:00,80600,0,80600,0,25.9,29.1,-3.2,0,11.97,5.0
0002581,0000754,0000049,2026-04-29 10:18:00,35300,0,35300,0,36.2,35.4,0.8,1,1.05,4.0
0002582,0003003,0000031,2026-04-29 14:49:00,7900,0,7900,0,34.6,32.1,2.5,1,5.37,5.0
0002583,0002911,0000010,2026-04-29 20:41:00,66100,0,66100,0,38.3,34.9,3.4,1,1.66,5.0
0002584,0000084,0000062,2026-04-30 15:24:00,79100,0,79100,0,45.3,42.7,2.6,1,1.33,5.0
0002585,0001321,0000046,2026-04-30 13:25:00,19600,500,19100,1,38.3,28.3,10.0,1,3.26,5.0
0002586,0000091,0000008,2026-04-30 19:48:00,43600,0,43600,0,27.8,27.8,0.0,0,1.3,5.0
0002587,0002192,0000027,2026-04-30 21:04:00,82400,0,82400,0,30.7,29.7,1.0,1,3.7,5.0
0002588,0001578,0000026,2026-05-01 12:21:00,60500,0,60500,0,30.8,31.2,-0.4,0,8.13,5.0
0002589,0003143,0000001,2026-05-01 14:17:00,57600,0,57600,0,27.9,29.6,-1.7,0,14.34,4.0
0002590,0001071,0000084,2026-05-01 16:51:00,10000,0,10000,0,36.9,39.0,-2.1,0,6.39,5.0
0002591,0003581,0000066,2026-05-02 13:24:00,10400,0,10400,0,38.5,36.2,2.3,1,6.73,5.0
0002592,0001594,0000094,2026-05-03 18:58:00,19400,0,19400,0,28.9,29.0,-0.1,0,0.77,5.0
0002593,0003599,0000084,2026-05-04 10:32:00,34100,0,34100,0,41.0,39.3,1.7,1,6.47,5.0
0002594,0004782,0000065,2026-05-06 15:04:00,55400,0,55400,0,30.2,34.8,-4.6,0,1.15,5.0
0002595,0000714,0000090,2026-05-07 00:52:00,25800,0,25800,0,29.3,28.0,1.3,1,0.51,5.0
0002596,0003549,0000010,2026-05-07 17:18:00,24900,0,24900,0,38.1,36.9,1.2,1,13.27,5.0
0002597,0000313,0000031,2026-05-07 20:02:00,32700,0,32700,0,30.3,29.0,1.3,1,16.88,5.0
0002598,0000392,0000031,2026-05-07 20:45:00,96000,0,96000,0,31.1,33.2,-2.1,0,6.39,3.0
0002599,0002831,0000095,2026-05-07 19:46:00,92800,0,92800,0,43.3,44.0,-0.7,0,9.39,5.0
0002600,0001895,0000095,2026-05-08 11:26:00,75700,0,75700,0,38.2,34.6,3.6,1,8.91,5.0
0002601,0002089,0000078,2026-05-08 12:14:00,98200,0,98200,0,28.9,31.4,-2.5,0,7.39,5.0
0002602,0003979,0000014,2026-05-09 10:24:00,96900,0,96900,0,34.1,33.8,0.3,1,8.71,5.0
0002603,0003820,0000084,2026-05-09 11:11:00,27800,0,27800,0,33.6,30.8,2.8,1,1.39,5.0
0002604,0001758,0000046,2026-05-09 13:03:00,34700,0,34700,0,31.2,31.9,-0.7,0,1.02,5.0
0002605,0001863,0000001,2026-05-09 19:42:00,24700,0,24700,0,32.5,34.2,-1.7,0,1.42,5.0
0002606,0001911,0000001,2026-05-10 15:28:00,32900,0,32900,0,39.1,37.2,1.9,1,6.16,5.0
0002607,0001861,0000025,2026-05-10 21:08:00,94300,0,94300,0,36.9,39.4,-2.5,0,11.53,5.0
0002608,0004199,0000027,2026-05-11 13:12:00,58100,0,58100,0,31.5,32.1,-0.6,0,2.94,5.0
0002609,0003065,0000069,2026-05-11 15:12:00,96300,0,96300,0,30.1,32.4,-2.3,0,13.54,5.0
0002610,0001640,0000078,2026-05-11 18:26:00,20100,0,20100,0,30.4,33.8,-3.4,0,6.12,5.0
0002611,0000206,0000045,2026-05-11 18:49:00,15900,0,15900,0,38.7,44.6,-5.9,0,11.43,4.0
0002612,0004149,0000084,2026-05-11 22:42:00,25000,0,25000,0,34.3,34.5,-0.2,0,2.69,5.0
0002613,0001553,0000065,2026-05-12 14:30:00,51000,0,51000,0,30.7,29.8,0.9,1,11.06,5.0
0002614,0000096,0000073,2026-05-12 21:56:00,44200,0,44200,0,32.2,32.8,-0.6,0,8.01,5.0
0002615,0000746,0000077,2026-05-12 21:46:00,12400,0,12400,0,49.5,48.0,1.5,1,11.58,5.0
0002616,0005094,0000033,2026-05-12 23:35:00,56600,0,56600,0,32.4,31.0,1.4,1,1.96,1.0
0002617,0000779,0000088,2026-05-13 22:28:00,40800,0,40800,0,35.5,39.6,-4.1,0,10.41,5.0
0002618,0001340,0000066,2026-05-14 10:13:00,11600,0,11600,0,36.6,32.3,4.3,1,1.32,5.0
0002619,0002132,0000007,2026-05-14 17:24:00,55300,0,55300,0,36.9,33.4,3.5,1,14.87,5.0
0002620,0000727,0000055,2026-05-14 19:36:00,48100,0,48100,0,38.0,39.8,-1.8,0,17.32,5.0
0002621,0001394,0000049,2026-05-15 11:18:00,78700,0,78700,0,33.2,35.4,-2.2,0,1.91,5.0
0002622,0005041,0000066,2026-05-15 10:49:00,31700,0,31700,0,22.2,28.6,-6.4,0,6.76,5.0
0002623,0001918,0000020,2026-05-15 12:44:00,77900,0,77900,0,32.1,29.9,2.2,1,11.98,3.0
0002624,0004268,0000069,2026-05-15 12:57:00,50900,0,50900,0,28.8,33.1,-4.3,0,16.18,5.0
0002625,0001859,0000046,2026-05-15 16:03:00,52800,2000,50800,1,25.5,19.5,6.0,1,9.44,5.0
0002626,0000370,0000094,2026-05-15 17:53:00,50900,0,50900,0,38.1,37.1,1.0,1,13.59,5.0
0002627,0001219,0000048,2026-05-15 20:13:00,79400,0,79400,0,39.0,37.9,1.1,1,12.71,5.0
0002628,0001575,0000001,2026-05-15 21:18:00,92900,0,92900,0,40.8,35.3,5.5,1,12.89,5.0
0002629,0004823,0000045,2026-05-16 14:04:00,66400,0,66400,0,28.6,29.0,-0.4,0,7.26,5.0
0002630,0001806,0000001,2026-05-16 15:01:00,56900,0,56900,0,31.6,31.3,0.3,1,7.82,5.0
0002631,0005280,0000073,2026-05-16 15:33:00,35000,1000,34000,1,32.9,28.9,4.0,1,7.34,5.0
0002632,0001729,0000033,2026-05-16 18:12:00,44200,0,44200,0,31.0,31.4,-0.4,0,7.63,5.0
0002633,0002171,0000057,2026-05-16 18:56:00,35600,0,35600,0,39.2,37.6,1.6,1,16.83,5.0
0002634,0003485,0000069,2026-05-16 18:16:00,64600,0,64600,0,37.9,34.1,3.8,1,14.8,5.0
0002635,0001406,0000026,2026-05-17 15:45:00,74200,0,74200,0,37.6,38.4,-0.8,0,9.46,4.0
0002636,0001237,0000046,2026-05-18 00:55:00,91900,0,91900,0,25.7,28.1,-2.4,0,1.35,5.0
0002637,0001627,0000072,2026-05-18 09:11:00,7700,500,7200,1,29.1,17.3,11.8,1,6.66,5.0
0002638,0001382,0000049,2026-05-18 15:57:00,42600,0,42600,0,38.4,36.1,2.3,1,1.0,5.0
0002639,0004455,0000050,2026-05-18 17:38:00,95300,0,95300,0,31.9,34.6,-2.7,0,7.46,5.0
0002640,0000216,0000057,2026-05-18 17:55:00,37400,0,37400,0,27.6,29.5,-1.9,0,18.46,5.0
0002641,0002849,0000025,2026-05-18 18:55:00,96900,0,96900,0,34.4,31.6,2.8,1,2.48,5.0
0002642,0004731,0000008,2026-05-19 17:17:00,66300,0,66300,0,29.5,31.2,-1.7,0,5.71,5.0
0002643,0000997,0000031,2026-05-19 16:01:00,13500,0,13500,0,32.4,31.8,0.6,1,5.82,5.0
0002644,0002508,0000069,2026-05-20 09:19:00,48400,0,48400,0,32.6,35.0,-2.4,0,14.19,1.0
0002645,0002910,0000055,2026-05-20 10:01:00,28500,0,28500,0,29.8,29.0,0.8,1,6.48,5.0
0002646,0004233,0000062,2026-05-20 12:18:00,81600,0,81600,0,43.0,37.8,5.2,1,1.99,5.0
0002647,0004238,0000014,2026-05-21 12:05:00,39800,0,39800,0,25.3,30.2,-4.9,0,2.31,5.0
0002648,0003029,0000042,2026-05-21 13:03:00,40500,0,40500,0,34.0,36.2,-2.2,0,12.22,5.0
0002649,0001577,0000028,2026-05-21 11:28:00,42000,0,42000,0,38.4,37.4,1.0,1,12.44,5.0
0002650,0002923,0000057,2026-05-21 15:39:00,76200,0,76200,0,37.7,34.7,3.0,1,6.78,5.0
0002651,0001052,0000048,2026-05-21 16:32:00,90000,0,90000,0,34.4,34.8,-0.4,0,8.48,5.0
0002652,0004099,0000026,2026-05-21 18:35:00,79400,0,79400,0,33.5,33.0,0.5,1,10.49,5.0
0002653,0003696,0000094,2026-05-22 15:50:00,74800,0,74800,0,30.8,30.7,0.1,1,7.27,5.0
0002654,0004058,0000037,2026-05-23 11:23:00,32500,0,32500,0,31.1,31.0,0.1,1,0.51,5.0
0002655,0005059,0000062,2026-05-23 13:34:00,26900,0,26900,0,31.3,34.6,-3.3,0,18.1,5.0
0002656,0003902,0000090,2026-05-23 21:21:00,28400,0,28400,0,40.7,43.0,-2.3,0,17.84,5.0
0002657,0004932,0000048,2026-05-24 10:26:00,25000,0,25000,0,22.8,28.9,-6.1,0,6.26,5.0
0002658,0005288,0000058,2026-05-24 10:09:00,53200,2000,51200,1,32.8,18.8,14.0,1,7.82,5.0
0002659,0000273,0000057,2026-05-24 18:22:00,35500,0,35500,0,34.7,35.2,-0.5,0,8.36,5.0
0002660,0000528,0000055,2026-05-24 21:28:00,61800,0,61800,0,35.2,32.9,2.3,1,7.94,5.0
0002661,0002464,0000065,2026-05-25 10:59:00,38000,0,38000,0,42.2,41.4,0.8,1,8.22,5.0
0002662,0000860,0000013,2026-05-25 12:03:00,61000,0,61000,0,31.0,31.8,-0.8,0,7.02,5.0
0002663,0004017,0000010,2026-05-25 17:46:00,11800,0,11800,0,36.7,34.0,2.7,1,0.79,5.0
0002664,0002072,0000077,2026-05-25 22:03:00,18000,0,18000,0,29.4,32.4,-3.0,0,1.18,5.0
0002665,0003328,0000049,2026-05-25 21:27:00,45100,0,45100,0,37.0,35.8,1.2,1,1.91,5.0
0002666,0001187,0000008,2026-05-26 11:47:00,63000,0,63000,0,30.6,35.4,-4.8,0,14.08,5.0
0002667,0004562,0000031,2026-05-26 15:13:00,9700,0,9700,0,26.3,30.9,-4.6,0,6.0,5.0
0002668,0002829,0000090,2026-05-26 19:41:00,83900,0,83900,0,35.1,37.6,-2.5,0,0.79,5.0
0002669,0000576,0000050,2026-05-27 14:26:00,12300,0,12300,0,34.1,31.0,3.1,1,6.38,4.0
0002670,0003760,0000078,2026-05-27 15:35:00,73800,0,73800,0,29.6,30.8,-1.2,0,14.57,5.0
0002671,0004769,0000077,2026-05-27 15:27:00,65300,0,65300,0,26.6,27.3,-0.7,0,15.33,5.0
0002672,0001697,0000088,2026-05-27 19:18:00,17800,0,17800,0,26.7,28.2,-1.5,0,11.12,5.0
0002673,0003491,0000077,2026-05-27 19:42:00,98800,0,98800,0,31.8,31.4,0.4,1,14.22,3.0
0002674,0004436,0000025,2026-05-28 18:21:00,57400,0,57400,0,41.4,40.5,0.9,1,13.01,5.0
0002675,0003645,0000010,2026-05-28 20:31:00,64200,0,64200,0,30.7,31.6,-0.9,0,10.52,5.0
0002676,0003593,0000013,2026-05-28 21:37:00,40600,0,40600,0,33.2,36.2,-3.0,0,1.35,5.0
0002677,0004250,0000058,2026-05-29 16:38:00,15300,0,15300,0,32.5,34.0,-1.5,0,2.7,4.0
0002678,0001650,0000095,2026-05-29 14:57:00,93700,0,93700,0,28.6,32.8,-4.2,0,3.08,5.0
0002679,0002689,0000055,2026-05-29 21:12:00,93400,5000,88400,1,38.6,24.7,13.9,1,18.58,5.0
0002680,0004116,0000025,2026-05-29 21:44:00,98900,0,98900,0,27.5,32.2,-4.7,0,8.44,5.0
0002681,0003634,0000020,2026-05-30 11:49:00,31600,0,31600,0,36.1,32.4,3.7,1,14.27,3.0
0002682,0003329,0000066,2026-05-30 12:33:00,26300,0,26300,0,30.8,35.9,-5.1,0,0.97,5.0
0002683,0000207,0000049,2026-06-01 11:05:00,63700,0,63700,0,34.2,29.1,5.1,1,13.55,4.0
0002684,0005079,0000029,2026-06-01 11:09:00,8100,0,8100,0,27.0,29.4,-2.4,0,14.93,5.0
0002685,0003670,0000072,2026-06-01 13:52:00,92100,0,92100,0,36.9,40.2,-3.3,0,6.3,5.0
0002686,0003860,0000007,2026-06-01 17:40:00,47900,0,47900,0,28.9,30.0,-1.1,0,14.73,5.0
0002687,0002816,0000013,2026-06-01 18:05:00,71600,0,71600,0,33.2,37.3,-4.1,0,7.76,5.0
0002688,0000067,0000042,2026-06-01 19:52:00,84900,0,84900,0,37.5,38.2,-0.7,0,9.6,5.0
0002689,0003963,0000062,2026-06-01 19:14:00,82700,0,82700,0,29.9,34.9,-5.0,0,17.38,4.0
0002690,0000485,0000045,2026-06-01 20:37:00,46100,0,46100,0,31.5,33.5,-2.0,0,7.39,5.0
0002691,0001175,0000037,2026-06-02 09:22:00,11900,0,11900,0,27.3,30.3,-3.0,0,15.69,5.0
0002692,0000303,0000068,2026-06-02 11:56:00,41600,0,41600,0,24.8,29.1,-4.3,0,1.02,5.0
0002693,0004870,0000014,2026-06-02 12:57:00,99900,0,99900,0,41.5,38.3,3.2,1,2.64,5.0
0002694,0000651,0000078,2026-06-02 13:02:00,24300,0,24300,0,39.2,42.1,-2.9,0,4.07,5.0
0002695,0004089,0000062,2026-06-02 14:16:00,28400,0,28400,0,35.0,35.1,-0.1,0,10.11,5.0
0002696,0004627,0000050,2026-06-02 18:11:00,71000,0,71000,0,31.7,30.4,1.3,1,0.84,5.0
0002697,0003029,0000049,2026-06-02 18:36:00,72300,0,72300,0,38.9,39.5,-0.6,0,14.7,5.0
0002698,0000510,0000028,2026-06-02 17:59:00,24500,0,24500,0,25.5,29.0,-3.5,0,12.0,4.0
0002699,0004761,0000090,2026-06-02 21:42:00,15000,0,15000,0,29.2,30.8,-1.6,0,12.98,5.0
0002700,0000574,0000058,2026-06-02 20:33:00,99600,0,99600,0,37.8,32.1,5.7,1,8.61,5.0
0002701,0001176,0000058,2026-06-03 14:27:00,7800,0,7800,0,35.2,36.0,-0.8,0,2.26,5.0
0002702,0002718,0000025,2026-06-03 14:24:00,26400,0,26400,0,32.8,33.2,-0.4,0,8.0,5.0
0002703,0002263,0000057,2026-06-03 18:49:00,29600,0,29600,0,39.1,32.5,6.6,1,8.95,5.0
0002704,0004741,0000033,2026-06-03 19:17:00,47900,0,47900,0,36.3,34.2,2.1,1,8.68,5.0
0002705,0002161,0000040,2026-06-03 19:39:00,28700,0,28700,0,28.8,32.1,-3.3,0,14.28,3.0
0002706,0004025,0000037,2026-06-03 22:34:00,79900,0,79900,0,29.0,32.1,-3.1,0,1.74,5.0
0002707,0004395,0000066,2026-06-04 11:09:00,87300,0,87300,0,27.7,32.7,-5.0,0,8.33,3.0
0002708,0001402,0000014,2026-06-05 11:39:00,77400,0,77400,0,35.3,33.6,1.7,1,1.55,5.0
0002709,0003323,0000026,2026-06-05 10:53:00,38500,0,38500,0,33.8,29.7,4.1,1,10.79,5.0
0002710,0004501,0000094,2026-06-05 10:32:00,79900,0,79900,0,30.9,37.5,-6.6,0,7.27,5.0
0002711,0003097,0000065,2026-06-05 14:43:00,47000,0,47000,0,36.8,33.9,2.9,1,13.02,5.0
0002712,0002500,0000073,2026-06-05 20:06:00,39300,0,39300,0,39.9,38.1,1.8,1,9.39,5.0
0002713,0001903,0000008,2026-06-05 23:22:00,47700,0,47700,0,31.3,30.6,0.7,1,2.1,5.0
0002714,0001256,0000055,2026-06-06 12:02:00,36700,0,36700,0,34.7,35.2,-0.5,0,9.53,1.0
0002715,0004464,0000008,2026-06-06 10:56:00,52400,0,52400,0,36.8,33.6,3.2,1,3.9,5.0
0002716,0003185,0000072,2026-06-06 16:19:00,52500,0,52500,0,34.1,30.9,3.2,1,7.14,5.0
0002717,0000621,0000029,2026-06-06 18:48:00,60700,0,60700,0,34.9,35.0,-0.1,0,12.04,5.0
0002718,0001192,0000033,2026-06-07 00:43:00,50300,0,50300,0,32.8,30.5,2.3,1,11.16,3.0
0002719,0003499,0000072,2026-06-07 12:16:00,85400,0,85400,0,36.9,33.7,3.2,1,6.32,5.0
0002720,0001904,0000007,2026-06-07 11:04:00,54700,0,54700,0,27.6,31.4,-3.8,0,9.89,5.0
0002721,0004914,0000055,2026-06-07 10:54:00,62500,0,62500,0,20.9,26.3,-5.4,0,0.07,5.0
0002722,0000264,0000078,2026-06-07 11:22:00,79600,0,79600,0,29.2,32.2,-3.0,0,5.65,4.0
0002723,0005249,0000094,2026-06-07 19:48:00,87600,0,87600,0,37.1,35.9,1.2,1,15.8,4.0
0002724,0000494,0000001,2026-06-08 10:47:00,19200,0,19200,0,33.1,37.2,-4.1,0,1.74,5.0
0002725,0004945,0000084,2026-06-08 16:59:00,30000,1000,29000,1,36.5,22.6,13.9,1,12.58,3.0
0002726,0000549,0000026,2026-06-08 20:55:00,39500,0,39500,0,41.1,37.4,3.7,1,8.91,5.0
0002727,0004719,0000068,2026-06-09 10:26:00,14700,0,14700,0,32.5,31.1,1.4,1,3.22,5.0
0002728,0003120,0000089,2026-06-09 21:01:00,38400,1000,37400,1,38.0,33.1,4.9,1,9.02,5.0
0002729,0003433,0000055,2026-06-10 09:59:00,36900,0,36900,0,29.5,31.0,-1.5,0,2.03,5.0
0002730,0004709,0000048,2026-06-10 15:47:00,36500,0,36500,0,27.9,27.9,0.0,0,7.93,5.0
0002731,0002078,0000057,2026-06-10 18:25:00,99400,0,99400,0,29.4,34.5,-5.1,0,18.16,5.0
0002732,0001600,0000020,2026-06-10 16:47:00,92000,0,92000,0,32.9,34.2,-1.3,0,2.4,5.0
0002733,0001394,0000013,2026-06-10 21:27:00,74300,0,74300,0,35.2,33.4,1.8,1,8.26,5.0
0002734,0003767,0000057,2026-06-11 11:34:00,34300,0,34300,0,29.5,27.8,1.7,1,7.81,5.0
0002735,0005329,0000094,2026-06-11 13:36:00,20600,0,20600,0,35.7,34.6,1.1,1,2.79,5.0
0002736,0000841,0000020,2026-06-12 18:01:00,35100,0,35100,0,33.7,30.9,2.8,1,17.39,5.0
0002737,0002786,0000007,2026-06-13 09:02:00,84800,0,84800,0,33.1,34.2,-1.1,0,3.49,5.0
0002738,0003012,0000094,2026-06-13 10:55:00,26000,0,26000,0,27.3,33.3,-6.0,0,8.45,5.0
0002739,0005155,0000007,2026-06-13 13:17:00,11600,0,11600,0,44.4,43.4,1.0,1,7.05,4.0
0002740,0000682,0000008,2026-06-13 19:38:00,22100,0,22100,0,39.5,42.5,-3.0,0,14.22,5.0
0002741,0000075,0000050,2026-06-13 21:42:00,63900,0,63900,0,41.6,42.5,-0.9,0,7.85,5.0
0002742,0001264,0000088,2026-06-14 12:39:00,54200,0,54200,0,31.5,31.7,-0.2,0,9.03,3.0
0002743,0005304,0000058,2026-06-14 13:55:00,52900,0,52900,0,43.9,43.2,0.7,1,6.17,5.0
0002744,0003593,0000013,2026-06-14 18:12:00,10400,0,10400,0,43.1,37.0,6.1,1,14.27,5.0
0002745,0003953,0000025,2026-06-14 19:13:00,85600,0,85600,0,38.6,39.7,-1.1,0,12.6,5.0
0002746,0000631,0000029,2026-06-14 23:50:00,25000,0,25000,0,33.2,39.4,-6.2,0,0.91,4.0
0002747,0002686,0000078,2026-06-14 23:54:00,31300,0,31300,0,30.7,32.2,-1.5,0,2.75,3.0
0002748,0004577,0000085,2026-06-15 10:19:00,24100,0,24100,0,30.2,31.0,-0.8,0,9.32,5.0
0002749,0003714,0000020,2026-06-16 10:29:00,67100,0,67100,0,27.8,28.7,-0.9,0,19.05,5.0
0002750,0001851,0000056,2026-06-16 15:15:00,59900,0,59900,0,32.5,33.8,-1.3,0,1.78,5.0
0002751,0002736,0000077,2026-06-17 11:18:00,57100,0,57100,0,31.0,35.0,-4.0,0,2.6,5.0
0002752,0000799,0000026,2026-06-17 15:42:00,81500,0,81500,0,30.8,32.8,-2.0,0,10.05,4.0
0002753,0001812,0000001,2026-06-18 12:12:00,89400,0,89400,0,28.5,28.8,-0.3,0,8.86,1.0
0002754,0004156,0000037,2026-06-18 12:38:00,72500,0,72500,0,33.1,32.6,0.5,1,13.07,5.0
0002755,0003218,0000010,2026-06-18 19:01:00,13200,0,13200,0,26.7,27.0,-0.3,0,14.5,3.0
0002756,0000445,0000094,2026-06-19 10:06:00,14900,0,14900,0,23.6,28.1,-4.5,0,1.63,5.0
0002757,0001845,0000078,2026-06-19 18:24:00,30700,1000,29700,1,33.2,18.9,14.3,1,4.49,5.0
0002758,0004389,0000033,2026-06-20 17:26:00,58300,0,58300,0,37.7,41.0,-3.3,0,7.8,5.0
0002759,0003159,0000094,2026-06-20 21:57:00,16900,0,16900,0,47.1,43.6,3.5,1,8.09,5.0
0002760,0004799,0000037,2026-06-21 13:43:58,32100,0,32100,0,33.5,32.7,0.8,1,2.55,5.0
0002761,0005368,0000001,2026-06-21 12:02:00,80600,0,80600,0,36.5,32.7,3.8,1,7.92,5.0
0002762,0003872,0000068,2026-06-21 15:17:00,73700,0,73700,0,33.7,34.8,-1.1,0,10.28,5.0
0002763,0005284,0000007,2026-06-21 18:14:00,90400,0,90400,0,40.9,37.8,3.1,1,8.44,4.0
0002764,0000982,0000007,2026-06-22 00:25:00,48600,0,48600,0,36.3,35.4,0.9,1,9.01,4.0
0002765,0003003,0000084,2026-06-22 17:28:00,79300,0,79300,0,34.6,30.9,3.7,1,2.51,5.0
0002766,0000423,0000089,2026-06-22 20:43:00,71200,0,71200,0,29.6,32.8,-3.2,0,9.39,5.0
0002767,0000887,0000013,2026-06-22 22:32:00,70200,0,70200,0,35.2,41.5,-6.3,0,5.0,5.0
0002768,0001011,0000027,2026-06-22 22:44:00,59000,0,59000,0,37.9,41.5,-3.6,0,4.6,4.0
0002769,0005324,0000056,2026-06-23 11:59:00,32200,1000,31200,1,33.6,36.6,-3.0,0,8.12,5.0
0002770,0003637,0000010,2026-06-23 12:26:00,61400,0,61400,0,24.7,27.2,-2.5,0,11.08,5.0
0002771,0002140,0000014,2026-06-23 17:44:00,11300,0,11300,0,34.1,32.8,1.3,1,8.27,5.0
0002772,0001912,0000028,2026-06-23 21:56:00,52900,0,52900,0,41.7,38.2,3.5,1,11.28,1.0
0002773,0001949,0000078,2026-06-23 22:25:00,18900,0,18900,0,41.8,38.1,3.7,1,16.18,5.0
0002774,0003988,0000001,2026-06-24 11:27:00,66100,0,66100,0,32.0,31.6,0.4,1,0.85,5.0
0002775,0004256,0000065,2026-06-24 18:18:00,10300,0,10300,0,37.5,38.0,-0.5,0,9.8,5.0
0002776,0003361,0000095,2026-06-25 02:59:00,88100,0,88100,0,34.2,34.6,-0.4,0,14.65,5.0
0002777,0004719,0000027,2026-06-25 12:03:00,50700,0,50700,0,36.6,34.8,1.8,1,19.68,5.0
0002778,0001589,0000010,2026-06-25 12:09:00,66000,0,66000,0,38.9,38.3,0.6,1,17.34,5.0
0002779,0003122,0000019,2026-06-25 16:24:00,77900,0,77900,0,38.5,36.1,2.4,1,14.64,5.0
0002780,0003771,0000077,2026-06-25 20:04:00,97500,0,97500,0,37.2,33.2,4.0,1,12.08,3.0
0002781,0000467,0000028,2026-06-26 13:25:00,38600,0,38600,0,34.6,34.1,0.5,1,6.65,5.0
0002782,0002671,0000069,2026-06-26 14:22:00,9500,0,9500,0,39.9,38.4,1.5,1,9.77,5.0
0002783,0001362,0000050,2026-06-26 14:26:00,38800,0,38800,0,40.2,35.2,5.0,1,9.67,5.0
0002784,0002808,0000029,2026-06-26 18:13:00,31500,0,31500,0,32.8,30.2,2.6,1,1.06,5.0
0002785,0003357,0000050,2026-06-26 19:38:00,52200,0,52200,0,32.9,34.7,-1.8,0,17.01,5.0
0002786,0000701,0000026,2026-06-26 18:51:00,78500,0,78500,0,32.9,36.6,-3.7,0,8.27,5.0
0002787,0003932,0000077,2026-06-27 19:05:00,24500,0,24500,0,31.0,30.8,0.2,1,13.15,3.0
0002788,0005295,0000085,2026-06-27 20:19:00,90000,0,90000,0,38.7,36.5,2.2,1,6.62,5.0
0002789,0000255,0000001,2026-06-27 23:28:00,92800,0,92800,0,30.3,29.6,0.7,1,6.63,5.0
0002790,0003073,0000057,2026-06-28 10:51:00,97400,0,97400,0,30.9,33.3,-2.4,0,9.6,5.0
0002791,0001076,0000069,2026-06-28 11:08:00,13800,0,13800,0,23.5,29.5,-6.0,0,5.54,5.0
0002792,0002766,0000042,2026-06-28 18:38:00,99500,0,99500,0,31.0,31.2,-0.2,0,14.51,5.0
0002793,0000797,0000031,2026-06-28 22:28:00,73700,0,73700,0,37.3,38.0,-0.7,0,0.59,5.0
0002794,0003844,0000050,2026-06-29 10:22:00,7400,0,7400,0,33.4,33.8,-0.4,0,0.87,1.0
0002795,0002832,0000065,2026-06-29 12:12:00,88600,0,88600,0,29.5,27.8,1.7,1,6.02,5.0
0002796,0001095,0000050,2026-06-29 16:51:00,24000,0,24000,0,32.6,29.1,3.5,1,6.77,5.0
0002797,0003808,0000065,2026-06-29 19:37:00,69300,0,69300,0,36.0,34.0,2.0,1,1.94,5.0
0002798,0001270,0000013,2026-06-29 18:58:00,88000,0,88000,0,26.3,31.1,-4.8,0,11.33,5.0
0002799,0002005,0000025,2026-06-29 21:57:00,53700,0,53700,0,42.8,42.2,0.6,1,6.21,5.0
0002800,0002784,0000040,2026-06-29 21:07:00,81100,0,81100,0,36.9,32.5,4.4,1,14.51,5.0
0002801,0000559,0000084,2026-06-29 22:38:00,16400,0,16400,0,34.3,32.4,1.9,1,5.57,5.0
0002802,0000725,0000025,2026-06-29 23:49:00,54300,0,54300,0,26.2,34.0,-7.8,0,3.15,5.0
0002803,0002586,0000072,2026-06-30 19:20:00,78700,0,78700,0,44.2,39.5,4.7,1,17.96,5.0
0002804,0002981,0000078,2026-06-30 21:35:00,27900,0,27900,0,32.1,33.7,-1.6,0,7.5,5.0
0002805,0004728,0000020,2026-06-30 20:20:00,83000,0,83000,0,35.5,29.7,5.8,1,1.55,5.0
0002806,0003509,0000029,2026-06-30 19:17:00,86400,0,86400,0,32.5,33.8,-1.3,0,12.59,5.0
0002807,0000022,0000002,2023-07-02 13:55:00,82700,0,82700,0,35.6,36.7,-1.1,0,0.47,5.0
0002808,0000116,0000004,2023-07-02 23:01:00,95100,0,95100,0,28.6,29.9,-1.3,0,7.95,5.0
0002809,0000091,0000002,2023-07-04 20:59:00,46100,0,46100,0,31.2,29.4,1.8,1,3.63,4.0
0002810,0000032,0000016,2023-07-07 17:44:00,94800,0,94800,0,29.2,32.8,-3.6,0,0.42,5.0
0002811,0000143,0000002,2023-07-09 22:21:00,89600,5000,84600,1,27.5,25.0,2.5,1,3.95,5.0
0002812,0000154,0000021,2023-07-10 10:17:00,10400,500,9900,1,20.7,30.0,-9.3,0,9.7,5.0
0002813,0000103,0000070,2023-07-10 10:35:00,88600,0,88600,0,36.7,35.6,1.1,1,6.51,5.0
0002814,0000165,0000022,2023-07-10 11:03:00,71900,5000,66900,1,41.5,43.8,-2.3,0,2.86,5.0
0002815,0000150,0000016,2023-07-13 16:32:00,40300,0,40300,0,34.2,31.2,3.0,1,4.94,5.0
0002816,0000166,0000017,2023-07-14 23:25:00,86100,5000,81100,1,37.5,34.1,3.4,1,5.71,4.0
0002817,0000008,0000100,2023-07-15 14:31:00,13100,0,13100,0,34.8,30.6,4.2,1,0.42,5.0
0002818,0000090,0000070,2023-07-17 15:04:00,81400,5000,76400,1,32.7,38.6,-5.9,0,0.78,5.0
0002819,0000029,0000017,2023-07-17 19:37:00,83500,0,83500,0,33.4,34.9,-1.5,0,6.59,5.0
0002820,0000119,0000096,2023-07-17 20:27:00,77700,0,77700,0,40.6,41.2,-0.6,0,0.62,5.0
0002821,0000150,0000002,2023-07-19 17:51:00,61800,0,61800,0,30.5,31.1,-0.6,0,0.43,5.0
0002822,0000029,0000022,2023-07-20 20:40:00,56000,0,56000,0,32.9,31.8,1.1,1,8.02,5.0
0002823,0000166,0000087,2023-07-20 18:45:00,11200,0,11200,0,34.2,33.5,0.7,1,4.43,3.0
0002824,0000220,0000017,2023-07-21 19:15:00,95300,5000,90300,1,29.2,32.4,-3.2,0,0.22,5.0
0002825,0000213,0000032,2023-07-26 20:44:00,11400,500,10900,1,43.6,34.1,9.5,1,6.27,5.0
0002826,0000166,0000071,2023-07-27 13:27:00,15100,0,15100,0,25.9,29.0,-3.1,0,2.66,5.0
0002827,0000071,0000086,2023-07-28 00:44:00,54600,0,54600,0,30.9,31.8,-0.9,0,8.15,5.0
0002828,0000065,0000093,2023-07-29 09:51:00,60700,0,60700,0,34.0,35.3,-1.3,0,1.98,5.0
0002829,0000250,0000016,2023-08-01 16:59:00,37600,0,37600,0,34.5,35.3,-0.8,0,6.42,3.0
0002830,0000003,0000022,2023-08-02 11:13:00,25300,0,25300,0,25.4,24.5,0.9,1,4.13,5.0
0002831,0000055,0000093,2023-08-03 16:43:00,79100,0,79100,0,32.7,31.0,1.7,1,1.8,5.0
0002832,0000078,0000017,2023-08-04 20:07:00,67600,0,67600,0,32.1,30.7,1.4,1,0.64,5.0
0002833,0000030,0000021,2023-08-04 20:20:00,15500,0,15500,0,26.2,30.6,-4.4,0,1.7,5.0
0002834,0000060,0000053,2023-08-06 10:45:00,44200,0,44200,0,21.8,26.4,-4.6,0,4.72,5.0
0002835,0000302,0000093,2023-08-06 18:51:00,92700,5000,87700,1,26.4,34.7,-8.3,0,3.24,5.0
0002836,0000211,0000012,2023-08-07 07:27:00,28300,0,28300,0,31.0,35.4,-4.4,0,4.57,5.0
0002837,0000194,0000076,2023-08-07 14:52:00,53700,2000,51700,1,33.6,42.7,-9.1,0,5.26,5.0
0002838,0000245,0000071,2023-08-08 10:31:00,87800,0,87800,0,23.7,29.2,-5.5,0,3.26,5.0
0002839,0000319,0000022,2023-08-08 18:27:00,97700,5000,92700,1,35.2,36.0,-0.8,0,11.56,5.0
0002840,0000184,0000032,2023-08-11 17:51:00,68700,0,68700,0,31.6,30.6,1.0,1,7.11,5.0
0002841,0000238,0000087,2023-08-14 11:55:00,47400,0,47400,0,39.0,39.5,-0.5,0,4.43,4.0
0002842,0000298,0000002,2023-08-16 09:33:00,47500,2000,45500,1,38.1,40.2,-2.1,0,10.6,5.0
0002843,0000092,0000070,2023-08-17 17:02:00,78100,0,78100,0,24.0,26.0,-2.0,0,4.67,5.0
0002844,0000096,0000096,2023-08-20 11:53:00,58200,0,58200,0,28.4,24.8,3.6,1,6.68,5.0
0002845,0000105,0000016,2023-08-23 20:57:00,65300,0,65300,0,37.9,37.5,0.4,1,7.25,5.0
0002846,0000154,0000022,2023-08-27 22:34:00,10300,0,10300,0,24.7,29.4,-4.7,0,5.78,5.0
0002847,0000221,0000096,2023-08-28 15:59:00,70300,0,70300,0,30.1,26.4,3.7,1,6.24,5.0
0002848,0000232,0000002,2023-09-03 21:56:00,55600,0,55600,0,33.3,36.2,-2.9,0,5.7,5.0
0002849,0000319,0000060,2023-09-06 20:13:00,32500,0,32500,0,28.0,31.8,-3.8,0,7.81,5.0
0002850,0000363,0000017,2023-09-07 16:20:00,69400,0,69400,0,26.2,26.4,-0.2,0,6.05,5.0
0002851,0000297,0000022,2023-09-08 18:35:42,15300,0,15300,0,37.7,33.1,4.6,1,11.56,5.0
0002852,0000404,0000100,2023-09-09 19:16:00,38400,1000,37400,1,32.2,36.4,-4.2,0,4.76,4.0
0002853,0000154,0000071,2023-09-13 09:02:00,89000,0,89000,0,33.1,32.1,1.0,1,3.59,5.0
0002854,0000140,0000021,2023-09-13 11:39:00,41000,0,41000,0,28.4,27.2,1.2,1,1.96,5.0
0002855,0000148,0000004,2023-09-15 18:32:00,87500,0,87500,0,25.8,29.5,-3.7,0,7.53,5.0
0002856,0000353,0000076,2023-09-17 16:45:00,77100,0,77100,0,28.9,30.2,-1.3,0,9.71,5.0
0002857,0000328,0000071,2023-09-18 11:54:00,62400,5000,57400,1,25.7,31.6,-5.9,0,8.52,5.0
0002858,0000444,0000070,2023-09-23 00:25:00,69500,5000,64500,1,39.2,27.2,12.0,1,7.58,5.0
0002859,0000494,0000004,2023-09-23 00:46:00,53100,2000,51100,1,28.7,20.6,8.1,1,4.43,5.0
0002860,0000148,0000071,2023-09-28 12:03:00,46900,0,46900,0,32.9,33.4,-0.5,0,2.36,5.0
0002861,0000203,0000053,2023-09-29 10:50:00,17300,0,17300,0,23.2,26.7,-3.5,0,5.13,5.0
0002862,0000009,0000017,2023-09-30 11:35:00,87600,5000,82600,1,32.9,30.9,2.0,1,10.99,5.0
0002863,0000012,0000022,2023-09-30 19:39:00,40100,0,40100,0,30.7,29.3,1.4,1,7.05,5.0
0002864,0000531,0000096,2023-09-30 20:49:00,51000,2000,49000,1,36.0,38.9,-2.9,0,6.85,5.0
0002865,0000427,0000017,2023-09-30 19:26:00,73600,5000,68600,1,31.2,24.3,6.9,1,5.52,5.0
0002866,0000397,0000096,2023-10-02 08:01:00,45300,2000,43300,1,35.2,24.2,11.0,1,7.77,5.0
0002867,0000240,0000100,2023-10-02 18:21:00,85800,0,85800,0,31.2,32.6,-1.4,0,6.63,5.0
0002868,0000237,0000070,2023-10-03 23:01:00,47800,0,47800,0,32.8,39.2,-6.4,0,4.46,4.0
0002869,0000227,0000086,2023-10-04 19:42:00,62900,0,62900,0,29.5,29.4,0.1,1,3.95,5.0
0002870,0000386,0000053,2023-10-06 14:47:00,42500,0,42500,0,33.3,30.7,2.6,1,5.0,5.0
0002871,0000105,0000012,2023-10-06 18:40:00,50300,0,50300,0,37.5,33.1,4.4,1,5.22,5.0
0002872,0000080,0000093,2023-10-16 12:52:00,80900,0,80900,0,25.0,29.9,-4.9,0,7.06,5.0
0002873,0000479,0000080,2023-10-22 11:27:00,18700,0,18700,0,30.2,29.0,1.2,1,4.71,5.0
0002874,0000587,0000012,2023-10-22 16:42:00,56100,2000,54100,1,29.5,18.2,11.3,1,8.87,5.0
0002875,0000068,0000093,2023-10-22 23:44:00,59000,0,59000,0,25.7,29.6,-3.9,0,8.8,5.0
0002876,0000471,0000076,2023-10-26 19:33:00,48900,0,48900,0,23.0,31.8,-8.8,0,8.23,5.0
0002877,0000334,0000004,2023-11-03 11:03:00,59600,0,59600,0,27.4,28.4,-1.0,0,4.29,5.0
0002878,0000594,0000076,2023-11-03 16:05:00,36900,0,36900,0,32.5,29.2,3.3,1,4.99,5.0
0002879,0000295,0000004,2023-11-05 16:21:00,26200,0,26200,0,31.2,28.2,3.0,1,8.12,5.0
0002880,0000075,0000022,2023-11-06 11:18:00,57100,0,57100,0,22.0,26.9,-4.9,0,2.77,5.0
0002881,0000546,0000093,2023-11-06 23:20:00,50100,0,50100,0,31.5,36.2,-4.7,0,2.3,4.0
0002882,0000066,0000080,2023-11-07 16:36:00,61700,0,61700,0,31.9,28.1,3.8,1,3.67,5.0
0002883,0000249,0000060,2023-11-07 21:28:00,18700,0,18700,0,39.7,33.2,6.5,1,10.19,5.0
0002884,0000719,0000004,2023-11-09 00:23:00,99100,5000,94100,1,23.3,9.7,13.6,1,7.96,5.0
0002885,0000025,0000096,2023-11-09 16:24:00,40000,0,40000,0,28.8,27.6,1.2,1,8.95,5.0
0002886,0000660,0000021,2023-11-09 20:47:00,83500,0,83500,0,24.5,29.4,-4.9,0,7.36,5.0
0002887,0000216,0000100,2023-11-12 20:53:00,7900,0,7900,0,27.1,33.4,-6.3,0,6.59,5.0
0002888,0000278,0000071,2023-11-13 13:42:00,53500,0,53500,0,21.6,27.8,-6.2,0,2.81,5.0
0002889,0000067,0000096,2023-11-17 13:36:00,46900,0,46900,0,26.1,30.9,-4.8,0,5.98,5.0
0002890,0000297,0000012,2023-11-18 11:05:00,17600,0,17600,0,30.1,32.5,-2.4,0,8.11,5.0
0002891,0000538,0000060,2023-11-18 10:13:00,86200,0,86200,0,32.3,32.2,0.1,1,8.36,5.0
0002892,0000589,0000053,2023-11-21 18:43:00,9500,500,9000,1,31.4,40.5,-9.1,0,0.96,5.0
0002893,0000007,0000070,2023-11-30 21:01:00,13200,0,13200,0,29.2,32.0,-2.8,0,5.05,3.0
0002894,0000870,0000053,2023-12-04 23:07:00,69500,5000,64500,1,32.5,23.3,9.2,1,7.79,5.0
0002895,0000050,0000017,2023-12-05 12:49:00,75200,0,75200,0,27.8,25.8,2.0,1,0.22,5.0
0002896,0000222,0000093,2023-12-05 19:22:00,98300,0,98300,0,46.6,40.6,6.0,1,2.69,5.0
0002897,0000113,0000012,2023-12-08 10:19:00,12100,0,12100,0,36.5,37.6,-1.1,0,6.75,3.0
0002898,0000498,0000087,2023-12-10 13:37:00,92600,0,92600,0,24.9,29.7,-4.8,0,3.55,5.0
0002899,0000201,0000070,2023-12-19 08:07:00,8100,0,8100,0,32.1,27.2,4.9,1,1.69,5.0
0002900,0000580,0000060,2023-12-19 12:33:00,14000,0,14000,0,36.0,37.3,-1.3,0,10.06,4.0
0002901,0000681,0000070,2023-12-20 19:44:00,8000,0,8000,0,27.3,27.5,-0.2,0,5.46,5.0
0002902,0000433,0000035,2023-12-21 00:27:00,96400,0,96400,0,30.1,27.6,2.5,1,9.68,5.0
0002903,0000913,0000004,2023-12-22 18:51:00,56600,2000,54600,1,25.0,19.2,5.8,1,10.96,5.0
0002904,0000775,0000021,2023-12-26 23:52:00,93300,5000,88300,1,39.7,40.5,-0.8,0,7.64,5.0
0002905,0000523,0000070,2023-12-30 11:57:00,74900,5000,69900,1,27.0,21.6,5.4,1,9.38,4.0
0002906,0000904,0000021,2024-01-04 13:51:00,43400,0,43400,0,33.5,29.6,3.9,1,10.82,4.0
0002907,0000236,0000032,2024-01-04 16:10:00,92500,0,92500,0,26.0,35.3,-9.3,0,8.91,4.0
0002908,0000674,0000053,2024-01-04 19:53:00,77400,0,77400,0,34.6,29.9,4.7,1,4.72,5.0
0002909,0000843,0000076,2024-01-06 23:45:00,53100,0,53100,0,31.7,32.2,-0.5,0,4.99,5.0
0002910,0000252,0000053,2024-01-10 11:29:00,66000,0,66000,0,33.6,28.7,4.9,1,10.42,4.0
0002911,0000541,0000086,2024-01-11 17:05:00,55800,0,55800,0,32.3,34.2,-1.9,0,2.54,4.0
0002912,0000091,0000017,2024-01-12 19:45:00,67500,0,67500,0,29.5,29.7,-0.2,0,1.8,5.0
0002913,0000996,0000022,2024-01-16 13:14:00,39400,0,39400,0,30.7,30.2,0.5,1,10.77,5.0
0002914,0001032,0000021,2024-01-19 21:47:00,87300,5000,82300,1,32.6,17.9,14.7,1,9.7,5.0
0002915,0001040,0000022,2024-01-20 09:33:00,51400,2000,49400,1,36.4,28.1,8.3,1,2.83,4.0
0002916,0000080,0000096,2024-01-21 23:59:00,82700,0,82700,0,41.9,38.9,3.0,1,6.72,5.0
0002917,0000648,0000093,2024-01-24 00:08:00,58500,0,58500,0,34.4,34.2,0.2,1,7.56,5.0
0002918,0000477,0000076,2024-01-25 20:03:00,76400,0,76400,0,35.5,32.0,3.5,1,5.08,5.0
0002919,0000516,0000096,2024-01-28 16:34:00,61500,0,61500,0,24.9,30.0,-5.1,0,0.89,5.0
0002920,0000261,0000096,2024-01-29 20:28:00,89700,0,89700,0,40.9,42.5,-1.6,0,10.06,5.0
0002921,0000614,0000021,2024-02-04 22:03:00,92000,0,92000,0,31.3,35.2,-3.9,0,5.53,4.0
0002922,0000605,0000100,2024-02-05 11:56:00,71600,0,71600,0,24.0,25.0,-1.0,0,8.65,5.0
0002923,0000471,0000076,2024-02-07 22:59:00,34000,0,34000,0,31.4,28.7,2.7,1,0.61,5.0
0002924,0001011,0000002,2024-02-08 11:35:00,87200,0,87200,0,36.1,33.0,3.1,1,1.99,3.0
0002925,0000297,0000071,2024-02-09 10:14:00,66200,0,66200,0,28.2,32.8,-4.6,0,3.5,5.0
0002926,0000018,0000060,2024-02-11 13:08:00,86600,0,86600,0,29.0,31.8,-2.8,0,8.39,5.0
0002927,0000155,0000021,2024-02-13 18:55:00,10900,0,10900,0,22.5,30.8,-8.3,0,1.7,5.0
0002928,0000326,0000032,2024-02-19 02:11:00,59600,0,59600,0,30.0,29.2,0.8,1,7.32,5.0
0002929,0000310,0000022,2024-02-21 12:27:00,67100,0,67100,0,28.5,27.5,1.0,1,5.81,4.0
0002930,0000511,0000016,2024-02-22 22:46:00,45400,0,45400,0,39.0,40.6,-1.6,0,1.68,4.0
0002931,0000926,0000087,2024-02-25 12:54:00,63300,0,63300,0,39.9,39.9,0.0,0,3.48,5.0
0002932,0000874,0000096,2024-02-25 22:22:00,49800,0,49800,0,29.6,30.6,-1.0,0,0.89,5.0
0002933,0001187,0000035,2024-02-29 11:11:00,14300,500,13800,1,34.5,37.1,-2.6,0,7.11,5.0
0002934,0000727,0000071,2024-02-29 14:53:00,75900,0,75900,0,31.8,34.4,-2.6,0,3.99,5.0
0002935,0000336,0000035,2024-02-29 16:23:00,50000,0,50000,0,25.2,28.8,-3.6,0,7.08,4.0
0002936,0000016,0000017,2024-03-02 16:29:00,44100,0,44100,0,27.7,30.2,-2.5,0,10.84,5.0
0002937,0000469,0000035,2024-03-02 19:25:00,77200,0,77200,0,36.4,38.9,-2.5,0,2.78,5.0
0002938,0001155,0000060,2024-03-03 00:31:00,36600,0,36600,0,21.7,26.0,-4.3,0,7.37,5.0
0002939,0001317,0000002,2024-03-03 14:42:00,9100,500,8600,1,27.7,16.5,11.2,1,3.44,5.0
0002940,0000543,0000071,2024-03-04 17:26:00,68600,0,68600,0,31.5,31.4,0.1,1,2.36,5.0
0002941,0001280,0000093,2024-03-04 18:01:00,70100,0,70100,0,34.2,34.2,0.0,0,4.6,5.0
0002942,0001087,0000002,2024-03-05 22:49:02,26300,0,26300,0,25.7,28.6,-2.9,0,6.92,5.0
0002943,0000048,0000071,2024-03-05 19:03:00,89100,0,89100,0,32.4,33.9,-1.5,0,1.72,5.0
0002944,0001246,0000071,2024-03-05 20:32:00,64800,0,64800,0,34.5,32.1,2.4,1,8.32,5.0
0002945,0001313,0000017,2024-03-08 19:30:00,21800,1000,20800,1,32.2,25.2,7.0,1,10.84,4.0
0002946,0000248,0000096,2024-03-09 20:20:00,31500,0,31500,0,36.9,32.4,4.5,1,5.02,5.0
0002947,0000552,0000076,2024-03-10 12:57:00,61100,0,61100,0,30.4,29.7,0.7,1,5.54,5.0
0002948,0001109,0000016,2024-03-13 18:47:00,61200,0,61200,0,45.6,42.0,3.6,1,2.84,4.0
0002949,0000161,0000070,2024-03-14 21:49:00,20500,0,20500,0,38.9,37.9,1.0,1,1.15,5.0
0002950,0000199,0000017,2024-03-15 15:17:00,86200,0,86200,0,26.9,27.6,-0.7,0,6.67,5.0
0002951,0000073,0000012,2024-03-16 20:09:00,52900,0,52900,0,42.6,39.9,2.7,1,6.75,5.0
0002952,0000338,0000100,2024-03-17 12:58:00,73900,0,73900,0,27.2,27.4,-0.2,0,6.64,4.0
0002953,0000646,0000053,2024-03-20 14:29:00,28900,0,28900,0,30.9,29.4,1.5,1,7.46,4.0
0002954,0000398,0000096,2024-03-20 17:15:00,57600,0,57600,0,35.0,31.1,3.9,1,0.6,5.0
0002955,0000685,0000100,2024-03-21 22:06:00,38900,0,38900,0,38.4,42.5,-4.1,0,8.82,5.0
0002956,0000038,0000032,2024-03-21 22:42:00,99400,0,99400,0,33.3,34.0,-0.7,0,7.22,5.0
0002957,0000089,0000012,2024-03-22 00:39:00,53600,0,53600,0,31.7,31.8,-0.1,0,8.04,5.0
0002958,0000219,0000004,2024-03-22 13:32:00,84300,0,84300,0,23.8,24.5,-0.7,0,8.25,5.0
0002959,0000068,0000086,2024-03-24 10:37:00,57100,0,57100,0,31.2,31.0,0.2,1,8.32,3.0
0002960,0000648,0000017,2024-03-29 15:01:00,13700,0,13700,0,34.8,36.9,-2.1,0,6.59,5.0
0002961,0001070,0000053,2024-03-29 17:33:00,98100,5000,93100,1,21.0,9.4,11.6,1,6.48,5.0
0002962,0000738,0000070,2024-03-30 19:27:00,18500,0,18500,0,32.5,26.0,6.5,1,0.68,5.0
0002963,0001215,0000076,2024-04-01 12:21:00,25100,0,25100,0,27.5,28.8,-1.3,0,1.25,4.0
0002964,0000168,0000017,2024-04-01 20:43:00,9200,0,9200,0,31.0,31.7,-0.7,0,9.06,5.0
0002965,0000733,0000060,2024-04-02 11:17:00,15900,500,15400,1,34.1,23.0,11.1,1,2.5,5.0
0002966,0001477,0000087,2024-04-02 19:17:00,80500,0,80500,0,34.8,34.2,0.6,1,5.22,5.0
0002967,0000946,0000012,2024-04-03 18:43:00,31400,0,31400,0,30.0,29.2,0.8,1,6.75,4.0
0002968,0000724,0000035,2024-04-07 13:15:00,69900,0,69900,0,34.1,36.1,-2.0,0,7.69,5.0
0002969,0001155,0000017,2024-04-08 10:18:00,67900,0,67900,0,30.9,27.4,3.5,1,4.13,4.0
0002970,0000733,0000017,2024-04-08 18:22:00,12700,0,12700,0,29.1,31.1,-2.0,0,1.28,5.0
0002971,0000831,0000016,2024-04-14 17:21:00,66800,0,66800,0,28.1,26.0,2.1,1,4.92,5.0
0002972,0000039,0000035,2024-04-15 14:39:00,48300,0,48300,0,34.3,31.6,2.7,1,8.92,5.0
0002973,0000294,0000086,2024-04-16 17:08:00,52600,0,52600,0,27.8,29.9,-2.1,0,8.27,5.0
0002974,0000056,0000002,2024-04-16 19:48:00,72200,0,72200,0,25.5,29.3,-3.8,0,7.71,5.0
0002975,0000699,0000032,2024-04-16 22:53:00,98100,0,98100,0,33.0,28.8,4.2,1,0.45,5.0
0002976,0001547,0000035,2024-04-22 17:29:00,45600,0,45600,0,33.1,29.0,4.1,1,8.98,4.0
0002977,0001494,0000096,2024-04-24 18:17:00,52000,2000,50000,1,39.7,42.5,-2.8,0,3.18,5.0
0002978,0000367,0000096,2024-04-24 18:29:26,68300,5000,63300,1,30.7,35.1,-4.4,0,7.64,5.0
0002979,0000554,0000093,2024-04-27 09:20:00,65200,0,65200,0,44.0,42.0,2.0,1,4.93,5.0
0002980,0000093,0000035,2024-04-28 16:41:00,58000,0,58000,0,34.9,34.4,0.5,1,10.93,5.0
0002981,0000394,0000096,2024-04-30 15:57:00,33100,0,33100,0,42.9,39.9,3.0,1,3.79,5.0
0002982,0000516,0000016,2024-04-30 15:27:00,51200,0,51200,0,25.0,29.2,-4.2,0,4.92,5.0
0002983,0001353,0000017,2024-05-02 16:26:00,31600,0,31600,0,45.0,37.6,7.4,1,3.01,5.0
0002984,0000787,0000053,2024-05-03 10:45:00,13400,0,13400,0,33.9,33.0,0.9,1,1.82,5.0
0002985,0000056,0000071,2024-05-04 14:19:00,8000,0,8000,0,33.5,34.4,-0.9,0,6.55,5.0
0002986,0000304,0000021,2024-05-06 21:04:00,22300,0,22300,0,32.0,36.5,-4.5,0,2.67,1.0
0002987,0000561,0000087,2024-05-07 23:59:00,64900,0,64900,0,35.2,31.8,3.4,1,3.28,5.0
0002988,0000953,0000021,2024-05-09 06:34:00,37000,0,37000,0,23.2,28.4,-5.2,0,8.29,5.0
0002989,0000681,0000012,2024-05-09 19:12:00,17900,0,17900,0,26.9,30.8,-3.9,0,6.47,5.0
0002990,0000497,0000070,2024-05-13 12:34:00,13900,0,13900,0,29.0,28.6,0.4,1,2.76,5.0
0002991,0000538,0000002,2024-05-14 21:23:00,31300,0,31300,0,31.6,30.4,1.2,1,4.02,5.0
0002992,0000309,0000086,2024-05-15 22:07:00,11400,0,11400,0,32.7,39.3,-6.6,0,3.07,5.0
0002993,0001438,0000002,2024-05-16 13:38:00,80800,0,80800,0,31.3,30.9,0.4,1,5.06,3.0
0002994,0000523,0000002,2024-05-16 14:34:00,71900,0,71900,0,36.7,35.5,1.2,1,7.71,5.0
0002995,0001415,0000080,2024-05-16 17:23:00,41300,0,41300,0,25.7,29.5,-3.8,0,4.63,4.0
0002996,0000240,0000053,2024-05-17 18:01:00,10400,0,10400,0,44.1,42.1,2.0,1,6.88,5.0
0002997,0000856,0000070,2024-05-17 21:20:00,85300,0,85300,0,26.9,27.8,-0.9,0,1.53,1.0
0002998,0001452,0000096,2024-05-17 22:13:00,13600,0,13600,0,34.9,35.5,-0.6,0,3.13,5.0
0002999,0001081,0000096,2024-05-18 19:14:00,47900,0,47900,0,29.6,34.6,-5.0,0,5.12,1.0
0003000,0000354,0000070,2024-05-23 11:35:00,55800,2000,53800,1,28.0,14.9,13.1,1,3.13,5.0
0003001,0000613,0000035,2024-05-24 18:26:00,30800,0,30800,0,30.0,29.4,0.6,1,4.76,5.0
0003002,0000898,0000080,2024-05-28 18:54:00,82300,0,82300,0,30.9,27.9,3.0,1,3.17,4.0
0003003,0001617,0000071,2024-06-01 12:26:42,65900,0,65900,0,24.7,33.1,-8.4,0,9.69,5.0
0003004,0000408,0000060,2024-06-01 20:21:00,32000,0,32000,0,34.7,33.6,1.1,1,1.08,5.0
0003005,0001123,0000100,2024-06-02 19:10:00,54800,2000,52800,1,29.0,21.0,8.0,1,6.6,5.0
0003006,0000979,0000002,2024-06-03 19:10:00,45500,2000,43500,1,31.9,28.0,3.9,1,0.43,5.0
0003007,0000472,0000086,2024-06-09 12:01:00,27400,0,27400,0,33.8,34.4,-0.6,0,6.72,5.0
0003008,0001087,0000093,2024-06-10 15:01:00,88000,0,88000,0,30.6,30.2,0.4,1,6.5,5.0
0003009,0000583,0000032,2024-06-10 21:36:00,15100,0,15100,0,36.2,32.2,4.0,1,6.27,3.0
0003010,0000361,0000100,2024-06-10 19:16:00,44600,2000,42600,1,36.4,24.5,11.9,1,1.37,5.0
0003011,0000287,0000060,2024-06-12 22:43:00,66100,0,66100,0,30.8,29.7,1.1,1,9.37,5.0
0003012,0000506,0000016,2024-06-13 11:53:00,26500,0,26500,0,35.5,35.9,-0.4,0,6.49,4.0
0003013,0001264,0000096,2024-06-15 14:12:00,24600,0,24600,0,30.1,28.1,2.0,1,2.38,5.0
0003014,0001377,0000053,2024-06-16 14:44:00,76000,0,76000,0,27.7,29.0,-1.3,0,1.82,5.0
0003015,0000431,0000086,2024-06-19 08:47:00,59900,0,59900,0,33.3,27.5,5.8,1,8.26,5.0
0003016,0000695,0000080,2024-06-19 19:54:00,91000,5000,86000,1,43.9,31.8,12.1,1,4.0,5.0
0003017,0001674,0000070,2024-06-19 19:48:00,46000,0,46000,0,34.5,37.4,-2.9,0,4.2,5.0
0003018,0000713,0000071,2024-07-02 19:11:00,65500,0,65500,0,32.8,35.9,-3.1,0,0.38,5.0
0003019,0001262,0000012,2024-07-03 09:11:00,73200,0,73200,0,32.2,32.8,-0.6,0,6.75,5.0
0003020,0001658,0000053,2024-07-04 11:25:00,93300,5000,88300,1,27.0,17.9,9.1,1,6.9,5.0
0003021,0000053,0000012,2024-07-04 13:37:00,55700,0,55700,0,28.0,28.6,-0.6,0,7.04,5.0
0003022,0000026,0000080,2024-07-04 16:31:00,37900,1000,36900,1,33.1,22.5,10.6,1,3.41,1.0
0003023,0000416,0000004,2024-07-04 20:22:00,17000,0,17000,0,35.7,36.4,-0.7,0,8.57,5.0
0003024,0001023,0000021,2024-07-04 20:50:00,45300,0,45300,0,30.3,32.1,-1.8,0,8.45,5.0
0003025,0001180,0000022,2024-07-05 22:01:00,17300,0,17300,0,28.3,30.9,-2.6,0,7.41,5.0
0003026,0000431,0000100,2024-07-08 16:19:00,7800,0,7800,0,34.8,35.1,-0.3,0,2.78,5.0
0003027,0000778,0000086,2024-07-08 21:48:00,64100,0,64100,0,33.5,33.8,-0.3,0,8.34,5.0
0003028,0000823,0000017,2024-07-08 20:58:00,85100,0,85100,0,32.6,33.6,-1.0,0,8.72,5.0
0003029,0001535,0000086,2024-07-09 20:21:00,25400,0,25400,0,43.4,39.2,4.2,1,3.06,5.0
0003030,0001478,0000002,2024-07-12 17:11:00,70300,0,70300,0,28.3,26.0,2.3,1,5.56,5.0
0003031,0000563,0000060,2024-07-12 22:15:00,34000,0,34000,0,29.5,29.4,0.1,1,2.37,5.0
0003032,0001885,0000012,2024-07-13 19:01:00,27300,0,27300,0,36.4,35.0,1.4,1,9.3,5.0
0003033,0001942,0000096,2024-07-13 16:02:00,11900,500,11400,1,26.9,28.8,-1.9,0,2.26,5.0
0003034,0001634,0000086,2024-07-18 12:15:00,63600,0,63600,0,28.8,31.5,-2.7,0,2.27,5.0
0003035,0000980,0000093,2024-07-22 16:19:00,38400,0,38400,0,39.7,39.5,0.2,1,6.7,3.0
0003036,0000315,0000004,2024-07-26 19:10:00,21200,0,21200,0,39.1,38.2,0.9,1,9.3,3.0
0003037,0001502,0000021,2024-07-27 12:19:00,90200,0,90200,0,34.1,30.1,4.0,1,0.98,5.0
0003038,0001905,0000087,2024-07-27 22:35:00,84900,5000,79900,1,33.6,33.9,-0.3,0,3.48,3.0
0003039,0002068,0000076,2024-07-31 18:38:00,79800,5000,74800,1,27.3,15.4,11.9,1,2.65,5.0
0003040,0000843,0000002,2024-08-04 11:54:00,89200,0,89200,0,42.7,40.6,2.1,1,0.93,5.0
0003041,0000871,0000053,2024-08-04 14:48:00,59900,0,59900,0,39.3,31.0,8.3,1,7.52,5.0
0003042,0001202,0000035,2024-08-04 16:21:00,97400,0,97400,0,29.9,30.0,-0.1,0,9.88,5.0
0003043,0001269,0000093,2024-08-07 10:22:00,7200,0,7200,0,23.7,29.0,-5.3,0,2.35,5.0
0003044,0000718,0000060,2024-08-10 15:35:00,86300,0,86300,0,29.7,30.1,-0.4,0,8.38,3.0
0003045,0001244,0000070,2024-08-10 23:53:00,62200,0,62200,0,33.2,33.0,0.2,1,5.04,5.0
0003046,0001340,0000004,2024-08-11 19:49:00,74900,0,74900,0,28.7,27.0,1.7,1,9.16,5.0
0003047,0000141,0000012,2024-08-14 22:52:00,48400,0,48400,0,29.7,33.9,-4.2,0,10.32,5.0
0003048,0000442,0000022,2024-08-15 18:10:00,83300,0,83300,0,30.7,33.1,-2.4,0,11.45,5.0
0003049,0000004,0000070,2024-08-16 21:24:00,23500,0,23500,0,37.2,36.7,0.5,1,6.26,5.0
0003050,0001842,0000076,2024-08-17 18:17:00,74700,0,74700,0,29.0,25.4,3.6,1,2.69,3.0
0003051,0000804,0000021,2024-08-19 07:54:00,90500,0,90500,0,32.4,28.7,3.7,1,2.55,5.0
0003052,0001502,0000087,2024-08-21 14:42:00,31200,0,31200,0,30.1,30.0,0.1,1,1.24,5.0
0003053,0000333,0000087,2024-08-22 14:41:00,12900,0,12900,0,26.8,26.0,0.8,1,6.85,5.0
0003054,0000231,0000022,2024-08-22 13:54:00,28500,0,28500,0,27.9,26.6,1.3,1,7.26,5.0
0003055,0001920,0000080,2024-08-26 23:47:00,39800,1000,38800,1,31.0,40.4,-9.4,0,3.91,5.0
0003056,0001686,0000071,2024-09-04 11:49:00,65600,0,65600,0,24.9,28.4,-3.5,0,7.8,5.0
0003057,0000304,0000070,2024-09-04 20:14:00,82900,0,82900,0,38.0,40.6,-2.6,0,2.74,5.0
0003058,0001386,0000016,2024-09-05 11:02:00,37600,0,37600,0,31.9,30.2,1.7,1,9.96,5.0
0003059,0000102,0000021,2024-09-05 18:26:00,62400,0,62400,0,38.0,35.0,3.0,1,9.93,4.0
0003060,0001029,0000022,2024-09-09 13:08:00,32100,0,32100,0,31.8,34.4,-2.6,0,1.85,3.0
0003061,0001775,0000071,2024-09-10 20:22:00,97700,0,97700,0,26.4,31.4,-5.0,0,2.2,5.0
0003062,0000661,0000004,2024-09-11 13:48:00,52000,0,52000,0,29.0,28.6,0.4,1,7.4,5.0
0003063,0001522,0000002,2024-09-11 18:07:00,14000,0,14000,0,27.0,31.6,-4.6,0,5.37,5.0
0003064,0000562,0000032,2024-09-12 16:08:00,28200,0,28200,0,29.7,27.2,2.5,1,8.43,5.0
0003065,0002088,0000093,2024-09-13 18:57:00,42800,2000,40800,1,30.9,35.0,-4.1,0,6.42,5.0
0003066,0000380,0000022,2024-09-13 18:43:00,98300,0,98300,0,39.8,37.9,1.9,1,5.04,5.0
0003067,0000164,0000053,2024-09-14 10:18:00,29100,1000,28100,1,40.1,34.5,5.6,1,5.23,5.0
0003068,0000400,0000002,2024-09-15 19:34:00,10200,0,10200,0,31.5,32.1,-0.6,0,5.53,5.0
0003069,0000352,0000012,2024-09-20 14:49:00,59300,0,59300,0,27.0,29.5,-2.5,0,5.32,4.0
0003070,0000848,0000100,2024-09-20 21:58:00,44200,0,44200,0,33.8,36.4,-2.6,0,8.74,5.0
0003071,0001625,0000070,2024-09-21 20:37:00,30100,0,30100,0,38.6,36.4,2.2,1,7.66,5.0
0003072,0001182,0000100,2024-09-22 18:03:00,88300,0,88300,0,32.5,33.4,-0.9,0,8.34,4.0
0003073,0002261,0000060,2024-09-22 23:24:00,81500,5000,76500,1,27.6,24.1,3.5,1,7.37,5.0
0003074,0002206,0000022,2024-09-23 11:47:00,48300,0,48300,0,37.7,34.6,3.1,1,3.4,5.0
0003075,0001607,0000093,2024-09-25 11:34:00,82800,0,82800,0,31.2,34.6,-3.4,0,1.8,5.0
0003076,0001885,0000071,2024-09-25 13:02:00,30600,0,30600,0,30.8,28.2,2.6,1,7.92,5.0
0003077,0000095,0000076,2024-09-26 12:58:00,56800,0,56800,0,27.6,25.8,1.8,1,5.83,5.0
0003078,0000898,0000070,2024-09-30 13:35:00,76800,0,76800,0,26.2,28.4,-2.2,0,5.07,5.0
0003079,0002119,0000096,2024-09-30 17:44:00,48400,2000,46400,1,33.2,37.1,-3.9,0,10.47,5.0
0003080,0000053,0000096,2024-09-30 21:23:00,78200,0,78200,0,34.8,35.4,-0.6,0,4.2,4.0
0003081,0000515,0000004,2024-09-30 13:29:00,93500,5000,88500,1,32.3,18.9,13.4,1,7.66,5.0
0003082,0001422,0000032,2024-10-01 11:07:00,59500,0,59500,0,28.0,33.4,-5.4,0,8.58,5.0
0003083,0000217,0000096,2024-10-01 14:05:00,35300,0,35300,0,25.8,27.9,-2.1,0,3.52,5.0
0003084,0001105,0000076,2024-10-03 14:23:00,44300,0,44300,0,34.9,36.2,-1.3,0,8.59,5.0
0003085,0001034,0000096,2024-10-03 15:01:00,9100,0,9100,0,31.9,32.1,-0.2,0,0.6,5.0
0003086,0000322,0000096,2024-10-03 19:03:00,17000,0,17000,0,29.9,31.2,-1.3,0,3.84,5.0
0003087,0001561,0000087,2024-10-03 18:09:00,76700,0,76700,0,32.0,29.8,2.2,1,4.48,5.0
0003088,0001148,0000004,2024-10-03 19:51:00,58200,0,58200,0,39.4,39.9,-0.5,0,1.73,5.0
0003089,0001308,0000035,2024-10-04 10:49:00,36000,0,36000,0,24.8,26.4,-1.6,0,8.7,5.0
0003090,0001593,0000060,2024-10-04 15:36:00,13000,0,13000,0,36.6,36.4,0.2,1,5.67,5.0
0003091,0001916,0000087,2024-10-07 23:55:00,98200,0,98200,0,30.6,32.0,-1.4,0,1.24,5.0
0003092,0000165,0000035,2024-10-09 14:10:00,48900,0,48900,0,35.2,34.4,0.8,1,6.79,5.0
0003093,0002360,0000012,2024-10-10 22:50:00,27300,1000,26300,1,28.2,16.8,11.4,1,6.75,5.0
0003094,0001902,0000002,2024-10-11 02:05:00,37000,0,37000,0,36.9,34.9,2.0,1,6.82,5.0
0003095,0000208,0000100,2024-10-11 15:10:00,86200,0,86200,0,33.1,30.8,2.3,1,4.76,5.0
0003096,0001503,0000070,2024-10-12 12:55:00,40100,0,40100,0,34.6,34.5,0.1,1,7.04,5.0
0003097,0001507,0000071,2024-10-12 17:03:00,74700,0,74700,0,29.7,27.1,2.6,1,0.78,5.0
0003098,0001424,0000087,2024-10-13 09:05:00,75600,0,75600,0,37.6,36.0,1.6,1,3.48,5.0
0003099,0000362,0000021,2024-10-15 13:42:00,49100,0,49100,0,34.3,30.0,4.3,1,8.55,5.0
0003100,0001242,0000053,2024-10-15 15:34:00,30300,0,30300,0,18.8,27.2,-8.4,0,0.55,1.0
0003101,0001224,0000070,2024-10-18 10:42:00,22900,0,22900,0,31.5,30.1,1.4,1,1.78,5.0
0003102,0001751,0000004,2024-10-18 14:18:00,49400,0,49400,0,36.7,34.0,2.7,1,9.83,5.0
0003103,0002061,0000086,2024-10-19 09:11:00,99300,0,99300,0,38.9,36.0,2.9,1,9.49,5.0
0003104,0002367,0000100,2024-10-19 10:23:00,74300,5000,69300,1,35.8,44.7,-8.9,0,8.08,1.0
0003105,0000423,0000096,2024-10-22 14:29:00,90900,5000,85900,1,30.6,37.6,-7.0,0,6.35,5.0
0003106,0000396,0000002,2024-10-24 10:18:00,77500,0,77500,0,27.6,27.9,-0.3,0,6.94,5.0
0003107,0000181,0000002,2024-10-26 10:20:00,95200,0,95200,0,30.4,27.1,3.3,1,5.7,1.0
0003108,0000844,0000002,2024-10-27 14:49:00,20000,0,20000,0,38.8,34.8,4.0,1,0.93,1.0
0003109,0000238,0000012,2024-11-01 10:14:00,60400,0,60400,0,33.9,30.2,3.7,1,9.24,5.0
0003110,0001294,0000002,2024-11-01 20:03:00,43100,0,43100,0,31.2,29.4,1.8,1,3.63,5.0
0003111,0000025,0000035,2024-11-01 20:20:00,66300,0,66300,0,32.8,32.2,0.6,1,4.48,5.0
0003112,0001128,0000017,2024-11-02 12:28:00,38200,0,38200,0,35.5,30.3,5.2,1,5.84,5.0
0003113,0000144,0000060,2024-11-03 18:18:00,98100,0,98100,0,36.7,36.9,-0.2,0,10.4,4.0
0003114,0000159,0000076,2024-11-03 16:40:00,20300,0,20300,0,22.8,26.9,-4.1,0,3.35,5.0
0003115,0001981,0000012,2024-11-04 14:38:00,19000,500,18500,1,36.6,21.9,14.7,1,0.0,5.0
0003116,0001761,0000071,2024-11-04 21:27:00,15000,0,15000,0,45.0,44.9,0.1,1,3.58,4.0
0003117,0002250,0000071,2024-11-07 22:13:00,41900,0,41900,0,38.2,36.8,1.4,1,8.05,5.0
0003118,0000098,0000076,2024-11-08 15:44:00,51200,0,51200,0,28.5,29.7,-1.2,0,2.0,4.0
0003119,0002443,0000053,2024-11-09 09:12:00,72700,0,72700,0,24.9,28.4,-3.5,0,5.35,5.0
0003120,0000488,0000080,2024-11-09 13:02:00,8700,0,8700,0,34.7,36.2,-1.5,0,4.2,5.0
0003121,0000723,0000016,2024-11-10 14:57:00,97400,0,97400,0,32.5,30.1,2.4,1,3.83,5.0
0003122,0002288,0000017,2024-11-11 10:09:00,99900,0,99900,0,22.6,27.2,-4.6,0,10.24,1.0
0003123,0001740,0000070,2024-11-13 14:06:00,52000,0,52000,0,29.3,31.0,-1.7,0,5.04,5.0
0003124,0000072,0000012,2024-11-14 17:52:00,20900,0,20900,0,38.4,33.5,4.9,1,0.0,5.0
0003125,0000508,0000093,2024-11-15 11:18:00,39200,0,39200,0,35.2,33.7,1.5,1,2.2,5.0
0003126,0001791,0000087,2024-11-15 18:37:00,22900,0,22900,0,31.3,26.4,4.9,1,6.75,5.0
0003127,0000681,0000032,2024-11-15 20:36:00,30500,0,30500,0,32.6,33.2,-0.6,0,9.87,5.0
0003128,0001167,0000100,2024-11-21 08:47:00,40000,0,40000,0,26.2,28.2,-2.0,0,6.93,5.0
0003129,0001079,0000093,2024-11-23 16:10:00,74400,0,74400,0,38.9,35.2,3.7,1,6.09,5.0
0003130,0001129,0000004,2024-11-23 17:57:00,24900,0,24900,0,37.2,34.5,2.7,1,3.87,5.0
0003131,0001727,0000053,2024-11-23 18:58:00,99500,0,99500,0,32.9,31.8,1.1,1,9.79,5.0
0003132,0001076,0000080,2024-11-23 19:08:00,91100,0,91100,0,40.8,39.0,1.8,1,2.53,5.0
0003133,0000972,0000100,2024-11-24 15:35:00,51200,0,51200,0,42.8,38.8,4.0,1,2.4,1.0
0003134,0002184,0000053,2024-11-25 19:27:00,94700,0,94700,0,33.1,31.2,1.9,1,11.41,5.0
0003135,0000921,0000022,2024-11-27 13:03:00,38400,0,38400,0,38.8,37.6,1.2,1,4.11,5.0
0003136,0000171,0000086,2024-11-27 16:42:00,45700,0,45700,0,29.1,32.4,-3.3,0,6.65,5.0
0003137,0000170,0000086,2024-11-27 19:40:00,60900,0,60900,0,38.3,36.4,1.9,1,2.36,5.0
0003138,0000600,0000016,2024-11-28 14:21:00,73500,0,73500,0,33.0,30.0,3.0,1,5.24,5.0
0003139,0000695,0000060,2024-11-29 13:37:00,32200,0,32200,0,26.3,31.6,-5.3,0,6.96,5.0
0003140,0002343,0000021,2024-11-30 16:41:00,34600,0,34600,0,26.0,29.1,-3.1,0,1.65,5.0
0003141,0001392,0000053,2024-12-01 15:11:00,62400,0,62400,0,24.4,28.0,-3.6,0,6.69,5.0
0003142,0000883,0000076,2024-12-03 23:51:00,59500,0,59500,0,32.8,34.0,-1.2,0,4.59,5.0
0003143,0000095,0000093,2024-12-06 18:35:00,73400,0,73400,0,44.1,44.4,-0.3,0,2.69,5.0
0003144,0000557,0000035,2024-12-09 19:49:00,7900,0,7900,0,25.2,29.1,-3.9,0,4.61,5.0
0003145,0002469,0000080,2024-12-11 18:14:00,39100,0,39100,0,37.5,36.5,1.0,1,4.51,5.0
0003146,0001884,0000022,2024-12-11 19:19:00,80900,0,80900,0,33.2,30.0,3.2,1,3.87,5.0
0003147,0000406,0000016,2024-12-12 19:43:00,63700,0,63700,0,21.8,29.7,-7.9,0,5.44,5.0
0003148,0000757,0000012,2024-12-13 10:33:00,68900,0,68900,0,36.0,35.0,1.0,1,9.3,3.0
0003149,0000305,0000086,2024-12-15 11:17:00,58900,0,58900,0,25.6,26.0,-0.4,0,4.55,5.0
0003150,0001344,0000016,2024-12-17 09:08:00,35500,0,35500,0,24.4,27.1,-2.7,0,1.06,5.0
0003151,0001508,0000017,2024-12-17 16:09:00,99300,0,99300,0,32.4,35.9,-3.5,0,6.64,5.0
0003152,0000609,0000053,2024-12-18 17:33:00,30400,0,30400,0,35.9,33.5,2.4,1,6.45,5.0
0003153,0000617,0000080,2024-12-19 12:48:00,46700,0,46700,0,30.1,29.2,0.9,1,2.72,5.0
0003154,0001054,0000032,2024-12-19 12:35:00,84200,0,84200,0,36.8,35.1,1.7,1,5.23,5.0
0003155,0002050,0000086,2024-12-20 09:10:00,8800,0,8800,0,35.2,36.9,-1.7,0,3.23,4.0
0003156,0001418,0000076,2024-12-22 12:46:00,31600,0,31600,0,28.8,34.1,-5.3,0,5.54,5.0
0003157,0000917,0000086,2024-12-22 13:50:00,22900,0,22900,0,29.5,28.7,0.8,1,7.95,5.0
0003158,0002307,0000060,2024-12-22 20:46:00,46900,0,46900,0,28.2,32.4,-4.2,0,3.09,1.0
0003159,0000689,0000021,2024-12-24 20:52:00,89200,0,89200,0,31.9,29.8,2.1,1,5.56,4.0
0003160,0002688,0000022,2024-12-24 23:39:00,13600,500,13100,1,30.7,18.9,11.8,1,4.15,5.0
0003161,0000981,0000093,2024-12-27 07:32:00,46000,0,46000,0,26.0,27.3,-1.3,0,0.83,5.0
0003162,0001314,0000016,2024-12-29 12:39:00,39200,0,39200,0,28.2,28.7,-0.5,0,5.76,5.0
0003163,0000006,0000002,2024-12-30 17:26:00,81500,0,81500,0,36.8,31.3,5.5,1,10.51,4.0
0003164,0002663,0000070,2025-01-01 11:48:00,21900,0,21900,0,31.9,32.0,-0.1,0,5.03,5.0
0003165,0000779,0000002,2025-01-01 17:02:00,80300,0,80300,0,24.6,28.2,-3.6,0,5.56,5.0
0003166,0001180,0000021,2025-01-04 13:13:00,56800,0,56800,0,31.3,33.3,-2.0,0,10.78,5.0
0003167,0002375,0000100,2025-01-05 10:18:00,83100,0,83100,0,36.8,39.6,-2.8,0,3.32,4.0
0003168,0002259,0000016,2025-01-07 16:40:00,55500,2000,53500,1,28.9,16.4,12.5,1,9.71,5.0
0003169,0001704,0000071,2025-01-09 18:24:00,28700,0,28700,0,37.3,36.9,0.4,1,8.11,1.0
0003170,0001808,0000004,2025-01-11 18:02:00,80200,0,80200,0,34.3,31.5,2.8,1,1.88,5.0
0003171,0001416,0000017,2025-01-12 12:16:00,70100,0,70100,0,28.2,29.2,-1.0,0,10.02,5.0
0003172,0002140,0000032,2025-01-13 17:57:00,82100,0,82100,0,29.4,33.4,-4.0,0,1.35,5.0
0003173,0002801,0000032,2025-01-16 20:41:00,72700,0,72700,0,31.5,32.4,-0.9,0,6.57,5.0
0003174,0002189,0000070,2025-01-17 18:16:00,92000,0,92000,0,36.5,31.5,5.0,1,4.67,5.0
0003175,0001971,0000100,2025-01-18 14:40:00,26400,0,26400,0,34.7,35.2,-0.5,0,3.32,5.0
0003176,0000980,0000096,2025-01-20 08:56:00,28300,0,28300,0,31.1,34.5,-3.4,0,7.77,5.0
0003177,0002104,0000016,2025-01-20 22:41:00,83400,0,83400,0,38.2,39.5,-1.3,0,6.34,5.0
0003178,0001918,0000060,2025-01-21 12:44:00,51300,0,51300,0,29.4,29.2,0.2,1,9.52,5.0
0003179,0001725,0000086,2025-01-22 21:14:41,81400,0,81400,0,33.9,36.1,-2.2,0,2.27,5.0
0003180,0001834,0000087,2025-01-25 17:07:00,89700,0,89700,0,33.6,34.1,-0.5,0,5.19,5.0
0003181,0000870,0000035,2025-01-26 11:34:00,66400,0,66400,0,44.4,40.8,3.6,1,8.69,5.0
0003182,0001563,0000086,2025-01-26 13:39:00,8700,0,8700,0,30.6,28.6,2.0,1,7.81,5.0
0003183,0002772,0000086,2025-01-27 00:30:00,78900,0,78900,0,29.1,30.2,-1.1,0,10.31,5.0
0003184,0002402,0000035,2025-01-27 14:25:00,15000,0,15000,0,36.6,31.2,5.4,1,4.76,5.0
0003185,0000703,0000087,2025-01-27 14:40:00,98600,0,98600,0,34.2,33.2,1.0,1,3.8,5.0
0003186,0001209,0000002,2025-01-27 21:36:00,60100,0,60100,0,35.7,37.6,-1.9,0,3.4,5.0
0003187,0002496,0000016,2025-01-28 11:50:00,57300,0,57300,0,30.5,33.4,-2.9,0,8.4,5.0
0003188,0001876,0000032,2025-01-28 22:14:00,79200,0,79200,0,38.7,34.8,3.9,1,6.78,3.0
0003189,0002229,0000100,2025-01-30 11:16:00,97900,0,97900,0,28.6,30.3,-1.7,0,8.03,5.0
0003190,0000291,0000100,2025-01-30 22:36:00,9300,0,9300,0,35.2,36.4,-1.2,0,3.6,5.0
0003191,0000615,0000100,2025-01-31 11:44:00,35100,0,35100,0,23.1,27.2,-4.1,0,8.46,4.0
0003192,0002216,0000100,2025-02-03 11:44:00,10500,0,10500,0,35.5,34.5,1.0,1,9.16,5.0
0003193,0002746,0000032,2025-02-04 14:48:00,32700,0,32700,0,39.2,36.5,2.7,1,3.84,5.0
0003194,0000187,0000093,2025-02-04 18:09:00,99700,0,99700,0,28.2,29.4,-1.2,0,3.24,5.0
0003195,0001864,0000053,2025-02-04 20:34:00,54400,0,54400,0,45.8,45.0,0.8,1,1.42,5.0
0003196,0000466,0000100,2025-02-05 11:53:00,55400,0,55400,0,27.6,27.2,0.4,1,8.92,5.0
0003197,0001259,0000070,2025-02-05 14:25:00,70200,0,70200,0,27.2,27.9,-0.7,0,4.04,5.0
0003198,0002450,0000012,2025-02-09 16:19:00,50000,2000,48000,1,32.0,29.8,2.2,1,9.69,5.0
0003199,0000588,0000012,2025-02-12 12:39:00,28500,0,28500,0,29.2,26.6,2.6,1,0.64,5.0
0003200,0001206,0000087,2025-02-12 18:17:00,51100,0,51100,0,33.7,31.4,2.3,1,6.75,5.0
0003201,0002042,0000093,2025-02-15 14:59:00,10500,0,10500,0,30.6,27.7,2.9,1,0.86,1.0
0003202,0002865,0000016,2025-02-15 19:13:00,11200,500,10700,1,33.2,39.2,-6.0,0,6.42,5.0
0003203,0002716,0000080,2025-02-15 18:55:00,74000,0,74000,0,20.4,26.4,-6.0,0,4.54,3.0
0003204,0001240,0000053,2025-02-16 19:20:00,27200,0,27200,0,25.0,26.7,-1.7,0,11.75,5.0
0003205,0000258,0000071,2025-02-17 13:15:00,78800,0,78800,0,32.3,29.3,3.0,1,4.5,5.0
0003206,0000918,0000004,2025-02-20 22:33:00,28000,0,28000,0,33.5,32.2,1.3,1,4.43,5.0
0003207,0000402,0000032,2025-02-23 10:40:00,68800,0,68800,0,40.4,34.6,5.8,1,3.84,5.0
0003208,0001905,0000053,2025-02-24 16:48:00,46800,0,46800,0,34.2,35.5,-1.3,0,11.73,5.0
0003209,0000403,0000070,2025-02-25 12:53:00,45300,0,45300,0,26.1,27.7,-1.6,0,4.67,5.0
0003210,0001021,0000021,2025-02-26 15:25:00,51200,0,51200,0,22.4,28.1,-5.7,0,3.77,1.0
0003211,0000223,0000016,2025-02-27 13:19:00,57300,0,57300,0,37.6,35.9,1.7,1,6.59,5.0
0003212,0000925,0000002,2025-02-28 21:55:00,53500,0,53500,0,31.9,34.2,-2.3,0,4.2,5.0
0003213,0000209,0000017,2025-02-28 00:20:00,42000,2000,40000,1,16.4,19.6,-3.2,0,3.55,5.0
0003214,0001206,0000004,2025-02-28 12:24:00,74100,0,74100,0,35.8,31.8,4.0,1,8.13,3.0
0003215,0002299,0000017,2025-03-02 22:12:00,58900,0,58900,0,28.3,29.7,-1.4,0,1.8,5.0
0003216,0001200,0000032,2025-03-07 14:57:00,38200,0,38200,0,29.2,28.2,1.0,1,8.47,5.0
0003217,0002220,0000060,2025-03-07 16:01:00,80700,0,80700,0,24.0,26.2,-2.2,0,6.7,1.0
0003218,0003029,0000100,2025-03-07 18:11:00,64000,0,64000,0,30.1,27.6,2.5,1,8.44,5.0
0003219,0000702,0000060,2025-03-07 20:51:00,10800,0,10800,0,37.6,36.4,1.2,1,3.68,5.0
0003220,0000495,0000012,2025-03-07 23:58:00,82900,0,82900,0,31.2,29.2,2.0,1,5.59,5.0
0003221,0000482,0000053,2025-03-08 14:52:00,83500,5000,78500,1,29.7,22.9,6.8,1,11.94,5.0
0003222,0002105,0000053,2025-03-09 21:39:00,43500,0,43500,0,30.6,30.1,0.5,1,6.45,5.0
0003223,0001195,0000021,2025-03-13 11:39:00,52100,0,52100,0,36.7,36.6,0.1,1,10.82,5.0
0003224,0001350,0000093,2025-03-14 10:05:00,98200,0,98200,0,23.0,27.2,-4.2,0,7.54,5.0
0003225,0003158,0000021,2025-03-15 13:09:00,86700,0,86700,0,38.7,36.4,2.3,1,7.34,5.0
0003226,0002392,0000012,2025-03-16 09:31:00,25300,0,25300,0,29.8,32.1,-2.3,0,5.84,5.0
0003227,0002805,0000035,2025-03-16 19:42:00,86100,5000,81100,1,37.4,43.7,-6.3,0,7.84,5.0
0003228,0000643,0000017,2025-03-17 22:58:00,94500,0,94500,0,28.3,31.1,-2.8,0,5.85,5.0
0003229,0000996,0000035,2025-03-18 10:35:00,84300,0,84300,0,29.7,33.3,-3.6,0,4.93,5.0
0003230,0003092,0000021,2025-03-18 14:37:00,90200,0,90200,0,33.5,35.5,-2.0,0,10.87,5.0
0003231,0000816,0000096,2025-03-19 15:37:00,92600,0,92600,0,36.9,33.6,3.3,1,3.79,5.0
0003232,0003040,0000032,2025-03-23 11:01:00,19100,0,19100,0,32.3,34.4,-2.1,0,7.57,5.0
0003233,0000657,0000096,2025-03-24 20:33:00,82300,0,82300,0,37.1,31.6,5.5,1,7.38,5.0
0003234,0000329,0000096,2025-03-25 00:48:00,68500,0,68500,0,40.0,34.1,5.9,1,10.81,5.0
0003235,0002296,0000087,2025-03-25 13:12:00,91900,0,91900,0,32.9,28.4,4.5,1,4.47,5.0
0003236,0001762,0000053,2025-03-29 16:56:00,54300,0,54300,0,36.0,33.2,2.8,1,6.68,5.0
0003237,0000957,0000002,2025-04-01 13:26:00,41400,2000,39400,1,33.9,43.3,-9.4,0,3.72,4.0
0003238,0000371,0000086,2025-04-02 15:13:00,47300,2000,45300,1,32.3,36.4,-4.1,0,5.78,5.0
0003239,0002905,0000021,2025-04-06 12:11:00,48900,0,48900,0,30.6,29.7,0.9,1,9.7,5.0
0003240,0001706,0000087,2025-04-10 12:17:00,71300,0,71300,0,24.1,26.3,-2.2,0,4.43,5.0
0003241,0000510,0000080,2025-04-13 00:59:00,59400,0,59400,0,33.4,34.5,-1.1,0,6.57,5.0
0003242,0002611,0000032,2025-04-14 15:37:00,89400,0,89400,0,36.6,34.5,2.1,1,8.86,5.0
0003243,0000383,0000035,2025-04-16 22:16:00,97500,5000,92500,1,30.8,22.6,8.2,1,0.0,5.0
0003244,0000951,0000021,2025-04-18 21:15:00,83100,0,83100,0,34.2,33.8,0.4,1,1.69,5.0
0003245,0001535,0000086,2025-04-22 17:03:44,25300,0,25300,0,37.0,31.8,5.2,1,1.17,5.0
0003246,0000928,0000017,2025-04-24 16:02:00,81500,0,81500,0,26.6,30.7,-4.1,0,5.16,5.0
0003247,0001363,0000100,2025-04-25 19:23:00,67000,0,67000,0,27.6,26.7,0.9,1,9.5,5.0
0003248,0002005,0000022,2025-04-25 20:06:00,42800,0,42800,0,33.4,33.4,0.0,0,1.97,5.0
0003249,0002073,0000022,2025-04-26 00:09:00,44600,0,44600,0,27.1,26.9,0.2,1,9.19,5.0
0003250,0001423,0000032,2025-04-26 19:47:00,14400,0,14400,0,37.2,38.3,-1.1,0,8.91,5.0
0003251,0002746,0000032,2025-04-28 12:08:00,19500,0,19500,0,33.6,32.1,1.5,1,7.83,4.0
0003252,0001831,0000080,2025-04-28 11:17:00,77400,0,77400,0,30.1,30.2,-0.1,0,4.51,5.0
0003253,0003054,0000016,2025-05-03 16:56:00,49800,0,49800,0,31.0,32.0,-1.0,0,0.0,4.0
0003254,0000128,0000004,2025-05-06 18:25:00,58700,0,58700,0,35.5,36.2,-0.7,0,10.03,5.0
0003255,0001712,0000096,2025-05-06 21:39:00,22800,0,22800,0,32.2,37.9,-5.7,0,5.32,4.0
0003256,0001866,0000087,2025-05-07 10:24:00,54100,0,54100,0,33.4,31.0,2.4,1,3.77,5.0
0003257,0002988,0000080,2025-05-08 11:38:00,26400,0,26400,0,31.2,32.2,-1.0,0,9.27,5.0
0003258,0001012,0000100,2025-05-08 16:45:00,96300,0,96300,0,24.4,29.1,-4.7,0,8.94,1.0
0003259,0000266,0000071,2025-05-08 16:47:00,26200,0,26200,0,27.0,28.0,-1.0,0,0.99,5.0
0003260,0000842,0000021,2025-05-10 21:08:00,57300,0,57300,0,36.6,35.0,1.6,1,7.22,5.0
0003261,0003070,0000002,2025-05-12 12:07:00,8300,0,8300,0,35.8,34.6,1.2,1,3.4,5.0
0003262,0003426,0000080,2025-05-14 13:37:00,49400,0,49400,0,41.9,45.2,-3.3,0,1.63,5.0
0003263,0002138,0000086,2025-05-18 17:29:00,57100,0,57100,0,29.7,26.7,3.0,1,7.9,5.0
0003264,0000044,0000093,2025-05-20 20:42:00,47300,0,47300,0,38.2,38.2,0.0,0,6.09,3.0
0003265,0002347,0000016,2025-05-21 20:26:00,26100,0,26100,0,30.9,34.3,-3.4,0,10.57,5.0
0003266,0002252,0000004,2025-05-23 12:34:00,14500,0,14500,0,35.3,33.1,2.2,1,9.07,5.0
0003267,0000108,0000093,2025-05-23 13:45:00,96100,0,96100,0,33.5,33.1,0.4,1,1.11,5.0
0003268,0003197,0000017,2025-05-23 21:09:00,41200,0,41200,0,44.2,43.2,1.0,1,3.0,5.0
0003269,0002679,0000012,2025-05-25 19:36:00,28300,0,28300,0,33.5,31.2,2.3,1,8.42,5.0
0003270,0003326,0000071,2025-05-26 16:42:00,71600,0,71600,0,33.3,31.0,2.3,1,5.96,5.0
0003271,0001042,0000032,2025-05-26 18:43:00,84600,0,84600,0,38.0,36.2,1.8,1,0.88,5.0
0003272,0000936,0000086,2025-05-27 11:05:00,52600,0,52600,0,23.9,27.2,-3.3,0,0.79,5.0
0003273,0000226,0000086,2025-05-29 13:37:00,71600,0,71600,0,28.2,32.8,-4.6,0,1.17,5.0
0003274,0001681,0000022,2025-05-30 17:28:00,62800,0,62800,0,34.0,29.9,4.1,1,7.41,5.0
0003275,0003515,0000093,2025-06-01 20:16:00,83900,0,83900,0,37.3,36.2,1.1,1,0.9,5.0
0003276,0002288,0000035,2025-06-04 13:34:00,76900,0,76900,0,35.0,33.0,2.0,1,9.66,5.0
0003277,0001786,0000032,2025-06-06 18:05:00,53000,0,53000,0,31.3,28.6,2.7,1,1.65,5.0
0003278,0000548,0000032,2025-06-07 20:04:00,85500,0,85500,0,34.8,32.8,2.0,1,1.23,5.0
0003279,0003591,0000022,2025-06-08 12:38:00,37600,0,37600,0,33.3,32.6,0.7,1,8.09,5.0
0003280,0002988,0000096,2025-06-09 17:07:00,75800,0,75800,0,34.4,33.7,0.7,1,6.79,5.0
0003281,0000198,0000021,2025-06-17 17:12:00,46000,0,46000,0,28.8,29.7,-0.9,0,8.69,5.0
0003282,0001398,0000080,2025-06-22 17:08:00,69300,0,69300,0,36.0,36.0,0.0,0,1.87,5.0
0003283,0000966,0000087,2025-06-23 17:08:00,26200,1000,25200,1,29.7,26.3,3.4,1,7.58,5.0
0003284,0002334,0000022,2025-06-24 12:08:00,66800,0,66800,0,28.1,29.7,-1.6,0,4.13,5.0
0003285,0000412,0000087,2025-06-24 17:37:00,47100,0,47100,0,26.0,26.4,-0.4,0,5.11,5.0
0003286,0003612,0000080,2025-06-25 19:30:00,50000,2000,48000,1,35.7,43.6,-7.9,0,4.89,5.0
0003287,0003611,0000087,2025-06-27 12:33:00,20500,1000,19500,1,29.4,34.3,-4.9,0,4.9,5.0
0003288,0001044,0000022,2025-06-30 00:15:00,82800,0,82800,0,27.2,27.3,-0.1,0,5.81,5.0
0003289,0001424,0000004,2025-06-30 19:36:00,52500,0,52500,0,30.1,30.1,0.0,0,9.45,5.0
0003290,0003024,0000070,2025-06-30 10:28:00,7600,0,7600,0,31.5,27.2,4.3,1,5.49,5.0
0003291,0001787,0000022,2025-07-01 06:22:00,17600,0,17600,0,28.5,29.6,-1.1,0,2.16,5.0
0003292,0000292,0000060,2025-07-01 10:23:00,72100,0,72100,0,29.4,29.0,0.4,1,9.85,5.0
0003293,0001019,0000087,2025-07-01 11:52:00,80200,0,80200,0,33.8,29.1,4.7,1,1.28,5.0
0003294,0000821,0000032,2025-07-01 18:49:00,16500,0,16500,0,27.4,30.9,-3.5,0,10.31,5.0
0003295,0000870,0000096,2025-07-01 18:02:00,13800,0,13800,0,21.7,25.9,-4.2,0,0.2,5.0
0003296,0003742,0000022,2025-07-02 22:11:00,17500,500,17000,1,36.3,37.1,-0.8,0,6.09,5.0
0003297,0002314,0000016,2025-07-03 19:10:00,53100,2000,51100,1,32.4,23.6,8.8,1,9.63,5.0
0003298,0001628,0000076,2025-07-05 18:06:00,14800,0,14800,0,34.0,32.2,1.8,1,0.94,5.0
0003299,0001703,0000076,2025-07-07 12:58:00,88300,0,88300,0,35.9,36.7,-0.8,0,0.75,5.0
0003300,0000366,0000016,2025-07-09 16:33:00,84200,0,84200,0,41.7,35.6,6.1,1,3.27,5.0
0003301,0002806,0000017,2025-07-10 17:41:00,64100,0,64100,0,35.0,32.4,2.6,1,3.76,5.0
0003302,0003662,0000002,2025-07-12 11:22:00,74900,0,74900,0,31.2,29.1,2.1,1,11.15,5.0
0003303,0001992,0000087,2025-07-12 16:40:00,62300,5000,57300,1,29.8,23.0,6.8,1,1.09,5.0
0003304,0002646,0000060,2025-07-13 14:52:00,67700,0,67700,0,36.0,30.9,5.1,1,7.95,5.0
0003305,0003394,0000022,2025-07-15 17:56:00,61100,0,61100,0,30.0,30.2,-0.2,0,7.4,5.0
0003306,0000847,0000022,2025-07-15 18:03:00,96800,0,96800,0,48.5,51.0,-2.5,0,3.87,5.0
0003307,0003670,0000060,2025-07-16 21:32:00,63300,0,63300,0,38.7,38.6,0.1,1,12.09,5.0
0003308,0001226,0000087,2025-07-16 22:42:00,61900,0,61900,0,28.9,28.6,0.3,1,7.58,5.0
0003309,0002923,0000086,2025-07-18 11:39:00,43400,0,43400,0,29.6,29.8,-0.2,0,2.36,5.0
0003310,0001367,0000071,2025-07-18 18:06:00,21500,1000,20500,1,34.5,30.9,3.6,1,9.69,5.0
0003311,0000206,0000076,2025-07-18 19:12:00,80300,0,80300,0,19.2,27.2,-8.0,0,1.32,5.0
0003312,0002288,0000076,2025-07-18 21:34:00,61800,0,61800,0,33.9,35.2,-1.3,0,2.73,5.0
0003313,0002490,0000093,2025-07-19 11:07:00,83100,5000,78100,1,30.9,17.9,13.0,1,8.9,5.0
0003314,0001872,0000032,2025-07-19 15:54:00,50300,0,50300,0,22.9,27.0,-4.1,0,0.51,5.0
0003315,0003696,0000012,2025-07-19 14:58:00,68800,0,68800,0,34.0,37.8,-3.8,0,4.2,5.0
0003316,0003169,0000021,2025-07-19 22:20:00,29600,0,29600,0,28.2,30.3,-2.1,0,1.79,5.0
0003317,0002423,0000021,2025-07-20 12:04:00,85000,0,85000,0,33.8,36.8,-3.0,0,5.05,5.0
0003318,0002370,0000071,2025-07-20 17:45:00,13700,0,13700,0,33.4,33.8,-0.4,0,7.71,5.0
0003319,0000325,0000035,2025-07-20 18:45:00,35400,0,35400,0,32.8,30.9,1.9,1,2.29,5.0
0003320,0002438,0000035,2025-07-20 23:38:00,25000,0,25000,0,43.8,40.6,3.2,1,8.06,5.0
0003321,0000208,0000071,2025-07-23 09:23:00,36500,0,36500,0,29.6,34.2,-4.6,0,5.82,5.0
0003322,0001503,0000093,2025-07-23 17:11:00,81300,0,81300,0,30.4,29.2,1.2,1,2.69,3.0
0003323,0002309,0000076,2025-07-23 17:50:00,44600,0,44600,0,37.1,30.8,6.3,1,2.76,5.0
0003324,0000956,0000032,2025-07-24 16:40:00,90100,0,90100,0,30.4,29.9,0.5,1,0.4,5.0
0003325,0003730,0000087,2025-07-25 00:59:00,47400,0,47400,0,38.0,34.5,3.5,1,2.63,5.0
0003326,0000284,0000096,2025-07-26 12:37:00,32700,0,32700,0,23.7,25.2,-1.5,0,6.54,5.0
0003327,0003761,0000100,2025-07-26 20:16:00,41500,2000,39500,1,30.9,22.2,8.7,1,1.42,4.0
0003328,0003481,0000016,2025-07-26 20:34:00,67800,5000,62800,1,36.3,28.5,7.8,1,9.76,5.0
0003329,0000173,0000071,2025-07-27 22:58:00,42100,0,42100,0,27.5,29.0,-1.5,0,3.26,5.0
0003330,0001340,0000076,2025-07-28 21:13:00,11700,0,11700,0,38.9,37.9,1.0,1,5.04,5.0
0003331,0003127,0000017,2025-07-29 18:26:00,8600,0,8600,0,26.8,27.9,-1.1,0,2.11,5.0
0003332,0002598,0000060,2025-07-30 17:29:00,9400,0,9400,0,30.6,29.0,1.6,1,1.72,5.0
0003333,0001028,0000022,2025-07-31 08:31:00,23000,0,23000,0,45.7,38.1,7.6,1,4.74,3.0
0003334,0002954,0000070,2025-07-31 10:56:00,15500,0,15500,0,27.0,29.0,-2.0,0,5.36,4.0
0003335,0003202,0000060,2025-08-02 08:40:00,30300,0,30300,0,30.7,28.3,2.4,1,1.08,5.0
0003336,0001582,0000053,2025-08-02 14:34:00,23300,0,23300,0,46.3,45.4,0.9,1,6.88,3.0
0003337,0001583,0000012,2025-08-02 18:08:36,40900,0,40900,0,29.4,29.4,0.0,0,7.39,5.0
0003338,0002009,0000096,2025-08-03 18:37:00,69900,0,69900,0,33.4,31.5,1.9,1,11.08,5.0
0003339,0003752,0000002,2025-08-04 18:14:00,32700,0,32700,0,26.4,32.2,-5.8,0,11.81,5.0
0003340,0001888,0000070,2025-08-05 00:05:00,74000,0,74000,0,39.8,34.9,4.9,1,6.22,5.0
0003341,0003622,0000070,2025-08-05 07:32:00,28300,0,28300,0,30.3,30.4,-0.1,0,1.78,3.0
0003342,0002840,0000002,2025-08-07 19:16:00,53200,0,53200,0,40.1,38.7,1.4,1,5.23,5.0
0003343,0002785,0000087,2025-08-08 10:28:00,46700,0,46700,0,29.4,32.6,-3.2,0,6.75,5.0
0003344,0000619,0000016,2025-08-10 09:46:00,30100,1000,29100,1,37.8,27.9,9.9,1,6.42,4.0
0003345,0000335,0000035,2025-08-10 16:39:00,55700,0,55700,0,29.5,30.8,-1.3,0,9.79,5.0
0003346,0003067,0000035,2025-08-10 22:20:00,68900,5000,63900,1,49.1,53.0,-3.9,0,4.48,5.0
0003347,0002346,0000093,2025-08-11 11:28:00,85300,0,85300,0,29.2,29.2,0.0,0,2.02,5.0
0003348,0001308,0000076,2025-08-11 11:55:00,95100,0,95100,0,25.2,28.4,-3.2,0,8.54,4.0
0003349,0001739,0000004,2025-08-11 12:27:00,73200,0,73200,0,30.8,26.7,4.1,1,7.53,5.0
0003350,0002048,0000086,2025-08-11 20:56:00,86400,0,86400,0,27.9,33.4,-5.5,0,2.35,5.0
0003351,0001044,0000076,2025-08-12 12:03:00,55900,0,55900,0,27.8,30.0,-2.2,0,6.66,5.0
0003352,0002648,0000100,2025-08-13 00:27:00,97700,0,97700,0,30.9,30.4,0.5,1,8.82,5.0
0003353,0001855,0000100,2025-08-13 11:40:58,55500,0,55500,0,26.7,29.5,-2.8,0,8.28,5.0
0003354,0000170,0000016,2025-08-13 23:03:00,62600,0,62600,0,31.7,33.4,-1.7,0,9.11,5.0
0003355,0002210,0000053,2025-08-14 13:13:00,85800,0,85800,0,25.6,29.0,-3.4,0,8.69,5.0
0003356,0003496,0000096,2025-08-14 13:06:00,23400,0,23400,0,30.8,28.8,2.0,1,6.24,5.0
0003357,0003134,0000096,2025-08-14 15:19:00,57900,0,57900,0,37.4,34.9,2.5,1,2.47,5.0
0003358,0001918,0000071,2025-08-15 18:16:00,97500,0,97500,0,27.8,29.1,-1.3,0,7.63,4.0
0003359,0000638,0000096,2025-08-15 19:32:00,65300,0,65300,0,39.6,38.3,1.3,1,6.69,5.0
0003360,0003035,0000086,2025-08-16 23:15:00,34100,0,34100,0,35.5,36.4,-0.9,0,2.35,5.0
0003361,0001135,0000080,2025-08-18 19:31:00,58800,2000,56800,1,33.4,22.8,10.6,1,5.99,4.0
0003362,0003029,0000021,2025-08-19 13:23:00,46000,0,46000,0,25.2,31.1,-5.9,0,2.9,3.0
0003363,0003292,0000017,2025-08-19 20:43:00,12800,0,12800,0,41.4,38.0,3.4,1,7.87,5.0
0003364,0001224,0000071,2025-08-19 22:08:00,79800,0,79800,0,25.4,26.4,-1.0,0,8.15,5.0
0003365,0000295,0000016,2025-08-21 18:39:00,69600,0,69600,0,26.5,28.0,-1.5,0,4.11,5.0
0003366,0002660,0000016,2025-08-21 21:46:00,33300,0,33300,0,37.1,35.5,1.6,1,4.23,1.0
0003367,0003025,0000076,2025-08-21 19:51:00,54300,0,54300,0,29.9,32.0,-2.1,0,5.66,5.0
0003368,0003592,0000004,2025-08-23 20:55:00,7600,0,7600,0,33.7,33.8,-0.1,0,1.69,5.0
0003369,0001567,0000086,2025-08-26 10:21:00,83000,0,83000,0,26.4,26.4,0.0,0,1.04,5.0
0003370,0001957,0000002,2025-08-26 15:22:00,80000,0,80000,0,19.4,24.6,-5.2,0,3.49,5.0
0003371,0001205,0000022,2025-08-27 15:45:00,56100,0,56100,0,34.5,34.1,0.4,1,11.56,5.0
0003372,0003617,0000071,2025-08-28 11:28:00,37900,0,37900,0,32.6,31.3,1.3,1,7.57,5.0
0003373,0001429,0000100,2025-08-28 14:47:00,55800,0,55800,0,37.1,37.6,-0.5,0,4.27,5.0
0003374,0002659,0000022,2025-08-29 08:26:00,20900,0,20900,0,34.1,30.0,4.1,1,9.39,5.0
0003375,0001272,0000071,2025-09-02 22:03:00,37300,0,37300,0,39.0,39.4,-0.4,0,5.96,5.0
0003376,0002356,0000017,2025-09-03 00:12:00,62800,0,62800,0,24.4,27.0,-2.6,0,0.99,5.0
0003377,0003972,0000012,2025-09-04 17:10:00,38900,1000,37900,1,28.2,31.5,-3.3,0,8.23,4.0
0003378,0002315,0000002,2025-09-05 00:40:00,64400,0,64400,0,41.3,32.2,9.1,1,3.05,5.0
0003379,0001779,0000076,2025-09-06 15:47:00,29700,0,29700,0,27.4,32.5,-5.1,0,1.57,5.0
0003380,0002354,0000012,2025-09-08 10:01:00,78900,0,78900,0,33.0,33.7,-0.7,0,9.17,5.0
0003381,0000529,0000076,2025-09-10 11:50:00,60500,0,60500,0,27.9,31.2,-3.3,0,4.56,5.0
0003382,0003204,0000071,2025-09-11 14:10:00,97600,0,97600,0,30.5,33.1,-2.6,0,3.59,5.0
0003383,0001839,0000004,2025-09-11 18:39:00,21100,0,21100,0,27.4,26.6,0.8,1,0.64,5.0
0003384,0002304,0000086,2025-09-12 20:53:00,28500,0,28500,0,35.8,31.8,4.0,1,0.79,5.0
0003385,0003773,0000017,2025-09-13 11:02:00,7800,500,7300,1,27.6,31.6,-4.0,0,6.59,5.0
0003386,0002586,0000021,2025-09-13 19:37:00,31100,0,31100,0,35.2,37.8,-2.6,0,2.67,5.0
0003387,0003672,0000021,2025-09-14 16:51:00,64500,0,64500,0,34.9,32.7,2.2,1,2.73,5.0
0003388,0000727,0000070,2025-09-15 20:36:00,55100,0,55100,0,34.3,35.4,-1.1,0,3.13,5.0
0003389,0001204,0000060,2025-09-17 19:31:00,7800,0,7800,0,37.7,32.9,4.8,1,9.35,5.0
0003390,0000037,0000086,2025-09-17 17:01:00,27500,0,27500,0,28.3,30.4,-2.1,0,1.53,5.0
0003391,0000236,0000035,2025-09-17 18:29:00,66600,0,66600,0,37.8,39.6,-1.8,0,1.16,3.0
0003392,0000392,0000080,2025-09-19 13:04:00,25900,0,25900,0,40.4,37.0,3.4,1,2.31,5.0
0003393,0003650,0000100,2025-09-22 17:28:00,89100,0,89100,0,29.0,30.0,-1.0,0,8.65,5.0
0003394,0003810,0000100,2025-09-22 21:18:00,53600,0,53600,0,34.3,33.3,1.0,1,3.85,5.0
0003395,0002129,0000076,2025-09-25 14:30:00,11700,0,11700,0,25.6,27.8,-2.2,0,6.66,5.0
0003396,0000323,0000076,2025-09-30 08:25:00,47400,0,47400,0,35.9,33.7,2.2,1,6.15,5.0
0003397,0000559,0000012,2025-09-30 14:24:00,64900,0,64900,0,34.5,35.4,-0.9,0,8.42,5.0
0003398,0002715,0000016,2025-09-30 15:32:00,55000,0,55000,0,38.0,39.1,-1.1,0,4.6,5.0
0003399,0003976,0000035,2025-10-01 14:54:00,37900,0,37900,0,27.5,31.0,-3.5,0,8.03,5.0
0003400,0003887,0000071,2025-10-02 18:53:00,73600,0,73600,0,27.7,30.6,-2.9,0,4.07,5.0
0003401,0002742,0000070,2025-10-03 18:12:00,10600,0,10600,0,34.6,37.6,-3.0,0,4.67,5.0
0003402,0002555,0000087,2025-10-03 19:37:00,81300,0,81300,0,35.2,36.9,-1.7,0,0.97,5.0
0003403,0000989,0000096,2025-10-04 10:42:00,44600,0,44600,0,26.1,29.4,-3.3,0,5.07,5.0
0003404,0003158,0000071,2025-10-04 20:03:00,42000,0,42000,0,28.8,32.0,-3.2,0,6.85,4.0
0003405,0004057,0000070,2025-10-05 16:27:00,57500,0,57500,0,24.2,26.4,-2.2,0,9.43,5.0
0003406,0000844,0000016,2025-10-06 09:20:00,31400,0,31400,0,35.7,36.5,-0.8,0,6.34,5.0
0003407,0003802,0000080,2025-10-06 09:03:00,86900,0,86900,0,32.0,35.1,-3.1,0,2.79,5.0
0003408,0003461,0000086,2025-10-07 09:54:00,64400,0,64400,0,23.9,26.4,-2.5,0,1.04,5.0
0003409,0002231,0000002,2025-10-09 18:09:00,85900,0,85900,0,32.6,32.8,-0.2,0,5.71,5.0
0003410,0001246,0000012,2025-10-11 14:06:00,77600,0,77600,0,26.3,30.6,-4.3,0,0.29,5.0
0003411,0001039,0000004,2025-10-11 22:09:00,76600,0,76600,0,29.6,28.2,1.4,1,8.12,5.0
0003412,0001946,0000022,2025-10-12 10:48:00,51900,0,51900,0,36.3,36.3,0.0,0,9.86,5.0
0003413,0000329,0000071,2025-10-12 13:42:00,31700,0,31700,0,29.4,29.4,0.0,0,8.05,5.0
0003414,0001782,0000032,2025-10-13 04:05:00,74700,0,74700,0,32.5,32.9,-0.4,0,7.05,4.0
0003415,0002938,0000070,2025-10-13 09:07:00,16400,0,16400,0,33.7,32.9,0.8,1,3.23,5.0
0003416,0002718,0000086,2025-10-13 12:34:00,58700,0,58700,0,44.9,41.4,3.5,1,4.55,1.0
0003417,0003980,0000086,2025-10-15 16:32:00,87100,0,87100,0,29.7,35.6,-5.9,0,6.31,5.0
0003418,0000928,0000076,2025-10-15 17:06:00,97200,0,97200,0,29.0,29.4,-0.4,0,1.34,5.0
0003419,0002894,0000071,2025-10-15 18:52:00,14000,0,14000,0,37.9,32.8,5.1,1,3.5,5.0
0003420,0002847,0000071,2025-10-16 10:34:46,65500,0,65500,0,34.8,32.2,2.6,1,4.95,5.0
0003421,0002594,0000053,2025-10-16 15:25:00,76500,0,76500,0,36.9,38.0,-1.1,0,1.24,5.0
0003422,0000751,0000002,2025-10-17 12:33:00,46300,0,46300,0,33.8,31.7,2.1,1,1.66,5.0
0003423,0001977,0000021,2025-10-17 16:14:00,20800,0,20800,0,32.5,27.4,5.1,1,11.61,5.0
0003424,0001155,0000071,2025-10-19 13:39:00,82900,0,82900,0,41.4,41.2,0.2,1,5.9,5.0
0003425,0000624,0000035,2025-10-19 17:10:00,85100,0,85100,0,35.7,31.8,3.9,1,6.74,5.0
0003426,0001481,0000022,2025-10-19 18:23:00,47100,0,47100,0,27.3,28.4,-1.1,0,5.67,5.0
0003427,0002929,0000004,2025-10-22 15:21:00,40400,2000,38400,1,30.3,22.6,7.7,1,8.12,5.0
0003428,0003908,0000096,2025-10-22 18:33:00,14700,0,14700,0,33.7,34.5,-0.8,0,7.77,5.0
0003429,0001828,0000002,2025-10-23 05:19:00,53900,0,53900,0,27.9,32.5,-4.6,0,2.97,5.0
0003430,0003079,0000070,2025-10-23 10:22:00,41000,0,41000,0,28.1,30.9,-2.8,0,9.92,5.0
0003431,0000436,0000087,2025-10-24 10:55:00,80600,0,80600,0,31.6,36.9,-5.3,0,5.3,5.0
0003432,0003526,0000022,2025-10-24 21:23:00,61800,0,61800,0,32.5,31.4,1.1,1,2.86,5.0
0003433,0002815,0000060,2025-10-26 16:17:00,80600,0,80600,0,27.8,29.8,-2.0,0,1.05,5.0
0003434,0001037,0000080,2025-10-26 18:16:00,53000,0,53000,0,29.3,28.8,0.5,1,0.78,4.0
0003435,0003478,0000096,2025-10-27 20:18:00,22300,0,22300,0,29.7,29.8,-0.1,0,2.38,3.0
0003436,0000086,0000086,2025-10-27 20:55:00,13300,0,13300,0,37.0,33.7,3.3,1,1.68,5.0
0003437,0000668,0000080,2025-10-28 11:14:00,13700,0,13700,0,35.8,39.5,-3.7,0,7.79,5.0
0003438,0001897,0000012,2025-10-28 15:36:00,79600,0,79600,0,34.8,33.8,1.0,1,5.32,4.0
0003439,0003726,0000100,2025-10-29 11:51:00,99700,0,99700,0,27.7,26.4,1.3,1,8.24,5.0
0003440,0003045,0000093,2025-10-29 10:24:00,71500,0,71500,0,76.5,75.0,1.5,1,2.69,5.0
0003441,0000586,0000070,2025-10-30 10:19:00,52700,0,52700,0,26.3,27.7,-1.4,0,3.97,5.0
0003442,0003532,0000071,2025-10-30 15:10:00,78600,0,78600,0,38.2,38.8,-0.6,0,2.94,5.0
0003443,0000028,0000032,2025-10-30 21:26:00,61800,0,61800,0,40.0,42.1,-2.1,0,2.6,5.0
0003444,0003319,0000035,2025-11-01 20:02:00,87900,0,87900,0,36.7,36.1,0.6,1,10.49,5.0
0003445,0000747,0000093,2025-11-02 16:11:00,58000,0,58000,0,44.8,41.4,3.4,1,2.69,5.0
0003446,0000234,0000004,2025-11-03 14:49:00,51600,0,51600,0,26.0,29.8,-3.8,0,1.2,5.0
0003447,0001451,0000100,2025-11-03 13:57:00,36400,0,36400,0,30.5,30.9,-0.4,0,6.38,5.0
0003448,0004190,0000053,2025-11-03 15:41:00,50600,0,50600,0,33.2,31.0,2.2,1,10.99,5.0
0003449,0001728,0000087,2025-11-06 05:44:00,29900,0,29900,0,44.0,40.8,3.2,1,4.48,5.0
0003450,0003814,0000053,2025-11-06 16:35:00,85000,0,85000,0,28.8,31.6,-2.8,0,5.63,4.0
0003451,0000405,0000021,2025-11-06 18:19:00,53800,0,53800,0,30.7,29.2,1.5,1,4.25,5.0
0003452,0001958,0000060,2025-11-07 12:28:00,64900,0,64900,0,32.9,33.8,-0.9,0,9.6,5.0
0003453,0000080,0000080,2025-11-07 17:23:00,97300,0,97300,0,28.2,33.7,-5.5,0,6.01,5.0
0003454,0002150,0000080,2025-11-07 19:45:00,96400,0,96400,0,21.5,26.4,-4.9,0,2.52,5.0
0003455,0003563,0000021,2025-11-09 14:57:00,76200,0,76200,0,31.3,29.6,1.7,1,7.47,5.0
0003456,0004234,0000080,2025-11-09 23:23:00,82800,0,82800,0,35.3,35.9,-0.6,0,3.73,5.0
0003457,0001068,0000100,2025-11-11 15:15:00,50900,0,50900,0,34.2,26.8,7.4,1,1.17,5.0
0003458,0002159,0000080,2025-11-11 19:51:00,40600,0,40600,0,36.7,30.8,5.9,1,3.91,5.0
0003459,0003045,0000093,2025-11-12 11:52:00,30200,0,30200,0,32.2,30.9,1.3,1,7.08,5.0
0003460,0002914,0000016,2025-11-15 16:06:00,53100,0,53100,0,40.0,41.4,-1.4,0,4.92,5.0
0003461,0000983,0000035,2025-11-16 18:10:00,58400,0,58400,0,24.7,27.2,-2.5,0,5.34,5.0
0003462,0003357,0000080,2025-11-16 17:29:00,16000,0,16000,0,31.3,33.0,-1.7,0,4.55,5.0
0003463,0001701,0000076,2025-11-17 18:05:00,37600,0,37600,0,32.2,29.7,2.5,1,7.02,5.0
0003464,0002931,0000016,2025-11-18 09:36:00,67900,0,67900,0,27.3,29.2,-1.9,0,1.29,5.0
0003465,0002708,0000093,2025-11-18 10:11:00,39500,0,39500,0,27.6,30.8,-3.2,0,6.22,5.0
0003466,0001878,0000022,2025-11-19 16:42:00,12300,0,12300,0,36.9,31.8,5.1,1,9.74,3.0
0003467,0002341,0000021,2025-11-20 15:40:00,78900,0,78900,0,41.1,35.5,5.6,1,3.45,5.0
0003468,0000904,0000100,2025-11-20 18:04:00,62400,0,62400,0,22.5,25.9,-3.4,0,6.12,5.0
0003469,0002060,0000093,2025-11-21 08:52:00,18800,0,18800,0,32.7,30.9,1.8,1,7.08,5.0
0003470,0001492,0000035,2025-11-21 12:27:00,37000,0,37000,0,31.4,29.9,1.5,1,9.4,3.0
0003471,0000064,0000060,2025-11-21 20:59:00,12600,0,12600,0,39.3,36.5,2.8,1,8.7,1.0
0003472,0003171,0000021,2025-11-22 11:14:46,57300,0,57300,0,30.0,30.5,-0.5,0,5.05,5.0
0003473,0004396,0000012,2025-11-22 14:47:00,8800,500,8300,1,36.3,45.8,-9.5,0,8.42,5.0
0003474,0004330,0000087,2025-11-23 12:17:00,92900,5000,87900,1,26.9,34.3,-7.4,0,6.32,5.0
0003475,0001092,0000053,2025-11-23 15:20:00,65000,0,65000,0,27.2,26.8,0.4,1,5.4,5.0
0003476,0003290,0000021,2025-11-25 21:49:00,76300,0,76300,0,31.7,32.7,-1.0,0,8.69,5.0
0003477,0000402,0000080,2025-11-27 13:21:00,83300,0,83300,0,30.6,27.4,3.2,1,3.71,5.0
0003478,0000326,0000100,2025-11-28 12:29:00,22500,0,22500,0,28.7,30.0,-1.3,0,8.2,5.0
0003479,0002648,0000022,2025-11-28 11:03:00,85500,0,85500,0,35.0,31.6,3.4,1,2.26,5.0
0003480,0002301,0000093,2025-11-28 21:31:00,48900,0,48900,0,25.8,30.3,-4.5,0,0.83,4.0
0003481,0004279,0000086,2025-11-29 10:47:00,71700,5000,66700,1,37.4,44.3,-6.9,0,9.73,4.0
0003482,0002337,0000076,2025-11-30 15:16:00,38500,0,38500,0,34.0,31.2,2.8,1,2.69,5.0
0003483,0000787,0000100,2025-11-30 23:07:00,78700,0,78700,0,28.7,31.4,-2.7,0,8.92,5.0
0003484,0003885,0000053,2025-11-30 18:18:00,42400,0,42400,0,35.0,32.8,2.2,1,7.96,4.0
0003485,0003567,0000096,2025-11-30 21:55:00,11600,0,11600,0,37.5,36.4,1.1,1,1.23,5.0
0003486,0001509,0000035,2025-12-01 12:06:00,9300,0,9300,0,27.3,30.0,-2.7,0,8.98,5.0
0003487,0001025,0000060,2025-12-01 19:58:00,12500,0,12500,0,44.7,39.0,5.7,1,9.42,5.0
0003488,0004070,0000035,2025-12-02 16:19:00,63200,0,63200,0,29.7,30.3,-0.6,0,3.28,5.0
0003489,0001294,0000060,2025-12-03 22:14:00,55100,0,55100,0,32.8,33.0,-0.2,0,6.2,5.0
0003490,0003283,0000100,2025-12-04 12:29:00,37100,0,37100,0,26.5,33.2,-6.7,0,1.8,5.0
0003491,0000914,0000022,2025-12-04 16:44:00,88400,0,88400,0,32.9,35.9,-3.0,0,5.87,5.0
0003492,0001104,0000086,2025-12-05 21:08:00,71400,0,71400,0,23.8,29.2,-5.4,0,8.34,5.0
0003493,0000004,0000060,2025-12-06 19:25:00,91800,0,91800,0,30.6,29.1,1.5,1,9.73,5.0
0003494,0003242,0000096,2025-12-06 21:21:46,81500,0,81500,0,38.8,36.4,2.4,1,1.54,5.0
0003495,0002610,0000096,2025-12-07 19:05:00,33200,0,33200,0,25.8,27.3,-1.5,0,6.57,5.0
0003496,0000157,0000071,2025-12-07 21:38:00,75500,0,75500,0,42.3,43.8,-1.5,0,2.0,4.0
0003497,0003616,0000016,2025-12-08 10:07:00,24300,0,24300,0,28.6,30.0,-1.4,0,1.26,5.0
0003498,0000996,0000012,2025-12-08 11:38:00,48500,0,48500,0,35.2,33.7,1.5,1,4.85,5.0
0003499,0000399,0000080,2025-12-11 11:33:00,53400,0,53400,0,24.8,27.2,-2.4,0,4.71,5.0
0003500,0000867,0000080,2025-12-12 11:46:00,18500,0,18500,0,33.5,35.0,-1.5,0,6.73,5.0
0003501,0000915,0000021,2025-12-13 14:09:00,30000,0,30000,0,35.5,36.3,-0.8,0,3.15,5.0
0003502,0003002,0000022,2025-12-13 20:36:00,89800,0,89800,0,39.2,39.4,-0.2,0,3.92,5.0
0003503,0003613,0000035,2025-12-15 09:29:00,50100,2000,48100,1,31.5,41.5,-10.0,0,1.56,5.0
0003504,0004459,0000086,2025-12-15 20:13:00,91400,5000,86400,1,38.2,30.2,8.0,1,10.89,3.0
0003505,0001246,0000022,2025-12-16 19:01:00,53000,0,53000,0,47.6,43.1,4.5,1,5.21,5.0
0003506,0002555,0000032,2025-12-19 10:51:00,7200,0,7200,0,43.3,41.4,1.9,1,6.27,5.0
0003507,0004340,0000087,2025-12-19 20:35:00,79300,0,79300,0,37.2,35.8,1.4,1,2.2,5.0
0003508,0003658,0000080,2025-12-21 19:19:00,37300,0,37300,0,24.0,25.7,-1.7,0,3.86,5.0
0003509,0003154,0000035,2025-12-21 22:27:00,20100,0,20100,0,34.8,36.9,-2.1,0,3.52,5.0
0003510,0000256,0000002,2025-12-22 19:09:00,54900,0,54900,0,37.4,32.3,5.1,1,0.82,5.0
0003511,0003046,0000093,2025-12-24 12:45:00,28600,0,28600,0,29.2,31.1,-1.9,0,9.15,5.0
0003512,0000166,0000076,2025-12-25 06:48:00,8700,0,8700,0,31.9,33.4,-1.5,0,1.31,5.0
0003513,0003872,0000012,2025-12-26 12:47:00,69300,0,69300,0,30.0,29.0,1.0,1,9.89,5.0
0003514,0000354,0000017,2025-12-26 16:52:00,10300,0,10300,0,28.6,27.2,1.4,1,6.59,5.0
0003515,0000133,0000086,2025-12-26 20:19:00,43700,0,43700,0,31.9,30.8,1.1,1,2.46,5.0
0003516,0003625,0000017,2025-12-28 19:23:00,44700,0,44700,0,24.2,28.4,-4.2,0,5.05,5.0
0003517,0000856,0000017,2025-12-28 20:06:00,69700,0,69700,0,40.0,37.5,2.5,1,7.64,5.0
0003518,0003644,0000071,2025-12-29 14:37:00,78900,0,78900,0,31.7,35.9,-4.2,0,3.19,5.0
0003519,0004469,0000022,2025-12-29 21:23:00,55200,2000,53200,1,30.0,25.4,4.6,1,2.36,5.0
0003520,0001471,0000071,2025-12-30 21:18:00,55800,0,55800,0,34.9,32.1,2.8,1,3.92,5.0
0003521,0000108,0000032,2026-01-03 12:23:00,70300,0,70300,0,29.1,29.1,0.0,0,1.5,5.0
0003522,0003793,0000070,2026-01-05 19:40:00,58500,0,58500,0,30.7,27.9,2.8,1,5.39,5.0
0003523,0001854,0000070,2026-01-05 21:39:00,90100,0,90100,0,36.3,37.9,-1.6,0,3.89,5.0
0003524,0002229,0000087,2026-01-05 21:07:00,53100,0,53100,0,28.1,30.3,-2.2,0,6.51,5.0
0003525,0000946,0000087,2026-01-07 12:36:00,23600,0,23600,0,28.7,32.0,-3.3,0,0.97,5.0
0003526,0000901,0000022,2026-01-07 22:52:00,90200,0,90200,0,34.2,32.6,1.6,1,7.13,5.0
0003527,0001315,0000076,2026-01-08 12:07:00,26200,0,26200,0,28.1,28.6,-0.5,0,6.61,4.0
0003528,0003092,0000032,2026-01-08 16:40:00,67700,0,67700,0,27.4,27.9,-0.5,0,4.55,5.0
0003529,0001282,0000080,2026-01-11 00:52:00,43400,0,43400,0,28.0,27.8,0.2,1,8.37,5.0
0003530,0000802,0000076,2026-01-11 16:26:00,73100,0,73100,0,29.5,25.0,4.5,1,9.1,5.0
0003531,0003806,0000004,2026-01-11 18:01:00,54500,0,54500,0,29.8,28.4,1.4,1,4.29,5.0
0003532,0001995,0000017,2026-01-12 21:55:00,97300,0,97300,0,47.7,39.9,7.8,1,10.81,5.0
0003533,0002865,0000070,2026-01-14 15:18:00,99800,0,99800,0,38.7,35.3,3.4,1,6.28,5.0
0003534,0004694,0000004,2026-01-16 10:09:00,92200,5000,87200,1,30.8,32.3,-1.5,0,9.48,4.0
0003535,0000638,0000086,2026-01-16 19:55:00,52600,0,52600,0,32.3,31.4,0.9,1,2.62,5.0
0003536,0002328,0000032,2026-01-17 16:21:00,12000,0,12000,0,21.4,26.4,-5.0,0,6.35,5.0
0003537,0000602,0000060,2026-01-17 22:52:00,85800,0,85800,0,42.8,42.1,0.7,1,3.4,5.0
0003538,0003406,0000076,2026-01-18 11:39:00,80200,0,80200,0,30.0,32.7,-2.7,0,3.04,4.0
0003539,0003260,0000087,2026-01-20 18:49:00,81800,0,81800,0,29.0,30.6,-1.6,0,6.19,5.0
0003540,0001753,0000012,2026-01-21 20:01:00,67500,0,67500,0,26.1,30.0,-3.9,0,6.68,4.0
0003541,0004387,0000017,2026-01-21 20:37:00,69100,0,69100,0,33.5,35.9,-2.4,0,3.18,5.0
0003542,0003549,0000070,2026-01-22 21:08:00,54900,2000,52900,1,37.9,30.1,7.8,1,6.63,5.0
0003543,0004143,0000017,2026-01-22 21:41:00,53300,0,53300,0,31.8,29.4,2.4,1,10.46,5.0
0003544,0002167,0000100,2026-01-24 14:55:00,8800,0,8800,0,30.6,30.8,-0.2,0,5.73,5.0
0003545,0002733,0000017,2026-01-26 10:09:00,26600,0,26600,0,38.3,35.9,2.4,1,6.64,1.0
0003546,0002065,0000012,2026-01-26 21:28:00,34100,0,34100,0,37.0,37.4,-0.4,0,5.32,5.0
0003547,0004081,0000087,2026-01-27 00:12:00,7300,500,6800,1,30.7,16.8,13.9,1,4.59,5.0
0003548,0002914,0000087,2026-01-27 17:44:00,44200,0,44200,0,28.4,25.0,3.4,1,4.19,5.0
0003549,0003303,0000022,2026-01-28 11:03:00,69200,0,69200,0,38.7,36.0,2.7,1,3.58,5.0
0003550,0002466,0000002,2026-01-28 16:40:00,48700,0,48700,0,32.5,30.8,1.7,1,3.64,5.0
0003551,0003693,0000070,2026-01-28 17:07:00,22700,0,22700,0,32.1,33.7,-1.6,0,6.26,5.0
0003552,0001466,0000017,2026-01-29 00:41:00,50000,0,50000,0,38.5,36.2,2.3,1,10.58,5.0
0003553,0001508,0000070,2026-01-29 13:45:00,64600,0,64600,0,27.5,31.6,-4.1,0,5.95,5.0
0003554,0000285,0000070,2026-01-30 00:53:00,30100,0,30100,0,45.1,41.9,3.2,1,0.33,5.0
0003555,0002329,0000035,2026-01-30 19:20:00,35600,0,35600,0,38.4,39.0,-0.6,0,1.56,4.0
0003556,0000645,0000070,2026-01-31 10:47:00,62300,0,62300,0,27.0,29.2,-2.2,0,3.96,5.0
0003557,0001387,0000053,2026-02-01 11:54:00,21700,0,21700,0,29.3,31.2,-1.9,0,7.47,5.0
0003558,0002903,0000002,2026-02-01 16:46:00,78300,0,78300,0,31.3,30.1,1.2,1,10.93,5.0
0003559,0002010,0000016,2026-02-01 23:46:00,56700,0,56700,0,31.8,33.9,-2.1,0,10.19,5.0
0003560,0001677,0000070,2026-02-06 16:04:00,42000,0,42000,0,31.2,33.4,-2.2,0,5.88,5.0
0003561,0002039,0000017,2026-02-06 21:28:00,40100,0,40100,0,34.0,34.3,-0.3,0,6.23,5.0
0003562,0002904,0000086,2026-02-07 16:45:00,82800,0,82800,0,29.5,28.4,1.1,1,2.62,5.0
0003563,0001127,0000012,2026-02-09 09:56:00,23000,0,23000,0,32.7,31.3,1.4,1,8.55,5.0
0003564,0002931,0000096,2026-02-10 14:16:00,38600,0,38600,0,25.5,30.2,-4.7,0,4.58,3.0
0003565,0000527,0000096,2026-02-11 18:12:00,7200,0,7200,0,32.0,31.5,0.5,1,11.83,5.0
0003566,0000989,0000080,2026-02-12 11:02:00,57500,0,57500,0,31.1,33.1,-2.0,0,9.32,5.0
0003567,0001093,0000060,2026-02-12 12:43:00,37200,0,37200,0,26.4,25.7,0.7,1,1.41,5.0
0003568,0003934,0000093,2026-02-12 22:39:00,90500,0,90500,0,39.5,33.8,5.7,1,1.69,5.0
0003569,0000111,0000086,2026-02-13 15:12:00,75400,0,75400,0,27.3,30.2,-2.9,0,3.07,5.0
0003570,0000361,0000096,2026-02-14 10:40:00,46400,0,46400,0,28.8,26.4,2.4,1,10.24,5.0
0003571,0001096,0000080,2026-02-14 15:37:00,32500,0,32500,0,28.8,30.5,-1.7,0,1.88,5.0
0003572,0003654,0000035,2026-02-18 21:48:00,75500,0,75500,0,37.8,40.4,-2.6,0,7.79,4.0
0003573,0003778,0000076,2026-02-19 11:27:00,37100,1000,36100,1,24.7,15.9,8.8,1,5.7,3.0
0003574,0003089,0000012,2026-02-19 09:14:00,62500,0,62500,0,28.3,33.4,-5.1,0,8.42,5.0
0003575,0000525,0000080,2026-02-19 20:50:00,41200,0,41200,0,33.1,31.1,2.0,1,3.67,5.0
0003576,0004647,0000016,2026-02-20 18:59:00,14900,0,14900,0,28.7,29.9,-1.2,0,10.5,5.0
0003577,0000367,0000076,2026-02-20 20:58:00,80700,0,80700,0,36.7,33.6,3.1,1,8.24,4.0
0003578,0002080,0000012,2026-02-21 14:57:00,96700,0,96700,0,32.7,31.7,1.0,1,9.06,5.0
0003579,0001888,0000100,2026-02-22 17:02:00,98900,0,98900,0,29.5,27.0,2.5,1,4.06,5.0
0003580,0001293,0000053,2026-02-23 16:02:00,56500,0,56500,0,37.7,34.9,2.8,1,7.79,5.0
0003581,0001759,0000080,2026-02-23 23:14:00,80000,0,80000,0,37.1,40.1,-3.0,0,0.78,5.0
0003582,0000443,0000002,2026-02-23 23:25:00,94900,0,94900,0,31.8,34.3,-2.5,0,6.29,1.0
0003583,0002451,0000035,2026-02-24 13:33:00,44000,0,44000,0,31.1,33.4,-2.3,0,7.94,5.0
0003584,0004160,0000086,2026-02-24 17:59:00,9700,0,9700,0,31.6,30.0,1.6,1,3.46,4.0
0003585,0001933,0000076,2026-02-25 17:07:00,91200,0,91200,0,42.1,41.4,0.7,1,4.99,5.0
0003586,0003406,0000002,2026-02-26 09:22:00,93800,0,93800,0,29.3,29.7,-0.4,0,1.31,5.0
0003587,0001378,0000080,2026-02-26 16:29:00,97300,0,97300,0,30.6,31.4,-0.8,0,4.63,5.0
0003588,0003723,0000012,2026-02-27 10:19:00,44800,0,44800,0,35.6,36.0,-0.4,0,4.2,5.0
0003589,0002317,0000070,2026-02-27 13:10:00,66600,0,66600,0,40.7,36.9,3.8,1,6.35,5.0
0003590,0002372,0000100,2026-02-28 11:35:00,85900,0,85900,0,25.5,29.0,-3.5,0,9.85,5.0
0003591,0001232,0000087,2026-02-28 23:38:36,38700,0,38700,0,34.8,32.0,2.8,1,1.24,5.0
0003592,0003825,0000017,2026-02-28 07:54:00,46600,0,46600,0,30.7,31.8,-1.1,0,7.46,5.0
0003593,0002638,0000021,2026-03-02 10:08:00,69200,0,69200,0,22.8,29.1,-6.3,0,10.13,5.0
0003594,0000080,0000060,2026-03-04 17:35:00,80300,0,80300,0,35.5,34.6,0.9,1,1.26,5.0
0003595,0003929,0000076,2026-03-05 11:30:00,19400,0,19400,0,27.9,28.7,-0.8,0,1.28,5.0
0003596,0001197,0000087,2026-03-05 12:23:00,24500,0,24500,0,25.6,28.4,-2.8,0,1.09,5.0
0003597,0001198,0000004,2026-03-05 21:05:00,90300,0,90300,0,31.9,31.7,0.2,1,9.48,5.0
0003598,0002112,0000076,2026-03-05 23:23:00,41700,2000,39700,1,34.8,21.6,13.2,1,0.61,5.0
0003599,0002643,0000070,2026-03-06 09:51:00,16600,0,16600,0,32.7,30.0,2.7,1,8.58,5.0
0003600,0003229,0000016,2026-03-07 11:41:00,12400,0,12400,0,33.4,33.8,-0.4,0,5.59,5.0
0003601,0004382,0000087,2026-03-07 19:24:00,93900,0,93900,0,31.0,33.0,-2.0,0,6.83,5.0
0003602,0000373,0000086,2026-03-07 21:18:00,21600,0,21600,0,32.9,35.0,-2.1,0,7.37,5.0
0003603,0000439,0000053,2026-03-08 15:39:00,31500,1000,30500,1,23.8,20.7,3.1,1,4.7,5.0
0003604,0003124,0000070,2026-03-08 21:01:00,43800,0,43800,0,33.7,32.1,1.6,1,9.68,5.0
0003605,0004274,0000070,2026-03-09 12:06:00,97000,0,97000,0,44.2,36.5,7.7,1,3.13,5.0
0003606,0004568,0000100,2026-03-09 11:25:00,93100,0,93100,0,31.8,31.8,0.0,0,8.0,5.0
0003607,0002085,0000070,2026-03-09 23:45:00,76800,0,76800,0,33.2,35.3,-2.1,0,10.5,5.0
0003608,0004872,0000022,2026-03-10 00:40:00,56000,0,56000,0,31.5,29.0,2.5,1,5.21,1.0
0003609,0001570,0000022,2026-03-10 14:52:00,46600,0,46600,0,34.4,29.6,4.8,1,8.02,1.0
0003610,0000361,0000017,2026-03-11 15:05:00,62400,0,62400,0,30.2,28.6,1.6,1,6.42,5.0
0003611,0002501,0000035,2026-03-13 20:10:00,21700,0,21700,0,32.5,29.9,2.6,1,4.48,5.0
0003612,0004608,0000017,2026-03-17 16:22:00,76300,5000,71300,1,28.6,14.6,14.0,1,4.5,5.0
0003613,0002043,0000086,2026-03-17 17:14:00,93300,0,93300,0,23.9,24.9,-1.0,0,9.79,1.0
0003614,0003740,0000076,2026-03-18 17:21:00,15100,0,15100,0,27.4,26.4,1.0,1,5.53,5.0
0003615,0003918,0000053,2026-03-19 13:41:00,96800,0,96800,0,37.7,32.5,5.2,1,6.88,4.0
0003616,0003325,0000080,2026-03-19 17:47:00,45800,0,45800,0,37.9,40.8,-2.9,0,5.99,5.0
0003617,0000204,0000080,2026-03-19 20:58:00,8000,0,8000,0,33.7,37.9,-4.2,0,9.33,3.0
0003618,0001606,0000093,2026-03-21 11:54:00,28200,0,28200,0,27.4,28.2,-0.8,0,5.95,1.0
0003619,0001791,0000096,2026-03-21 11:14:00,26900,0,26900,0,32.1,30.6,1.5,1,1.41,5.0
0003620,0001584,0000080,2026-03-21 19:23:00,31400,0,31400,0,23.6,29.0,-5.4,0,5.09,5.0
0003621,0000402,0000016,2026-03-24 19:31:00,76700,0,76700,0,31.1,31.3,-0.2,0,9.76,5.0
0003622,0000545,0000022,2026-03-24 19:05:00,96400,0,96400,0,36.2,37.2,-1.0,0,10.72,5.0
0003623,0001991,0000017,2026-03-24 20:44:00,27300,0,27300,0,32.8,30.6,2.2,1,8.72,5.0
0003624,0001310,0000021,2026-03-26 10:59:00,80000,0,80000,0,31.3,33.4,-2.1,0,9.73,5.0
0003625,0003427,0000060,2026-03-26 19:11:00,47100,0,47100,0,31.9,28.4,3.5,1,8.43,5.0
0003626,0004199,0000004,2026-03-27 15:12:00,41200,0,41200,0,30.9,27.9,3.0,1,0.72,5.0
0003627,0003341,0000017,2026-03-28 17:10:00,95200,0,95200,0,29.6,26.6,3.0,1,6.17,5.0
0003628,0002824,0000017,2026-03-28 21:22:00,18600,0,18600,0,27.3,29.5,-2.2,0,5.06,5.0
0003629,0003593,0000021,2026-03-30 16:20:00,35700,0,35700,0,22.2,26.6,-4.4,0,10.39,5.0
0003630,0001204,0000060,2026-03-30 15:07:00,10700,0,10700,0,27.6,28.3,-0.7,0,10.92,5.0
0003631,0000821,0000017,2026-04-01 11:08:00,76400,0,76400,0,37.2,37.4,-0.2,0,10.34,5.0
0003632,0004289,0000080,2026-04-01 11:11:00,69300,5000,64300,1,34.2,26.6,7.6,1,8.37,4.0
0003633,0003317,0000021,2026-04-02 15:47:00,29200,0,29200,0,39.8,41.1,-1.3,0,7.21,5.0
0003634,0003428,0000070,2026-04-02 18:37:00,68000,0,68000,0,30.7,27.1,3.6,1,5.49,5.0
0003635,0000368,0000035,2026-04-04 17:55:00,60300,0,60300,0,36.0,35.3,0.7,1,2.87,5.0
0003636,0001127,0000022,2026-04-05 15:57:00,16100,0,16100,0,41.6,40.2,1.4,1,10.18,5.0
0003637,0003351,0000086,2026-04-05 18:43:00,76400,0,76400,0,31.1,29.8,1.3,1,10.31,5.0
0003638,0003095,0000076,2026-04-06 13:08:00,28200,0,28200,0,38.7,38.4,0.3,1,1.66,5.0
0003639,0002700,0000032,2026-04-07 22:25:00,27300,0,27300,0,31.2,32.2,-1.0,0,5.64,5.0
0003640,0003401,0000035,2026-04-07 22:58:00,73600,0,73600,0,36.7,35.5,1.2,1,2.13,1.0
0003641,0003490,0000070,2026-04-08 23:23:00,82300,0,82300,0,35.1,33.7,1.4,1,9.43,5.0
0003642,0004745,0000087,2026-04-10 12:36:00,34900,0,34900,0,27.5,31.8,-4.3,0,3.8,5.0
0003643,0003535,0000070,2026-04-11 11:35:00,84400,0,84400,0,32.7,36.0,-3.3,0,4.36,5.0
0003644,0001146,0000035,2026-04-13 16:21:00,36500,0,36500,0,33.7,32.7,1.0,1,5.91,5.0
0003645,0001714,0000012,2026-04-15 16:41:00,47400,0,47400,0,29.6,26.4,3.2,1,7.91,5.0
0003646,0004427,0000070,2026-04-18 16:52:00,48800,0,48800,0,29.8,33.7,-3.9,0,6.26,5.0
0003647,0000761,0000080,2026-04-18 17:24:00,38000,0,38000,0,28.1,28.8,-0.7,0,2.93,5.0
0003648,0004749,0000022,2026-04-18 19:54:00,42500,0,42500,0,33.1,36.0,-2.9,0,3.58,5.0
0003649,0001095,0000004,2026-04-19 13:45:00,38800,0,38800,0,29.2,25.1,4.1,1,8.03,1.0
0003650,0000443,0000100,2026-04-19 19:35:00,16400,0,16400,0,33.9,31.4,2.5,1,7.69,5.0
0003651,0001057,0000035,2026-04-19 23:02:00,72900,0,72900,0,36.4,34.8,1.6,1,5.47,5.0
0003652,0002148,0000060,2026-04-21 12:26:00,68500,0,68500,0,25.1,29.2,-4.1,0,3.05,4.0
0003653,0001579,0000032,2026-04-21 19:11:00,51500,0,51500,0,39.2,38.6,0.6,1,10.34,5.0
0003654,0004660,0000053,2026-04-22 18:55:00,95600,0,95600,0,28.2,28.7,-0.5,0,2.17,5.0
0003655,0003945,0000032,2026-04-23 10:57:00,21500,0,21500,0,34.1,29.1,5.0,1,7.46,5.0
0003656,0003565,0000032,2026-04-23 17:10:00,51600,0,51600,0,35.4,35.3,0.1,1,8.91,5.0
0003657,0001975,0000070,2026-04-24 17:11:00,42900,0,42900,0,31.4,28.0,3.4,1,1.01,5.0
0003658,0004347,0000016,2026-04-25 10:43:00,40600,0,40600,0,41.8,37.9,3.9,1,4.6,5.0
0003659,0003358,0000035,2026-04-28 11:30:00,83400,0,83400,0,37.2,35.9,1.3,1,2.78,5.0
0003660,0000499,0000093,2026-04-28 12:06:00,22200,0,22200,0,32.1,32.5,-0.4,0,8.58,5.0
0003661,0002458,0000022,2026-04-28 17:15:00,59400,0,59400,0,34.7,31.5,3.2,1,10.79,5.0
0003662,0000395,0000093,2026-04-30 13:50:00,13200,0,13200,0,34.3,28.7,5.6,1,1.98,5.0
0003663,0001063,0000012,2026-04-30 09:51:00,55300,0,55300,0,34.9,39.1,-4.2,0,8.48,5.0
0003664,0000442,0000017,2026-04-30 09:01:00,52400,0,52400,0,32.2,37.6,-5.4,0,0.64,5.0
0003665,0003482,0000087,2026-05-01 17:53:00,73100,0,73100,0,37.4,30.9,6.5,1,5.3,5.0
0003666,0001718,0000017,2026-05-01 20:01:00,11000,0,11000,0,24.5,28.3,-3.8,0,3.8,5.0
0003667,0004998,0000053,2026-05-02 13:06:00,25900,0,25900,0,32.6,31.9,0.7,1,6.23,5.0
0003668,0003946,0000035,2026-05-02 20:24:00,23000,0,23000,0,28.9,31.2,-2.3,0,8.7,5.0
0003669,0004184,0000017,2026-05-06 13:44:00,13200,0,13200,0,25.7,25.8,-0.1,0,6.42,3.0
0003670,0002152,0000076,2026-05-06 17:01:00,44000,0,44000,0,37.5,35.2,2.3,1,3.18,1.0
0003671,0004080,0000035,2026-05-07 11:37:00,95800,0,95800,0,31.4,27.0,4.4,1,0.0,4.0
0003672,0000050,0000016,2026-05-07 20:04:00,15600,0,15600,0,32.8,30.2,2.6,1,9.96,5.0
0003673,0002682,0000017,2026-05-07 22:31:00,65200,0,65200,0,34.4,31.4,3.0,1,10.37,5.0
0003674,0000114,0000017,2026-05-09 16:54:00,50200,0,50200,0,27.6,29.6,-2.0,0,6.31,5.0
0003675,0000064,0000093,2026-05-10 18:52:00,38300,0,38300,0,33.8,26.3,7.5,1,1.86,5.0
0003676,0001650,0000021,2026-05-11 19:25:00,29700,0,29700,0,31.5,34.2,-2.7,0,8.12,5.0
0003677,0000008,0000076,2026-05-13 09:14:00,35000,0,35000,0,23.8,26.8,-3.0,0,4.74,5.0
0003678,0000559,0000086,2026-05-13 16:22:00,9700,0,9700,0,30.8,27.2,3.6,1,0.79,5.0
0003679,0002280,0000022,2026-05-14 16:19:00,46100,0,46100,0,29.4,32.8,-3.4,0,6.09,5.0
0003680,0004954,0000080,2026-05-16 10:55:00,85400,0,85400,0,76.8,75.0,1.8,1,4.0,5.0
0003681,0001226,0000096,2026-05-16 18:28:00,27300,0,27300,0,38.3,35.2,3.1,1,10.45,5.0
0003682,0003631,0000053,2026-05-17 14:48:00,27500,0,27500,0,31.7,30.3,1.4,1,8.9,5.0
0003683,0001886,0000053,2026-05-17 15:15:00,23600,0,23600,0,27.3,31.0,-3.7,0,10.23,5.0
0003684,0003009,0000080,2026-05-17 22:20:00,10800,0,10800,0,34.9,31.6,3.3,1,2.52,5.0
0003685,0002228,0000053,2026-05-19 15:09:00,50200,0,50200,0,26.7,27.3,-0.6,0,5.27,4.0
0003686,0001595,0000032,2026-05-22 19:54:00,89100,0,89100,0,28.0,26.2,1.8,1,4.55,5.0
0003687,0000184,0000016,2026-05-23 11:25:00,56700,0,56700,0,30.0,32.3,-2.3,0,0.0,5.0
0003688,0005002,0000002,2026-05-24 16:43:00,8500,0,8500,0,28.7,29.0,-0.3,0,4.11,5.0
0003689,0000432,0000032,2026-05-25 15:52:00,75800,5000,70800,1,34.6,31.0,3.6,1,8.93,5.0
0003690,0004324,0000087,2026-05-26 11:22:56,18000,0,18000,0,28.7,30.0,-1.3,0,3.63,5.0
0003691,0005083,0000086,2026-05-26 13:16:00,99600,0,99600,0,29.2,29.0,0.2,1,7.67,5.0
0003692,0003280,0000096,2026-05-26 12:29:00,74300,0,74300,0,40.8,36.9,3.9,1,6.72,5.0
0003693,0004760,0000012,2026-05-27 20:24:00,67800,0,67800,0,27.9,31.8,-3.9,0,8.59,5.0
0003694,0003145,0000060,2026-05-30 18:10:00,23100,0,23100,0,41.5,40.4,1.1,1,10.32,5.0
0003695,0004145,0000080,2026-05-30 20:31:00,95900,0,95900,0,41.0,40.0,1.0,1,2.31,5.0
0003696,0000972,0000096,2026-06-01 12:22:00,21500,0,21500,0,35.6,29.8,5.8,1,2.38,5.0
0003697,0000495,0000035,2026-06-01 18:47:00,75000,0,75000,0,26.9,28.5,-1.6,0,5.34,5.0
0003698,0003716,0000076,2026-06-01 20:13:00,83500,0,83500,0,40.7,42.1,-1.4,0,5.26,5.0
0003699,0005080,0000035,2026-06-02 14:54:00,22300,0,22300,0,27.7,29.6,-1.9,0,1.16,5.0
0003700,0002724,0000100,2026-06-02 18:58:00,25500,0,25500,0,28.3,25.0,3.3,1,8.65,5.0
0003701,0004530,0000100,2026-06-03 09:56:00,76000,0,76000,0,26.8,28.4,-1.6,0,9.81,5.0
0003702,0003681,0000096,2026-06-04 03:13:00,61500,0,61500,0,28.7,27.7,1.0,1,4.87,5.0
0003703,0003623,0000070,2026-06-04 12:23:00,47800,0,47800,0,38.2,37.1,1.1,1,4.46,5.0
0003704,0001893,0000096,2026-06-04 16:53:00,12800,0,12800,0,44.5,41.8,2.7,1,5.14,5.0
0003705,0003591,0000016,2026-06-04 15:12:00,87600,0,87600,0,28.5,29.1,-0.6,0,6.13,5.0
0003706,0001269,0000060,2026-06-04 15:38:00,42600,0,42600,0,28.6,28.2,0.4,1,10.01,5.0
0003707,0000815,0000086,2026-06-05 16:43:00,84700,0,84700,0,38.5,36.5,2.0,1,9.57,4.0
0003708,0003084,0000053,2026-06-06 00:10:00,10900,0,10900,0,36.3,33.9,2.4,1,5.27,4.0
0003709,0000931,0000086,2026-06-06 19:49:00,67100,0,67100,0,36.5,35.8,0.7,1,5.44,5.0
0003710,0003524,0000071,2026-06-07 10:02:00,56800,0,56800,0,33.6,27.7,5.9,1,6.66,5.0
0003711,0002997,0000071,2026-06-07 15:21:00,73700,5000,68700,1,33.9,19.1,14.8,1,4.2,5.0
0003712,0000272,0000053,2026-06-07 20:11:00,96900,0,96900,0,35.2,35.1,0.1,1,6.71,5.0
0003713,0003916,0000004,2026-06-08 14:14:00,84700,0,84700,0,30.9,26.0,4.9,1,0.26,5.0
0003714,0002931,0000016,2026-06-09 09:10:00,82500,0,82500,0,34.4,35.9,-1.5,0,6.49,5.0
0003715,0002679,0000021,2026-06-10 16:46:00,89600,0,89600,0,37.6,36.6,1.0,1,10.82,5.0
0003716,0000937,0000071,2026-06-11 21:55:00,75400,0,75400,0,31.7,34.5,-2.8,0,5.11,5.0
0003717,0002109,0000070,2026-06-13 10:50:00,14100,0,14100,0,39.4,35.9,3.5,1,6.35,5.0
0003718,0004314,0000086,2026-06-15 13:33:00,96700,0,96700,0,32.1,30.2,1.9,1,3.07,5.0
0003719,0002203,0000004,2026-06-15 13:53:00,88500,0,88500,0,45.2,37.0,8.2,1,6.42,5.0
0003720,0004362,0000016,2026-06-16 00:16:00,11700,0,11700,0,38.0,37.5,0.5,1,7.25,5.0
0003721,0001254,0000035,2026-06-16 17:27:00,65500,0,65500,0,25.2,25.7,-0.5,0,8.43,5.0
0003722,0000201,0000012,2026-06-17 09:56:00,40800,0,40800,0,31.0,29.6,1.4,1,0.29,5.0
0003723,0002502,0000060,2026-06-17 19:03:00,60400,0,60400,0,34.7,34.9,-0.2,0,10.09,5.0
0003724,0003387,0000080,2026-06-18 18:19:00,60800,0,60800,0,30.4,28.7,1.7,1,2.99,5.0
0003725,0002881,0000093,2026-06-20 20:10:00,41500,0,41500,0,31.7,30.4,1.3,1,4.6,5.0
0003726,0003450,0000016,2026-06-21 09:33:00,37500,0,37500,0,32.4,31.2,1.2,1,6.84,5.0
0003727,0001439,0000012,2026-06-21 11:08:00,52100,0,52100,0,37.3,32.4,4.9,1,8.42,3.0
0003728,0002395,0000016,2026-06-22 21:09:00,98700,0,98700,0,33.8,33.0,0.8,1,5.57,5.0
0003729,0003709,0000093,2026-06-22 22:31:00,62800,0,62800,0,25.4,29.0,-3.6,0,2.69,5.0
0003730,0003711,0000002,2026-06-23 19:01:00,80500,0,80500,0,37.2,34.8,2.4,1,7.63,5.0
0003731,0004841,0000002,2026-06-23 21:31:00,34900,0,34900,0,46.5,42.8,3.7,1,7.04,5.0
0003732,0002181,0000076,2026-06-24 10:36:00,44600,0,44600,0,30.0,25.0,5.0,1,9.1,5.0
0003733,0001719,0000087,2026-06-25 14:33:00,65200,0,65200,0,22.4,26.9,-4.5,0,5.74,5.0
0003734,0003769,0000021,2026-06-26 13:35:00,64600,0,64600,0,37.2,38.6,-1.4,0,3.39,4.0
0003735,0001403,0000017,2026-06-26 18:46:00,12500,0,12500,0,24.1,28.5,-4.4,0,3.55,1.0
0003736,0000636,0000021,2026-06-27 18:59:00,58000,0,58000,0,34.9,35.6,-0.7,0,10.82,5.0
0003737,0001095,0000016,2026-06-27 18:54:00,95400,0,95400,0,25.7,28.6,-2.9,0,6.47,5.0
0003738,0002957,0000086,2026-06-28 00:02:00,24800,0,24800,0,27.8,31.2,-3.4,0,7.45,1.0
0003739,0000064,0000015,2023-07-06 16:02:00,27500,1000,26500,1,25.4,33.0,-7.6,0,4.78,5.0
0003740,0000072,0000083,2023-07-30 22:12:00,67600,5000,62600,1,26.2,12.1,14.1,1,0.74,5.0
0003741,0000267,0000034,2023-08-04 12:22:00,52400,2000,50400,1,26.9,27.6,-0.7,0,6.66,5.0
0003742,0000259,0000081,2023-08-07 00:04:00,23100,0,23100,0,33.6,32.2,1.4,1,1.64,5.0
0003743,0000178,0000067,2023-08-22 14:22:00,29800,0,29800,0,61.5,62.8,-1.3,0,3.1,5.0
0003744,0000313,0000081,2023-08-27 14:07:00,97900,0,97900,0,39.7,36.5,3.2,1,1.64,1.0
0003745,0000284,0000083,2023-08-27 18:28:00,24500,0,24500,0,23.8,26.3,-2.5,0,5.78,5.0
0003746,0000121,0000015,2023-09-04 19:41:00,71600,0,71600,0,21.4,25.0,-3.6,0,5.98,5.0
0003747,0000202,0000075,2023-10-20 15:53:00,45800,0,45800,0,32.4,29.1,3.3,1,7.56,5.0
0003748,0000578,0000083,2023-10-20 23:19:00,77200,5000,72200,1,26.3,16.0,10.3,1,6.5,5.0
0003749,0000414,0000034,2023-10-28 19:28:00,82000,0,82000,0,36.5,30.8,5.7,1,0.0,5.0
0003750,0000322,0000015,2023-11-07 20:48:00,18200,0,18200,0,25.5,29.2,-3.7,0,7.63,5.0
0003751,0000081,0000034,2023-11-14 21:59:00,59900,0,59900,0,33.8,33.8,0.0,0,0.0,3.0
0003752,0000538,0000034,2023-11-18 16:32:00,77000,0,77000,0,27.5,28.5,-1.0,0,7.45,1.0
0003753,0000346,0000083,2023-11-19 10:19:00,21100,0,21100,0,33.3,34.0,-0.7,0,1.66,5.0
0003754,0000698,0000081,2023-11-25 09:15:00,45000,2000,43000,1,28.9,24.9,4.0,1,1.64,5.0
0003755,0000651,0000083,2023-12-06 12:06:00,23800,1000,22800,1,25.8,30.5,-4.7,0,0.26,5.0
0003756,0000637,0000067,2023-12-09 19:25:00,13200,0,13200,0,34.1,33.6,0.5,1,0.76,5.0
0003757,0000122,0000015,2023-12-12 16:07:00,89000,0,89000,0,32.6,26.3,6.3,1,1.01,3.0
0003758,0000206,0000075,2023-12-30 15:34:00,29400,0,29400,0,36.4,41.1,-4.7,0,9.94,5.0
0003759,0000014,0000099,2024-01-21 15:27:00,27400,0,27400,0,36.4,36.2,0.2,1,3.55,5.0
0003760,0001029,0000083,2024-02-14 19:51:00,71600,5000,66600,1,31.2,34.0,-2.8,0,0.74,4.0
0003761,0000682,0000038,2024-02-18 12:08:00,26600,0,26600,0,27.2,25.0,2.2,1,2.15,5.0
0003762,0000771,0000099,2024-02-20 19:19:00,55900,0,55900,0,61.2,60.0,1.2,1,2.93,5.0
0003763,0000180,0000081,2024-02-26 18:15:00,63300,0,63300,0,63.0,60.0,3.0,1,4.36,3.0
0003764,0000477,0000038,2024-03-22 11:30:00,91700,0,91700,0,42.0,37.5,4.5,1,1.03,5.0
0003765,0000069,0000015,2024-03-23 13:37:00,16800,0,16800,0,30.5,30.1,0.4,1,1.64,5.0
0003766,0001105,0000038,2024-03-29 16:21:00,57800,0,57800,0,21.9,25.3,-3.4,0,3.49,5.0
0003767,0000050,0000034,2024-04-02 19:22:35,29100,0,29100,0,27.9,27.3,0.6,1,7.56,5.0
0003768,0000375,0000034,2024-04-08 18:15:00,16000,500,15500,1,34.7,20.7,14.0,1,0.0,5.0
0003769,0000399,0000075,2024-04-13 12:01:00,81300,0,81300,0,30.7,26.2,4.5,1,1.62,5.0
0003770,0001247,0000067,2024-04-13 11:35:00,38600,0,38600,0,26.8,32.5,-5.7,0,6.62,1.0
0003771,0000789,0000083,2024-04-29 18:13:00,54600,0,54600,0,27.9,29.1,-1.2,0,0.26,5.0
0003772,0000157,0000038,2024-05-08 12:59:00,72300,0,72300,0,60.3,59.4,0.9,1,1.03,5.0
0003773,0000999,0000081,2024-05-11 18:51:00,93800,0,93800,0,29.2,29.0,0.2,1,1.64,5.0
0003774,0001665,0000075,2024-05-28 19:20:00,7600,500,7100,1,32.5,29.1,3.4,1,0.9,5.0
0003775,0000272,0000075,2024-06-07 07:14:00,63800,0,63800,0,25.1,26.2,-1.1,0,1.62,5.0
0003776,0001270,0000083,2024-07-06 12:16:12,98500,0,98500,0,21.0,26.4,-5.4,0,7.48,5.0
0003777,0001219,0000015,2024-07-09 11:09:00,10600,0,10600,0,20.6,24.2,-3.6,0,1.64,5.0
0003778,0000091,0000075,2024-07-09 19:27:00,40700,0,40700,0,23.9,29.0,-5.1,0,2.15,5.0
0003779,0000752,0000038,2024-07-18 14:54:00,70500,0,70500,0,25.6,26.4,-0.8,0,8.92,5.0
0003780,0001680,0000075,2024-07-22 10:12:00,48600,0,48600,0,32.2,33.0,-0.8,0,3.14,4.0
0003781,0000417,0000038,2024-07-24 11:24:00,94300,0,94300,0,32.0,32.0,0.0,0,4.48,5.0
0003782,0000401,0000081,2024-07-24 16:02:00,50900,0,50900,0,21.5,24.7,-3.2,0,2.76,5.0
0003783,0001356,0000067,2024-07-24 21:01:00,73400,0,73400,0,29.9,35.1,-5.2,0,2.1,5.0
0003784,0001376,0000075,2024-08-06 21:20:00,8900,0,8900,0,35.0,32.0,3.0,1,2.15,5.0
0003785,0001228,0000067,2024-08-07 14:08:00,61800,0,61800,0,64.2,67.3,-3.1,0,3.97,5.0
0003786,0001535,0000075,2024-08-12 21:27:00,83600,0,83600,0,65.0,62.2,2.8,1,10.08,5.0
0003787,0001563,0000038,2024-08-13 11:23:00,19300,0,19300,0,24.8,30.4,-5.6,0,2.52,5.0
0003788,0001522,0000038,2024-08-22 23:24:00,81900,0,81900,0,28.2,27.4,0.8,1,2.75,4.0
0003789,0000996,0000083,2024-08-26 16:46:00,97100,0,97100,0,29.6,29.2,0.4,1,5.97,5.0
0003790,0002083,0000081,2024-09-21 20:42:00,23200,0,23200,0,58.6,60.2,-1.6,0,4.7,5.0
0003791,0001168,0000067,2024-09-24 21:43:00,35700,0,35700,0,69.4,69.3,0.1,1,3.97,5.0
0003792,0000647,0000081,2024-09-30 13:38:00,96000,0,96000,0,26.7,29.2,-2.5,0,0.0,4.0
0003793,0002294,0000083,2024-10-05 10:19:00,54400,0,54400,0,31.1,32.2,-1.1,0,1.66,5.0
0003794,0000091,0000099,2024-10-05 19:26:00,92000,0,92000,0,28.4,29.3,-0.9,0,2.59,5.0
0003795,0000981,0000083,2024-10-09 20:24:00,29800,0,29800,0,32.8,31.8,1.0,1,1.66,4.0
0003796,0001645,0000015,2024-10-11 12:26:00,55100,0,55100,0,24.8,29.0,-4.2,0,7.8,5.0
0003797,0001911,0000067,2024-10-12 12:31:00,9700,0,9700,0,31.6,30.6,1.0,1,0.76,5.0
0003798,0000066,0000075,2024-10-15 20:02:00,38600,0,38600,0,48.5,47.8,0.7,1,10.08,5.0
0003799,0000455,0000015,2024-10-16 10:48:00,84100,0,84100,0,34.1,30.8,3.3,1,7.8,5.0
0003800,0001563,0000081,2024-10-18 19:32:00,84200,0,84200,0,31.4,35.1,-3.7,0,3.62,5.0
0003801,0000280,0000099,2024-10-19 20:03:00,73900,0,73900,0,43.0,42.8,0.2,1,2.59,5.0
0003802,0001843,0000034,2024-10-20 18:24:00,58300,0,58300,0,34.6,32.0,2.6,1,1.74,5.0
0003803,0000128,0000034,2024-10-21 17:13:00,23200,0,23200,0,27.0,26.2,0.8,1,1.05,5.0
0003804,0000158,0000034,2024-10-25 16:23:00,41500,0,41500,0,24.5,24.1,0.4,1,6.66,4.0
0003805,0000106,0000038,2024-10-29 11:56:00,67700,0,67700,0,26.8,30.8,-4.0,0,8.09,5.0
0003806,0002348,0000083,2024-10-30 00:38:13,16700,500,16200,1,28.8,16.9,11.9,1,1.35,5.0
0003807,0001594,0000067,2024-10-30 17:31:00,82100,0,82100,0,26.8,25.7,1.1,1,5.11,5.0
0003808,0000271,0000075,2024-11-04 11:20:00,40100,0,40100,0,43.0,49.4,-6.4,0,11.87,5.0
0003809,0000645,0000038,2024-11-08 07:25:00,11400,500,10900,1,30.4,16.1,14.3,1,2.52,5.0
0003810,0002287,0000099,2024-12-10 17:52:00,95200,0,95200,0,27.6,27.4,0.2,1,0.92,5.0
0003811,0000550,0000099,2024-12-14 17:04:00,82100,0,82100,0,37.2,39.8,-2.6,0,2.59,5.0
0003812,0002183,0000083,2024-12-21 18:56:00,14700,0,14700,0,29.3,29.2,0.1,1,5.97,5.0
0003813,0002794,0000038,2024-12-24 11:58:00,86100,5000,81100,1,27.8,36.5,-8.7,0,4.48,5.0
0003814,0000940,0000067,2024-12-24 20:41:00,36300,0,36300,0,38.4,39.4,-1.0,0,6.62,4.0
0003815,0001356,0000083,2024-12-28 09:47:00,55400,0,55400,0,41.6,40.2,1.4,1,4.54,5.0
0003816,0000698,0000038,2024-12-30 22:26:00,92500,0,92500,0,32.0,35.1,-3.1,0,2.52,4.0
0003817,0001586,0000034,2025-01-01 12:56:00,43100,0,43100,0,33.1,35.0,-1.9,0,7.8,5.0
0003818,0001520,0000099,2025-01-07 17:20:00,16300,0,16300,0,19.6,25.5,-5.9,0,3.89,5.0
0003819,0002258,0000083,2025-01-19 11:34:00,28200,0,28200,0,36.7,32.1,4.6,1,3.57,5.0
0003820,0002148,0000034,2025-01-31 12:44:00,53400,2000,51400,1,38.5,24.5,14.0,1,7.8,3.0
0003821,0001410,0000034,2025-02-07 20:35:00,27300,0,27300,0,28.4,24.2,4.2,1,6.66,5.0
0003822,0000259,0000015,2025-02-22 09:10:00,55900,0,55900,0,23.3,27.4,-4.1,0,0.0,5.0
0003823,0001250,0000081,2025-02-28 13:04:00,18300,0,18300,0,38.5,34.0,4.5,1,6.38,5.0
0003824,0002605,0000038,2025-03-01 10:25:00,55200,0,55200,0,39.6,33.0,6.6,1,6.6,5.0
0003825,0002242,0000083,2025-03-26 17:19:00,12400,0,12400,0,28.8,29.0,-0.2,0,6.55,5.0
0003826,0000972,0000015,2025-03-29 08:55:00,98500,0,98500,0,31.1,29.0,2.1,1,7.8,5.0
0003827,0000554,0000034,2025-04-01 12:18:00,68300,0,68300,0,25.1,26.4,-1.3,0,0.95,5.0
0003828,0001966,0000083,2025-04-03 09:05:00,9100,0,9100,0,36.0,32.1,3.9,1,3.57,5.0
0003829,0000734,0000081,2025-04-06 16:16:00,71200,0,71200,0,33.0,30.4,2.6,1,3.62,5.0
0003830,0001195,0000067,2025-04-21 13:53:25,42700,0,42700,0,26.4,26.6,-0.2,0,5.31,5.0
0003831,0002407,0000099,2025-05-04 18:40:00,52900,0,52900,0,32.5,35.4,-2.9,0,1.6,5.0
0003832,0001425,0000067,2025-05-06 12:50:00,19500,0,19500,0,37.3,37.4,-0.1,0,6.62,5.0
0003833,0002803,0000075,2025-05-12 12:58:00,97000,0,97000,0,27.3,29.2,-1.9,0,1.8,5.0
0003834,0001093,0000083,2025-05-15 07:59:00,66000,0,66000,0,25.7,24.8,0.9,1,7.55,5.0
0003835,0001394,0000083,2025-05-19 16:46:00,59000,0,59000,0,31.8,32.4,-0.6,0,2.57,5.0
0003836,0002902,0000083,2025-05-23 12:50:00,46300,0,46300,0,22.2,25.0,-2.8,0,0.74,5.0
0003837,0000839,0000067,2025-05-25 20:18:00,65400,0,65400,0,42.0,42.9,-0.9,0,3.97,5.0
0003838,0001686,0000015,2025-06-02 15:02:00,94900,0,94900,0,30.5,32.1,-1.6,0,5.23,5.0
0003839,0000590,0000015,2025-06-27 06:05:00,74100,0,74100,0,42.6,38.6,4.0,1,5.52,5.0
0003840,0000405,0000015,2025-07-03 10:45:00,19000,0,19000,0,33.5,35.1,-1.6,0,0.0,5.0
0003841,0002315,0000034,2025-07-03 13:30:00,44900,0,44900,0,28.8,27.9,0.9,1,0.0,5.0
0003842,0001519,0000015,2025-07-03 20:09:00,9600,0,9600,0,35.2,32.3,2.9,1,3.47,5.0
0003843,0003184,0000015,2025-07-08 08:56:00,21600,1000,20600,1,24.9,20.3,4.6,1,7.8,5.0
0003844,0000043,0000083,2025-07-08 17:18:00,8600,0,8600,0,34.9,26.2,8.7,1,6.5,3.0
0003845,0001233,0000038,2025-07-15 18:50:00,19200,0,19200,0,28.6,33.0,-4.4,0,6.6,5.0
0003846,0000008,0000067,2025-07-16 20:40:00,26100,0,26100,0,40.7,45.6,-4.9,0,2.94,5.0
0003847,0000315,0000083,2025-07-19 15:56:00,96300,0,96300,0,26.7,23.5,3.2,1,7.88,1.0
0003848,0003135,0000075,2025-07-23 18:40:00,44300,0,44300,0,48.1,49.4,-1.3,0,11.87,5.0
0003849,0001374,0000038,2025-07-24 18:12:00,90300,0,90300,0,41.0,38.8,2.2,1,4.2,5.0
0003850,0001871,0000075,2025-07-30 15:40:00,70200,0,70200,0,32.1,34.0,-1.9,0,8.69,5.0
0003851,0002346,0000034,2025-07-30 17:24:00,81800,0,81800,0,41.8,37.4,4.4,1,7.87,5.0
0003852,0001015,0000038,2025-08-03 16:35:00,95500,0,95500,0,29.5,27.9,1.6,1,0.68,5.0
0003853,0001536,0000081,2025-08-05 19:20:00,56000,0,56000,0,42.4,40.9,1.5,1,2.68,5.0
0003854,0000930,0000015,2025-08-05 19:44:00,90400,0,90400,0,29.0,33.1,-4.1,0,6.82,5.0
0003855,0002623,0000034,2025-08-16 20:08:00,92100,0,92100,0,33.1,31.3,1.8,1,0.94,5.0
0003856,0001240,0000081,2025-08-16 19:56:00,57500,0,57500,0,34.5,32.2,2.3,1,5.77,5.0
0003857,0003808,0000075,2025-08-19 15:54:00,8100,0,8100,0,23.2,25.8,-2.6,0,1.51,5.0
0003858,0003610,0000015,2025-08-21 09:15:29,12100,0,12100,0,31.9,29.3,2.6,1,3.47,5.0
0003859,0000732,0000081,2025-08-25 11:27:00,69300,0,69300,0,46.4,46.3,0.1,1,4.7,5.0
0003860,0002301,0000083,2025-08-25 17:55:00,38500,0,38500,0,21.2,24.1,-2.9,0,2.93,5.0
0003861,0003314,0000083,2025-08-26 18:54:00,53500,2000,51500,1,29.5,17.3,12.2,1,5.1,5.0
0003862,0000027,0000015,2025-08-27 17:04:00,60700,0,60700,0,30.6,32.1,-1.5,0,0.0,5.0
0003863,0000320,0000015,2025-08-28 10:25:00,75700,0,75700,0,30.9,33.2,-2.3,0,0.0,5.0
0003864,0000147,0000067,2025-09-06 16:03:00,86200,0,86200,0,37.9,42.2,-4.3,0,2.49,5.0
0003865,0001023,0000081,2025-09-12 19:28:00,84700,0,84700,0,36.4,36.5,-0.1,0,5.02,5.0
0003866,0002857,0000067,2025-09-16 20:11:00,10000,0,10000,0,27.8,28.4,-0.6,0,8.62,5.0
0003867,0000377,0000083,2025-09-19 16:45:00,56700,0,56700,0,32.2,32.8,-0.6,0,1.66,5.0
0003868,0003605,0000038,2025-09-20 14:37:00,17100,0,17100,0,30.8,29.2,1.6,1,3.3,5.0
0003869,0003719,0000067,2025-09-21 19:59:00,88300,0,88300,0,65.4,65.3,0.1,1,2.94,5.0
0003870,0001746,0000075,2025-09-26 19:48:00,77000,0,77000,0,28.2,30.1,-1.9,0,6.47,5.0
0003871,0004093,0000075,2025-09-27 15:57:00,88900,5000,83900,1,30.0,21.2,8.8,1,8.69,5.0
0003872,0001290,0000038,2025-09-30 13:39:00,47500,0,47500,0,34.0,34.4,-0.4,0,0.0,5.0
0003873,0000729,0000099,2025-09-30 12:51:00,24500,0,24500,0,29.6,27.9,1.7,1,3.0,5.0
0003874,0001932,0000067,2025-10-02 13:11:00,56400,0,56400,0,37.9,33.9,4.0,1,2.72,5.0
0003875,0001542,0000038,2025-10-10 11:59:00,79400,0,79400,0,32.4,32.8,-0.4,0,4.48,5.0
0003876,0000285,0000081,2025-10-21 00:46:00,90500,0,90500,0,39.5,36.2,3.3,1,4.79,1.0
0003877,0000939,0000099,2025-10-21 12:12:00,40900,0,40900,0,38.7,35.0,3.7,1,10.31,5.0
0003878,0000714,0000034,2025-10-24 20:45:00,7700,500,7200,1,34.9,25.3,9.6,1,9.15,5.0
0003879,0004171,0000067,2025-10-30 13:59:00,84200,5000,79200,1,33.6,36.4,-2.8,0,5.5,5.0
0003880,0004248,0000083,2025-11-02 16:15:00,37600,0,37600,0,30.0,34.6,-4.6,0,4.45,5.0
0003881,0000414,0000081,2025-11-05 16:01:00,46700,0,46700,0,29.5,32.4,-2.9,0,4.64,5.0
0003882,0001354,0000038,2025-11-05 19:44:00,95600,0,95600,0,31.8,32.5,-0.7,0,4.48,5.0
0003883,0003282,0000067,2025-11-07 13:44:00,47800,0,47800,0,25.6,24.7,0.9,1,2.59,5.0
0003884,0000403,0000034,2025-11-08 12:15:00,60000,0,60000,0,62.7,57.7,5.0,1,8.09,5.0
0003885,0004199,0000099,2025-11-08 17:48:00,78900,0,78900,0,24.5,26.9,-2.4,0,7.77,3.0
0003886,0002011,0000015,2025-11-14 13:44:00,27700,0,27700,0,34.8,30.5,4.3,1,1.87,5.0
0003887,0002120,0000081,2025-11-16 18:05:00,63900,0,63900,0,26.3,24.7,1.6,1,2.76,5.0
0003888,0002965,0000034,2025-11-19 14:43:00,61100,0,61100,0,35.2,30.3,4.9,1,6.52,5.0
0003889,0002588,0000099,2025-11-21 19:37:00,24200,0,24200,0,26.6,28.2,-1.6,0,1.66,5.0
0003890,0003468,0000015,2025-11-25 21:15:00,67400,0,67400,0,33.0,30.7,2.3,1,5.71,5.0
0003891,0002715,0000081,2025-11-28 21:54:00,17900,0,17900,0,33.2,33.1,0.1,1,5.19,5.0
0003892,0004198,0000034,2025-12-02 13:01:00,67700,0,67700,0,29.5,28.4,1.1,1,8.18,5.0
0003893,0001117,0000067,2025-12-05 20:02:00,76200,0,76200,0,28.1,33.0,-4.9,0,5.5,5.0
0003894,0001379,0000067,2025-12-06 17:40:00,92300,0,92300,0,39.1,35.0,4.1,1,11.07,5.0
0003895,0003907,0000015,2025-12-15 17:10:00,95200,0,95200,0,31.4,32.4,-1.0,0,5.13,5.0
0003896,0004238,0000067,2025-12-16 13:25:00,69900,0,69900,0,34.3,30.1,4.2,1,2.02,5.0
0003897,0003682,0000099,2025-12-16 16:09:00,87800,0,87800,0,27.4,29.3,-1.9,0,2.59,5.0
0003898,0000859,0000083,2025-12-20 16:13:00,40100,0,40100,0,38.4,33.4,5.0,1,4.78,5.0
0003899,0001920,0000075,2025-12-22 20:37:00,74700,0,74700,0,31.6,30.5,1.1,1,6.28,1.0
0003900,0002845,0000067,2025-12-28 18:29:00,80000,0,80000,0,33.0,37.0,-4.0,0,2.02,5.0
0003901,0000254,0000038,2025-12-29 14:05:00,68700,0,68700,0,33.4,33.0,0.4,1,6.6,5.0
0003902,0000312,0000034,2025-12-30 11:50:00,13000,0,13000,0,27.9,25.7,2.2,1,7.45,5.0
0003903,0000250,0000067,2026-01-04 09:59:00,37200,0,37200,0,23.5,24.8,-1.3,0,6.99,5.0
0003904,0000856,0000038,2026-01-04 11:47:00,20500,0,20500,0,32.7,27.8,4.9,1,3.08,5.0
0003905,0000289,0000081,2026-01-05 11:12:00,92100,0,92100,0,36.2,32.8,3.4,1,1.64,5.0
0003906,0003329,0000067,2026-01-06 17:27:00,88000,0,88000,0,23.0,24.7,-1.7,0,2.72,5.0
0003907,0001351,0000038,2026-01-11 12:07:00,21600,0,21600,0,34.4,30.8,3.6,1,4.48,4.0
0003908,0000216,0000067,2026-01-15 14:51:00,41800,0,41800,0,36.3,36.0,0.3,1,11.07,4.0
0003909,0002705,0000067,2026-01-18 09:44:00,18500,0,18500,0,25.9,25.0,0.9,1,0.76,5.0
0003910,0000378,0000083,2026-01-21 17:09:00,53100,0,53100,0,31.7,32.0,-0.3,0,2.49,5.0
0003911,0000153,0000034,2026-01-23 11:37:00,65400,0,65400,0,28.8,28.8,0.0,0,7.9,5.0
0003912,0002653,0000067,2026-02-10 16:39:00,50600,2000,48600,1,31.3,20.6,10.7,1,6.3,5.0
0003913,0004172,0000081,2026-02-11 15:50:00,23100,0,23100,0,25.0,28.3,-3.3,0,6.26,5.0
0003914,0002474,0000034,2026-02-17 19:50:00,35400,0,35400,0,34.4,32.3,2.1,1,6.52,5.0
0003915,0003162,0000034,2026-02-19 16:35:00,93700,0,93700,0,36.9,33.4,3.5,1,8.09,5.0
0003916,0000972,0000067,2026-02-24 21:24:00,9100,0,9100,0,23.8,25.5,-1.7,0,8.44,5.0
0003917,0003661,0000034,2026-03-02 18:34:00,56400,0,56400,0,25.3,27.9,-2.6,0,7.27,5.0
0003918,0000244,0000099,2026-03-06 11:47:00,70100,0,70100,0,32.8,35.9,-3.1,0,1.53,5.0
0003919,0004463,0000081,2026-03-07 11:22:00,14500,0,14500,0,20.3,24.3,-4.0,0,1.86,5.0
0003920,0002071,0000015,2026-03-11 15:57:00,32200,0,32200,0,29.2,28.3,0.9,1,7.54,5.0
0003921,0001206,0000015,2026-03-14 06:27:00,69500,0,69500,0,26.3,31.6,-5.3,0,5.41,5.0
0003922,0003379,0000034,2026-03-19 15:10:00,15200,0,15200,0,27.2,24.1,3.1,1,7.58,5.0
0003923,0001294,0000081,2026-03-22 10:39:00,99000,0,99000,0,22.5,26.9,-4.4,0,6.66,5.0
0003924,0000576,0000081,2026-03-25 11:02:00,32100,0,32100,0,25.2,29.1,-3.9,0,6.41,5.0
0003925,0003782,0000075,2026-03-26 17:15:00,68100,0,68100,0,21.3,24.7,-3.4,0,8.35,4.0
0003926,0002945,0000099,2026-03-28 20:23:00,97800,0,97800,0,28.7,27.8,0.9,1,7.17,5.0
0003927,0002827,0000067,2026-04-01 14:48:00,69100,0,69100,0,34.1,34.7,-0.6,0,2.95,5.0
0003928,0000097,0000034,2026-04-14 14:53:00,85000,0,85000,0,31.7,36.0,-4.3,0,3.55,5.0
0003929,0002476,0000015,2026-04-15 13:50:00,57300,0,57300,0,35.2,30.0,5.2,1,7.8,4.0
0003930,0001973,0000038,2026-04-21 21:32:00,35800,0,35800,0,30.0,36.0,-6.0,0,6.6,5.0
0003931,0003850,0000034,2026-04-23 10:17:28,30400,0,30400,0,33.3,34.0,-0.7,0,7.8,5.0
0003932,0000537,0000015,2026-05-07 17:16:00,54900,0,54900,0,32.8,26.0,6.8,1,7.96,4.0
0003933,0004138,0000067,2026-05-18 19:36:00,31400,1000,30400,1,30.7,32.4,-1.7,0,5.31,5.0
0003934,0001555,0000081,2026-05-23 02:01:00,79400,0,79400,0,30.6,28.1,2.5,1,1.93,5.0
0003935,0001044,0000015,2026-05-29 20:24:00,68900,0,68900,0,30.2,29.9,0.3,1,5.4,5.0
0003936,0005195,0000075,2026-06-01 21:45:00,91200,0,91200,0,30.1,27.8,2.3,1,1.51,5.0
0003937,0003482,0000067,2026-06-08 12:49:00,72300,0,72300,0,26.7,29.3,-2.6,0,6.62,4.0
0003938,0003920,0000081,2026-06-12 15:05:00,31800,0,31800,0,23.9,24.8,-0.9,0,6.12,5.0
0003939,0000351,0000081,2026-06-12 21:53:00,17600,0,17600,0,34.2,35.0,-0.8,0,1.64,5.0
0003940,0000926,0000081,2026-06-17 15:48:00,17200,0,17200,0,29.4,33.8,-4.4,0,4.46,5.0
0003941,0003957,0000099,2026-06-18 12:30:00,41700,0,41700,0,38.5,33.4,5.1,1,1.6,5.0
0003942,0000024,0000067,2026-06-22 22:43:00,79800,0,79800,0,37.4,40.0,-2.6,0,2.02,5.0
0003943,0001085,0000083,2026-06-23 18:15:00,70700,0,70700,0,33.4,28.6,4.8,1,0.89,5.0
0003944,0005036,0000075,2026-06-25 12:23:00,43200,0,43200,0,49.2,47.3,1.9,1,8.81,5.0
0003945,0004491,0000083,2026-06-28 16:38:00,39200,1000,38200,1,39.0,30.9,8.1,1,4.8,5.0
0003946,0000378,0000067,2026-06-30 16:47:00,96100,0,96100,0,34.2,36.2,-2.0,0,2.12,5.0
0003947,0000152,0000018,2023-07-15 11:46:00,41200,2000,39200,1,28.4,36.3,-7.9,0,7.12,5.0
0003948,0000093,0000064,2023-08-05 16:16:00,17000,0,17000,0,34.9,37.5,-2.6,0,3.46,5.0
0003949,0000217,0000082,2023-08-08 17:35:00,13000,0,13000,0,31.4,28.9,2.5,1,12.83,5.0
0003950,0000196,0000047,2023-09-04 20:30:00,13300,0,13300,0,33.5,30.1,3.4,1,17.56,5.0
0003951,0000368,0000018,2023-09-05 23:34:00,28700,0,28700,0,28.0,29.5,-1.5,0,11.86,5.0
0003952,0000295,0000064,2023-09-15 15:57:00,77200,0,77200,0,34.3,32.2,2.1,1,6.99,5.0
0003953,0000155,0000061,2023-09-21 00:12:00,10200,0,10200,0,34.2,29.6,4.6,1,8.03,5.0
0003954,0000074,0000092,2023-09-26 18:28:35,35700,1000,34700,1,26.8,22.4,4.4,1,10.51,5.0
0003955,0000318,0000074,2023-09-30 19:19:00,78200,5000,73200,1,42.7,50.4,-7.7,0,3.62,5.0
0003956,0000484,0000036,2023-10-07 19:38:00,54300,0,54300,0,29.5,25.4,4.1,1,5.19,5.0
0003957,0000360,0000082,2023-10-09 11:19:00,11900,0,11900,0,43.4,37.4,6.0,1,3.21,5.0
0003958,0000613,0000064,2023-10-16 17:23:00,35600,1000,34600,1,24.2,13.6,10.6,1,9.79,5.0
0003959,0000103,0000064,2023-10-16 19:06:00,81400,0,81400,0,31.8,30.8,1.0,1,6.99,5.0
0003960,0000624,0000064,2023-11-05 11:40:00,70100,5000,65100,1,26.4,33.4,-7.0,0,6.99,5.0
0003961,0000137,0000064,2023-11-11 10:46:00,40900,0,40900,0,30.3,27.1,3.2,1,11.1,5.0
0003962,0000647,0000030,2023-12-09 16:08:00,67900,0,67900,0,29.3,33.0,-3.7,0,5.16,5.0
0003963,0000478,0000061,2023-12-14 12:48:00,17100,500,16600,1,26.6,13.5,13.1,1,5.36,5.0
0003964,0000447,0000061,2023-12-18 13:23:00,20300,0,20300,0,29.5,26.6,2.9,1,8.03,4.0
0003965,0000478,0000061,2023-12-21 22:24:00,17500,0,17500,0,28.9,30.4,-1.5,0,5.16,5.0
0003966,0000993,0000074,2023-12-25 10:35:00,51700,2000,49700,1,28.4,18.5,9.9,1,2.47,5.0
0003967,0000680,0000023,2023-12-29 15:39:00,97200,0,97200,0,29.5,27.5,2.0,1,1.43,5.0
0003968,0000858,0000082,2024-01-02 16:32:00,86800,0,86800,0,23.3,27.1,-3.8,0,14.56,5.0
0003969,0000725,0000047,2024-01-14 19:41:00,63400,0,63400,0,36.2,36.8,-0.6,0,14.96,5.0
0003970,0000623,0000018,2024-01-23 18:54:00,30800,1000,29800,1,33.2,22.0,11.2,1,0.89,5.0
0003971,0000602,0000030,2024-02-10 15:23:00,88200,0,88200,0,33.0,37.1,-4.1,0,0.0,3.0
0003972,0000784,0000074,2024-02-24 08:36:00,86600,0,86600,0,32.6,32.5,0.1,1,2.47,5.0
0003973,0001026,0000030,2024-02-24 19:47:00,69800,0,69800,0,37.8,35.5,2.3,1,13.37,5.0
0003974,0001196,0000030,2024-02-28 19:58:00,34800,1000,33800,1,22.1,12.8,9.3,1,5.45,5.0
0003975,0000833,0000074,2024-03-05 14:57:00,87100,0,87100,0,33.5,26.4,7.1,1,11.46,4.0
0003976,0000146,0000064,2024-03-10 13:43:00,80500,0,80500,0,27.3,24.1,3.2,1,2.37,4.0
0003977,0000699,0000036,2024-03-15 17:31:00,68400,0,68400,0,31.3,30.8,0.5,1,11.84,5.0
0003978,0000878,0000018,2024-03-21 10:20:00,83600,0,83600,0,28.2,27.4,0.8,1,13.36,5.0
0003979,0000579,0000018,2024-03-23 19:12:00,54500,0,54500,0,35.8,35.9,-0.1,0,0.02,5.0
0003980,0000298,0000047,2024-03-24 09:01:00,60000,0,60000,0,31.1,31.2,-0.1,0,1.21,4.0
0003981,0000827,0000023,2024-04-07 20:21:00,85500,0,85500,0,27.5,30.8,-3.3,0,11.46,5.0
0003982,0000461,0000047,2024-04-12 10:49:00,45100,0,45100,0,40.0,37.4,2.6,1,0.0,5.0
0003983,0000387,0000082,2024-04-13 15:04:00,46500,0,46500,0,26.6,31.2,-4.6,0,2.05,5.0
0003984,0001410,0000023,2024-04-28 20:24:00,62600,0,62600,0,31.4,30.1,1.3,1,1.03,5.0
0003985,0000122,0000092,2024-05-08 20:02:00,9300,0,9300,0,29.0,30.8,-1.8,0,10.34,5.0
0003986,0000639,0000023,2024-05-15 20:32:00,87800,0,87800,0,36.0,32.8,3.2,1,6.1,5.0
0003987,0000245,0000064,2024-05-21 20:50:00,13100,0,13100,0,32.6,36.8,-4.2,0,3.46,5.0
0003988,0000838,0000018,2024-05-24 10:59:00,24600,0,24600,0,24.4,27.8,-3.4,0,1.2,4.0
0003989,0001019,0000064,2024-06-02 11:24:00,65700,0,65700,0,42.1,42.8,-0.7,0,11.86,5.0
0003990,0001413,0000047,2024-06-04 21:07:00,44200,0,44200,0,35.4,34.2,1.2,1,1.21,5.0
0003991,0000752,0000092,2024-06-16 16:27:00,96800,0,96800,0,36.1,31.2,4.9,1,10.34,5.0
0003992,0001615,0000074,2024-06-18 11:24:00,77000,0,77000,0,28.9,28.7,0.2,1,9.5,1.0
0003993,0001229,0000023,2024-06-24 10:34:00,11300,0,11300,0,29.2,30.8,-1.6,0,11.46,4.0
0003994,0001550,0000047,2024-06-28 15:43:00,65100,0,65100,0,38.8,39.2,-0.4,0,15.69,5.0
0003995,0001730,0000092,2024-07-03 15:59:00,20500,0,20500,0,39.1,34.9,4.2,1,7.97,5.0
0003996,0000195,0000023,2024-07-16 22:10:00,54600,0,54600,0,32.6,32.2,0.4,1,9.05,5.0
0003997,0000186,0000018,2024-07-27 17:07:00,7900,0,7900,0,33.3,23.1,10.2,1,0.02,5.0
0003998,0001798,0000092,2024-08-02 10:12:00,90600,0,90600,0,30.4,29.2,1.2,1,6.52,5.0
0003999,0001018,0000074,2024-08-02 17:46:00,8600,0,8600,0,27.9,28.7,-0.8,0,9.5,5.0
0004000,0000941,0000047,2024-08-06 10:12:00,55000,0,55000,0,24.8,23.9,0.9,1,0.22,5.0
0004001,0001970,0000030,2024-08-07 21:42:00,80800,5000,75800,1,32.6,33.3,-0.7,0,1.84,5.0
0004002,0001738,0000082,2024-08-10 11:21:00,81500,0,81500,0,28.4,29.4,-1.0,0,1.59,5.0
0004003,0002014,0000047,2024-08-11 14:51:00,58900,0,58900,0,29.4,34.0,-4.6,0,12.29,5.0
0004004,0001039,0000047,2024-08-23 11:29:00,54800,0,54800,0,32.1,30.4,1.7,1,17.5,5.0
0004005,0000113,0000036,2024-08-25 12:13:00,82300,0,82300,0,29.7,31.4,-1.7,0,5.79,5.0
0004006,0001772,0000061,2024-08-26 14:16:00,49000,0,49000,0,26.3,27.7,-1.4,0,0.83,5.0
0004007,0002034,0000082,2024-09-02 15:04:00,90500,0,90500,0,31.9,30.5,1.4,1,4.66,5.0
0004008,0002234,0000092,2024-09-13 10:07:00,88200,5000,83200,1,34.1,22.0,12.1,1,7.27,5.0
0004009,0000001,0000047,2024-09-27 19:56:00,31400,0,31400,0,33.5,32.4,1.1,1,1.71,4.0
0004010,0000769,0000074,2024-10-03 09:54:00,89000,0,89000,0,41.9,39.4,2.5,1,7.59,5.0
0004011,0000242,0000064,2024-10-07 13:18:00,50900,0,50900,0,44.5,43.8,0.7,1,11.86,5.0
0004012,0002324,0000082,2024-10-08 22:55:00,31900,0,31900,0,52.1,49.0,3.1,1,12.48,5.0
0004013,0000729,0000018,2024-10-12 15:47:00,23400,0,23400,0,22.6,29.1,-6.5,0,13.51,5.0
0004014,0001929,0000023,2024-10-13 15:09:00,21100,0,21100,0,27.1,29.8,-2.7,0,14.93,5.0
0004015,0002105,0000092,2024-10-18 15:16:00,68900,0,68900,0,23.8,24.1,-0.3,0,8.16,5.0
0004016,0000662,0000023,2024-10-24 17:37:00,77000,5000,72000,1,31.0,24.3,6.7,1,11.46,5.0
0004017,0001145,0000047,2024-10-27 20:11:00,48600,0,48600,0,29.6,32.4,-2.8,0,1.71,5.0
0004018,0000695,0000036,2024-10-28 21:27:00,13400,0,13400,0,28.8,26.1,2.7,1,12.62,5.0
0004019,0001488,0000030,2024-11-01 16:55:00,98200,5000,93200,1,27.1,22.7,4.4,1,14.47,5.0
0004020,0000225,0000023,2024-11-03 10:19:00,7300,0,7300,0,29.0,25.0,4.0,1,0.51,5.0
0004021,0001379,0000018,2024-11-04 17:51:00,16000,0,16000,0,18.5,25.0,-6.5,0,12.45,5.0
0004022,0000673,0000061,2024-11-13 21:41:00,57200,0,57200,0,33.1,31.6,1.5,1,4.68,5.0
0004023,0002178,0000064,2024-11-14 10:17:00,10800,0,10800,0,28.8,28.9,-0.1,0,8.8,5.0
0004024,0000316,0000047,2024-11-18 12:59:00,13600,0,13600,0,29.4,24.1,5.3,1,5.87,5.0
0004025,0000268,0000082,2024-11-18 20:53:00,95000,0,95000,0,26.9,29.8,-2.9,0,4.1,5.0
0004026,0002523,0000074,2024-11-19 15:28:00,51700,2000,49700,1,28.0,16.7,11.3,1,4.67,5.0
0004027,0001130,0000030,2024-11-23 11:22:00,43000,2000,41000,1,35.0,31.5,3.5,1,2.24,5.0
0004028,0001396,0000030,2024-11-24 16:50:00,27100,0,27100,0,34.5,28.0,6.5,1,1.24,5.0
0004029,0002538,0000036,2024-11-27 14:09:00,17700,500,17200,1,41.5,35.3,6.2,1,9.09,5.0
0004030,0002109,0000023,2024-11-29 19:12:00,31700,0,31700,0,29.0,28.6,0.4,1,0.39,5.0
0004031,0000626,0000047,2024-11-30 16:34:00,45200,0,45200,0,34.3,29.4,4.9,1,1.71,3.0
0004032,0000852,0000023,2024-12-03 16:06:00,69300,0,69300,0,24.9,25.9,-1.0,0,6.57,5.0
0004033,0001973,0000061,2024-12-05 16:15:00,23600,1000,22600,1,31.0,17.2,13.8,1,6.96,5.0
0004034,0001290,0000036,2024-12-07 12:33:00,42400,0,42400,0,30.1,29.8,0.3,1,6.08,5.0
0004035,0000735,0000061,2024-12-13 20:55:00,68700,0,68700,0,35.1,35.9,-0.8,0,8.7,5.0
0004036,0002469,0000092,2024-12-15 17:55:00,73800,0,73800,0,26.6,27.4,-0.8,0,5.4,5.0
0004037,0000653,0000018,2024-12-16 19:39:00,27500,0,27500,0,30.1,32.3,-2.2,0,11.04,5.0
0004038,0000832,0000036,2024-12-19 19:04:00,33700,0,33700,0,28.0,28.1,-0.1,0,1.17,3.0
0004039,0000500,0000018,2024-12-23 18:06:00,58000,0,58000,0,30.7,32.5,-1.8,0,0.02,5.0
0004040,0000420,0000082,2024-12-24 15:49:00,14000,0,14000,0,31.0,29.9,1.1,1,12.83,5.0
0004041,0002007,0000064,2024-12-26 15:44:00,73100,0,73100,0,32.3,30.0,2.3,1,6.88,5.0
0004042,0000667,0000092,2024-12-30 15:19:00,45700,0,45700,0,28.6,27.3,1.3,1,0.92,5.0
0004043,0002722,0000023,2025-01-06 11:05:00,35100,0,35100,0,28.7,29.6,-0.9,0,4.98,5.0
0004044,0002367,0000023,2025-01-07 17:57:00,60400,0,60400,0,27.6,26.3,1.3,1,4.88,4.0
0004045,0001762,0000018,2025-01-08 14:44:00,22000,0,22000,0,30.1,29.8,0.3,1,7.12,5.0
0004046,0002473,0000092,2025-01-10 21:29:00,90100,0,90100,0,29.5,27.4,2.1,1,0.45,5.0
0004047,0001660,0000061,2025-01-11 19:45:00,62900,0,62900,0,26.7,26.3,0.4,1,7.07,5.0
0004048,0000874,0000036,2025-01-16 19:25:00,65000,0,65000,0,24.8,27.1,-2.3,0,6.08,5.0
0004049,0000343,0000064,2025-01-17 15:06:00,58200,0,58200,0,29.8,28.9,0.9,1,2.35,5.0
0004050,0001118,0000030,2025-01-18 20:25:00,12800,0,12800,0,30.7,32.6,-1.9,0,1.66,5.0
0004051,0000757,0000047,2025-01-31 12:20:00,48900,0,48900,0,29.5,31.4,-1.9,0,17.5,5.0
0004052,0001273,0000047,2025-02-01 16:41:00,42500,0,42500,0,22.2,27.1,-4.9,0,10.62,5.0
0004053,0002052,0000018,2025-02-13 12:36:00,21000,0,21000,0,31.1,29.0,2.1,1,8.68,5.0
0004054,0002677,0000018,2025-02-18 12:55:00,7200,0,7200,0,24.7,25.1,-0.4,0,8.14,5.0
0004055,0000894,0000082,2025-02-18 19:14:00,99100,0,99100,0,38.1,37.5,0.6,1,4.98,5.0
0004056,0002377,0000023,2025-02-23 20:58:00,16800,0,16800,0,32.1,33.7,-1.6,0,7.0,5.0
0004057,0000220,0000023,2025-02-26 21:56:00,98300,0,98300,0,33.0,32.8,0.2,1,14.93,5.0
0004058,0001915,0000061,2025-02-28 19:56:00,22800,0,22800,0,24.7,27.2,-2.5,0,8.68,4.0
0004059,0002523,0000030,2025-02-28 11:04:00,80100,0,80100,0,25.3,28.2,-2.9,0,13.36,5.0
0004060,0000345,0000036,2025-03-04 17:26:00,12500,0,12500,0,27.5,24.9,2.6,1,5.66,5.0
0004061,0000889,0000018,2025-03-04 22:49:00,18200,0,18200,0,34.1,30.8,3.3,1,5.04,5.0
0004062,0002074,0000092,2025-03-05 19:06:00,14500,0,14500,0,32.2,32.2,0.0,0,5.01,5.0
0004063,0000203,0000018,2025-03-06 10:41:00,56600,0,56600,0,32.5,30.7,1.8,1,15.27,5.0
0004064,0001872,0000047,2025-03-10 12:06:00,63700,0,63700,0,22.3,24.2,-1.9,0,17.0,4.0
0004065,0000329,0000036,2025-03-15 19:20:00,95200,0,95200,0,29.5,28.0,1.5,1,0.49,4.0
0004066,0001487,0000018,2025-03-23 17:19:00,55500,0,55500,0,27.5,26.4,1.1,1,12.74,5.0
0004067,0001126,0000018,2025-03-24 16:08:00,93300,0,93300,0,33.8,33.2,0.6,1,6.5,5.0
0004068,0002027,0000018,2025-04-02 18:26:00,47300,0,47300,0,33.7,29.2,4.5,1,6.5,5.0
0004069,0002693,0000064,2025-04-06 14:11:25,77800,0,77800,0,22.5,27.8,-5.3,0,8.35,5.0
0004070,0001940,0000018,2025-04-08 16:18:00,58200,0,58200,0,29.2,30.7,-1.5,0,15.27,5.0
0004071,0001600,0000082,2025-04-08 17:14:00,46700,2000,44700,1,32.5,20.7,11.8,1,9.23,5.0
0004072,0002645,0000030,2025-04-10 09:25:00,39800,0,39800,0,24.4,28.7,-4.3,0,4.76,5.0
0004073,0002726,0000047,2025-04-14 13:34:00,30800,1000,29800,1,31.2,22.2,9.0,1,0.48,5.0
0004074,0000680,0000061,2025-04-18 16:23:00,29200,0,29200,0,43.0,36.1,6.9,1,5.16,5.0
0004075,0003259,0000023,2025-04-23 14:34:00,47600,2000,45600,1,26.7,28.0,-1.3,0,4.88,5.0
0004076,0000851,0000064,2025-05-03 22:06:00,81900,0,81900,0,38.6,40.0,-1.4,0,8.92,5.0
0004077,0000608,0000036,2025-05-08 18:19:00,46400,0,46400,0,23.7,27.1,-3.4,0,1.03,4.0
0004078,0002372,0000061,2025-05-10 10:19:00,30200,0,30200,0,36.5,35.4,1.1,1,9.47,5.0
0004079,0001586,0000036,2025-05-18 13:35:00,56300,0,56300,0,28.0,30.2,-2.2,0,16.19,5.0
0004080,0002441,0000074,2025-05-23 21:16:00,76100,0,76100,0,30.5,32.2,-1.7,0,1.02,3.0
0004081,0001147,0000061,2025-05-26 10:03:00,57600,0,57600,0,25.4,26.5,-1.1,0,3.56,4.0
0004082,0002076,0000082,2025-05-28 11:55:00,54700,0,54700,0,27.7,24.2,3.5,1,13.96,3.0
0004083,0002231,0000030,2025-05-28 21:06:00,87100,0,87100,0,27.4,30.1,-2.7,0,6.34,5.0
0004084,0002851,0000074,2025-06-02 12:14:00,58200,0,58200,0,34.2,30.0,4.2,1,6.24,5.0
0004085,0000621,0000082,2025-06-03 20:25:00,79400,0,79400,0,33.4,31.7,1.7,1,12.79,5.0
0004086,0002124,0000047,2025-06-09 18:35:00,59300,0,59300,0,29.6,33.0,-3.4,0,0.98,5.0
0004087,0001442,0000082,2025-06-11 10:20:00,24800,0,24800,0,23.7,27.8,-4.1,0,4.98,5.0
0004088,0000632,0000092,2025-06-15 21:42:00,89100,0,89100,0,31.5,30.6,0.9,1,11.88,5.0
0004089,0002417,0000018,2025-06-18 21:08:00,35600,0,35600,0,31.1,27.2,3.9,1,12.92,5.0
0004090,0000570,0000074,2025-06-20 00:09:00,16000,0,16000,0,36.7,30.6,6.1,1,7.79,4.0
0004091,0003545,0000018,2025-07-07 12:42:00,16700,0,16700,0,36.3,34.2,2.1,1,2.55,5.0
0004092,0001970,0000082,2025-07-08 18:02:00,33700,0,33700,0,30.5,28.6,1.9,1,6.69,3.0
0004093,0002091,0000074,2025-07-12 12:50:00,67200,0,67200,0,26.2,27.7,-1.5,0,5.51,5.0
0004094,0000209,0000030,2025-07-20 13:24:00,73800,0,73800,0,22.7,24.9,-2.2,0,15.86,5.0
0004095,0000191,0000092,2025-07-24 19:54:00,83600,0,83600,0,24.2,26.5,-2.3,0,4.58,5.0
0004096,0001812,0000074,2025-07-26 17:50:00,64400,0,64400,0,30.1,28.1,2.0,1,6.97,5.0
0004097,0002086,0000061,2025-07-27 19:06:00,14200,0,14200,0,24.9,29.1,-4.2,0,2.92,5.0
0004098,0000193,0000023,2025-08-01 20:14:00,36900,1000,35900,1,29.5,15.0,14.5,1,0.51,5.0
0004099,0001832,0000061,2025-08-02 11:38:00,88100,0,88100,0,28.8,30.8,-2.0,0,6.64,5.0
0004100,0000890,0000023,2025-08-02 23:14:00,64900,0,64900,0,25.4,27.1,-1.7,0,0.85,3.0
0004101,0002115,0000023,2025-08-03 15:55:00,51600,0,51600,0,30.9,29.2,1.7,1,1.56,5.0
0004102,0002656,0000061,2025-08-06 10:50:00,45200,0,45200,0,32.6,29.6,3.0,1,5.35,5.0
0004103,0003488,0000082,2025-08-06 17:25:00,46300,0,46300,0,23.2,26.8,-3.6,0,4.1,5.0
0004104,0000599,0000074,2025-08-07 15:30:00,56000,0,56000,0,27.2,27.3,-0.1,0,0.83,5.0
0004105,0001936,0000023,2025-08-08 20:43:00,70300,0,70300,0,32.5,33.3,-0.8,0,2.57,5.0
0004106,0000976,0000061,2025-08-14 19:42:00,41800,0,41800,0,24.4,26.7,-2.3,0,0.83,5.0
0004107,0001423,0000047,2025-08-15 19:14:00,56000,0,56000,0,30.7,24.3,6.4,1,15.39,5.0
0004108,0002815,0000092,2025-08-16 21:32:00,76500,0,76500,0,23.2,30.2,-7.0,0,8.14,5.0
0004109,0002979,0000064,2025-08-18 10:13:00,15000,500,14500,1,28.0,19.4,8.6,1,7.5,5.0
0004110,0002448,0000061,2025-08-24 00:04:00,14900,500,14400,1,38.7,28.3,10.4,1,1.03,5.0
0004111,0002145,0000061,2025-09-04 11:30:00,57500,0,57500,0,28.7,25.7,3.0,1,4.83,5.0
0004112,0001441,0000064,2025-09-07 00:28:00,12100,0,12100,0,24.6,25.2,-0.6,0,9.85,5.0
0004113,0002000,0000047,2025-09-07 21:08:00,56000,0,56000,0,37.3,34.2,3.1,1,1.21,5.0
0004114,0002392,0000064,2025-09-09 08:59:00,32200,0,32200,0,20.7,24.9,-4.2,0,11.97,5.0
0004115,0000517,0000047,2025-09-11 14:53:00,11400,0,11400,0,29.1,27.9,1.2,1,11.55,5.0
0004116,0001940,0000064,2025-09-12 10:27:00,15900,0,15900,0,35.2,33.0,2.2,1,6.88,5.0
0004117,0001502,0000061,2025-09-13 10:36:00,84900,0,84900,0,32.4,29.1,3.3,1,6.82,5.0
0004118,0001049,0000064,2025-09-20 00:42:00,82900,0,82900,0,19.7,24.1,-4.4,0,1.43,5.0
0004119,0002972,0000023,2025-09-21 17:23:00,80000,0,80000,0,31.2,26.4,4.8,1,5.05,5.0
0004120,0001600,0000036,2025-09-22 15:43:00,18500,0,18500,0,21.7,24.1,-2.4,0,12.62,5.0
0004121,0003371,0000018,2025-10-03 22:47:00,79700,5000,74700,1,28.7,26.3,2.4,1,12.18,5.0
0004122,0002943,0000030,2025-10-05 16:17:00,61700,0,61700,0,26.7,30.4,-3.7,0,1.84,5.0
0004123,0002432,0000023,2025-10-12 16:50:00,85100,0,85100,0,26.3,26.6,-0.3,0,11.46,5.0
0004124,0000536,0000036,2025-10-13 17:03:00,49000,0,49000,0,27.8,29.0,-1.2,0,15.04,5.0
0004125,0002369,0000023,2025-10-17 15:23:00,26700,0,26700,0,28.4,29.4,-1.0,0,14.93,5.0
0004126,0003375,0000092,2025-10-18 13:55:00,48300,0,48300,0,27.6,30.2,-2.6,0,5.56,5.0
0004127,0002666,0000064,2025-10-18 18:42:00,99000,5000,94000,1,29.3,21.0,8.3,1,6.99,5.0
0004128,0003989,0000074,2025-10-21 20:08:00,76300,0,76300,0,47.6,42.6,5.0,1,10.93,5.0
0004129,0000380,0000018,2025-10-21 19:36:00,41600,0,41600,0,31.0,32.0,-1.0,0,8.68,5.0
0004130,0001134,0000082,2025-10-22 19:34:00,77500,0,77500,0,21.2,24.1,-2.9,0,13.87,5.0
0004131,0003606,0000064,2025-10-25 10:19:00,81400,5000,76400,1,28.9,14.9,14.0,1,6.85,4.0
0004132,0002271,0000030,2025-10-25 22:24:00,98400,0,98400,0,32.5,31.8,0.7,1,12.83,5.0
0004133,0003324,0000092,2025-10-28 19:31:00,38100,0,38100,0,33.1,29.8,3.3,1,1.02,5.0
0004134,0000965,0000064,2025-11-01 10:06:00,38600,0,38600,0,24.2,26.6,-2.4,0,7.97,5.0
0004135,0001465,0000082,2025-11-10 10:43:00,28300,0,28300,0,28.8,30.8,-2.0,0,5.35,4.0
0004136,0002669,0000018,2025-11-15 14:27:00,99900,0,99900,0,26.0,29.9,-3.9,0,11.04,5.0
0004137,0000557,0000023,2025-11-16 18:15:00,80000,0,80000,0,34.5,36.3,-1.8,0,2.57,4.0
0004138,0000993,0000018,2025-11-17 10:23:00,69900,0,69900,0,42.8,30.6,12.2,1,6.86,5.0
0004139,0001094,0000023,2025-11-19 22:04:00,82800,0,82800,0,29.7,31.5,-1.8,0,4.49,4.0
0004140,0003763,0000030,2025-11-21 11:11:00,10200,0,10200,0,33.9,30.7,3.2,1,1.92,5.0
0004141,0000762,0000036,2025-11-24 23:34:00,63400,5000,58400,1,33.2,28.6,4.6,1,4.15,5.0
0004142,0001407,0000092,2025-12-01 15:22:00,14100,0,14100,0,23.4,28.5,-5.1,0,1.38,5.0
0004143,0001247,0000082,2025-12-11 19:17:00,90500,0,90500,0,27.6,27.5,0.1,1,8.47,5.0
0004144,0000874,0000074,2025-12-12 18:34:00,41100,0,41100,0,32.1,30.9,1.2,1,1.84,5.0
0004145,0002048,0000047,2025-12-16 13:13:00,27300,0,27300,0,34.9,33.9,1.0,1,5.87,5.0
0004146,0000047,0000092,2025-12-16 22:23:00,61400,0,61400,0,28.7,30.0,-1.3,0,4.24,5.0
0004147,0002822,0000023,2025-12-21 17:53:00,88300,0,88300,0,24.6,27.7,-3.1,0,1.27,5.0
0004148,0004242,0000036,2025-12-24 22:36:00,61900,0,61900,0,37.5,35.6,1.9,1,5.2,5.0
0004149,0001601,0000064,2025-12-28 16:44:00,16000,0,16000,0,30.8,26.8,4.0,1,8.35,5.0
0004150,0003884,0000064,2025-12-29 08:22:00,99300,0,99300,0,20.4,25.5,-5.1,0,11.05,5.0
0004151,0002026,0000061,2025-12-30 20:45:00,91400,0,91400,0,36.9,39.5,-2.6,0,12.42,5.0
0004152,0003917,0000018,2026-01-02 07:40:00,87500,0,87500,0,25.8,25.6,0.2,1,12.82,3.0
0004153,0002029,0000036,2026-01-07 13:26:00,89400,0,89400,0,26.0,28.1,-2.1,0,4.15,5.0
0004154,0002531,0000036,2026-01-09 17:52:00,59400,0,59400,0,33.0,30.6,2.4,1,1.52,3.0
0004155,0002905,0000018,2026-01-16 11:20:00,74800,0,74800,0,35.7,35.4,0.3,1,5.2,5.0
0004156,0002933,0000092,2026-01-19 17:20:00,45600,0,45600,0,28.1,28.7,-0.6,0,8.14,5.0
0004157,0002140,0000018,2026-01-21 09:56:00,46000,0,46000,0,31.4,30.2,1.2,1,2.14,5.0
0004158,0002468,0000036,2026-01-22 18:15:00,98100,0,98100,0,25.3,28.7,-3.4,0,12.61,5.0
0004159,0001449,0000082,2026-01-23 22:23:00,81700,0,81700,0,19.3,27.1,-7.8,0,13.87,5.0
0004160,0001780,0000036,2026-01-26 15:14:00,24900,0,24900,0,26.8,29.7,-2.9,0,11.97,5.0
0004161,0000140,0000061,2026-01-30 16:11:00,23400,0,23400,0,25.1,29.1,-4.0,0,5.53,1.0
0004162,0001482,0000061,2026-02-02 18:37:00,95300,0,95300,0,36.6,32.1,4.5,1,5.53,5.0
0004163,0003889,0000061,2026-02-06 17:54:00,87400,0,87400,0,28.5,30.3,-1.8,0,7.79,5.0
0004164,0002372,0000018,2026-02-07 10:36:00,87400,0,87400,0,23.9,25.7,-1.8,0,12.02,5.0
0004165,0003598,0000064,2026-02-09 17:24:00,71500,0,71500,0,18.3,24.2,-5.9,0,10.8,5.0
0004166,0002556,0000047,2026-02-11 14:42:00,59000,0,59000,0,25.8,27.4,-1.6,0,11.62,5.0
0004167,0004504,0000074,2026-02-12 13:30:00,23300,0,23300,0,30.1,29.9,0.2,1,2.45,5.0
0004168,0001559,0000047,2026-02-15 19:12:00,70000,0,70000,0,38.0,39.6,-1.6,0,15.69,5.0
0004169,0003254,0000023,2026-02-17 22:11:00,37100,0,37100,0,22.8,28.5,-5.7,0,1.56,5.0
0004170,0000316,0000023,2026-02-17 21:36:00,55100,0,55100,0,37.0,39.5,-2.5,0,16.73,5.0
0004171,0003148,0000018,2026-02-17 23:22:00,70800,5000,65800,1,28.4,25.3,3.1,1,2.55,5.0
0004172,0000371,0000030,2026-02-20 18:53:00,89500,0,89500,0,30.2,29.0,1.2,1,13.97,5.0
0004173,0000401,0000047,2026-02-25 12:31:28,93900,0,93900,0,31.4,28.2,3.2,1,5.88,5.0
0004174,0003296,0000047,2026-02-28 14:51:00,37900,0,37900,0,31.2,30.2,1.0,1,17.1,5.0
0004175,0001074,0000082,2026-02-28 11:47:00,89800,0,89800,0,31.8,29.8,2.0,1,1.59,5.0
0004176,0003146,0000023,2026-03-01 20:07:00,75400,0,75400,0,23.5,24.6,-1.1,0,13.93,5.0
0004177,0004695,0000061,2026-03-01 18:12:00,58600,0,58600,0,31.1,30.8,0.3,1,11.08,5.0
0004178,0002632,0000023,2026-03-13 19:22:00,47600,2000,45600,1,24.4,10.4,14.0,1,11.75,5.0
0004179,0004358,0000074,2026-03-13 20:12:00,26000,0,26000,0,44.4,40.5,3.9,1,7.06,5.0
0004180,0002900,0000047,2026-03-15 11:53:06,83900,0,83900,0,26.3,24.9,1.4,1,15.56,5.0
0004181,0004195,0000061,2026-03-16 13:37:00,70200,0,70200,0,27.1,29.2,-2.1,0,4.67,5.0
0004182,0002830,0000036,2026-03-22 18:12:00,95600,0,95600,0,26.8,28.7,-1.9,0,0.88,5.0
0004183,0004152,0000074,2026-03-25 11:33:00,7800,0,7800,0,33.9,28.1,5.8,1,6.97,5.0
0004184,0002227,0000047,2026-03-26 19:03:00,39700,0,39700,0,24.5,24.1,0.4,1,16.89,5.0
0004185,0003986,0000018,2026-03-29 10:11:00,33900,0,33900,0,27.5,29.8,-2.3,0,4.74,5.0
0004186,0002582,0000064,2026-03-29 15:23:00,97100,5000,92100,1,40.5,46.6,-6.1,0,7.97,5.0
0004187,0004149,0000092,2026-03-30 11:07:00,22900,0,22900,0,24.1,27.0,-2.9,0,4.24,5.0
0004188,0002125,0000074,2026-03-30 20:37:00,74500,0,74500,0,23.1,27.9,-4.8,0,10.99,5.0
0004189,0003163,0000047,2026-04-08 10:21:00,71900,0,71900,0,26.5,27.7,-1.2,0,6.8,5.0
0004190,0004073,0000023,2026-04-08 19:04:00,75500,0,75500,0,36.6,35.5,1.1,1,6.12,5.0
0004191,0000682,0000023,2026-04-09 19:26:00,44300,0,44300,0,38.2,36.8,1.4,1,13.45,3.0
0004192,0001915,0000047,2026-04-10 11:35:00,25400,0,25400,0,29.9,29.0,0.9,1,1.72,3.0
0004193,0000687,0000030,2026-04-11 00:06:00,91800,0,91800,0,42.9,35.3,7.6,1,6.94,5.0
0004194,0004747,0000030,2026-04-16 23:58:00,91700,0,91700,0,26.0,30.6,-4.6,0,1.16,5.0
0004195,0003446,0000030,2026-04-19 15:21:00,78700,0,78700,0,32.9,29.9,3.0,1,6.94,4.0
0004196,0002001,0000030,2026-04-20 09:06:00,61200,0,61200,0,24.3,24.4,-0.1,0,5.35,5.0
0004197,0000365,0000047,2026-04-23 14:27:00,85300,0,85300,0,26.3,25.9,0.4,1,15.56,4.0
0004198,0001770,0000030,2026-04-27 23:16:00,44800,0,44800,0,25.7,27.1,-1.4,0,10.89,5.0
0004199,0002143,0000092,2026-04-28 15:32:00,25600,0,25600,0,27.1,25.1,2.0,1,5.42,5.0
0004200,0001626,0000018,2026-04-28 16:06:00,75000,0,75000,0,22.8,25.7,-2.9,0,12.8,5.0
0004201,0004461,0000047,2026-04-28 22:23:00,42900,0,42900,0,30.4,29.3,1.1,1,11.78,5.0
0004202,0003580,0000023,2026-04-30 21:50:00,95700,0,95700,0,39.1,35.2,3.9,1,6.12,5.0
0004203,0000875,0000064,2026-04-30 11:15:00,60500,0,60500,0,25.0,27.4,-2.4,0,11.86,5.0
0004204,0004649,0000047,2026-05-08 10:57:00,83200,0,83200,0,36.3,34.9,1.4,1,0.0,5.0
0004205,0005107,0000047,2026-05-08 17:54:00,82500,0,82500,0,28.5,27.1,1.4,1,1.03,5.0
0004206,0001039,0000092,2026-05-08 19:48:00,47600,0,47600,0,43.1,45.8,-2.7,0,11.55,4.0
0004207,0002926,0000074,2026-05-13 15:23:00,78900,0,78900,0,37.0,34.3,2.7,1,1.82,5.0
0004208,0002886,0000074,2026-05-14 21:58:00,84000,0,84000,0,36.3,40.5,-4.2,0,1.86,5.0
0004209,0002930,0000018,2026-05-15 00:25:00,50700,0,50700,0,30.0,32.8,-2.8,0,4.74,5.0
0004210,0004394,0000064,2026-05-16 13:39:00,83300,0,83300,0,27.6,33.6,-6.0,0,11.86,5.0
0004211,0003591,0000023,2026-05-19 09:25:00,77600,0,77600,0,26.0,28.4,-2.4,0,10.91,5.0
0004212,0004339,0000023,2026-05-21 19:15:00,27600,0,27600,0,26.6,31.9,-5.3,0,1.47,5.0
0004213,0002387,0000018,2026-05-22 11:40:00,37700,0,37700,0,27.1,30.8,-3.7,0,15.11,5.0
0004214,0001159,0000064,2026-05-25 21:53:00,81800,0,81800,0,30.6,31.4,-0.8,0,1.23,5.0
0004215,0000835,0000023,2026-05-26 11:50:00,46300,2000,44300,1,28.4,25.2,3.2,1,4.44,4.0
0004216,0005071,0000030,2026-05-28 19:49:00,63200,0,63200,0,20.5,24.1,-3.6,0,10.89,4.0
0004217,0005185,0000092,2026-05-30 11:20:00,78900,5000,73900,1,31.9,33.2,-1.3,0,10.34,5.0
0004218,0000324,0000092,2026-05-30 22:35:00,26300,0,26300,0,34.7,32.6,2.1,1,5.8,5.0
0004219,0002588,0000074,2026-06-01 16:58:00,44900,0,44900,0,30.4,28.5,1.9,1,5.69,5.0
0004220,0002105,0000074,2026-06-05 12:22:00,81100,0,81100,0,27.9,29.2,-1.3,0,0.83,5.0
0004221,0004526,0000061,2026-06-06 22:36:00,63800,0,63800,0,35.9,39.6,-3.7,0,12.64,5.0
0004222,0003534,0000082,2026-06-07 16:17:00,17400,0,17400,0,32.8,30.7,2.1,1,14.33,3.0
0004223,0001199,0000082,2026-06-12 10:40:00,95300,0,95300,0,34.3,26.3,8.0,1,4.66,5.0
0004224,0002619,0000064,2026-06-15 10:21:00,31400,1000,30400,1,34.9,24.6,10.3,1,8.8,5.0
0004225,0000734,0000092,2026-06-20 16:14:00,14900,0,14900,0,27.0,27.1,-0.1,0,10.73,5.0
0004226,0004867,0000030,2026-06-28 10:32:00,80300,0,80300,0,32.1,28.7,3.4,1,13.36,5.0
0004227,0000874,0000074,2026-06-30 12:04:00,30800,0,30800,0,26.8,29.7,-2.9,0,1.82,5.0
0004228,0004806,0000023,2026-06-30 21:39:00,85100,0,85100,0,27.0,31.4,-4.4,0,10.91,5.0
0004229,0000874,0000074,2026-06-30 21:25:00,85200,0,85200,0,34.4,30.8,3.6,1,3.62,5.0
0004230,0000029,0000098,2023-07-04 11:11:00,25800,0,25800,0,25.6,27.3,-1.7,0,8.48,5.0
0004231,0000097,0000044,2023-07-19 17:39:00,21100,0,21100,0,22.3,27.3,-5.0,0,3.71,5.0
0004232,0000161,0000052,2023-07-31 17:05:00,42500,0,42500,0,21.5,28.0,-6.5,0,11.86,5.0
0004233,0000113,0000041,2023-08-15 11:55:00,12900,0,12900,0,27.3,25.6,1.7,1,9.13,5.0
0004234,0000117,0000052,2023-08-20 15:18:00,70600,0,70600,0,28.2,28.3,-0.1,0,5.52,4.0
0004235,0000292,0000044,2023-10-08 11:46:00,80100,0,80100,0,25.0,28.3,-3.3,0,3.71,5.0
0004236,0000406,0000041,2023-10-10 19:43:00,77700,0,77700,0,30.4,31.8,-1.4,0,1.25,5.0
0004237,0000157,0000024,2023-10-21 23:04:00,31000,0,31000,0,31.2,28.8,2.4,1,3.15,5.0
0004238,0000387,0000041,2023-11-02 17:19:00,22300,0,22300,0,31.7,28.0,3.7,1,8.65,5.0
0004239,0000570,0000052,2023-12-04 13:23:00,85400,0,85400,0,21.7,25.6,-3.9,0,12.42,3.0
0004240,0000603,0000079,2023-12-04 18:24:00,50500,0,50500,0,30.3,25.6,4.7,1,10.91,4.0
0004241,0000819,0000052,2023-12-11 15:11:00,63800,0,63800,0,28.9,27.3,1.6,1,5.52,5.0
0004242,0000706,0000098,2023-12-14 19:27:00,75200,0,75200,0,25.9,31.0,-5.1,0,1.49,5.0
0004243,0000144,0000041,2023-12-28 19:02:00,57500,0,57500,0,32.9,27.7,5.2,1,0.68,5.0
0004244,0000121,0000079,2024-01-08 18:26:00,7100,0,7100,0,29.1,28.0,1.1,1,10.4,5.0
0004245,0000072,0000052,2024-01-23 21:10:00,65600,0,65600,0,27.0,28.6,-1.6,0,12.42,5.0
0004246,0000119,0000052,2024-01-24 19:58:00,51800,0,51800,0,24.8,27.3,-2.5,0,5.52,5.0
0004247,0000444,0000044,2024-02-02 14:56:00,70700,0,70700,0,28.0,26.6,1.4,1,11.23,5.0
0004248,0000751,0000044,2024-02-08 17:36:00,7300,0,7300,0,27.8,24.7,3.1,1,2.91,5.0
0004249,0001056,0000041,2024-02-18 10:02:00,56000,0,56000,0,27.3,27.3,0.0,0,1.33,5.0
0004250,0001184,0000044,2024-02-19 21:44:00,10600,500,10100,1,28.2,36.9,-8.7,0,6.51,5.0
0004251,0001341,0000079,2024-03-11 20:13:00,51600,2000,49600,1,31.2,24.3,6.9,1,10.91,5.0
0004252,0000844,0000079,2024-03-12 20:21:00,21200,0,21200,0,37.9,32.3,5.6,1,3.22,5.0
0004253,0000343,0000041,2024-03-29 12:16:00,14400,0,14400,0,25.5,25.7,-0.2,0,0.68,1.0
0004254,0000751,0000041,2024-04-09 12:55:00,61700,0,61700,0,26.6,28.0,-1.4,0,8.65,5.0
0004255,0000609,0000041,2024-04-17 07:33:00,75100,0,75100,0,28.2,27.3,0.9,1,1.33,5.0
0004256,0000125,0000044,2024-04-30 14:19:00,98000,0,98000,0,28.4,29.1,-0.7,0,6.51,5.0
0004257,0000183,0000024,2024-05-05 20:01:00,51600,0,51600,0,25.4,31.0,-5.6,0,10.35,5.0
0004258,0000588,0000079,2024-05-19 16:56:00,57900,0,57900,0,23.6,25.6,-2.0,0,10.91,5.0
0004259,0000804,0000079,2024-05-24 19:02:00,92500,0,92500,0,33.0,31.1,1.9,1,0.0,5.0
0004260,0000213,0000041,2024-06-18 17:24:00,7000,0,7000,0,22.3,25.6,-3.3,0,9.13,5.0
0004261,0000422,0000041,2024-07-23 15:13:00,24500,0,24500,0,29.4,27.3,2.1,1,1.33,4.0
0004262,0000100,0000041,2024-08-06 21:28:00,86200,0,86200,0,28.6,28.6,0.0,0,10.3,5.0
0004263,0001070,0000024,2024-08-23 14:37:51,90900,0,90900,0,33.0,32.2,0.8,1,10.45,5.0
0004264,0001227,0000052,2024-09-01 13:06:00,36300,0,36300,0,28.3,32.3,-4.0,0,2.33,5.0
0004265,0001378,0000079,2024-09-03 11:49:00,70700,0,70700,0,23.0,25.6,-2.6,0,12.07,5.0
0004266,0001079,0000079,2024-09-07 15:24:00,49400,0,49400,0,25.7,22.7,3.0,1,2.17,5.0
0004267,0001856,0000024,2024-09-10 22:42:00,45600,0,45600,0,34.8,34.2,0.6,1,10.45,5.0
0004268,0000855,0000041,2024-09-13 20:22:00,20700,0,20700,0,30.9,29.7,1.2,1,2.22,5.0
0004269,0001410,0000041,2024-09-19 11:26:00,13000,0,13000,0,30.4,28.8,1.6,1,1.38,5.0
0004270,0001664,0000079,2024-09-22 16:10:00,19800,0,19800,0,30.7,31.2,-0.5,0,10.65,4.0
0004271,0001277,0000041,2024-09-24 04:22:00,13400,0,13400,0,25.5,28.0,-2.5,0,8.65,5.0
0004272,0001408,0000098,2024-09-26 18:39:00,36200,0,36200,0,25.5,28.1,-2.6,0,12.34,4.0
0004273,0000203,0000079,2024-09-29 17:14:00,95900,0,95900,0,33.2,31.2,2.0,1,10.65,1.0
0004274,0000169,0000044,2024-10-13 17:51:00,97200,0,97200,0,28.1,28.0,0.1,1,10.83,5.0
0004275,0001268,0000041,2024-10-18 18:18:00,64300,0,64300,0,35.4,31.2,4.2,1,9.03,5.0
0004276,0002040,0000044,2024-10-24 21:31:00,23900,0,23900,0,34.3,34.3,0.0,0,3.54,5.0
0004277,0000811,0000041,2024-11-06 23:59:00,63800,0,63800,0,37.4,31.0,6.4,1,8.65,5.0
0004278,0002179,0000079,2024-12-20 15:35:00,20700,0,20700,0,29.0,32.5,-3.5,0,0.0,5.0
0004279,0001570,0000079,2024-12-25 15:52:00,32300,0,32300,0,25.8,27.6,-1.8,0,2.64,5.0
0004280,0001009,0000024,2025-01-10 06:14:00,72200,0,72200,0,31.1,31.2,-0.1,0,10.45,5.0
0004281,0002606,0000044,2025-01-19 11:42:00,58000,0,58000,0,23.3,22.7,0.6,1,3.02,5.0
0004282,0002165,0000052,2025-01-22 21:21:00,38900,0,38900,0,30.6,31.1,-0.5,0,2.59,5.0
0004283,0000912,0000098,2025-01-23 19:43:00,44200,2000,42200,1,31.3,32.5,-1.2,0,11.67,5.0
0004284,0002465,0000079,2025-02-17 20:46:00,8600,0,8600,0,27.2,29.7,-2.5,0,0.27,4.0
0004285,0003091,0000044,2025-02-19 20:12:00,52800,2000,50800,1,28.7,29.3,-0.6,0,11.23,5.0
0004286,0001805,0000041,2025-03-02 15:22:00,42400,0,42400,0,24.1,24.4,-0.3,0,2.84,5.0
0004287,0001974,0000041,2025-03-09 23:19:00,81200,0,81200,0,28.0,31.1,-3.1,0,4.52,5.0
0004288,0000989,0000044,2025-03-11 15:13:00,34400,0,34400,0,21.1,24.7,-3.6,0,2.91,5.0
0004289,0002151,0000079,2025-04-02 14:23:00,45400,0,45400,0,23.6,24.0,-0.4,0,2.79,5.0
0004290,0001281,0000052,2025-05-19 09:51:00,14200,0,14200,0,32.7,30.7,2.0,1,6.5,5.0
0004291,0002181,0000079,2025-06-02 20:40:00,8700,0,8700,0,34.4,34.2,0.2,1,10.65,5.0
0004292,0001475,0000098,2025-06-03 19:10:00,93800,0,93800,0,29.9,26.7,3.2,1,11.74,5.0
0004293,0000304,0000041,2025-06-04 18:55:00,70800,0,70800,0,23.7,26.7,-3.0,0,2.22,5.0
0004294,0002829,0000024,2025-06-09 11:32:00,81800,0,81800,0,31.8,27.4,4.4,1,3.63,5.0
0004295,0000040,0000098,2025-06-26 18:35:00,16500,0,16500,0,26.5,27.4,-0.9,0,10.85,5.0
0004296,0003132,0000052,2025-06-30 11:43:00,46400,0,46400,0,23.5,27.1,-3.6,0,1.15,5.0
0004297,0003143,0000024,2025-07-01 17:05:00,14000,0,14000,0,19.9,25.6,-5.7,0,0.87,4.0
0004298,0002365,0000052,2025-07-07 11:54:00,12800,0,12800,0,34.6,30.7,3.9,1,6.5,5.0
0004299,0001565,0000041,2025-07-08 13:32:00,95200,0,95200,0,33.1,31.1,2.0,1,2.02,5.0
0004300,0002897,0000024,2025-07-11 11:05:00,37100,0,37100,0,39.8,34.7,5.1,1,5.65,5.0
0004301,0002196,0000041,2025-07-12 14:28:00,83900,0,83900,0,23.7,26.0,-2.3,0,3.67,4.0
0004302,0002230,0000079,2025-07-13 19:41:00,27400,0,27400,0,31.8,32.7,-0.9,0,1.4,5.0
0004303,0002511,0000098,2025-07-19 10:29:00,71100,0,71100,0,29.7,30.7,-1.0,0,7.93,5.0
0004304,0002800,0000079,2025-07-21 20:47:00,93000,0,93000,0,31.9,32.3,-0.4,0,3.22,3.0
0004305,0003263,0000041,2025-07-27 13:50:00,75300,0,75300,0,30.3,29.8,0.5,1,1.25,5.0
0004306,0001799,0000041,2025-07-28 14:57:00,92600,0,92600,0,26.9,29.8,-2.9,0,1.25,5.0
0004307,0001945,0000052,2025-08-08 20:45:00,66500,0,66500,0,27.9,31.1,-3.2,0,2.59,1.0
0004308,0002521,0000044,2025-08-09 11:17:00,88200,0,88200,0,30.6,25.6,5.0,1,4.1,5.0
0004309,0000825,0000079,2025-08-12 20:29:00,93000,0,93000,0,29.6,31.1,-1.5,0,2.89,5.0
0004310,0003052,0000052,2025-08-13 10:03:00,78900,5000,73900,1,29.8,19.4,10.4,1,2.59,5.0
0004311,0001671,0000052,2025-08-14 17:03:00,92800,0,92800,0,22.7,25.6,-2.9,0,1.69,4.0
0004312,0001211,0000052,2025-08-24 13:55:00,54500,0,54500,0,31.7,32.2,-0.5,0,11.87,5.0
0004313,0003786,0000098,2025-08-28 20:58:00,30700,0,30700,0,30.7,31.1,-0.4,0,12.34,5.0
0004314,0001106,0000041,2025-08-29 10:45:00,61600,0,61600,0,31.3,29.5,1.8,1,4.62,5.0
0004315,0001997,0000041,2025-09-01 00:44:00,88900,0,88900,0,29.3,34.7,-5.4,0,3.17,4.0
0004316,0003080,0000079,2025-09-12 12:43:00,34700,0,34700,0,26.6,26.6,0.0,0,10.91,5.0
0004317,0000904,0000024,2025-09-30 07:10:00,40600,0,40600,0,30.5,31.2,-0.7,0,10.45,4.0
0004318,0002053,0000052,2025-09-30 10:38:00,66800,0,66800,0,27.1,25.0,2.1,1,6.23,5.0
0004319,0003288,0000024,2025-10-07 11:15:00,90000,0,90000,0,23.2,26.4,-3.2,0,3.35,3.0
0004320,0001720,0000052,2025-10-20 16:59:00,66400,0,66400,0,20.3,23.0,-2.7,0,0.24,4.0
0004321,0000621,0000024,2025-11-04 15:04:00,59000,0,59000,0,25.6,25.5,0.1,1,1.9,5.0
0004322,0000059,0000041,2025-11-20 19:09:51,86300,0,86300,0,36.5,35.9,0.6,1,3.14,5.0
0004323,0000139,0000044,2025-11-30 17:11:00,94600,0,94600,0,24.1,29.3,-5.2,0,6.51,5.0
0004324,0002527,0000098,2025-12-02 13:18:00,58400,0,58400,0,35.7,30.3,5.4,1,12.34,3.0
0004325,0000053,0000098,2025-12-04 15:16:00,48600,0,48600,0,30.4,29.1,1.3,1,11.62,4.0
0004326,0000506,0000041,2025-12-05 19:43:00,88600,0,88600,0,37.0,37.7,-0.7,0,3.17,5.0
0004327,0000651,0000041,2025-12-07 19:23:00,63400,0,63400,0,24.2,29.5,-5.3,0,1.96,5.0
0004328,0002211,0000098,2025-12-14 16:02:00,49800,0,49800,0,34.2,28.1,6.1,1,11.62,5.0
0004329,0002378,0000079,2025-12-27 17:14:00,31100,0,31100,0,22.5,27.4,-4.9,0,2.31,5.0
0004330,0001384,0000052,2026-01-03 15:25:00,38100,0,38100,0,27.3,26.0,1.3,1,6.23,5.0
0004331,0001534,0000041,2026-01-12 11:05:00,26300,0,26300,0,28.8,31.1,-2.3,0,2.02,5.0
0004332,0003994,0000024,2026-01-24 12:04:00,50200,0,50200,0,24.3,25.0,-0.7,0,5.31,5.0
0004333,0002759,0000079,2026-01-29 09:36:00,88000,0,88000,0,20.5,28.8,-8.3,0,2.1,5.0
0004334,0002710,0000024,2026-01-30 18:45:00,70100,0,70100,0,26.4,27.1,-0.7,0,1.27,5.0
0004335,0001474,0000052,2026-02-01 07:23:00,61300,0,61300,0,29.1,26.5,2.6,1,3.56,5.0
0004336,0003179,0000098,2026-02-02 19:32:00,21000,0,21000,0,32.1,28.8,3.3,1,10.65,3.0
0004337,0003841,0000041,2026-02-05 10:33:00,92500,0,92500,0,31.4,25.6,5.8,1,9.13,1.0
0004338,0000256,0000098,2026-02-07 15:30:00,61000,0,61000,0,20.2,23.0,-2.8,0,13.44,5.0
0004339,0001752,0000041,2026-02-13 00:32:00,10600,0,10600,0,30.3,28.1,2.2,1,2.01,4.0
0004340,0001411,0000041,2026-02-17 10:58:00,29200,0,29200,0,32.3,29.5,2.8,1,4.62,5.0
0004341,0004033,0000024,2026-02-28 11:06:00,63000,0,63000,0,22.0,25.0,-3.0,0,5.31,5.0
0004342,0004558,0000024,2026-02-28 20:52:00,76800,0,76800,0,37.4,37.7,-0.3,0,5.65,5.0
0004343,0003880,0000098,2026-03-19 19:07:00,25800,0,25800,0,31.3,28.6,2.7,1,12.17,5.0
0004344,0002128,0000024,2026-03-22 18:33:00,73400,0,73400,0,31.2,32.5,-1.3,0,1.87,5.0
0004345,0005018,0000079,2026-04-02 19:35:00,45700,0,45700,0,30.9,28.0,2.9,1,3.91,5.0
0004346,0000247,0000052,2026-04-04 20:06:00,74300,5000,69300,1,30.4,19.3,11.1,1,5.75,5.0
0004347,0004385,0000098,2026-04-05 19:19:00,47400,0,47400,0,27.4,28.6,-1.2,0,0.89,4.0
0004348,0001576,0000044,2026-04-07 11:13:00,79800,0,79800,0,27.0,25.0,2.0,1,0.74,5.0
0004349,0001390,0000079,2026-04-07 17:37:00,89000,0,89000,0,30.2,27.1,3.1,1,2.64,5.0
0004350,0001808,0000041,2026-04-21 19:15:00,98400,0,98400,0,29.3,31.1,-1.8,0,2.01,5.0
0004351,0000414,0000044,2026-04-22 20:12:11,38600,0,38600,0,29.2,29.7,-0.5,0,4.69,1.0
0004352,0004324,0000044,2026-04-23 22:26:00,7500,0,7500,0,30.6,31.8,-1.2,0,1.7,5.0
0004353,0003592,0000079,2026-04-30 18:04:34,36600,0,36600,0,24.2,25.6,-1.4,0,0.91,5.0
0004354,0000492,0000041,2026-04-30 18:58:00,90700,0,90700,0,30.4,32.3,-1.9,0,3.71,5.0
0004355,0004561,0000044,2026-05-08 20:32:00,91400,0,91400,0,33.3,31.8,1.5,1,1.7,5.0
0004356,0001489,0000041,2026-05-10 13:39:00,55200,0,55200,0,25.5,26.6,-1.1,0,2.82,5.0
0004357,0001415,0000044,2026-05-20 11:54:00,30900,0,30900,0,32.3,34.7,-2.4,0,5.05,5.0
0004358,0000385,0000079,2026-06-05 09:24:00,36800,0,36800,0,25.5,25.6,-0.1,0,0.91,5.0
0004359,0000279,0000098,2026-06-06 22:13:00,22100,0,22100,0,35.8,37.7,-1.9,0,6.76,5.0
0004360,0002475,0000024,2026-06-10 17:53:00,77800,0,77800,0,23.9,25.9,-2.0,0,0.0,5.0
0004361,0003973,0000052,2026-06-14 23:18:00,8200,0,8200,0,25.5,28.1,-2.6,0,1.52,5.0
0004362,0001199,0000024,2026-06-18 07:09:00,14000,0,14000,0,25.2,26.4,-1.2,0,3.35,1.0
0004363,0002551,0000024,2026-06-19 08:52:00,12200,0,12200,0,25.2,29.5,-4.3,0,1.87,3.0
0004364,0001124,0000024,2026-06-19 17:20:00,20600,0,20600,0,35.1,30.7,4.4,1,4.88,5.0
0004365,0000066,0000009,2023-07-06 11:06:00,35500,0,35500,0,37.1,29.1,8.0,1,0.0,5.0
0004366,0000060,0000097,2023-07-20 16:34:00,16600,0,16600,0,24.1,26.2,-2.1,0,2.45,5.0
0004367,0000160,0000051,2023-07-22 17:32:00,46500,2000,44500,1,26.2,16.1,10.1,1,3.23,5.0
0004368,0000114,0000063,2023-07-29 20:49:00,40500,0,40500,0,64.3,65.6,-1.3,0,10.16,4.0
0004369,0000033,0000063,2023-08-03 15:48:00,59600,0,59600,0,69.9,70.8,-0.9,0,10.16,5.0
0004370,0000299,0000011,2023-08-03 20:14:00,97400,5000,92400,1,67.9,72.5,-4.6,0,4.85,5.0
0004371,0000116,0000051,2023-08-16 12:54:00,77100,0,77100,0,45.5,44.6,0.9,1,4.62,5.0
0004372,0000331,0000063,2023-08-22 11:31:00,74300,5000,69300,1,31.9,38.3,-6.4,0,1.11,5.0
0004373,0000184,0000063,2023-09-18 11:52:00,55100,0,55100,0,34.3,33.3,1.0,1,1.11,5.0
0004374,0000424,0000097,2023-09-22 19:30:00,7700,500,7200,1,69.1,54.6,14.5,1,2.45,5.0
0004375,0000149,0000009,2023-09-25 21:20:00,58300,0,58300,0,76.2,75.0,1.2,1,0.0,5.0
0004376,0000162,0000063,2023-10-08 20:29:00,46000,0,46000,0,44.3,47.6,-3.3,0,3.16,5.0
0004377,0000274,0000011,2023-11-04 21:28:00,91200,0,91200,0,74.3,73.8,0.5,1,12.21,5.0
0004378,0000125,0000051,2023-11-18 14:27:00,40700,0,40700,0,32.1,25.8,6.3,1,2.32,5.0
0004379,0000800,0000097,2023-11-29 18:50:00,92600,5000,87600,1,34.6,20.4,14.2,1,2.45,5.0
0004380,0000300,0000063,2023-11-30 11:35:00,14400,0,14400,0,26.1,24.8,1.3,1,2.75,3.0
0004381,0000817,0000011,2023-12-01 10:22:00,90500,0,90500,0,23.0,28.4,-5.4,0,1.61,5.0
0004382,0000347,0000051,2023-12-03 17:08:00,45400,0,45400,0,35.6,33.0,2.6,1,2.74,5.0
0004383,0000505,0000054,2023-12-15 15:53:00,88700,0,88700,0,27.9,29.4,-1.5,0,2.8,5.0
0004384,0000277,0000097,2023-12-16 17:53:00,67700,0,67700,0,72.2,73.8,-1.6,0,12.48,5.0
0004385,0000525,0000097,2023-12-23 00:42:00,29700,0,29700,0,25.7,28.0,-2.3,0,4.16,5.0
0004386,0000284,0000063,2024-01-09 10:26:00,87300,0,87300,0,30.2,26.2,4.0,1,2.75,5.0
0004387,0000214,0000063,2024-01-10 10:43:00,68000,5000,63000,1,31.2,18.9,12.3,1,2.75,5.0
0004388,0000986,0000054,2024-03-01 10:57:43,33800,0,33800,0,68.7,69.7,-1.0,0,6.19,5.0
0004389,0000122,0000051,2024-03-10 21:20:45,13400,0,13400,0,30.9,31.0,-0.1,0,2.12,5.0
0004390,0000429,0000009,2024-03-19 12:30:00,60900,0,60900,0,77.4,74.8,2.6,1,10.29,1.0
0004391,0000548,0000011,2024-04-02 21:52:00,92200,0,92200,0,76.4,75.0,1.4,1,13.62,5.0
0004392,0001346,0000011,2024-04-18 19:40:00,42500,0,42500,0,34.4,36.1,-1.7,0,4.85,5.0
0004393,0001634,0000009,2024-06-20 23:15:00,83500,0,83500,0,79.3,75.0,4.3,1,11.49,4.0
0004394,0001533,0000054,2024-06-22 20:58:00,9100,0,9100,0,37.3,36.3,1.0,1,4.59,5.0
0004395,0001003,0000011,2024-07-15 20:10:00,43100,0,43100,0,42.9,43.7,-0.8,0,4.81,5.0
0004396,0001160,0000009,2024-07-21 19:01:00,56900,0,56900,0,73.6,73.4,0.2,1,10.39,5.0
0004397,0000110,0000063,2024-07-23 10:18:00,19800,0,19800,0,70.4,70.4,0.0,0,10.47,5.0
0004398,0001827,0000054,2024-08-14 12:34:00,55900,0,55900,0,41.7,44.7,-3.0,0,5.42,4.0
0004399,0001051,0000054,2024-09-01 09:44:00,70400,0,70400,0,25.1,30.2,-5.1,0,1.9,4.0
0004400,0002188,0000097,2024-09-12 22:47:00,54900,2000,52900,1,24.9,31.5,-6.6,0,4.39,5.0
0004401,0001041,0000097,2024-09-25 21:43:00,35300,0,35300,0,32.2,31.4,0.8,1,3.34,5.0
0004402,0001603,0000097,2024-10-17 20:22:00,58800,0,58800,0,27.4,30.0,-2.6,0,2.45,5.0
0004403,0000092,0000063,2024-10-26 19:54:00,93400,0,93400,0,72.7,71.1,1.6,1,11.52,5.0
0004404,0001056,0000051,2024-10-29 08:30:00,42800,0,42800,0,31.2,34.6,-3.4,0,4.62,5.0
0004405,0000568,0000097,2024-11-01 17:01:00,19800,0,19800,0,46.0,43.7,2.3,1,6.4,5.0
0004406,0000036,0000051,2024-12-09 15:10:00,16000,0,16000,0,31.9,33.0,-1.1,0,3.23,1.0
0004407,0001207,0000051,2024-12-19 15:44:00,57400,0,57400,0,28.0,27.0,1.0,1,3.23,4.0
0004408,0002749,0000054,2025-01-05 21:31:00,46300,0,46300,0,80.0,75.0,5.0,1,14.38,5.0
0004409,0002372,0000051,2025-01-26 17:31:00,55600,0,55600,0,56.4,56.4,0.0,0,10.22,5.0
0004410,0000133,0000051,2025-02-09 14:14:00,75800,5000,70800,1,27.5,35.2,-7.7,0,2.32,5.0
0004411,0001440,0000063,2025-02-15 20:08:00,20400,0,20400,0,33.4,36.2,-2.8,0,3.16,5.0
0004412,0000321,0000011,2025-02-28 09:14:00,36900,0,36900,0,29.5,31.9,-2.4,0,4.85,5.0
0004413,0003131,0000063,2025-03-07 19:39:00,37000,0,37000,0,32.9,33.2,-0.3,0,3.18,5.0
0004414,0002081,0000054,2025-03-18 13:06:00,80200,0,80200,0,27.4,28.9,-1.5,0,6.19,5.0
0004415,0001714,0000063,2025-03-20 14:39:00,8300,0,8300,0,75.1,75.0,0.1,1,10.47,3.0
0004416,0002627,0000063,2025-03-25 18:13:00,87500,0,87500,0,51.4,46.7,4.7,1,3.4,4.0
0004417,0001864,0000054,2025-04-27 12:07:00,91800,0,91800,0,73.6,70.8,2.8,1,12.94,5.0
0004418,0003103,0000063,2025-04-27 16:03:00,71200,0,71200,0,28.0,26.2,1.8,1,2.75,5.0
0004419,0000953,0000097,2025-04-27 20:39:00,47700,0,47700,0,33.3,31.4,1.9,1,3.34,5.0
0004420,0000013,0000063,2025-05-01 11:16:00,35300,0,35300,0,80.0,74.6,5.4,1,11.52,5.0
0004421,0000501,0000054,2025-05-10 14:45:00,90200,0,90200,0,27.2,27.2,0.0,0,1.61,4.0
0004422,0002120,0000054,2025-06-01 07:48:00,71100,0,71100,0,72.8,72.6,0.2,1,13.42,5.0
0004423,0000222,0000063,2025-06-10 10:15:00,31400,0,31400,0,29.4,28.0,1.4,1,1.71,5.0
0004424,0000435,0000051,2025-06-10 09:51:00,46300,0,46300,0,74.7,72.6,2.1,1,12.09,5.0
0004425,0002140,0000097,2025-07-03 14:23:00,58400,0,58400,0,26.3,30.7,-4.4,0,5.47,3.0
0004426,0000493,0000063,2025-07-25 13:17:20,52100,0,52100,0,42.9,48.2,-5.3,0,1.64,5.0
0004427,0003258,0000063,2025-07-31 17:44:00,14900,0,14900,0,74.6,75.0,-0.4,0,10.55,4.0
0004428,0001390,0000011,2025-08-27 11:20:00,94900,0,94900,0,26.6,29.7,-3.1,0,1.93,5.0
0004429,0003945,0000054,2025-08-29 19:52:00,11300,500,10800,1,73.0,60.1,12.9,1,13.42,3.0
0004430,0002862,0000054,2025-09-06 11:01:00,14800,0,14800,0,69.2,64.2,5.0,1,13.55,1.0
0004431,0000214,0000063,2025-09-07 10:58:00,34900,0,34900,0,70.2,70.8,-0.6,0,10.16,3.0
0004432,0003752,0000097,2025-09-19 20:58:00,70100,0,70100,0,36.8,36.0,0.8,1,2.45,5.0
0004433,0003701,0000097,2025-09-25 09:42:00,45400,0,45400,0,57.7,56.2,1.5,1,10.8,5.0
0004434,0001631,0000097,2025-09-26 23:19:00,74200,0,74200,0,71.6,68.1,3.5,1,10.8,5.0
0004435,0000229,0000063,2025-10-02 13:58:00,49700,0,49700,0,64.6,66.1,-1.5,0,8.6,5.0
0004436,0001242,0000009,2025-10-07 17:40:00,39300,0,39300,0,33.8,31.9,1.9,1,0.0,5.0
0004437,0000067,0000097,2025-10-16 14:04:00,84900,0,84900,0,64.5,66.2,-1.7,0,10.8,5.0
0004438,0000453,0000063,2025-11-20 14:13:00,33000,0,33000,0,30.5,28.0,2.5,1,2.0,3.0
0004439,0004061,0000009,2025-11-30 13:19:00,10900,0,10900,0,34.9,34.0,0.9,1,0.0,3.0
0004440,0000269,0000063,2025-12-10 11:06:00,13700,0,13700,0,31.2,32.4,-1.2,0,2.75,5.0
0004441,0000055,0000011,2025-12-18 10:43:00,77900,0,77900,0,74.0,72.7,1.3,1,12.72,5.0
0004442,0004221,0000011,2025-12-21 20:45:00,84300,5000,79300,1,70.4,68.4,2.0,1,10.78,1.0
0004443,0001110,0000097,2025-12-27 12:19:00,63200,0,63200,0,30.9,32.2,-1.3,0,2.45,5.0
0004444,0001421,0000051,2026-01-03 18:14:00,7600,0,7600,0,31.3,32.2,-0.9,0,3.23,5.0
0004445,0000983,0000009,2026-01-08 19:48:00,11200,0,11200,0,22.6,24.8,-2.2,0,5.3,5.0
0004446,0004039,0000011,2026-01-10 11:40:00,28700,0,28700,0,22.2,26.2,-4.0,0,1.05,5.0
0004447,0000107,0000009,2026-01-11 00:59:00,75000,0,75000,0,25.2,27.9,-2.7,0,0.0,1.0
0004448,0000639,0000063,2026-01-11 23:54:00,11900,0,11900,0,32.3,30.9,1.4,1,2.75,5.0
0004449,0000927,0000009,2026-01-14 21:15:00,54400,0,54400,0,71.4,73.6,-2.2,0,10.38,5.0
0004450,0004571,0000097,2026-01-17 13:48:00,31900,1000,30900,1,23.3,29.7,-6.4,0,4.39,5.0
0004451,0001355,0000063,2026-01-19 11:15:00,36100,0,36100,0,34.9,33.3,1.6,1,1.11,3.0
0004452,0004360,0000009,2026-02-04 11:22:00,41300,0,41300,0,28.5,26.2,2.3,1,0.0,5.0
0004453,0001583,0000009,2026-02-06 13:25:00,49100,0,49100,0,28.5,33.2,-4.7,0,0.0,5.0
0004454,0001142,0000054,2026-02-07 17:13:00,72500,0,72500,0,76.2,73.4,2.8,1,6.19,5.0
0004455,0001138,0000063,2026-02-21 21:31:00,27400,0,27400,0,27.6,27.8,-0.2,0,2.75,5.0
0004456,0002914,0000009,2026-02-21 22:34:00,9200,0,9200,0,64.5,68.1,-3.6,0,8.56,5.0
0004457,0000350,0000063,2026-02-22 23:59:00,38600,0,38600,0,63.2,62.9,0.3,1,8.6,5.0
0004458,0004262,0000054,2026-03-07 20:31:00,9200,0,9200,0,33.9,39.6,-5.7,0,3.04,5.0
0004459,0003007,0000011,2026-03-11 19:54:00,54500,0,54500,0,30.9,27.9,3.0,1,4.85,5.0
0004460,0003671,0000051,2026-03-12 16:14:00,51700,0,51700,0,25.9,27.0,-1.1,0,2.18,5.0
0004461,0003610,0000054,2026-03-13 23:40:00,42400,0,42400,0,56.1,59.2,-3.1,0,11.62,5.0
0004462,0002114,0000009,2026-03-15 13:02:00,39600,0,39600,0,33.1,27.2,5.9,1,5.14,3.0
0004463,0000622,0000051,2026-03-19 15:52:00,53500,0,53500,0,48.7,41.4,7.3,1,2.74,5.0
0004464,0003754,0000063,2026-03-22 13:42:00,72800,0,72800,0,43.7,42.4,1.3,1,1.64,5.0
0004465,0003994,0000063,2026-03-27 14:11:00,10400,0,10400,0,36.4,37.5,-1.1,0,1.11,5.0
0004466,0002815,0000009,2026-04-06 22:48:00,25400,0,25400,0,56.8,59.2,-2.4,0,8.56,3.0
0004467,0003619,0000063,2026-04-08 17:49:00,56700,0,56700,0,41.1,42.4,-1.3,0,1.64,5.0
0004468,0001861,0000009,2026-04-10 13:29:00,72100,0,72100,0,25.9,28.9,-3.0,0,0.0,3.0
0004469,0000826,0000097,2026-04-16 11:56:00,11400,0,11400,0,39.9,43.7,-3.8,0,6.4,3.0
0004470,0002235,0000063,2026-04-17 20:22:00,32400,0,32400,0,55.8,63.2,-7.4,0,2.75,5.0
0004471,0004622,0000011,2026-04-26 13:22:00,92400,5000,87400,1,25.4,15.6,9.8,1,0.7,5.0
0004472,0003166,0000051,2026-05-09 14:38:00,25800,0,25800,0,30.1,25.8,4.3,1,2.32,5.0
0004473,0001815,0000063,2026-06-04 09:16:00,24400,0,24400,0,33.6,33.0,0.6,1,2.75,5.0
0004474,0003223,0000054,2026-06-06 08:55:00,86300,0,86300,0,32.2,29.9,2.3,1,5.54,5.0
0004475,0005322,0000051,2026-06-14 08:42:00,89800,0,89800,0,35.0,33.8,1.2,1,0.0,4.0
0004476,0000231,0000091,2023-07-19 15:43:00,81700,5000,76700,1,27.4,21.7,5.7,1,2.96,5.0
0004477,0000211,0000043,2023-07-23 15:20:00,72100,5000,67100,1,21.1,30.0,-8.9,0,12.18,5.0
0004478,0000331,0000043,2023-09-12 19:51:32,52600,0,52600,0,25.5,28.5,-3.0,0,12.23,5.0
0004479,0000196,0000091,2023-10-10 16:37:00,66700,0,66700,0,35.4,32.9,2.5,1,2.75,5.0
0004480,0000952,0000091,2023-12-19 14:57:00,42100,2000,40100,1,29.3,21.9,7.4,1,2.75,5.0
0004481,0000344,0000039,2023-12-24 03:37:00,33600,0,33600,0,27.9,25.5,2.4,1,10.69,5.0
0004482,0000716,0000039,2024-01-07 11:42:00,67800,0,67800,0,26.2,25.1,1.1,1,10.59,5.0
0004483,0000991,0000091,2024-01-27 02:18:00,89500,0,89500,0,20.2,25.5,-5.3,0,2.85,5.0
0004484,0000512,0000003,2024-03-27 21:13:00,43700,2000,41700,1,28.1,17.9,10.2,1,9.61,5.0
0004485,0001041,0000003,2024-04-14 09:06:00,44400,0,44400,0,30.7,33.0,-2.3,0,9.2,5.0
0004486,0001729,0000039,2024-06-03 22:57:00,87900,0,87900,0,31.1,31.9,-0.8,0,6.99,5.0
0004487,0001629,0000003,2024-10-18 13:27:00,51700,0,51700,0,46.2,49.5,-3.3,0,13.77,5.0
0004488,0002378,0000005,2025-01-11 09:50:00,92500,0,92500,0,73.6,75.0,-1.4,0,6.62,5.0
0004489,0000227,0000005,2025-01-18 22:39:00,25800,0,25800,0,24.6,25.2,-0.6,0,8.41,5.0
0004490,0000505,0000005,2025-02-15 15:10:00,10200,0,10200,0,80.0,75.0,5.0,1,6.62,5.0
0004491,0001280,0000059,2025-08-04 21:45:00,50300,0,50300,0,30.4,29.5,0.9,1,11.54,5.0
0004492,0001729,0000043,2025-12-18 07:21:00,62900,0,62900,0,22.1,26.5,-4.4,0,1.59,5.0
0004493,0004413,0000039,2026-01-04 15:20:00,33900,1000,32900,1,26.3,32.6,-6.3,0,1.12,5.0
0004494,0002252,0000039,2026-01-10 17:40:00,69300,0,69300,0,31.5,30.7,0.8,1,18.03,5.0
0004495,0002320,0000039,2026-01-10 20:14:00,12500,0,12500,0,30.8,28.4,2.4,1,1.12,5.0
0004496,0002378,0000043,2026-02-03 14:04:00,13500,0,13500,0,22.6,26.1,-3.5,0,12.18,4.0
0004497,0000308,0000043,2026-02-26 18:19:00,64200,0,64200,0,30.8,28.1,2.7,1,12.18,5.0
0004498,0004953,0000005,2026-03-10 22:09:00,82100,5000,77100,1,33.7,25.1,8.6,1,9.87,5.0
0004499,0004890,0000006,2026-03-29 15:53:00,52200,0,52200,0,63.3,63.3,0.0,0,14.49,5.0
0004500,0002398,0000005,2026-05-23 15:47:00,76900,0,76900,0,80.0,75.0,5.0,1,8.0,5.0
0004501,0000021,0000037,2023-06-27 07:20:05,31000,1000,30000,1,44.5,30.4,14.1,1,11.14,5.0
0004502,0000075,0000022,2023-06-25 18:34:39,42100,2000,40100,1,32.8,37.3,-4.5,0,4.06,5.0
0004503,0000088,0000039,2023-06-26 22:44:28,19400,500,18900,1,30.4,20.1,10.3,1,7.15,5.0
0004504,0000031,0000058,2023-06-23 04:05:03,68400,5000,63400,1,28.5,32.6,-4.1,0,6.32,5.0
0004505,0000001,0000003,2023-06-29 14:02:21,57200,2000,55200,1,20.1,12.4,7.7,1,3.62,5.0
0004506,0000067,0000058,2023-06-24 07:44:51,21700,1000,20700,1,32.6,26.0,6.6,1,7.97,5.0
0004507,0000029,0000030,2023-06-08 19:27:53,70600,5000,65600,1,44.4,48.6,-4.2,0,3.94,5.0
0004508,0000113,0000006,2023-06-30 14:41:47,21200,1000,20200,1,33.5,30.1,3.4,1,5.52,4.0
0004509,0000058,0000025,2023-06-26 06:46:43,90200,5000,85200,1,45.6,50.6,-5.0,0,4.73,1.0
0004510,0000047,0000071,2023-06-17 06:58:58,23100,1000,22100,1,31.9,22.6,9.3,1,14.56,5.0
0004511,0000104,0000100,2023-06-28 07:36:53,61000,5000,56000,1,32.5,37.1,-4.6,0,1.42,5.0
0004512,0000087,0000011,2023-06-26 21:22:49,99600,5000,94600,1,27.3,34.8,-7.5,0,9.22,5.0
0004513,0000093,0000099,2023-06-27 20:52:21,23800,1000,22800,1,33.5,29.1,4.4,1,2.23,5.0
0004514,0000101,0000054,2023-06-28 01:30:50,44400,2000,42400,1,45.6,39.7,5.9,1,4.58,5.0
0004515,0000108,0000057,2023-06-29 00:01:49,78900,5000,73900,1,39.9,47.7,-7.8,0,13.23,5.0
0004516,0000083,0000092,2023-06-25 12:17:14,44400,2000,42400,1,41.1,50.4,-9.3,0,12.77,1.0
0004517,0000055,0000060,2023-06-23 19:06:04,22800,1000,21800,1,29.4,32.0,-2.6,0,8.89,5.0
0004518,0000086,0000098,2023-06-24 12:14:25,69000,5000,64000,1,28.8,30.4,-1.6,0,9.54,4.0
0004519,0000051,0000009,2023-06-19 14:06:00,19800,500,19300,1,48.6,37.3,11.3,1,6.17,5.0
0004520,0000010,0000031,2023-06-02 00:22:28,74000,5000,69000,1,43.1,38.5,4.6,1,7.43,5.0
0004521,0000032,0000088,2023-06-18 03:50:52,81800,5000,76800,1,36.4,44.1,-7.7,0,12.36,5.0
0004522,0000085,0000032,2023-06-29 21:12:42,69900,5000,64900,1,42.8,43.5,-0.7,0,1.62,5.0
0004523,0000027,0000075,2023-06-09 17:42:01,98300,5000,93300,1,39.4,27.1,12.3,1,13.72,5.0
0004524,0000054,0000009,2023-06-30 15:49:10,45400,2000,43400,1,49.2,55.1,-5.9,0,3.03,5.0
0004525,0000048,0000016,2023-06-27 06:41:57,37400,1000,36400,1,27.7,34.9,-7.2,0,14.91,1.0
0004526,0000077,0000092,2023-06-24 07:12:37,62800,5000,57800,1,36.2,38.5,-2.3,0,7.6,5.0
0004527,0000073,0000081,2023-06-26 11:53:46,84200,5000,79200,1,48.3,38.3,10.0,1,14.17,5.0
0004528,0000018,0000087,2023-06-27 08:49:28,70100,5000,65100,1,23.0,28.5,-5.5,0,5.52,5.0
0004529,0000038,0000098,2023-06-14 23:16:21,37400,1000,36400,1,39.7,36.7,3.0,1,12.2,5.0
0004530,0000057,0000060,2023-06-29 18:24:07,88900,5000,83900,1,48.5,35.9,12.6,1,12.44,5.0
0004531,0000100,0000092,2023-06-27 08:03:14,62600,5000,57600,1,47.6,43.3,4.3,1,12.37,5.0
0004532,0000063,0000050,2023-06-30 01:09:14,11100,500,10600,1,47.6,54.0,-6.4,0,6.3,5.0
0004533,0000056,0000007,2023-06-21 21:58:19,83600,5000,78600,1,39.1,49.0,-9.9,0,4.75,4.0
0004534,0000050,0000019,2023-06-14 17:21:46,69700,5000,64700,1,36.8,27.5,9.3,1,3.56,4.0
0004535,0000103,0000004,2023-06-29 05:20:23,21100,1000,20100,1,24.4,32.8,-8.4,0,4.73,5.0
0004536,0000035,0000051,2023-06-19 00:35:07,88000,5000,83000,1,21.0,28.7,-7.7,0,7.0,5.0
0004537,0000011,0000037,2023-06-27 22:58:14,87600,5000,82600,1,42.8,28.7,14.1,1,9.03,5.0
0004538,0000119,0000028,2023-06-30 04:46:54,27100,1000,26100,1,44.3,48.0,-3.7,0,8.96,5.0
0004539,0000091,0000007,2023-06-30 16:09:40,41400,2000,39400,1,30.0,36.6,-6.6,0,13.89,5.0
0004540,0000059,0000045,2023-06-16 22:22:36,24300,1000,23300,1,25.7,21.1,4.6,1,6.58,5.0
0004541,0000092,0000059,2023-06-25 14:17:03,66300,5000,61300,1,20.5,16.0,4.5,1,10.52,5.0
0004542,0000084,0000080,2023-06-26 13:07:20,87300,5000,82300,1,37.0,38.3,-1.3,0,6.35,5.0
0004543,0000022,0000025,2023-06-17 14:47:48,27900,1000,26900,1,47.7,53.1,-5.4,0,9.62,5.0
0004544,0000114,0000068,2023-06-30 11:45:20,77900,5000,72900,1,48.3,54.0,-5.7,0,11.61,5.0
0004545,0000078,0000037,2023-06-26 22:34:57,23800,1000,22800,1,28.0,33.7,-5.7,0,14.9,5.0
0004546,0000005,0000068,2023-06-25 12:02:46,52800,2000,50800,1,23.2,12.1,11.1,1,11.46,5.0
0004547,0000008,0000100,2023-06-29 20:07:50,32700,1000,31700,1,35.9,39.7,-3.8,0,1.29,5.0
0004548,0000007,0000097,2023-06-03 02:51:22,36300,1000,35300,1,41.2,36.9,4.3,1,0.82,5.0
0004549,0000033,0000043,2023-06-21 11:50:40,30500,1000,29500,1,44.3,32.0,12.3,1,11.54,5.0
0004550,0000060,0000024,2023-06-19 19:06:20,37700,1000,36700,1,41.3,46.4,-5.1,0,11.39,5.0
0004551,0000099,0000004,2023-06-30 14:08:48,78500,5000,73500,1,23.8,11.9,11.9,1,0.73,4.0
0004552,0000053,0000022,2023-06-15 15:33:13,37800,1000,36800,1,32.7,39.8,-7.1,0,4.21,5.0
0004553,0000097,0000026,2023-06-28 13:38:15,78800,5000,73800,1,30.7,37.6,-6.9,0,6.85,5.0
0004554,0000004,0000032,2023-06-19 13:50:07,97800,5000,92800,1,48.1,55.0,-6.9,0,7.33,5.0
0004555,0000024,0000053,2023-06-26 09:41:49,13600,500,13100,1,23.6,15.7,7.9,1,11.97,5.0
0004556,0000039,0000029,2023-06-16 04:39:31,49700,2000,47700,1,42.2,32.3,9.9,1,9.04,1.0
0004557,0000107,0000005,2023-06-28 11:00:20,27400,1000,26400,1,49.2,56.6,-7.4,0,5.37,5.0
0004558,0000118,0000017,2023-06-30 12:18:40,42500,2000,40500,1,33.1,21.5,11.6,1,7.24,5.0
0004559,0000044,0000035,2023-06-23 21:25:23,36100,1000,35100,1,32.8,22.8,10.0,1,14.49,5.0
0004560,0000111,0000046,2023-06-29 22:46:25,35600,1000,34600,1,34.6,20.5,14.1,1,8.27,5.0
0004561,0000110,0000071,2023-06-29 10:41:13,57600,2000,55600,1,46.1,37.4,8.7,1,5.6,5.0
0004562,0000076,0000044,2023-06-23 09:41:28,91000,5000,86000,1,27.3,35.0,-7.7,0,12.54,5.0
0004563,0000098,0000081,2023-06-28 07:19:20,46300,2000,44300,1,47.7,52.7,-5.0,0,2.39,5.0
0004564,0000041,0000100,2023-06-19 08:15:06,26100,1000,25100,1,37.5,29.0,8.5,1,4.2,5.0
0004565,0000019,0000042,2023-06-23 01:36:49,93400,5000,88400,1,43.7,53.3,-9.6,0,2.55,5.0
0004566,0000037,0000075,2023-06-26 18:34:50,53000,2000,51000,1,40.7,37.0,3.7,1,6.31,5.0
0004567,0000012,0000071,2023-06-06 21:03:10,31000,1000,30000,1,48.6,52.5,-3.9,0,13.54,5.0
0004568,0000061,0000076,2023-06-20 13:09:14,28500,1000,27500,1,47.3,40.8,6.5,1,4.92,5.0
0004569,0000014,0000062,2023-06-21 08:57:47,36300,1000,35300,1,28.0,29.3,-1.3,0,2.76,5.0
0004570,0000025,0000078,2023-06-21 05:41:12,69400,5000,64400,1,34.0,29.9,4.1,1,9.68,5.0
0004571,0000071,0000022,2023-06-26 02:24:34,72100,5000,67100,1,28.4,30.4,-2.0,0,2.05,5.0
0004572,0000106,0000074,2023-06-29 17:10:05,49100,2000,47100,1,35.7,32.2,3.5,1,13.25,5.0
0004573,0000049,0000093,2023-06-22 13:16:29,50800,2000,48800,1,35.8,26.3,9.5,1,13.67,5.0
0004574,0000116,0000093,2023-06-30 17:08:03,30000,1000,29000,1,45.4,51.6,-6.2,0,14.52,5.0
0004575,0000065,0000044,2023-06-23 02:03:51,34500,1000,33500,1,25.4,34.2,-8.8,0,9.86,5.0
0004576,0000069,0000056,2023-06-23 08:56:23,24700,1000,23700,1,41.2,30.2,11.0,1,12.7,5.0
0004577,0000081,0000050,2023-06-25 23:24:11,70600,5000,65600,1,27.4,17.2,10.2,1,2.52,5.0
0004578,0000043,0000079,2023-06-29 12:36:15,81900,5000,76900,1,36.4,36.6,-0.2,0,12.85,5.0
0004579,0000117,0000097,2023-06-30 06:09:01,33600,1000,32600,1,38.9,28.2,10.7,1,8.46,5.0
0004580,0000089,0000032,2023-06-24 21:29:05,51700,2000,49700,1,45.0,35.4,9.6,1,13.31,5.0
0004581,0000013,0000058,2023-06-25 13:29:01,63400,5000,58400,1,27.6,24.7,2.9,1,12.87,5.0
0004582,0000105,0000042,2023-06-30 23:39:58,78800,5000,73800,1,36.4,39.0,-2.6,0,6.88,1.0
0004583,0000082,0000062,2023-06-28 09:36:52,94100,5000,89100,1,31.8,23.5,8.3,1,0.56,5.0
0004584,0000066,0000057,2023-06-27 15:39:30,47400,2000,45400,1,22.1,27.7,-5.6,0,0.86,5.0
0004585,0000096,0000069,2023-06-27 00:16:45,50300,2000,48300,1,48.1,57.4,-9.3,0,7.7,5.0
0004586,0000079,0000014,2023-06-23 07:53:13,25200,1000,24200,1,36.4,24.4,12.0,1,13.08,5.0
0004587,0000052,0000041,2023-06-14 01:38:32,80600,5000,75600,1,37.8,43.5,-5.7,0,10.25,5.0
0004588,0000102,0000036,2023-06-30 15:21:10,25700,1000,24700,1,49.2,39.6,9.6,1,1.22,5.0
0004589,0000006,0000022,2023-06-24 10:28:32,63800,5000,58800,1,47.9,34.2,13.7,1,8.28,5.0
0004590,0000109,0000003,2023-06-30 04:11:28,13100,500,12600,1,38.4,35.5,2.9,1,12.15,5.0
0004591,0000023,0000083,2023-06-21 22:03:57,92300,5000,87300,1,43.7,46.5,-2.8,0,10.9,1.0
0004592,0000028,0000051,2023-06-24 02:39:15,37600,1000,36600,1,30.6,16.7,13.9,1,5.43,5.0
0004593,0000030,0000076,2023-06-27 13:50:10,84300,5000,79300,1,22.6,28.9,-6.3,0,14.69,5.0
0004594,0000002,0000043,2023-06-16 04:08:52,39800,1000,38800,1,39.7,31.3,8.4,1,0.83,5.0
0004595,0000086,0000077,2023-07-21 11:35:45,45500,0,45500,0,30.3,30.9,-0.6,0,0.58,5.0
0004596,0000063,0000021,2023-07-17 13:28:36,97000,0,97000,0,47.8,51.2,-3.4,0,10.0,5.0
0004597,0000085,0000080,2023-07-29 22:08:55,19800,0,19800,0,30.3,30.1,0.2,1,11.44,5.0
0004598,0000054,0000013,2023-07-06 06:57:22,34600,0,34600,0,47.8,51.4,-3.6,0,6.89,5.0
0004599,0000095,0000071,2023-07-08 23:58:44,33000,1000,32000,1,20.3,28.6,-8.3,0,1.8,5.0
0004600,0000052,0000062,2023-07-01 12:18:53,74700,0,74700,0,37.5,37.8,-0.3,0,10.85,5.0
0004601,0000101,0000097,2023-07-31 02:56:22,92200,0,92200,0,35.0,33.1,1.9,1,0.93,5.0
0004602,0000109,0000026,2023-07-27 12:19:52,66800,0,66800,0,36.5,35.5,1.0,1,7.61,4.0
0004603,0000076,0000063,2023-07-13 22:53:26,40500,0,40500,0,32.6,34.0,-1.4,0,4.04,5.0
0004604,0000045,0000032,2023-07-28 01:42:44,33000,1000,32000,1,28.0,18.2,9.8,1,13.44,3.0
0004605,0000003,0000038,2023-07-22 19:33:08,13600,500,13100,1,36.9,41.9,-5.0,0,13.17,5.0
0004606,0000042,0000065,2023-07-31 18:51:07,67400,5000,62400,1,39.6,39.8,-0.2,0,4.55,3.0
0004607,0000056,0000055,2023-07-11 00:55:15,68200,0,68200,0,24.7,25.0,-0.3,0,7.4,5.0
0004608,0000108,0000020,2023-07-28 13:35:39,35600,0,35600,0,38.1,40.0,-1.9,0,6.22,5.0
0004609,0000004,0000075,2023-07-13 16:19:28,7500,0,7500,0,42.7,45.6,-2.9,0,13.77,5.0
0004610,0000115,0000029,2023-07-03 06:20:29,57200,2000,55200,1,22.8,32.2,-9.4,0,13.94,5.0
0004611,0000047,0000050,2023-07-01 00:04:01,58400,0,58400,0,36.1,32.6,3.5,1,13.23,4.0
0004612,0000031,0000018,2023-07-03 21:18:35,94900,0,94900,0,38.1,35.6,2.5,1,12.55,5.0
0004613,0000244,0000053,2023-07-26 14:54:03,47800,2000,45800,1,34.6,37.7,-3.1,0,12.3,5.0
0004614,0000191,0000034,2023-07-24 20:17:11,71800,5000,66800,1,20.0,10.1,9.9,1,9.04,4.0
0004615,0000140,0000037,2023-07-11 16:26:56,35900,1000,34900,1,41.3,32.6,8.7,1,3.87,5.0
0004616,0000202,0000075,2023-07-30 10:26:23,35400,1000,34400,1,35.6,28.5,7.1,1,10.37,5.0
0004617,0000228,0000064,2023-07-28 09:42:03,36000,1000,35000,1,30.8,38.4,-7.6,0,14.44,1.0
0004618,0000266,0000024,2023-07-31 13:09:10,68500,5000,63500,1,33.7,28.5,5.2,1,8.23,5.0
0004619,0000260,0000096,2023-07-24 03:42:40,36900,1000,35900,1,26.6,18.7,7.9,1,4.94,5.0
0004620,0000277,0000041,2023-07-28 14:55:17,27000,1000,26000,1,28.4,32.6,-4.2,0,13.99,5.0
0004621,0000278,0000050,2023-07-31 08:05:46,61500,5000,56500,1,49.7,52.9,-3.2,0,4.19,5.0
0004622,0000201,0000043,2023-07-29 18:17:37,79100,5000,74100,1,21.5,30.8,-9.3,0,10.0,5.0
0004623,0000122,0000039,2023-07-02 11:37:57,70600,5000,65600,1,26.5,18.9,7.6,1,2.9,4.0
0004624,0000217,0000046,2023-07-15 04:40:11,74900,5000,69900,1,47.6,48.9,-1.3,0,12.22,5.0
0004625,0000190,0000025,2023-07-16 14:44:16,45300,2000,43300,1,20.2,6.3,13.9,1,12.39,5.0
0004626,0000156,0000090,2023-07-09 00:48:30,74100,5000,69100,1,38.4,48.3,-9.9,0,5.3,5.0
0004627,0000291,0000055,2023-07-31 21:47:43,14100,500,13600,1,27.7,23.9,3.8,1,11.65,5.0
0004628,0000157,0000089,2023-07-18 07:15:38,88000,5000,83000,1,20.6,22.6,-2.0,0,8.58,5.0
0004629,0000132,0000048,2023-07-10 23:45:24,36000,1000,35000,1,32.6,36.6,-4.0,0,10.25,5.0
0004630,0000216,0000065,2023-07-31 08:51:46,88300,5000,83300,1,44.1,40.9,3.2,1,5.23,5.0
0004631,0000183,0000096,2023-07-20 10:19:25,24800,1000,23800,1,25.8,17.2,8.6,1,2.1,5.0
0004632,0000293,0000054,2023-07-31 02:15:20,71800,5000,66800,1,34.6,23.7,10.9,1,7.06,5.0
0004633,0000158,0000065,2023-07-19 22:11:26,83400,5000,78400,1,28.0,33.2,-5.2,0,14.97,3.0
0004634,0000284,0000002,2023-07-30 04:26:32,23700,1000,22700,1,23.3,27.2,-3.9,0,6.43,5.0
0004635,0000182,0000071,2023-07-17 09:11:39,42600,2000,40600,1,33.8,41.4,-7.6,0,4.95,5.0
0004636,0000249,0000001,2023-07-28 08:48:26,66800,5000,61800,1,24.6,30.0,-5.4,0,12.31,5.0
0004637,0000283,0000010,2023-07-31 23:00:48,70600,5000,65600,1,28.4,30.3,-1.9,0,14.76,4.0
0004638,0000203,0000071,2023-07-25 19:52:52,19900,500,19400,1,21.7,12.8,8.9,1,7.79,4.0
0004639,0000207,0000047,2023-07-14 07:28:34,7500,500,7000,1,33.5,29.3,4.2,1,9.4,4.0
0004640,0000144,0000071,2023-07-25 01:16:19,61600,5000,56600,1,33.2,41.4,-8.2,0,9.69,4.0
0004641,0000171,0000050,2023-07-11 04:38:28,8100,500,7600,1,32.8,35.9,-3.1,0,13.62,5.0
0004642,0000206,0000089,2023-07-28 02:48:49,88300,5000,83300,1,26.6,34.5,-7.9,0,2.29,5.0
0004643,0000180,0000031,2023-07-30 13:24:22,75100,5000,70100,1,38.9,34.2,4.7,1,14.83,5.0
0004644,0000274,0000003,2023-07-29 18:21:56,78500,5000,73500,1,47.8,54.1,-6.3,0,11.69,5.0
0004645,0000162,0000039,2023-07-24 02:38:25,22800,1000,21800,1,40.8,37.4,3.4,1,4.01,5.0
0004646,0000131,0000099,2023-07-11 00:36:11,7700,500,7200,1,28.6,23.6,5.0,1,3.35,4.0
0004647,0000195,0000083,2023-07-31 03:57:04,26900,1000,25900,1,20.6,16.1,4.5,1,8.72,5.0
0004648,0000138,0000064,2023-07-23 16:01:23,97700,5000,92700,1,20.4,8.0,12.4,1,5.17,5.0
0004649,0000199,0000073,2023-07-13 13:29:07,22000,1000,21000,1,49.2,58.1,-8.9,0,2.99,5.0
0004650,0000264,0000099,2023-07-30 06:31:51,29100,1000,28100,1,43.8,34.8,9.0,1,11.58,5.0
0004651,0000240,0000005,2023-07-30 14:49:18,58400,2000,56400,1,21.0,7.3,13.7,1,7.9,5.0
0004652,0000198,0000003,2023-07-30 17:41:26,47400,2000,45400,1,27.8,23.6,4.2,1,5.73,5.0
0004653,0000246,0000067,2023-07-27 02:47:51,58400,2000,56400,1,47.8,43.3,4.5,1,1.23,5.0
0004654,0000184,0000015,2023-07-18 16:13:09,83200,5000,78200,1,33.1,39.5,-6.4,0,13.72,5.0
0004655,0000269,0000095,2023-07-27 23:47:30,7000,500,6500,1,21.0,26.8,-5.8,0,4.41,5.0
0004656,0000159,0000047,2023-07-24 06:06:56,12900,500,12400,1,44.3,50.2,-5.9,0,11.05,5.0
0004657,0000253,0000011,2023-07-26 18:15:31,67900,5000,62900,1,28.5,17.9,10.6,1,3.83,5.0
0004658,0000215,0000056,2023-07-23 06:23:55,73700,5000,68700,1,27.9,23.9,4.0,1,6.35,5.0
0004659,0000129,0000037,2023-07-19 02:17:55,27700,1000,26700,1,39.7,45.9,-6.2,0,8.8,5.0
0004660,0000218,0000046,2023-07-15 04:11:33,92800,5000,87800,1,23.1,16.6,6.5,1,7.24,3.0
0004661,0000126,0000043,2023-07-18 10:16:00,55500,2000,53500,1,44.7,53.6,-8.9,0,2.34,5.0
0004662,0000292,0000091,2023-07-31 03:58:07,83400,5000,78400,1,45.8,47.3,-1.5,0,3.4,5.0
0004663,0000172,0000082,2023-07-29 23:02:09,29700,1000,28700,1,21.7,8.3,13.4,1,10.57,3.0
0004664,0000197,0000064,2023-07-28 11:01:31,41000,2000,39000,1,41.9,27.3,14.6,1,7.39,5.0
0004665,0000139,0000084,2023-07-28 02:23:38,71800,5000,66800,1,36.8,34.7,2.1,1,7.34,3.0
0004666,0000223,0000033,2023-07-21 09:26:42,22000,1000,21000,1,32.2,33.8,-1.6,0,8.61,5.0
0004667,0000221,0000056,2023-07-26 00:16:08,9700,500,9200,1,21.3,17.9,3.4,1,2.28,5.0
0004668,0000149,0000056,2023-07-05 02:07:12,98100,5000,93100,1,45.3,35.0,10.3,1,0.54,5.0
0004669,0000146,0000085,2023-07-07 10:10:33,84600,5000,79600,1,33.6,28.1,5.5,1,13.69,3.0
0004670,0000238,0000059,2023-07-21 05:20:14,85300,5000,80300,1,41.6,44.7,-3.1,0,6.36,5.0
0004671,0000273,0000022,2023-07-29 15:11:02,57000,2000,55000,1,37.0,24.4,12.6,1,9.96,5.0
0004672,0000179,0000095,2023-07-09 20:37:17,47400,2000,45400,1,39.2,24.3,14.9,1,1.1,5.0
0004673,0000234,0000050,2023-07-26 03:07:47,51400,2000,49400,1,38.4,30.1,8.3,1,8.34,5.0
0004674,0000189,0000023,2023-07-27 13:42:16,62600,5000,57600,1,37.1,24.2,12.9,1,11.49,4.0
0004675,0000127,0000006,2023-07-23 06:40:43,35500,1000,34500,1,40.3,47.1,-6.8,0,14.63,5.0
0004676,0000285,0000056,2023-07-31 06:39:36,95500,5000,90500,1,27.6,15.8,11.8,1,13.44,5.0
0004677,0000250,0000012,2023-07-28 22:46:48,38500,1000,37500,1,24.7,28.2,-3.5,0,11.31,5.0
0004678,0000155,0000005,2023-07-28 00:36:29,48700,2000,46700,1,47.8,56.9,-9.1,0,7.05,5.0
0004679,0000178,0000041,2023-07-29 06:16:53,91600,5000,86600,1,32.6,17.9,14.7,1,6.89,5.0
0004680,0000225,0000053,2023-07-27 07:21:46,14400,500,13900,1,43.9,40.8,3.1,1,2.6,5.0
0004681,0000237,0000072,2023-07-23 23:29:06,80300,5000,75300,1,31.4,16.8,14.6,1,1.78,4.0
0004682,0000258,0000056,2023-07-31 13:18:39,31100,1000,30100,1,34.2,26.6,7.6,1,2.89,5.0
0004683,0000222,0000057,2023-07-18 07:26:15,24300,1000,23300,1,28.5,18.0,10.5,1,1.56,5.0
0004684,0000130,0000076,2023-07-12 07:57:59,96200,5000,91200,1,41.7,51.6,-9.9,0,14.24,5.0
0004685,0000270,0000071,2023-07-29 23:41:42,73600,5000,68600,1,48.4,40.3,8.1,1,1.44,5.0
0004686,0000281,0000039,2023-07-31 17:04:55,20000,1000,19000,1,33.6,33.7,-0.1,0,7.43,5.0
0004687,0000188,0000086,2023-07-19 06:05:40,86000,5000,81000,1,48.2,54.6,-6.4,0,5.56,5.0
0004688,0000229,0000066,2023-07-22 16:41:57,67400,5000,62400,1,20.1,8.7,11.4,1,1.1,5.0
0004689,0000252,0000075,2023-07-24 21:40:00,70800,5000,65800,1,35.3,30.9,4.4,1,14.98,1.0
0004690,0000232,0000033,2023-07-31 09:09:55,59700,2000,57700,1,32.9,38.1,-5.2,0,5.95,5.0
0004691,0000121,0000003,2023-07-08 01:28:32,87900,5000,82900,1,28.4,18.0,10.4,1,4.4,5.0
0004692,0000176,0000012,2023-07-20 11:51:53,76200,5000,71200,1,41.5,42.5,-1.0,0,7.71,5.0
0004693,0000230,0000073,2023-07-22 19:43:57,78300,5000,73300,1,24.8,14.8,10.0,1,3.59,5.0
0004694,0000124,0000055,2023-07-27 03:13:57,97100,5000,92100,1,42.2,34.7,7.5,1,9.39,5.0
0004695,0000236,0000098,2023-07-30 16:58:36,40100,2000,38100,1,33.3,22.7,10.6,1,2.22,5.0
0004696,0000224,0000036,2023-07-23 08:09:34,36100,1000,35100,1,39.3,45.6,-6.3,0,10.42,5.0
0004697,0000272,0000084,2023-07-27 05:12:33,39500,1000,38500,1,38.0,39.8,-1.8,0,12.63,5.0
0004698,0000282,0000067,2023-07-31 01:43:01,93500,5000,88500,1,35.3,26.1,9.2,1,10.13,5.0
0004699,0000168,0000097,2023-07-22 09:48:29,7200,500,6700,1,26.3,12.9,13.4,1,13.62,5.0
0004700,0000289,0000073,2023-07-30 14:09:50,32900,1000,31900,1,34.2,23.4,10.8,1,6.47,5.0
0004701,0000186,0000080,2023-07-15 22:46:44,93200,5000,88200,1,42.7,37.5,5.2,1,13.41,5.0
0004702,0000153,0000010,2023-07-14 06:04:07,90900,5000,85900,1,47.6,55.4,-7.8,0,10.76,5.0
0004703,0000275,0000064,2023-07-29 13:04:02,24200,1000,23200,1,41.8,36.4,5.4,1,9.92,3.0
0004704,0000257,0000060,2023-07-29 06:47:48,66000,5000,61000,1,47.1,54.1,-7.0,0,7.52,5.0
0004705,0000265,0000036,2023-07-26 13:01:46,34400,1000,33400,1,24.6,20.3,4.3,1,13.29,5.0
0004706,0000245,0000034,2023-07-23 12:09:25,10800,500,10300,1,49.8,56.4,-6.6,0,2.5,5.0
0004707,0000123,0000064,2023-07-21 18:30:39,91700,5000,86700,1,23.3,9.1,14.2,1,8.09,5.0
0004708,0000262,0000097,2023-07-31 19:40:01,26500,1000,25500,1,42.0,39.9,2.1,1,12.89,5.0
0004709,0000148,0000077,2023-07-06 03:34:59,77700,5000,72700,1,41.0,41.9,-0.9,0,13.14,5.0
0004710,0000219,0000067,2023-07-27 17:56:55,75600,5000,70600,1,43.8,53.1,-9.3,0,12.26,5.0
0004711,0000181,0000013,2023-07-09 20:21:19,64900,5000,59900,1,36.1,23.1,13.0,1,14.32,4.0
0004712,0000279,0000093,2023-07-30 03:42:34,97800,5000,92800,1,31.3,18.5,12.8,1,10.21,5.0
0004713,0000170,0000090,2023-07-27 13:36:11,23900,1000,22900,1,44.0,41.9,2.1,1,6.94,5.0
0004714,0000288,0000057,2023-07-31 10:21:16,57900,2000,55900,1,41.1,48.2,-7.1,0,10.54,5.0
0004715,0000259,0000076,2023-07-31 15:14:49,74900,5000,69900,1,24.8,27.8,-3.0,0,3.73,5.0
0004716,0000241,0000036,2023-08-16 09:42:52,17000,500,16500,1,46.0,55.7,-9.7,0,7.1,5.0
0004717,0000120,0000022,2023-08-04 15:46:36,72300,5000,67300,1,44.9,37.9,7.0,1,13.55,5.0
0004718,0000147,0000091,2023-08-26 13:09:59,35000,0,35000,0,43.3,38.6,4.7,1,11.43,5.0
0004719,0000143,0000076,2023-08-13 06:22:03,76200,0,76200,0,29.2,31.0,-1.8,0,5.15,4.0
0004720,0000153,0000049,2023-08-28 18:36:24,12500,0,12500,0,47.3,46.9,0.4,1,0.71,5.0
0004721,0000150,0000009,2023-08-03 03:09:45,44600,0,44600,0,37.7,36.6,1.1,1,2.58,5.0
0004722,0000244,0000044,2023-08-17 06:08:43,84600,0,84600,0,25.3,20.6,4.7,1,10.97,3.0
0004723,0000155,0000082,2023-08-07 03:40:27,31200,0,31200,0,40.2,35.6,4.6,1,10.57,5.0
0004724,0000158,0000010,2023-08-01 21:11:35,62100,0,62100,0,45.6,41.5,4.1,1,4.41,4.0
0004725,0000263,0000058,2023-08-06 12:45:59,15100,500,14600,1,32.2,34.1,-1.9,0,12.55,5.0
0004726,0000216,0000023,2023-08-29 18:55:50,19500,0,19500,0,22.7,18.7,4.0,1,9.27,5.0
0004727,0000132,0000061,2023-08-15 04:09:10,60200,0,60200,0,37.6,40.3,-2.7,0,14.19,5.0
0004728,0000174,0000092,2023-08-08 19:17:34,32800,1000,31800,1,22.7,25.1,-2.4,0,6.16,5.0
0004729,0000151,0000089,2023-08-15 15:11:03,75400,0,75400,0,35.7,31.000000000000004,4.7,1,13.03,5.0
0004730,0000201,0000093,2023-08-03 19:09:33,38100,0,38100,0,48.4,47.8,0.6,1,6.51,5.0
0004731,0000142,0000017,2023-08-31 12:48:01,14000,500,13500,1,41.8,51.1,-9.3,0,10.28,4.0
0004732,0000130,0000035,2023-08-13 14:37:20,56000,0,56000,0,35.7,39.900000000000006,-4.2,0,1.97,5.0
0004733,0000144,0000013,2023-08-16 08:03:09,38200,0,38200,0,27.1,30.5,-3.4,0,10.46,5.0
0004734,0000219,0000015,2023-08-11 19:21:37,31800,0,31800,0,24.3,22.7,1.6,1,12.28,5.0
0004735,0000228,0000060,2023-08-02 12:13:14,20400,0,20400,0,41.1,42.4,-1.3,0,5.73,5.0
0004736,0000172,0000065,2023-08-14 09:46:46,89100,0,89100,0,25.5,26.6,-1.1,0,6.53,3.0
0004737,0000287,0000006,2023-08-06 06:17:41,79700,5000,74700,1,35.8,37.2,-1.4,0,8.87,5.0
0004738,0000286,0000086,2023-08-13 15:31:26,34000,1000,33000,1,37.3,39.6,-2.3,0,5.74,4.0
0004739,0000166,0000064,2023-08-14 20:14:58,28700,0,28700,0,43.3,40.7,2.6,1,12.83,5.0
0004740,0000223,0000079,2023-08-28 01:08:35,25500,0,25500,0,27.5,25.1,2.4,1,2.8,5.0
0004741,0000157,0000022,2023-08-13 22:57:56,17500,0,17500,0,35.4,39.1,-3.7,0,11.81,5.0
0004742,0000205,0000033,2023-08-10 01:45:36,63100,5000,58100,1,35.1,43.1,-8.0,0,14.53,5.0
0004743,0000129,0000071,2023-08-16 06:52:51,96400,0,96400,0,40.3,35.9,4.4,1,6.95,5.0
0004744,0000276,0000017,2023-08-04 01:08:10,14100,500,13600,1,32.1,33.8,-1.7,0,1.06,5.0
0004745,0000190,0000007,2023-08-23 00:28:37,29500,0,29500,0,21.0,19.6,1.4,1,13.01,1.0
0004746,0000176,0000093,2023-08-07 22:35:20,38900,0,38900,0,25.1,21.1,4.0,1,2.97,5.0
0004747,0000249,0000027,2023-08-19 22:29:42,32700,0,32700,0,37.3,35.3,2.0,1,12.22,5.0
0004748,0000272,0000082,2023-08-27 01:05:19,57600,0,57600,0,30.0,31.1,-1.1,0,4.79,5.0
0004749,0000236,0000093,2023-08-05 03:43:18,99700,0,99700,0,20.1,18.5,1.6,1,9.26,5.0
0004750,0000257,0000033,2023-08-22 13:09:45,67900,0,67900,0,45.9,47.4,-1.5,0,9.76,5.0
0004751,0000278,0000058,2023-08-17 01:26:02,46200,0,46200,0,30.2,26.5,3.7,1,5.19,5.0
0004752,0000280,0000034,2023-08-21 22:21:02,50400,2000,48400,1,47.8,49.8,-2.0,0,3.63,5.0
0004753,0000224,0000028,2023-08-03 08:33:41,85400,0,85400,0,47.6,49.7,-2.1,0,10.15,5.0
0004754,0000283,0000078,2023-08-10 19:49:05,72500,0,72500,0,20.5,25.1,-4.6,0,4.1,4.0
0004755,0000288,0000067,2023-08-06 19:20:59,42100,0,42100,0,23.9,26.1,-2.2,0,7.93,5.0
0004756,0000274,0000083,2023-08-12 21:46:48,8900,0,8900,0,37.8,32.9,4.9,1,11.85,5.0
0004757,0000148,0000028,2023-08-22 01:58:56,37000,0,37000,0,26.7,24.7,2.0,1,7.13,5.0
0004758,0000346,0000024,2023-08-16 05:12:06,91800,5000,86800,1,24.5,21.3,3.2,1,14.34,5.0
0004759,0000312,0000020,2023-08-06 03:12:02,63000,5000,58000,1,43.5,31.0,12.5,1,10.91,5.0
0004760,0000295,0000018,2023-08-07 05:21:18,35500,1000,34500,1,26.2,30.2,-4.0,0,11.34,5.0
0004761,0000386,0000037,2023-08-29 14:55:29,20500,1000,19500,1,32.6,37.9,-5.3,0,13.91,5.0
0004762,0000370,0000077,2023-08-31 01:21:11,50100,2000,48100,1,24.2,17.7,6.5,1,3.79,5.0
0004763,0000366,0000030,2023-08-26 21:18:21,97300,5000,92300,1,21.8,14.3,7.5,1,2.54,5.0
0004764,0000326,0000071,2023-08-21 11:15:25,11200,500,10700,1,44.6,34.6,10.0,1,9.84,5.0
0004765,0000365,0000062,2023-08-30 08:32:41,23600,1000,22600,1,36.2,42.3,-6.1,0,10.77,5.0
0004766,0000356,0000055,2023-08-19 12:28:23,61800,5000,56800,1,36.5,26.9,9.6,1,10.75,5.0
0004767,0000321,0000065,2023-08-21 06:38:27,97500,5000,92500,1,25.6,14.4,11.2,1,5.36,5.0
0004768,0000327,0000062,2023-08-28 06:06:57,38500,1000,37500,1,36.4,29.3,7.1,1,4.89,5.0
0004769,0000357,0000100,2023-08-21 15:44:59,94500,5000,89500,1,22.5,14.0,8.5,1,9.5,5.0
0004770,0000374,0000090,2023-08-31 07:28:52,38000,1000,37000,1,40.6,37.3,3.3,1,11.97,5.0
0004771,0000309,0000074,2023-08-19 11:30:21,57900,2000,55900,1,34.6,20.0,14.6,1,7.92,5.0
0004772,0000350,0000069,2023-08-25 14:03:18,23600,1000,22600,1,40.5,49.5,-9.0,0,4.56,5.0
0004773,0000300,0000051,2023-08-28 19:03:02,84000,5000,79000,1,41.8,36.5,5.3,1,3.25,5.0
0004774,0000373,0000046,2023-08-27 11:51:46,81600,5000,76600,1,33.3,29.7,3.6,1,1.52,4.0
0004775,0000387,0000027,2023-08-31 02:51:09,77200,5000,72200,1,29.3,33.9,-4.6,0,7.21,5.0
0004776,0000352,0000027,2023-08-16 04:56:49,46200,2000,44200,1,23.2,17.6,5.6,1,7.56,5.0
0004777,0000393,0000100,2023-08-30 08:13:00,82900,5000,77900,1,30.9,31.5,-0.6,0,14.29,5.0
0004778,0000307,0000060,2023-08-23 10:19:59,58400,2000,56400,1,44.6,39.1,5.5,1,4.19,5.0
0004779,0000338,0000067,2023-08-15 18:29:15,88200,5000,83200,1,27.9,20.0,7.9,1,9.7,5.0
0004780,0000335,0000064,2023-08-30 02:33:33,70400,5000,65400,1,41.1,46.7,-5.6,0,7.48,5.0
0004781,0000296,0000018,2023-08-09 19:38:45,93500,5000,88500,1,41.5,35.8,5.7,1,14.67,5.0
0004782,0000322,0000012,2023-08-11 14:01:03,86800,5000,81800,1,45.8,34.4,11.4,1,14.63,5.0
0004783,0000341,0000030,2023-08-23 17:25:39,25800,1000,24800,1,41.7,35.6,6.1,1,4.38,5.0
0004784,0000392,0000051,2023-08-29 12:40:57,95600,5000,90600,1,37.1,44.4,-7.3,0,6.89,4.0
0004785,0000332,0000042,2023-08-15 21:44:14,33000,1000,32000,1,39.1,30.3,8.8,1,1.04,4.0
0004786,0000359,0000058,2023-08-23 18:30:15,77700,5000,72700,1,49.5,38.7,10.8,1,6.02,5.0
0004787,0000337,0000068,2023-08-17 09:00:18,83800,5000,78800,1,29.7,34.7,-5.0,0,4.84,5.0
0004788,0000324,0000011,2023-08-26 19:08:58,40900,2000,38900,1,22.5,14.3,8.2,1,8.03,3.0
0004789,0000333,0000050,2023-08-15 08:32:26,94000,5000,89000,1,21.8,29.9,-8.1,0,9.52,5.0
0004790,0000358,0000100,2023-08-26 04:39:14,12700,500,12200,1,28.4,24.2,4.2,1,9.04,5.0
0004791,0000380,0000026,2023-08-28 12:07:28,63000,5000,58000,1,44.2,50.5,-6.3,0,4.34,4.0
0004792,0000377,0000050,2023-08-31 17:51:17,95900,5000,90900,1,26.4,17.2,9.2,1,12.99,5.0
0004793,0000391,0000022,2023-08-29 06:39:15,18900,500,18400,1,36.8,26.5,10.3,1,10.49,5.0
0004794,0000340,0000071,2023-08-17 20:33:58,45300,2000,43300,1,43.3,41.2,2.1,1,1.97,5.0
0004795,0000297,0000016,2023-08-22 18:40:35,53900,2000,51900,1,36.6,40.8,-4.2,0,2.41,4.0
0004796,0000308,0000069,2023-08-12 04:00:15,85200,5000,80200,1,43.1,47.6,-4.5,0,14.86,5.0
0004797,0000353,0000095,2023-08-17 19:56:25,77100,5000,72100,1,43.7,51.7,-8.0,0,7.75,4.0
0004798,0000388,0000002,2023-08-27 08:44:46,84100,5000,79100,1,37.2,29.9,7.3,1,3.43,5.0
0004799,0000311,0000032,2023-08-19 07:44:06,67100,5000,62100,1,25.5,14.8,10.7,1,13.43,5.0
0004800,0000347,0000009,2023-08-29 19:48:33,25100,1000,24100,1,49.0,56.7,-7.7,0,11.99,1.0
0004801,0000369,0000047,2023-08-28 19:45:23,23400,1000,22400,1,48.0,53.8,-5.8,0,12.86,5.0
0004802,0000343,0000009,2023-08-27 23:01:04,98500,5000,93500,1,32.9,34.5,-1.6,0,4.96,5.0
0004803,0000360,0000008,2023-08-30 15:43:05,99300,5000,94300,1,20.8,6.5,14.3,1,3.61,5.0
0004804,0000379,0000053,2023-08-27 17:52:28,58100,2000,56100,1,21.0,23.9,-2.9,0,2.49,5.0
0004805,0000320,0000089,2023-08-11 22:09:46,55300,2000,53300,1,30.6,25.4,5.2,1,13.49,5.0
0004806,0000351,0000015,2023-08-23 14:53:26,99400,5000,94400,1,27.2,30.9,-3.7,0,3.37,5.0
0004807,0000398,0000010,2023-08-31 11:51:04,15300,500,14800,1,41.9,51.1,-9.2,0,13.99,5.0
0004808,0000363,0000093,2023-08-26 06:44:46,9800,500,9300,1,22.6,28.2,-5.6,0,3.87,5.0
0004809,0000372,0000022,2023-08-21 01:54:15,76600,5000,71600,1,43.2,43.9,-0.7,0,4.32,5.0
0004810,0000399,0000029,2023-08-31 15:40:01,46200,2000,44200,1,33.8,37.0,-3.2,0,6.09,5.0
0004811,0000330,0000077,2023-08-29 23:00:52,76700,5000,71700,1,21.4,22.8,-1.4,0,2.26,5.0
0004812,0000396,0000049,2023-08-30 18:42:15,65000,5000,60000,1,32.9,35.5,-2.6,0,4.52,5.0
0004813,0000376,0000086,2023-08-24 23:18:34,84500,5000,79500,1,32.4,21.8,10.6,1,10.54,5.0
0004814,0000310,0000023,2023-08-11 00:54:11,71900,5000,66900,1,30.9,26.9,4.0,1,9.29,5.0
0004815,0000384,0000041,2023-08-29 06:50:21,13900,500,13400,1,41.0,27.8,13.2,1,9.39,4.0
0004816,0000316,0000076,2023-08-10 06:37:34,38000,1000,37000,1,30.9,25.9,5.0,1,12.53,5.0
0004817,0000336,0000059,2023-08-22 07:22:46,86300,5000,81300,1,44.5,38.0,6.5,1,10.66,5.0
0004818,0000345,0000025,2023-08-26 16:31:58,91800,5000,86800,1,22.0,18.5,3.5,1,0.64,5.0
0004819,0000334,0000085,2023-08-17 13:51:39,56500,2000,54500,1,49.1,35.6,13.5,1,13.5,5.0
0004820,0000395,0000076,2023-08-31 00:00:53,96900,5000,91900,1,49.1,58.1,-9.0,0,14.89,5.0
0004821,0000305,0000094,2023-08-08 21:38:09,25600,1000,24600,1,28.7,34.3,-5.6,0,8.12,5.0
0004822,0000315,0000090,2023-08-15 15:22:58,68600,5000,63600,1,26.2,13.0,13.2,1,3.54,5.0
0004823,0000304,0000073,2023-08-17 16:48:21,83400,5000,78400,1,27.4,36.5,-9.1,0,1.9,5.0
0004824,0000378,0000058,2023-08-29 12:12:57,56200,2000,54200,1,41.5,45.5,-4.0,0,4.76,5.0
0004825,0000314,0000006,2023-08-22 15:27:39,65400,5000,60400,1,21.4,28.4,-7.0,0,13.24,5.0
0004826,0000368,0000018,2023-08-24 19:50:09,74700,5000,69700,1,22.6,22.9,-0.3,0,1.08,5.0
0004827,0000362,0000084,2023-08-27 13:04:55,39300,1000,38300,1,48.0,52.5,-4.5,0,10.03,4.0
0004828,0000381,0000051,2023-08-29 07:18:13,29700,1000,28700,1,29.2,20.0,9.2,1,2.88,4.0
0004829,0000380,0000095,2023-09-14 00:31:57,28600,0,28600,0,41.3,36.3,5.0,1,12.46,5.0
0004830,0000394,0000011,2023-09-28 09:46:20,19700,500,19200,1,27.3,36.0,-8.7,0,8.76,3.0
0004831,0000330,0000094,2023-09-08 02:04:11,41300,0,41300,0,42.9,47.0,-4.1,0,7.04,5.0
0004832,0000396,0000070,2023-09-04 05:35:32,10900,0,10900,0,29.7,26.3,3.4,1,8.77,5.0
0004833,0000399,0000031,2023-09-28 03:14:23,58600,0,58600,0,30.3,29.6,0.7,1,2.65,5.0
0004834,0000349,0000066,2023-09-30 15:21:02,62700,5000,57700,1,30.0,34.4,-4.4,0,3.52,5.0
0004835,0000393,0000038,2023-09-23 20:19:04,42800,0,42800,0,27.6,27.1,0.5,1,3.34,5.0
0004836,0000395,0000021,2023-09-30 17:49:50,74500,0,74500,0,40.8,35.9,4.9,1,1.26,5.0
0004837,0000303,0000089,2023-09-12 12:10:16,17700,0,17700,0,31.8,32.0,-0.2,0,11.78,5.0
0004838,0000379,0000076,2023-09-16 01:51:00,82000,0,82000,0,22.0,22.7,-0.7,0,3.03,5.0
0004839,0000347,0000065,2023-09-26 22:03:39,57700,0,57700,0,43.0,38.3,4.7,1,2.25,5.0
0004840,0000378,0000092,2023-09-06 20:05:12,55600,0,55600,0,28.1,26.4,1.7,1,9.56,5.0
0004841,0000387,0000085,2023-09-24 12:27:04,55000,0,55000,0,23.5,27.2,-3.7,0,9.93,1.0
0004842,0000301,0000051,2023-09-06 10:39:09,64400,0,64400,0,32.1,27.700000000000003,4.4,1,14.15,5.0
0004843,0000305,0000015,2023-09-27 00:05:17,7400,0,7400,0,42.3,40.3,2.0,1,10.04,5.0
0004844,0000343,0000025,2023-09-19 16:14:58,85100,0,85100,0,20.5,24.6,-4.1,0,7.49,5.0
0004845,0000362,0000099,2023-09-19 08:09:30,74200,0,74200,0,22.3,23.1,-0.8,0,3.89,5.0
0004846,0000337,0000045,2023-09-21 01:30:00,17000,0,17000,0,36.3,32.8,3.5,1,5.09,4.0
0004847,0000398,0000077,2023-09-12 01:27:22,97800,0,97800,0,20.5,24.2,-3.7,0,13.79,5.0
0004848,0000369,0000051,2023-09-08 14:50:46,14500,0,14500,0,34.6,38.4,-3.8,0,12.24,5.0
0004849,0000304,0000088,2023-09-14 10:43:23,65900,0,65900,0,30.3,33.0,-2.7,0,1.84,5.0
0004850,0000456,0000077,2023-09-19 08:36:03,84000,5000,79000,1,22.0,10.0,12.0,1,8.59,5.0
0004851,0000488,0000073,2023-09-20 08:19:13,28400,1000,27400,1,49.7,46.4,3.3,1,1.29,5.0
0004852,0000407,0000067,2023-09-05 07:09:30,20700,1000,19700,1,40.5,32.7,7.8,1,5.97,5.0
0004853,0000516,0000075,2023-09-30 14:13:33,39500,1000,38500,1,35.7,40.7,-5.0,0,1.85,5.0
0004854,0000514,0000033,2023-09-29 12:50:11,62900,5000,57900,1,44.2,32.5,11.7,1,10.39,5.0
0004855,0000536,0000095,2023-09-30 13:04:34,48800,2000,46800,1,21.2,9.0,12.2,1,7.49,5.0
0004856,0000547,0000086,2023-09-30 09:42:28,39900,1000,38900,1,23.4,25.0,-1.6,0,1.72,5.0
0004857,0000503,0000008,2023-09-23 10:43:38,49500,2000,47500,1,26.7,15.5,11.2,1,9.78,5.0
0004858,0000497,0000043,2023-09-29 05:19:00,96400,5000,91400,1,46.9,49.4,-2.5,0,14.68,5.0
0004859,0000421,0000017,2023-09-25 12:53:48,49000,2000,47000,1,45.7,48.4,-2.7,0,9.17,5.0
0004860,0000437,0000069,2023-09-16 06:02:56,13100,500,12600,1,32.7,24.9,7.8,1,7.53,5.0
0004861,0000549,0000025,2023-09-30 01:56:47,25500,1000,24500,1,46.3,37.9,8.4,1,7.69,5.0
0004862,0000440,0000004,2023-09-12 23:24:31,52400,2000,50400,1,27.0,24.2,2.8,1,6.24,4.0
0004863,0000495,0000068,2023-09-21 08:28:04,93000,5000,88000,1,43.6,49.2,-5.6,0,5.77,5.0
0004864,0000473,0000042,2023-09-30 17:51:27,23300,1000,22300,1,40.5,44.8,-4.3,0,13.15,5.0
0004865,0000453,0000057,2023-09-22 14:05:10,58500,2000,56500,1,44.2,35.8,8.4,1,8.79,5.0
0004866,0000410,0000043,2023-09-27 03:19:28,81200,5000,76200,1,44.0,46.6,-2.6,0,0.82,5.0
0004867,0000412,0000043,2023-09-13 20:50:05,68500,5000,63500,1,38.1,39.4,-1.3,0,2.06,5.0
0004868,0000406,0000073,2023-09-26 18:16:11,84900,5000,79900,1,23.9,27.2,-3.3,0,11.72,5.0
0004869,0000540,0000016,2023-09-27 10:30:54,60900,5000,55900,1,35.5,23.6,11.9,1,1.3,5.0
0004870,0000480,0000066,2023-09-26 04:00:38,9000,500,8500,1,23.0,12.9,10.1,1,2.06,5.0
0004871,0000528,0000081,2023-09-25 17:26:58,50300,2000,48300,1,29.6,22.2,7.4,1,10.28,5.0
0004872,0000527,0000092,2023-09-26 05:23:08,57300,2000,55300,1,26.4,36.3,-9.9,0,3.96,5.0
0004873,0000511,0000081,2023-09-25 20:29:24,7100,500,6600,1,24.6,33.8,-9.2,0,1.49,3.0
0004874,0000526,0000098,2023-09-25 11:26:05,85000,5000,80000,1,46.9,50.0,-3.1,0,10.21,5.0
0004875,0000461,0000047,2023-09-26 23:46:21,46800,2000,44800,1,21.6,18.5,3.1,1,10.81,5.0
0004876,0000507,0000075,2023-09-24 21:45:30,18200,500,17700,1,27.4,28.3,-0.9,0,14.42,5.0
0004877,0000403,0000036,2023-09-21 14:27:31,40300,2000,38300,1,27.4,37.0,-9.6,0,4.64,5.0
0004878,0000451,0000047,2023-09-16 07:30:48,19700,500,19200,1,22.8,25.6,-2.8,0,7.46,5.0
0004879,0000504,0000081,2023-09-28 17:21:19,12100,500,11600,1,44.2,35.2,9.0,1,10.26,4.0
0004880,0000459,0000071,2023-09-23 22:48:03,93700,5000,88700,1,27.8,22.0,5.8,1,1.8,4.0
0004881,0000554,0000072,2023-09-30 13:53:36,24400,1000,23400,1,30.3,17.3,13.0,1,11.71,5.0
0004882,0000487,0000019,2023-09-24 04:30:54,43900,2000,41900,1,20.7,27.0,-6.3,0,4.88,5.0
0004883,0000414,0000016,2023-09-18 12:40:29,92400,5000,87400,1,24.9,30.6,-5.7,0,3.69,5.0
0004884,0000438,0000014,2023-09-09 12:34:49,48900,2000,46900,1,49.9,37.1,12.8,1,10.14,5.0
0004885,0000500,0000043,2023-09-23 14:38:35,90600,5000,85600,1,28.2,36.4,-8.2,0,1.93,5.0
0004886,0000434,0000076,2023-09-15 02:57:23,88000,5000,83000,1,41.0,33.9,7.1,1,13.69,5.0
0004887,0000474,0000081,2023-09-30 12:55:51,39100,1000,38100,1,47.9,34.3,13.6,1,8.54,5.0
0004888,0000525,0000043,2023-09-26 21:46:18,80700,5000,75700,1,28.4,34.7,-6.3,0,7.61,5.0
0004889,0000498,0000011,2023-09-26 02:18:03,58900,2000,56900,1,35.0,28.2,6.8,1,0.95,5.0
0004890,0000517,0000037,2023-09-28 00:46:08,97200,5000,92200,1,20.5,29.1,-8.6,0,1.55,5.0
0004891,0000496,0000066,2023-09-28 11:04:29,80800,5000,75800,1,38.9,39.7,-0.8,0,1.5,5.0
0004892,0000452,0000036,2023-09-29 10:34:02,65200,5000,60200,1,33.0,25.7,7.3,1,2.27,5.0
0004893,0000470,0000081,2023-09-18 12:48:30,54200,2000,52200,1,27.1,19.7,7.4,1,13.42,3.0
0004894,0000422,0000087,2023-09-12 04:00:08,61300,5000,56300,1,26.8,35.2,-8.4,0,13.7,1.0
0004895,0000443,0000086,2023-09-13 03:44:19,17700,500,17200,1,22.5,17.2,5.3,1,0.96,5.0
0004896,0000479,0000100,2023-09-23 16:21:20,46100,2000,44100,1,33.7,18.9,14.8,1,13.93,5.0
0004897,0000491,0000075,2023-09-20 13:45:14,43600,2000,41600,1,34.4,41.4,-7.0,0,14.4,5.0
0004898,0000543,0000011,2023-09-28 00:16:31,35600,1000,34600,1,33.4,34.7,-1.3,0,7.29,5.0
0004899,0000409,0000075,2023-09-17 22:48:36,61800,5000,56800,1,21.6,16.4,5.2,1,5.33,5.0
0004900,0000521,0000045,2023-09-25 08:29:36,46000,2000,44000,1,30.8,36.2,-5.4,0,1.93,5.0
0004901,0000490,0000065,2023-09-27 14:04:43,94700,5000,89700,1,38.8,41.8,-3.0,0,3.09,5.0
0004902,0000405,0000085,2023-09-28 16:26:04,68900,5000,63900,1,37.2,31.7,5.5,1,1.12,5.0
0004903,0000416,0000066,2023-09-07 22:16:13,86800,5000,81800,1,49.0,46.1,2.9,1,12.4,5.0
0004904,0000542,0000046,2023-09-29 14:40:12,59700,2000,57700,1,49.2,44.7,4.5,1,6.85,5.0
0004905,0000501,0000055,2023-09-27 17:00:14,45000,2000,43000,1,42.4,32.3,10.1,1,14.63,5.0
0004906,0000413,0000071,2023-09-17 16:49:17,73900,5000,68900,1,32.5,42.1,-9.6,0,1.04,4.0
0004907,0000401,0000095,2023-09-04 02:37:10,65300,5000,60300,1,37.3,46.5,-9.2,0,14.23,5.0
0004908,0000463,0000068,2023-09-23 04:33:15,24300,1000,23300,1,32.2,20.4,11.8,1,3.8,5.0
0004909,0000433,0000013,2023-09-25 16:31:05,50500,2000,48500,1,33.7,38.8,-5.1,0,12.17,5.0
0004910,0000428,0000027,2023-09-28 16:59:23,98600,5000,93600,1,47.2,52.8,-5.6,0,10.51,5.0
0004911,0000493,0000064,2023-09-22 21:17:16,50900,2000,48900,1,32.8,20.7,12.1,1,13.78,5.0
0004912,0000552,0000099,2023-09-30 19:54:46,22700,1000,21700,1,23.1,28.2,-5.1,0,13.54,5.0
0004913,0000402,0000075,2023-09-30 00:25:40,56700,2000,54700,1,28.3,33.0,-4.7,0,11.68,5.0
0004914,0000538,0000067,2023-09-26 19:00:28,50600,2000,48600,1,30.7,33.0,-2.3,0,9.94,5.0
0004915,0000467,0000085,2023-09-29 13:12:28,70700,5000,65700,1,22.8,10.7,12.1,1,0.95,4.0
0004916,0000469,0000023,2023-09-25 13:52:18,26600,1000,25600,1,20.2,16.3,3.9,1,6.27,5.0
0004917,0000508,0000067,2023-09-27 18:12:07,66900,5000,61900,1,21.1,28.1,-7.0,0,3.81,5.0
0004918,0000420,0000087,2023-09-22 09:44:19,61800,5000,56800,1,39.1,39.2,-0.1,0,13.82,5.0
0004919,0000506,0000063,2023-09-28 14:01:45,33600,1000,32600,1,36.3,40.6,-4.3,0,14.73,3.0
0004920,0000476,0000018,2023-09-17 13:35:03,62600,5000,57600,1,39.0,33.9,5.1,1,4.07,3.0
0004921,0000484,0000057,2023-09-28 04:56:44,96000,5000,91000,1,38.1,45.8,-7.7,0,12.39,5.0
0004922,0000446,0000082,2023-09-23 05:44:33,54300,2000,52300,1,26.9,34.1,-7.2,0,1.39,5.0
0004923,0000483,0000001,2023-09-25 17:29:58,9500,500,9000,1,38.9,44.5,-5.6,0,12.58,5.0
0004924,0000550,0000068,2023-09-30 19:26:30,96200,5000,91200,1,32.8,38.2,-5.4,0,1.67,5.0
0004925,0000477,0000055,2023-09-17 00:18:23,45500,2000,43500,1,48.1,41.4,6.7,1,13.39,5.0
0004926,0000519,0000074,2023-09-27 10:25:23,98600,5000,93600,1,26.8,32.1,-5.3,0,0.91,5.0
0004927,0000505,0000018,2023-09-23 01:17:38,16100,500,15600,1,37.7,28.0,9.7,1,11.48,4.0
0004928,0000448,0000053,2023-09-28 03:45:23,71400,5000,66400,1,44.3,48.5,-4.2,0,4.52,5.0
0004929,0000548,0000059,2023-09-30 05:39:14,20700,1000,19700,1,42.0,30.5,11.5,1,2.04,5.0
0004930,0000442,0000094,2023-09-30 22:06:03,28500,1000,27500,1,34.9,44.1,-9.2,0,2.51,5.0
0004931,0000400,0000004,2023-09-03 04:48:24,95100,5000,90100,1,25.5,17.3,8.2,1,2.58,5.0
0004932,0000441,0000023,2023-09-16 19:29:13,13200,500,12700,1,48.4,55.8,-7.4,0,7.06,5.0
0004933,0000551,0000023,2023-09-30 06:36:05,18300,500,17800,1,34.7,23.5,11.2,1,3.23,5.0
0004934,0000537,0000029,2023-09-26 15:41:20,27700,1000,26700,1,42.7,36.7,6.0,1,13.05,5.0
0004935,0000462,0000006,2023-09-15 02:00:56,57900,2000,55900,1,43.4,49.0,-5.6,0,11.6,5.0
0004936,0000455,0000095,2023-09-26 03:36:50,81700,5000,76700,1,31.0,40.1,-9.1,0,11.25,5.0
0004937,0000430,0000018,2023-09-10 13:45:16,30600,1000,29600,1,27.5,14.5,13.0,1,11.46,5.0
0004938,0000481,0000004,2023-09-30 17:57:07,48900,2000,46900,1,46.5,54.5,-8.0,0,14.36,5.0
0004939,0000530,0000079,2023-09-25 21:39:47,69200,5000,64200,1,21.6,31.0,-9.4,0,3.99,5.0
0004940,0000417,0000003,2023-09-08 23:22:54,76200,5000,71200,1,48.1,50.1,-2.0,0,11.34,5.0
0004941,0000539,0000093,2023-09-29 22:07:57,27600,1000,26600,1,40.6,27.2,13.4,1,12.28,5.0
0004942,0000418,0000080,2023-09-21 03:38:38,51700,2000,49700,1,32.8,38.0,-5.2,0,3.63,5.0
0004943,0000532,0000027,2023-09-30 10:31:00,74600,5000,69600,1,22.9,25.0,-2.1,0,9.39,5.0
0004944,0000415,0000076,2023-09-17 01:56:52,76600,5000,71600,1,35.8,21.6,14.2,1,10.68,5.0
0004945,0000431,0000065,2023-09-21 09:03:43,19000,500,18500,1,40.2,28.1,12.1,1,12.05,5.0
0004946,0000445,0000100,2023-09-26 10:36:13,16100,500,15600,1,30.3,37.7,-7.4,0,14.85,5.0
0004947,0000425,0000061,2023-09-22 03:29:11,25600,1000,24600,1,28.7,20.8,7.9,1,2.16,5.0
0004948,0000447,0000067,2023-09-25 18:41:06,89700,5000,84700,1,36.1,31.0,5.1,1,4.41,4.0
0004949,0000510,0000043,2023-09-29 06:47:36,88900,5000,83900,1,48.8,43.1,5.7,1,14.4,5.0
0004950,0000450,0000053,2023-09-13 16:54:00,76400,5000,71400,1,45.3,36.0,9.3,1,3.79,1.0
0004951,0000518,0000026,2023-09-29 20:10:15,55900,2000,53900,1,28.7,28.9,-0.2,0,11.7,5.0
0004952,0000502,0000017,2023-09-25 11:06:59,39200,1000,38200,1,32.6,19.0,13.6,1,14.28,5.0
0004953,0000553,0000035,2023-09-30 00:38:35,40700,2000,38700,1,42.2,42.6,-0.4,0,11.5,5.0
0004954,0000472,0000044,2023-09-19 02:44:23,23600,1000,22600,1,43.1,47.1,-4.0,0,14.02,4.0
0004955,0000544,0000015,2023-09-30 08:43:16,42400,2000,40400,1,42.9,46.0,-3.1,0,2.5,5.0
0004956,0000509,0000068,2023-09-27 01:49:26,97500,5000,92500,1,48.3,43.6,4.7,1,5.36,5.0
0004957,0000457,0000009,2023-09-17 14:52:36,28000,1000,27000,1,20.1,16.7,3.4,1,6.54,5.0
0004958,0000468,0000051,2023-09-29 02:37:06,92500,5000,87500,1,39.1,43.2,-4.1,0,12.6,5.0
0004959,0000471,0000003,2023-09-20 15:37:11,26000,1000,25000,1,47.8,51.1,-3.3,0,0.88,3.0
0004960,0000419,0000100,2023-09-25 18:11:07,14500,500,14000,1,21.0,29.7,-8.7,0,10.48,5.0
0004961,0000449,0000038,2023-09-22 08:28:54,26900,1000,25900,1,25.2,18.9,6.3,1,13.91,5.0
0004962,0000529,0000016,2023-09-30 09:56:39,19200,500,18700,1,32.4,18.2,14.2,1,14.44,5.0
0004963,0000513,0000008,2023-09-25 20:32:02,33800,1000,32800,1,41.8,29.5,12.3,1,7.67,5.0
0004964,0000489,0000037,2023-09-19 21:48:21,12200,500,11700,1,23.6,32.3,-8.7,0,11.58,5.0
0004965,0000527,0000042,2023-10-11 10:19:59,66400,0,66400,0,29.6,31.6,-2.0,0,12.97,5.0
0004966,0000518,0000089,2023-10-07 06:14:09,77400,0,77400,0,34.1,38.1,-4.0,0,4.44,5.0
0004967,0000541,0000087,2023-10-26 19:28:37,38100,1000,37100,1,32.4,37.6,-5.2,0,4.77,5.0
0004968,0000543,0000092,2023-10-09 19:02:25,12700,0,12700,0,40.8,44.3,-3.5,0,7.64,5.0
0004969,0000410,0000032,2023-10-30 07:27:43,88400,0,88400,0,47.5,47.3,0.2,1,5.07,5.0
0004970,0000516,0000043,2023-10-12 22:03:56,57000,0,57000,0,43.8,46.9,-3.1,0,14.25,5.0
0004971,0000455,0000066,2023-10-06 04:35:58,85300,0,85300,0,44.3,40.0,4.3,1,5.88,5.0
0004972,0000534,0000038,2023-10-10 16:20:48,61800,5000,56800,1,21.3,26.0,-4.7,0,1.41,4.0
0004973,0000544,0000094,2023-10-12 05:12:14,13900,0,13900,0,41.5,44.2,-2.7,0,7.57,5.0
0004974,0000532,0000088,2023-10-06 22:22:35,10000,0,10000,0,43.0,41.2,1.8,1,10.95,5.0
0004975,0000511,0000072,2023-10-05 03:23:07,81500,0,81500,0,36.4,36.3,0.1,1,6.36,5.0
0004976,0000496,0000049,2023-10-18 19:41:33,59600,0,59600,0,40.1,43.8,-3.7,0,1.93,5.0
0004977,0000402,0000085,2023-10-18 22:22:39,24500,0,24500,0,30.8,27.9,2.9,1,0.63,5.0
0004978,0000426,0000005,2023-10-26 07:42:35,80400,0,80400,0,24.0,27.9,-3.9,0,4.41,5.0
0004979,0000546,0000079,2023-10-27 18:56:33,59500,2000,57500,1,33.4,37.8,-4.4,0,0.57,5.0
0004980,0000422,0000097,2023-10-28 16:36:25,78600,0,78600,0,31.0,26.8,4.2,1,4.28,5.0
0004981,0000467,0000015,2023-10-25 04:12:12,90900,0,90900,0,39.5,39.9,-0.4,0,9.67,5.0
0004982,0000487,0000098,2023-10-31 16:47:01,43500,0,43500,0,42.4,43.1,-0.7,0,4.27,5.0
0004983,0000507,0000008,2023-10-25 11:35:25,15700,0,15700,0,47.8,51.3,-3.5,0,11.25,5.0
0004984,0000404,0000085,2023-10-13 13:56:37,96500,0,96500,0,35.9,34.1,1.8,1,7.43,4.0
0004985,0000525,0000068,2023-10-17 22:45:29,66200,0,66200,0,38.2,41.5,-3.3,0,12.12,5.0
0004986,0000420,0000006,2023-10-22 13:16:15,86600,0,86600,0,35.3,34.2,1.1,1,2.09,5.0
0004987,0000403,0000095,2023-10-03 14:30:01,85200,0,85200,0,48.9,53.0,-4.1,0,13.09,3.0
0004988,0000401,0000093,2023-10-02 09:27:35,51200,0,51200,0,47.4,44.1,3.3,1,5.49,5.0
0004989,0000460,0000003,2023-10-30 21:45:11,9500,0,9500,0,23.6,19.9,3.7,1,5.42,5.0
0004990,0000442,0000010,2023-10-20 21:55:27,84300,0,84300,0,43.4,46.4,-3.0,0,4.47,4.0
0004991,0000441,0000022,2023-10-05 12:23:37,43200,0,43200,0,26.0,21.9,4.1,1,8.51,4.0
0004992,0000489,0000073,2023-10-22 02:11:57,94600,0,94600,0,36.7,37.6,-0.9,0,2.28,5.0
0004993,0000468,0000071,2023-10-07 01:54:22,41500,0,41500,0,25.3,20.8,4.5,1,12.87,5.0
0004994,0000491,0000017,2023-10-26 00:02:09,69900,0,69900,0,33.7,30.6,3.1,1,12.2,5.0
0004995,0000429,0000036,2023-10-17 21:48:46,78400,5000,73400,1,26.9,28.8,-1.9,0,4.48,5.0
0004996,0000521,0000052,2023-10-25 19:59:18,31700,0,31700,0,30.3,26.8,3.5,1,10.43,5.0
0004997,0000547,0000094,2023-10-24 09:47:56,68300,0,68300,0,43.4,39.0,4.4,1,11.68,5.0
0004998,0000486,0000067,2023-10-12 03:53:31,40500,2000,38500,1,30.0,33.8,-3.8,0,12.5,5.0
0004999,0000506,0000053,2023-10-13 10:18:09,92100,0,92100,0,25.7,24.4,1.3,1,13.52,5.0
0005000,0000475,0000068,2023-10-08 10:04:43,61500,5000,56500,1,24.2,32.2,-8.0,0,2.18,3.0
0005001,0000500,0000028,2023-10-21 13:23:26,76100,0,76100,0,27.7,22.9,4.8,1,1.43,5.0
0005002,0000448,0000084,2023-10-17 12:12:31,99500,0,99500,0,49.2,52.2,-3.0,0,5.24,5.0
0005003,0000472,0000073,2023-10-23 16:18:06,65100,0,65100,0,39.4,37.9,1.5,1,3.66,5.0
0005004,0000452,0000044,2023-10-11 02:57:57,96600,0,96600,0,27.8,29.4,-1.6,0,13.64,5.0
0005005,0000412,0000020,2023-10-09 23:32:20,85100,0,85100,0,25.4,27.6,-2.2,0,12.81,5.0
0005006,0000550,0000095,2023-10-15 05:29:33,36500,0,36500,0,20.7,22.3,-1.6,0,9.66,5.0
0005007,0000530,0000024,2023-10-05 17:07:22,67400,0,67400,0,36.7,35.7,1.0,1,3.61,4.0
0005008,0000531,0000094,2023-10-09 11:38:37,74400,0,74400,0,42.5,38.4,4.1,1,9.13,5.0
0005009,0000462,0000003,2023-10-12 19:26:03,58800,0,58800,0,28.0,30.5,-2.5,0,4.18,5.0
0005010,0000481,0000083,2023-10-31 16:07:59,93600,0,93600,0,40.6,43.4,-2.8,0,6.21,5.0
0005011,0000474,0000012,2023-10-22 07:32:17,21200,0,21200,0,44.6,46.6,-2.0,0,8.69,3.0
0005012,0000495,0000083,2023-10-15 01:44:09,14900,0,14900,0,37.8,36.1,1.7,1,5.22,5.0
0005013,0000446,0000083,2023-10-22 14:38:39,69400,0,69400,0,28.5,29.1,-0.6,0,10.96,5.0
0005014,0000433,0000066,2023-10-10 05:01:49,98400,0,98400,0,23.0,19.6,3.4,1,9.41,4.0
0005015,0000533,0000001,2023-10-22 05:05:51,17600,500,17100,1,38.0,39.9,-1.9,0,8.79,5.0
0005016,0000553,0000056,2023-10-11 22:55:57,49000,0,49000,0,35.8,35.5,0.3,1,14.54,5.0
0005017,0000485,0000010,2023-10-19 16:21:07,92100,5000,87100,1,33.8,30.1,3.7,1,14.62,1.0
0005018,0000417,0000074,2023-10-23 16:42:41,77400,0,77400,0,34.9,30.9,4.0,1,4.76,1.0
0005019,0000408,0000015,2023-10-27 00:41:22,82200,5000,77200,1,34.7,37.9,-3.2,0,14.3,5.0
0005020,0000413,0000072,2023-10-15 10:57:02,57900,0,57900,0,41.4,43.8,-2.4,0,0.56,5.0
0005021,0000557,0000097,2023-10-16 13:58:24,21800,1000,20800,1,33.5,41.3,-7.8,0,11.74,5.0
0005022,0000656,0000052,2023-10-29 17:07:07,91300,5000,86300,1,32.8,37.9,-5.1,0,8.02,1.0
0005023,0000627,0000060,2023-10-31 14:05:53,84300,5000,79300,1,26.3,18.2,8.1,1,12.03,5.0
0005024,0000635,0000032,2023-10-24 03:40:39,84800,5000,79800,1,44.7,30.5,14.2,1,1.47,5.0
0005025,0000665,0000033,2023-10-28 02:47:47,85600,5000,80600,1,44.7,47.4,-2.7,0,9.71,5.0
0005026,0000605,0000070,2023-10-25 06:18:43,16700,500,16200,1,27.5,31.6,-4.1,0,13.71,5.0
0005027,0000593,0000087,2023-10-26 15:39:39,99000,5000,94000,1,38.5,36.5,2.0,1,2.84,5.0
0005028,0000568,0000028,2023-10-31 03:26:57,36500,1000,35500,1,43.9,31.1,12.8,1,8.7,5.0
0005029,0000570,0000053,2023-10-09 01:44:36,15700,500,15200,1,48.8,38.7,10.1,1,4.95,5.0
0005030,0000575,0000081,2023-10-10 20:22:17,79200,5000,74200,1,33.2,33.3,-0.1,0,2.46,3.0
0005031,0000611,0000056,2023-10-22 18:44:16,60200,5000,55200,1,36.6,21.9,14.7,1,12.02,5.0
0005032,0000626,0000035,2023-10-29 18:41:09,33200,1000,32200,1,47.6,42.6,5.0,1,10.22,3.0
0005033,0000646,0000082,2023-10-25 13:02:04,68500,5000,63500,1,20.9,18.7,2.2,1,5.91,5.0
0005034,0000618,0000023,2023-10-20 13:08:17,77800,5000,72800,1,40.3,36.3,4.0,1,8.68,5.0
0005035,0000585,0000009,2023-10-10 17:45:31,27100,1000,26100,1,43.5,37.9,5.6,1,13.51,5.0
0005036,0000591,0000054,2023-10-18 00:01:22,35400,1000,34400,1,42.6,30.7,11.9,1,8.44,5.0
0005037,0000633,0000030,2023-10-28 15:03:27,24800,1000,23800,1,46.6,34.8,11.8,1,0.94,5.0
0005038,0000667,0000049,2023-10-31 07:31:22,45900,2000,43900,1,23.8,10.0,13.8,1,5.97,5.0
0005039,0000640,0000039,2023-10-30 11:28:15,43700,2000,41700,1,48.0,55.3,-7.3,0,4.93,5.0
0005040,0000609,0000020,2023-10-17 20:55:13,21200,1000,20200,1,20.4,22.5,-2.1,0,8.64,5.0
0005041,0000583,0000083,2023-10-26 23:27:59,96300,5000,91300,1,32.4,27.2,5.2,1,1.92,5.0
0005042,0000608,0000084,2023-10-27 15:29:03,90900,5000,85900,1,24.8,19.0,5.8,1,4.39,5.0
0005043,0000571,0000017,2023-10-24 08:35:57,50000,2000,48000,1,37.8,46.8,-9.0,0,13.04,5.0
0005044,0000592,0000044,2023-10-15 07:51:03,29200,1000,28200,1,44.5,40.0,4.5,1,5.6,5.0
0005045,0000644,0000018,2023-10-29 09:17:23,70300,5000,65300,1,21.6,18.7,2.9,1,3.42,5.0
0005046,0000603,0000086,2023-10-29 04:50:07,30800,1000,29800,1,47.9,53.7,-5.8,0,7.93,5.0
0005047,0000661,0000013,2023-10-29 16:43:59,54400,2000,52400,1,33.1,40.0,-6.9,0,13.37,5.0
0005048,0000649,0000100,2023-10-24 06:18:01,82100,5000,77100,1,37.4,27.5,9.9,1,11.6,5.0
0005049,0000672,0000033,2023-10-31 10:02:21,34300,1000,33300,1,20.6,28.1,-7.5,0,1.57,5.0
0005050,0000576,0000080,2023-10-24 00:22:02,44500,2000,42500,1,28.6,37.3,-8.7,0,3.6,5.0
0005051,0000562,0000087,2023-10-07 07:46:45,63700,5000,58700,1,30.2,30.6,-0.4,0,7.51,5.0
0005052,0000636,0000051,2023-10-25 15:27:45,63500,5000,58500,1,40.3,37.5,2.8,1,14.68,5.0
0005053,0000638,0000071,2023-10-24 02:05:27,40700,2000,38700,1,25.9,18.1,7.8,1,12.43,5.0
0005054,0000559,0000061,2023-10-06 05:05:19,64300,5000,59300,1,48.1,55.7,-7.6,0,2.64,5.0
0005055,0000582,0000012,2023-10-23 10:57:18,72700,5000,67700,1,31.3,18.0,13.3,1,9.27,5.0
0005056,0000628,0000020,2023-10-28 08:26:24,61200,5000,56200,1,32.9,34.0,-1.1,0,11.13,5.0
0005057,0000579,0000081,2023-10-21 06:29:35,24800,1000,23800,1,38.0,27.2,10.8,1,4.6,5.0
0005058,0000631,0000098,2023-10-27 13:25:09,35900,1000,34900,1,28.6,23.0,5.6,1,14.05,5.0
0005059,0000660,0000003,2023-10-28 10:48:03,9500,500,9000,1,49.8,52.4,-2.6,0,9.82,5.0
0005060,0000663,0000036,2023-10-31 05:54:14,63300,5000,58300,1,48.8,53.8,-5.0,0,11.82,5.0
0005061,0000610,0000065,2023-10-16 07:13:46,38800,1000,37800,1,43.7,32.3,11.4,1,4.75,4.0
0005062,0000625,0000027,2023-10-26 17:42:08,99600,5000,94600,1,26.8,27.6,-0.8,0,6.73,4.0
0005063,0000586,0000077,2023-10-26 00:17:05,72800,5000,67800,1,29.4,23.8,5.6,1,11.08,5.0
0005064,0000639,0000067,2023-10-27 20:51:18,99400,5000,94400,1,43.4,34.2,9.2,1,3.62,5.0
0005065,0000556,0000039,2023-10-31 14:29:18,21200,1000,20200,1,24.9,22.0,2.9,1,12.99,3.0
0005066,0000670,0000002,2023-10-30 16:40:16,28900,1000,27900,1,44.8,33.6,11.2,1,14.75,5.0
0005067,0000566,0000008,2023-10-31 12:51:33,50500,2000,48500,1,48.5,50.8,-2.3,0,6.98,5.0
0005068,0000580,0000025,2023-10-11 12:06:25,62600,5000,57600,1,31.1,18.8,12.3,1,6.29,5.0
0005069,0000565,0000100,2023-10-05 17:47:01,26600,1000,25600,1,27.4,14.3,13.1,1,7.01,3.0
0005070,0000643,0000031,2023-10-27 12:01:57,7300,500,6800,1,35.4,21.2,14.2,1,14.86,5.0
0005071,0000563,0000008,2023-10-15 04:35:59,50100,2000,48100,1,33.1,36.3,-3.2,0,5.63,4.0
0005072,0000602,0000053,2023-10-21 20:48:36,84800,5000,79800,1,23.6,27.8,-4.2,0,2.83,5.0
0005073,0000564,0000049,2023-10-09 20:08:24,19300,500,18800,1,43.5,48.8,-5.3,0,10.32,5.0
0005074,0000659,0000020,2023-10-27 08:34:57,74700,5000,69700,1,32.6,25.0,7.6,1,14.56,5.0
0005075,0000637,0000041,2023-10-27 21:58:08,98200,5000,93200,1,22.5,27.3,-4.8,0,0.96,3.0
0005076,0000598,0000028,2023-10-15 11:19:13,42200,2000,40200,1,28.9,24.0,4.9,1,14.22,4.0
0005077,0000650,0000082,2023-10-30 05:36:52,68000,5000,63000,1,38.7,38.7,-0.0,0,6.26,5.0
0005078,0000614,0000077,2023-10-27 05:25:13,94300,5000,89300,1,31.0,18.0,13.0,1,8.29,5.0
0005079,0000621,0000099,2023-10-22 11:39:00,53400,2000,51400,1,31.5,24.6,6.9,1,11.14,5.0
0005080,0000596,0000014,2023-10-16 03:45:17,86000,5000,81000,1,23.4,25.9,-2.5,0,9.72,4.0
0005081,0000590,0000045,2023-10-11 14:01:33,65900,5000,60900,1,32.1,24.2,7.9,1,3.92,5.0
0005082,0000574,0000094,2023-10-12 13:44:28,10500,500,10000,1,36.6,30.7,5.9,1,6.74,4.0
0005083,0000567,0000025,2023-10-28 08:10:19,90400,5000,85400,1,40.4,26.1,14.3,1,14.91,5.0
0005084,0000599,0000079,2023-10-28 03:44:55,80500,5000,75500,1,24.9,19.9,5.0,1,3.11,5.0
0005085,0000569,0000088,2023-10-06 08:49:57,30400,1000,29400,1,48.7,46.0,2.7,1,4.1,5.0
0005086,0000671,0000091,2023-10-30 13:26:16,29800,1000,28800,1,28.7,26.6,2.1,1,6.82,5.0
0005087,0000612,0000037,2023-10-20 13:34:52,71000,5000,66000,1,30.1,33.5,-3.4,0,14.45,5.0
0005088,0000615,0000047,2023-10-21 07:05:59,80700,5000,75700,1,43.2,47.8,-4.6,0,9.95,5.0
0005089,0000634,0000058,2023-10-26 08:13:07,63900,5000,58900,1,27.6,19.3,8.3,1,8.48,5.0
0005090,0000668,0000055,2023-10-30 13:45:12,79700,5000,74700,1,39.0,43.9,-4.9,0,6.9,5.0
0005091,0000652,0000015,2023-10-26 09:17:22,45500,2000,43500,1,45.3,50.4,-5.1,0,3.61,4.0
0005092,0000577,0000079,2023-10-24 10:36:45,22900,1000,21900,1,33.1,40.9,-7.8,0,4.32,4.0
0005093,0000632,0000077,2023-10-31 20:13:13,82300,5000,77300,1,26.4,27.3,-0.9,0,1.58,5.0
0005094,0000669,0000096,2023-10-30 05:04:41,41800,2000,39800,1,29.7,16.4,13.3,1,14.17,5.0
0005095,0000654,0000005,2023-10-31 02:40:22,79000,5000,74000,1,22.9,18.5,4.4,1,4.07,5.0
0005096,0000588,0000094,2023-10-10 19:54:31,28000,1000,27000,1,35.5,38.1,-2.6,0,11.33,4.0
0005097,0000657,0000014,2023-10-30 07:42:14,65600,5000,60600,1,27.5,21.2,6.3,1,13.57,5.0
0005098,0000584,0000099,2023-10-18 02:33:46,56100,2000,54100,1,35.8,44.1,-8.3,0,13.23,4.0
0005099,0000561,0000046,2023-10-16 21:41:55,91600,5000,86600,1,32.4,34.5,-2.1,0,11.2,5.0
0005100,0000622,0000095,2023-10-25 03:27:20,85400,5000,80400,1,35.4,26.9,8.5,1,0.73,5.0
0005101,0000666,0000090,2023-10-30 17:26:42,68600,5000,63600,1,38.3,23.5,14.8,1,12.16,5.0
0005102,0000594,0000026,2023-10-18 17:46:05,43600,2000,41600,1,41.1,50.8,-9.7,0,6.78,1.0
0005103,0000601,0000052,2023-10-14 21:04:13,62700,5000,57700,1,21.9,13.7,8.2,1,0.55,5.0
0005104,0000653,0000049,2023-10-28 09:14:13,66500,5000,61500,1,47.2,56.3,-9.1,0,11.87,5.0
0005105,0000616,0000053,2023-10-27 13:41:37,44800,2000,42800,1,44.2,49.3,-5.1,0,13.65,5.0
0005106,0000642,0000066,2023-10-31 09:50:02,53500,2000,51500,1,47.7,49.4,-1.7,0,11.89,5.0
0005107,0000558,0000059,2023-10-24 10:28:04,19900,500,19400,1,23.7,19.6,4.1,1,13.3,5.0
0005108,0000600,0000026,2023-10-24 20:35:53,93700,5000,88700,1,43.3,49.3,-6.0,0,6.6,5.0
0005109,0000672,0000031,2023-11-27 19:00:33,75700,0,75700,0,35.6,38.3,-2.7,0,5.74,5.0
0005110,0000605,0000085,2023-11-23 03:31:24,96400,0,96400,0,24.8,21.7,3.1,1,11.23,5.0
0005111,0000641,0000088,2023-11-07 01:40:50,25000,1000,24000,1,27.6,37.5,-9.9,0,12.13,5.0
0005112,0000617,0000039,2023-11-19 07:38:00,19800,500,19300,1,44.1,48.1,-4.0,0,10.43,5.0
0005113,0000628,0000003,2023-11-23 07:40:04,87200,0,87200,0,33.9,33.4,0.5,1,8.9,5.0
0005114,0000566,0000088,2023-11-13 05:07:10,21900,0,21900,0,41.2,39.5,1.7,1,14.39,5.0
0005115,0000563,0000065,2023-11-20 14:27:59,49100,0,49100,0,40.3,42.0,-1.7,0,4.12,5.0
0005116,0000564,0000055,2023-11-12 11:29:10,70400,0,70400,0,23.1,24.6,-1.5,0,5.11,5.0
0005117,0000616,0000039,2023-11-25 03:58:54,46600,0,46600,0,22.9,18.7,4.2,1,9.16,5.0
0005118,0000665,0000082,2023-11-02 18:27:44,29900,0,29900,0,26.5,24.4,2.1,1,12.95,5.0
0005119,0000661,0000020,2023-11-16 00:09:38,38600,0,38600,0,25.3,26.7,-1.4,0,2.77,5.0
0005120,0000588,0000073,2023-11-22 08:02:38,49400,0,49400,0,20.2,19.0,1.2,1,5.88,5.0
0005121,0000575,0000064,2023-11-04 07:06:04,18500,0,18500,0,27.7,26.9,0.8,1,6.21,3.0
0005122,0000600,0000050,2023-11-29 23:05:25,77200,0,77200,0,21.9,21.5,0.4,1,7.54,5.0
0005123,0000602,0000052,2023-11-19 11:44:57,55600,0,55600,0,46.9,51.2,-4.3,0,1.89,5.0
0005124,0000571,0000075,2023-11-02 06:01:09,13100,0,13100,0,23.3,22.6,0.7,1,2.83,5.0
0005125,0000562,0000056,2023-11-10 04:49:13,77600,0,77600,0,31.2,27.8,3.4,1,8.33,5.0
0005126,0000609,0000002,2023-11-25 22:46:21,80800,0,80800,0,29.3,25.4,3.9,1,14.69,4.0
0005127,0000561,0000079,2023-11-27 15:09:35,36800,0,36800,0,39.3,37.4,1.9,1,0.95,5.0
0005128,0000584,0000081,2023-11-03 10:25:27,22000,0,22000,0,39.3,37.5,1.8,1,10.2,5.0
0005129,0000577,0000007,2023-11-03 17:47:39,16800,0,16800,0,44.3,41.0,3.3,1,9.8,5.0
0005130,0000648,0000044,2023-11-27 19:45:59,19600,500,19100,1,49.0,53.8,-4.8,0,1.48,5.0
0005131,0000596,0000043,2023-11-07 00:23:34,67000,0,67000,0,20.0,21.8,-1.8,0,12.56,5.0
0005132,0000612,0000059,2023-11-29 15:42:15,87500,0,87500,0,35.3,31.4,3.9,1,5.88,5.0
0005133,0000559,0000078,2023-11-24 17:48:48,90100,0,90100,0,43.5,43.4,0.1,1,6.76,5.0
0005134,0000663,0000035,2023-11-02 00:34:17,61500,0,61500,0,20.7,16.6,4.1,1,13.26,5.0
0005135,0000595,0000041,2023-11-03 23:57:30,77600,5000,72600,1,41.7,43.8,-2.1,0,3.86,5.0
0005136,0000668,0000082,2023-11-10 16:08:59,18100,0,18100,0,47.2,50.7,-3.5,0,1.09,5.0
0005137,0000590,0000013,2023-11-01 20:25:27,35300,0,35300,0,29.3,25.1,4.2,1,2.33,3.0
0005138,0000622,0000052,2023-11-23 21:46:31,86700,0,86700,0,44.8,42.2,2.6,1,3.25,5.0
0005139,0000655,0000063,2023-11-22 07:12:57,69600,5000,64600,1,25.7,29.1,-3.4,0,11.47,5.0
0005140,0000653,0000014,2023-11-01 10:43:37,75800,0,75800,0,42.6,41.1,1.5,1,2.15,5.0
0005141,0000722,0000045,2023-11-15 22:52:00,91000,5000,86000,1,25.7,25.8,-0.1,0,6.19,3.0
0005142,0000858,0000040,2023-11-28 22:09:26,100000,5000,95000,1,37.4,46.9,-9.5,0,5.37,5.0
0005143,0000860,0000035,2023-11-30 03:00:26,10900,500,10400,1,36.9,34.8,2.1,1,4.62,5.0
0005144,0000691,0000093,2023-11-29 17:16:49,83700,5000,78700,1,34.5,38.8,-4.3,0,14.17,5.0
0005145,0000727,0000086,2023-11-08 08:13:35,24800,1000,23800,1,42.2,33.5,8.7,1,9.68,5.0
0005146,0000859,0000056,2023-11-28 21:16:54,62000,5000,57000,1,43.3,45.2,-1.9,0,1.7,5.0
0005147,0000795,0000073,2023-11-26 12:35:36,16100,500,15600,1,32.5,36.3,-3.8,0,8.4,5.0
0005148,0000715,0000038,2023-11-14 23:17:47,76000,5000,71000,1,21.0,11.9,9.1,1,8.27,1.0
0005149,0000701,0000074,2023-11-30 04:04:16,43200,2000,41200,1,44.5,45.8,-1.3,0,7.02,5.0
0005150,0000776,0000029,2023-11-19 18:14:17,28300,1000,27300,1,26.3,29.6,-3.3,0,2.26,5.0
0005151,0000847,0000048,2023-11-26 18:24:46,50400,2000,48400,1,49.4,52.9,-3.5,0,4.9,5.0
0005152,0000705,0000090,2023-11-20 13:51:50,63700,5000,58700,1,26.1,33.9,-7.8,0,2.36,5.0
0005153,0000787,0000014,2023-11-26 12:56:05,90800,5000,85800,1,21.7,28.8,-7.1,0,8.71,5.0
0005154,0000687,0000034,2023-11-23 17:59:45,61700,5000,56700,1,37.5,45.8,-8.3,0,0.57,5.0
0005155,0000693,0000034,2023-11-08 11:41:40,50700,2000,48700,1,45.0,54.0,-9.0,0,9.45,4.0
0005156,0000763,0000052,2023-11-24 13:20:25,50800,2000,48800,1,21.6,16.8,4.8,1,7.05,5.0
0005157,0000786,0000053,2023-11-16 01:17:16,69200,5000,64200,1,43.7,46.9,-3.2,0,6.48,5.0
0005158,0000817,0000061,2023-11-27 09:56:22,97000,5000,92000,1,38.3,46.6,-8.3,0,14.58,5.0
0005159,0000804,0000067,2023-11-23 13:49:24,44600,2000,42600,1,28.4,32.5,-4.1,0,11.42,5.0
0005160,0000798,0000016,2023-11-25 01:06:17,90400,5000,85400,1,46.8,32.6,14.2,1,13.84,5.0
0005161,0000823,0000012,2023-11-27 10:39:37,67000,5000,62000,1,40.7,34.6,6.1,1,2.71,5.0
0005162,0000756,0000086,2023-11-25 00:02:11,13800,500,13300,1,25.9,14.0,11.9,1,7.73,5.0
0005163,0000737,0000023,2023-11-19 00:34:04,70900,5000,65900,1,48.9,35.6,13.3,1,2.12,5.0
0005164,0000834,0000071,2023-11-24 02:10:08,81300,5000,76300,1,28.7,15.0,13.7,1,4.03,5.0
0005165,0000704,0000088,2023-11-22 09:04:39,12400,500,11900,1,24.6,11.4,13.2,1,10.68,5.0
0005166,0000797,0000033,2023-11-27 19:13:26,75300,5000,70300,1,30.5,18.8,11.7,1,2.23,5.0
0005167,0000843,0000092,2023-11-27 11:10:22,57600,2000,55600,1,49.5,59.2,-9.7,0,4.36,5.0
0005168,0000777,0000065,2023-11-26 15:11:06,58500,2000,56500,1,46.1,53.1,-7.0,0,4.34,5.0
0005169,0000746,0000083,2023-11-17 12:25:59,22700,1000,21700,1,29.4,22.9,6.5,1,6.94,5.0
0005170,0000725,0000004,2023-11-29 10:42:17,32500,1000,31500,1,43.6,39.0,4.6,1,3.86,5.0
0005171,0000855,0000061,2023-11-30 09:13:21,24900,1000,23900,1,40.8,28.8,12.0,1,9.09,5.0
0005172,0000853,0000084,2023-11-30 03:31:34,68400,5000,63400,1,44.9,35.9,9.0,1,0.92,5.0
0005173,0000832,0000083,2023-11-28 07:19:39,83700,5000,78700,1,44.1,29.1,15.0,1,1.81,1.0
0005174,0000785,0000010,2023-11-30 22:07:29,22500,1000,21500,1,35.6,20.6,15.0,1,6.81,5.0
0005175,0000685,0000072,2023-11-02 08:20:58,21800,1000,20800,1,48.5,43.1,5.4,1,3.1,5.0
0005176,0000807,0000019,2023-11-21 03:09:20,22900,1000,21900,1,31.7,41.1,-9.4,0,3.23,5.0
0005177,0000710,0000058,2023-11-30 08:05:24,75400,5000,70400,1,24.5,14.5,10.0,1,6.89,5.0
0005178,0000752,0000065,2023-11-19 10:29:45,77700,5000,72700,1,48.2,44.8,3.4,1,11.04,5.0
0005179,0000816,0000061,2023-11-25 20:55:18,18300,500,17800,1,29.4,34.8,-5.4,0,6.39,5.0
0005180,0000864,0000033,2023-11-30 21:08:11,87400,5000,82400,1,49.3,50.2,-0.9,0,13.57,5.0
0005181,0000828,0000064,2023-11-28 00:24:13,48500,2000,46500,1,25.9,13.5,12.4,1,9.34,5.0
0005182,0000851,0000049,2023-11-30 14:45:54,9800,500,9300,1,22.8,26.6,-3.8,0,0.84,5.0
0005183,0000741,0000070,2023-11-19 21:19:57,70500,5000,65500,1,23.3,26.2,-2.9,0,3.39,5.0
0005184,0000852,0000061,2023-11-28 13:21:43,10300,500,9800,1,25.5,21.0,4.5,1,8.55,4.0
0005185,0000692,0000042,2023-11-20 19:59:42,49000,2000,47000,1,21.8,30.1,-8.3,0,7.54,5.0
0005186,0000771,0000006,2023-11-25 02:04:41,46700,2000,44700,1,29.2,37.5,-8.3,0,11.5,5.0
0005187,0000768,0000087,2023-11-21 11:25:26,23700,1000,22700,1,27.6,33.1,-5.5,0,10.76,5.0
0005188,0000718,0000046,2023-11-26 16:28:53,67800,5000,62800,1,29.8,16.7,13.1,1,10.99,5.0
0005189,0000766,0000080,2023-11-29 04:25:54,81000,5000,76000,1,32.9,26.3,6.6,1,10.91,5.0
0005190,0000813,0000018,2023-11-24 11:30:12,74300,5000,69300,1,34.7,20.7,14.0,1,12.25,5.0
0005191,0000838,0000081,2023-11-25 13:21:47,47000,2000,45000,1,49.0,53.8,-4.8,0,8.9,5.0
0005192,0000683,0000049,2023-11-23 03:37:59,52600,2000,50600,1,21.1,30.8,-9.7,0,9.44,5.0
0005193,0000812,0000060,2023-11-29 19:40:07,17700,500,17200,1,27.3,22.4,4.9,1,5.63,5.0
0005194,0000792,0000008,2023-11-28 11:48:05,75000,5000,70000,1,27.0,30.0,-3.0,0,14.28,5.0
0005195,0000730,0000046,2023-11-26 15:45:33,38600,1000,37600,1,36.1,29.0,7.1,1,7.1,4.0
0005196,0000696,0000086,2023-11-29 05:06:08,57100,2000,55100,1,26.1,23.4,2.7,1,10.3,5.0
0005197,0000682,0000039,2023-11-03 05:20:46,22000,1000,21000,1,32.1,41.9,-9.8,0,7.09,5.0
0005198,0000706,0000074,2023-11-20 00:05:45,29200,1000,28200,1,46.0,32.5,13.5,1,2.15,5.0
0005199,0000784,0000015,2023-11-30 19:17:49,34900,1000,33900,1,20.8,23.0,-2.2,0,6.02,5.0
0005200,0000810,0000005,2023-11-24 15:03:48,7300,500,6800,1,40.4,48.8,-8.4,0,8.69,5.0
0005201,0000740,0000042,2023-11-30 13:34:15,52200,2000,50200,1,24.4,33.2,-8.8,0,2.87,5.0
0005202,0000791,0000057,2023-11-30 21:15:15,53400,2000,51400,1,47.3,48.8,-1.5,0,3.52,5.0
0005203,0000774,0000075,2023-11-27 09:34:22,23500,1000,22500,1,49.4,52.0,-2.6,0,6.25,5.0
0005204,0000700,0000004,2023-11-05 12:35:48,38500,1000,37500,1,26.0,35.1,-9.1,0,7.8,3.0
0005205,0000773,0000008,2023-11-25 10:46:20,66700,5000,61700,1,34.9,42.7,-7.8,0,11.15,5.0
0005206,0000849,0000069,2023-11-29 14:34:37,52200,2000,50200,1,45.9,47.5,-1.6,0,14.19,4.0
0005207,0000809,0000027,2023-11-28 16:47:50,56900,2000,54900,1,24.7,28.5,-3.8,0,13.41,5.0
0005208,0000837,0000028,2023-11-25 04:55:11,7200,500,6700,1,20.5,18.3,2.2,1,7.83,5.0
0005209,0000708,0000096,2023-11-29 21:11:26,17600,500,17100,1,39.2,46.4,-7.2,0,10.08,5.0
0005210,0000689,0000008,2023-11-29 23:30:10,11100,500,10600,1,44.5,35.8,8.7,1,2.99,5.0
0005211,0000846,0000026,2023-11-28 03:34:15,67000,5000,62000,1,33.9,34.6,-0.7,0,2.78,5.0
0005212,0000796,0000069,2023-11-19 13:02:57,12400,500,11900,1,33.9,21.4,12.5,1,7.93,5.0
0005213,0000760,0000065,2023-11-21 07:34:09,64300,5000,59300,1,41.5,30.0,11.5,1,2.38,5.0
0005214,0000861,0000080,2023-11-29 05:59:08,50600,2000,48600,1,39.1,34.0,5.1,1,2.31,5.0
0005215,0000703,0000005,2023-11-06 02:10:16,53000,2000,51000,1,23.9,28.9,-5.0,0,7.53,5.0
0005216,0000856,0000093,2023-11-30 17:12:17,59300,2000,57300,1,47.2,34.3,12.9,1,11.35,5.0
0005217,0000866,0000078,2023-11-30 09:11:41,71300,5000,66300,1,33.2,42.5,-9.3,0,11.38,5.0
0005218,0000717,0000043,2023-11-30 14:21:09,52800,2000,50800,1,29.7,25.1,4.6,1,14.82,5.0
0005219,0000729,0000096,2023-11-11 04:13:30,26300,1000,25300,1,26.3,17.4,8.9,1,5.76,5.0
0005220,0000802,0000015,2023-11-20 17:35:55,40900,2000,38900,1,31.7,21.6,10.1,1,2.24,4.0
0005221,0000697,0000060,2023-11-30 20:26:32,16300,500,15800,1,38.1,35.6,2.5,1,9.03,5.0
0005222,0000754,0000033,2023-11-25 00:45:21,26800,1000,25800,1,24.8,25.3,-0.5,0,1.54,1.0
0005223,0000735,0000097,2023-11-13 23:23:27,24600,1000,23600,1,30.7,33.9,-3.2,0,1.89,5.0
0005224,0000709,0000080,2023-11-28 20:36:23,92700,5000,87700,1,44.4,29.9,14.5,1,3.42,5.0
0005225,0000783,0000058,2023-11-30 14:51:58,21800,1000,20800,1,34.0,21.2,12.8,1,5.25,5.0
0005226,0000806,0000085,2023-11-21 04:45:31,60600,5000,55600,1,29.4,16.5,12.9,1,13.31,5.0
0005227,0000681,0000027,2023-11-20 19:29:52,60500,5000,55500,1,46.2,46.9,-0.7,0,3.2,5.0
0005228,0000790,0000041,2023-11-28 08:23:53,81600,5000,76600,1,40.4,37.8,2.6,1,12.67,4.0
0005229,0000716,0000079,2023-11-17 02:30:27,33400,1000,32400,1,25.6,14.6,11.0,1,3.71,5.0
0005230,0000782,0000012,2023-11-20 15:13:35,87100,5000,82100,1,32.6,28.5,4.1,1,13.48,5.0
0005231,0000732,0000013,2023-11-26 02:09:42,51000,2000,49000,1,48.1,57.3,-9.2,0,0.94,5.0
0005232,0000745,0000042,2023-11-18 03:14:32,36000,1000,35000,1,40.7,26.3,14.4,1,8.89,5.0
0005233,0000788,0000019,2023-11-29 04:17:13,22400,1000,21400,1,39.9,26.7,13.2,1,2.24,5.0
0005234,0000779,0000088,2023-11-29 17:24:09,24600,1000,23600,1,33.3,38.1,-4.8,0,6.78,4.0
0005235,0000819,0000025,2023-11-24 02:55:24,87100,5000,82100,1,37.7,44.5,-6.8,0,11.21,5.0
0005236,0000799,0000096,2023-11-29 14:21:10,62700,5000,57700,1,38.3,45.1,-6.8,0,5.34,5.0
0005237,0000755,0000047,2023-11-30 13:21:45,86700,5000,81700,1,23.9,26.2,-2.3,0,0.79,5.0
0005238,0000772,0000031,2023-11-27 08:48:46,96700,5000,91700,1,31.5,37.2,-5.7,0,10.15,5.0
0005239,0000731,0000094,2023-11-20 02:51:48,88700,5000,83700,1,38.7,48.2,-9.5,0,6.75,5.0
0005240,0000711,0000073,2023-11-28 22:03:27,42000,2000,40000,1,24.6,34.3,-9.7,0,12.56,5.0
0005241,0000842,0000072,2023-11-26 19:43:17,18400,500,17900,1,49.0,43.4,5.6,1,5.47,5.0
0005242,0000688,0000084,2023-11-06 16:22:57,8100,500,7600,1,24.2,13.9,10.3,1,14.71,5.0
0005243,0000850,0000029,2023-11-29 17:19:00,76300,5000,71300,1,26.8,17.5,9.3,1,9.05,5.0
0005244,0000723,0000071,2023-11-12 18:06:16,69500,5000,64500,1,43.4,46.1,-2.7,0,12.62,5.0
0005245,0000805,0000013,2023-11-28 10:23:27,85400,5000,80400,1,33.2,26.8,6.4,1,3.54,5.0
0005246,0000747,0000031,2023-11-18 05:30:07,71800,5000,66800,1,25.3,20.2,5.1,1,6.94,5.0
0005247,0000750,0000063,2023-11-12 06:36:31,86700,5000,81700,1,25.5,27.1,-1.6,0,12.86,5.0
0005248,0000758,0000078,2023-11-28 12:08:29,18000,500,17500,1,34.0,24.4,9.6,1,2.99,5.0
0005249,0000830,0000062,2023-11-25 20:48:22,24600,1000,23600,1,32.7,40.3,-7.6,0,12.62,5.0
0005250,0000676,0000021,2023-11-01 15:09:59,24100,1000,23100,1,30.4,26.7,3.7,1,2.6,5.0
0005251,0000865,0000011,2023-11-30 22:43:35,29400,1000,28400,1,28.7,16.9,11.8,1,2.82,5.0
0005252,0000677,0000081,2023-11-25 14:46:34,60200,5000,55200,1,44.5,51.3,-6.8,0,10.4,5.0
0005253,0000836,0000075,2023-11-26 00:19:57,20100,1000,19100,1,25.6,31.6,-6.0,0,7.68,5.0
0005254,0000821,0000084,2023-11-25 03:59:26,15400,500,14900,1,49.6,34.8,14.8,1,1.01,5.0
0005255,0000862,0000100,2023-11-29 09:49:32,10200,500,9700,1,39.7,28.9,10.8,1,9.07,5.0
0005256,0000699,0000029,2023-11-12 22:12:47,16500,500,16000,1,32.9,33.3,-0.4,0,2.52,5.0
0005257,0000675,0000057,2023-11-12 07:23:21,90400,5000,85400,1,28.3,37.1,-8.8,0,12.22,5.0
0005258,0000803,0000098,2023-11-24 23:00:26,97500,5000,92500,1,40.6,32.0,8.6,1,12.25,5.0
0005259,0000863,0000046,2023-11-30 17:26:48,34700,1000,33700,1,40.1,29.3,10.8,1,7.96,5.0
0005260,0000840,0000078,2023-11-26 21:56:54,52300,2000,50300,1,32.6,19.4,13.2,1,1.23,5.0
0005261,0000765,0000069,2023-11-16 10:25:08,87200,5000,82200,1,38.0,39.5,-1.5,0,5.2,5.0
0005262,0000728,0000085,2023-11-26 20:20:10,70500,5000,65500,1,24.0,28.4,-4.4,0,3.37,4.0
0005263,0000757,0000094,2023-11-29 00:38:03,83600,5000,78600,1,21.0,9.7,11.3,1,12.26,3.0
0005264,0000680,0000062,2023-11-11 07:37:37,30700,1000,29700,1,49.7,49.8,-0.1,0,9.89,5.0
0005265,0000808,0000041,2023-11-21 04:35:17,37200,1000,36200,1,29.5,35.0,-5.5,0,13.28,4.0
0005266,0000726,0000027,2023-11-18 07:11:24,41100,2000,39100,1,20.5,29.5,-9.0,0,2.34,5.0
0005267,0000831,0000001,2023-11-23 18:02:59,92700,5000,87700,1,33.2,38.4,-5.2,0,1.76,5.0
0005268,0000738,0000095,2023-11-12 14:31:54,71700,5000,66700,1,21.2,13.0,8.2,1,4.8,3.0
0005269,0000854,0000054,2023-11-30 05:43:37,35800,1000,34800,1,22.9,17.9,5.0,1,0.64,5.0
0005270,0000734,0000083,2023-11-19 15:19:03,51100,2000,49100,1,27.3,28.5,-1.2,0,0.87,5.0
0005271,0000702,0000026,2023-11-23 11:35:35,94300,5000,89300,1,21.9,15.7,6.2,1,12.6,5.0
0005272,0000739,0000036,2023-11-25 22:40:25,26400,1000,25400,1,35.3,29.7,5.6,1,3.98,5.0
0005273,0000844,0000043,2023-11-26 03:22:35,37300,1000,36300,1,28.0,18.1,9.9,1,1.75,5.0
0005274,0000721,0000054,2023-11-18 17:46:09,76100,5000,71100,1,34.3,39.4,-5.1,0,11.84,5.0
0005275,0000801,0000052,2023-11-23 18:11:24,86800,5000,81800,1,25.2,33.5,-8.3,0,7.14,5.0
0005276,0000720,0000083,2023-11-14 02:41:53,61400,5000,56400,1,48.8,44.7,4.1,1,6.52,5.0
0005277,0000769,0000045,2023-11-15 15:07:09,18300,500,17800,1,31.6,33.9,-2.3,0,12.65,5.0
0005278,0000822,0000068,2023-11-27 13:51:35,76800,5000,71800,1,45.4,40.0,5.4,1,13.72,5.0
0005279,0000724,0000014,2023-11-22 16:02:56,92500,5000,87500,1,28.3,17.6,10.7,1,13.74,5.0
0005280,0000825,0000012,2023-11-28 03:13:11,79500,5000,74500,1,41.4,30.8,10.6,1,7.16,5.0
0005281,0000789,0000098,2023-11-29 19:11:14,24900,1000,23900,1,29.8,23.0,6.8,1,9.91,5.0
0005282,0000767,0000068,2023-11-16 11:28:06,54900,2000,52900,1,47.5,39.7,7.8,1,7.74,5.0
0005283,0000673,0000002,2023-11-02 06:37:12,9600,500,9100,1,32.7,30.6,2.1,1,8.5,5.0
0005284,0000781,0000010,2023-11-26 09:25:12,53200,2000,51200,1,26.9,35.1,-8.2,0,5.28,4.0
0005285,0000818,0000097,2023-11-25 03:50:11,23400,1000,22400,1,37.4,31.7,5.7,1,9.32,5.0
0005286,0000707,0000087,2023-11-21 13:09:47,38900,1000,37900,1,28.2,23.9,4.3,1,8.55,5.0
0005287,0000743,0000074,2023-11-12 15:53:07,71700,5000,66700,1,32.2,39.6,-7.4,0,9.47,5.0
0005288,0000713,0000057,2023-11-27 15:14:28,61000,5000,56000,1,33.0,27.6,5.4,1,0.98,5.0
0005289,0000848,0000052,2023-11-27 19:40:34,69000,5000,64000,1,20.2,25.3,-5.1,0,2.37,5.0
0005290,0000857,0000038,2023-11-30 12:04:07,83500,5000,78500,1,25.0,29.6,-4.6,0,1.33,5.0
0005291,0000778,0000022,2023-11-23 19:40:16,30600,1000,29600,1,39.6,45.4,-5.8,0,8.91,5.0
0005292,0000841,0000045,2023-11-25 13:23:29,53600,2000,51600,1,49.6,41.5,8.1,1,10.74,5.0
0005293,0000748,0000097,2023-11-29 10:32:56,35700,1000,34700,1,42.9,49.9,-7.0,0,1.38,5.0
0005294,0000824,0000005,2023-11-29 01:16:53,76200,5000,71200,1,46.4,56.4,-10.0,0,9.04,5.0
0005295,0000770,0000034,2023-11-19 18:28:16,35500,1000,34500,1,27.5,22.2,5.3,1,12.36,5.0
0005296,0000753,0000043,2023-11-21 11:50:23,45400,2000,43400,1,42.0,38.0,4.0,1,5.5,5.0
0005297,0000826,0000057,2023-11-25 05:24:49,13400,500,12900,1,48.8,39.9,8.9,1,0.99,5.0
0005298,0000705,0000053,2023-12-26 10:19:52,65300,0,65300,0,42.9,46.6,-3.7,0,6.26,5.0
0005299,0000744,0000035,2023-12-14 01:53:13,99900,5000,94900,1,33.8,43.3,-9.5,0,2.66,5.0
0005300,0000847,0000075,2023-12-07 05:19:40,82900,0,82900,0,28.8,28.0,0.8,1,11.44,5.0
0005301,0000801,0000069,2023-12-02 14:25:43,21900,0,21900,0,21.6,21.3,0.3,1,11.36,5.0
0005302,0000814,0000067,2023-12-31 07:04:11,36600,1000,35600,1,33.2,39.9,-6.7,0,6.91,5.0
0005303,0000765,0000043,2023-12-04 04:32:34,93700,0,93700,0,48.4,48.3,0.1,1,4.65,5.0
0005304,0000735,0000049,2023-12-12 22:30:12,37200,0,37200,0,43.9,44.5,-0.6,0,3.37,5.0
0005305,0000769,0000038,2023-12-21 09:50:18,55800,0,55800,0,22.2,21.0,1.2,1,14.55,5.0
0005306,0000774,0000020,2023-12-05 04:38:59,52300,0,52300,0,31.4,32.8,-1.4,0,8.83,5.0
0005307,0000791,0000054,2023-12-24 01:11:16,20900,0,20900,0,37.1,33.6,3.5,1,14.27,1.0
0005308,0000750,0000061,2023-12-30 05:16:53,10700,0,10700,0,20.3,22.4,-2.1,0,9.67,5.0
0005309,0000752,0000075,2023-12-12 04:17:56,51200,0,51200,0,40.4,38.7,1.7,1,4.62,4.0
0005310,0000781,0000068,2023-12-03 17:56:04,44800,0,44800,0,49.5,49.7,-0.2,0,14.76,5.0
0005311,0000799,0000047,2023-12-07 13:11:46,82800,0,82800,0,46.7,51.6,-4.9,0,4.82,5.0
0005312,0000703,0000069,2023-12-21 12:25:05,28200,0,28200,0,44.4,45.1,-0.7,0,15.0,5.0
0005313,0000708,0000088,2023-12-29 10:29:03,29600,0,29600,0,33.0,34.7,-1.7,0,2.29,5.0
0005314,0000728,0000071,2023-12-25 08:46:32,96800,0,96800,0,39.8,35.0,4.8,1,12.07,5.0
0005315,0000764,0000064,2023-12-03 00:53:54,96100,5000,91100,1,25.5,23.3,2.2,1,4.14,5.0
0005316,0000776,0000011,2023-12-07 18:47:22,27700,0,27700,0,36.6,35.2,1.4,1,11.62,5.0
0005317,0000693,0000041,2023-12-26 03:18:36,88000,0,88000,0,32.6,30.3,2.3,1,3.58,1.0
0005318,0000836,0000087,2023-12-16 08:37:11,18200,0,18200,0,21.1,19.6,1.5,1,2.03,5.0
0005319,0000741,0000005,2023-12-08 10:34:12,84200,0,84200,0,39.3,39.1,0.2,1,9.02,5.0
0005320,0000780,0000090,2023-12-13 14:17:43,21600,1000,20600,1,34.7,42.5,-7.8,0,2.0,5.0
0005321,0000683,0000057,2023-12-22 14:02:12,67000,0,67000,0,36.9,32.2,4.7,1,2.4,5.0
0005322,0000846,0000041,2023-12-02 01:39:41,82700,0,82700,0,35.8,35.599999999999994,0.2,1,6.7,5.0
0005323,0000771,0000048,2023-12-14 17:39:43,41400,0,41400,0,45.0,45.6,-0.6,0,9.59,5.0
0005324,0000827,0000011,2023-12-20 05:16:46,91700,5000,86700,1,28.2,32.4,-4.2,0,1.57,5.0
0005325,0000685,0000068,2023-12-04 22:22:05,41900,0,41900,0,35.8,37.0,-1.2,0,7.39,5.0
0005326,0000674,0000088,2023-12-21 14:14:42,62400,5000,57400,1,46.8,55.0,-8.2,0,13.2,5.0
0005327,0000754,0000054,2023-12-15 04:31:04,34700,0,34700,0,38.9,33.9,5.0,1,8.85,4.0
0005328,0000786,0000018,2023-12-27 04:15:19,10100,0,10100,0,35.8,31.1,4.7,1,9.72,5.0
0005329,0000772,0000094,2023-12-20 10:57:29,29300,0,29300,0,48.2,47.7,0.5,1,14.24,5.0
0005330,0000701,0000095,2023-12-25 16:06:32,26100,0,26100,0,49.5,51.8,-2.3,0,10.39,5.0
0005331,0000808,0000075,2023-12-05 16:16:23,16800,0,16800,0,24.7,22.6,2.1,1,7.04,5.0
0005332,0000787,0000041,2023-12-18 19:24:03,96600,0,96600,0,32.4,33.1,-0.7,0,10.26,5.0
0005333,0000838,0000091,2023-12-14 16:40:48,77100,0,77100,0,30.3,33.4,-3.1,0,1.35,5.0
0005334,0000831,0000091,2023-12-30 18:22:26,80600,0,80600,0,34.1,36.3,-2.2,0,12.63,5.0
0005335,0000700,0000031,2023-12-31 16:57:29,85500,0,85500,0,25.9,21.9,4.0,1,13.53,5.0
0005336,0000810,0000084,2023-12-22 17:21:34,51400,0,51400,0,44.7,42.400000000000006,2.3,1,4.92,5.0
0005337,0000761,0000029,2023-12-19 04:16:39,15100,500,14600,1,45.9,49.0,-3.1,0,6.53,4.0
0005338,0000773,0000078,2023-12-08 17:35:08,36800,0,36800,0,48.5,53.3,-4.8,0,9.38,3.0
0005339,0000723,0000066,2023-12-24 07:39:24,43000,0,43000,0,29.1,30.9,-1.8,0,7.58,5.0
0005340,0000722,0000040,2023-12-12 09:00:30,38900,0,38900,0,36.6,32.7,3.9,1,5.57,5.0
0005341,0000755,0000026,2023-12-05 21:18:41,43000,0,43000,0,24.9,24.2,0.7,1,4.78,5.0
0005342,0000699,0000092,2023-12-22 05:54:55,62400,0,62400,0,34.4,29.8,4.6,1,1.82,5.0
0005343,0000691,0000058,2023-12-09 00:44:28,59800,0,59800,0,27.9,27.0,0.9,1,10.77,5.0
0005344,0000857,0000081,2023-12-23 21:51:14,70700,0,70700,0,27.8,28.7,-0.9,0,8.94,5.0
0005345,0000726,0000059,2023-12-14 22:17:49,99200,0,99200,0,46.7,47.2,-0.5,0,5.34,5.0
0005346,0000811,0000004,2023-12-27 04:28:25,61000,5000,56000,1,35.1,37.5,-2.4,0,9.44,5.0
0005347,0000677,0000014,2023-12-14 13:07:58,56700,0,56700,0,44.4,44.0,0.4,1,12.72,5.0
0005348,0000751,0000092,2023-12-23 23:05:58,12000,500,11500,1,41.0,41.6,-0.6,0,4.9,5.0
0005349,0000698,0000024,2023-12-05 22:50:11,53400,0,53400,0,49.3,45.6,3.7,1,13.59,5.0
0005350,0000778,0000035,2023-12-18 02:04:33,66100,0,66100,0,37.0,36.5,0.5,1,12.29,5.0
0005351,0000851,0000038,2023-12-28 17:53:39,12000,0,12000,0,36.0,32.6,3.4,1,9.01,5.0
0005352,0000804,0000044,2023-12-26 04:26:56,89500,0,89500,0,38.0,40.6,-2.6,0,10.22,5.0
0005353,0000793,0000093,2023-12-02 17:11:29,60300,5000,55300,1,31.3,36.9,-5.6,0,6.95,5.0
0005354,0000866,0000088,2023-12-05 02:34:10,49700,0,49700,0,44.5,44.1,0.4,1,12.82,5.0
0005355,0000796,0000012,2023-12-02 04:28:32,50800,0,50800,0,21.6,23.3,-1.7,0,11.73,5.0
0005356,0000690,0000005,2023-12-07 07:28:07,21700,1000,20700,1,23.3,25.6,-2.3,0,3.57,5.0
0005357,0000830,0000039,2023-12-20 05:59:20,78500,0,78500,0,37.6,41.4,-3.8,0,2.96,5.0
0005358,0000740,0000042,2023-12-23 11:51:54,62700,0,62700,0,43.0,38.8,4.2,1,12.72,5.0
0005359,0000858,0000096,2023-12-15 23:03:24,55700,0,55700,0,43.8,41.5,2.3,1,3.47,1.0
0005360,0000675,0000068,2023-12-11 10:07:11,62800,0,62800,0,46.5,45.1,1.4,1,11.14,5.0
0005361,0000859,0000015,2023-12-29 01:07:36,20300,0,20300,0,24.8,26.8,-2.0,0,12.46,5.0
0005362,0000721,0000052,2023-12-01 15:57:48,88500,0,88500,0,38.3,33.599999999999994,4.7,1,1.52,5.0
0005363,0000777,0000041,2023-12-08 15:10:40,66800,0,66800,0,42.2,43.8,-1.6,0,9.38,5.0
0005364,0000864,0000031,2023-12-23 18:30:26,62200,0,62200,0,48.6,48.7,-0.1,0,2.0,5.0
0005365,0000821,0000034,2023-12-10 15:29:41,97200,0,97200,0,25.5,27.5,-2.0,0,10.81,5.0
0005366,0000748,0000020,2023-12-21 23:47:50,94900,0,94900,0,37.3,34.099999999999994,3.2,1,10.36,5.0
0005367,0000679,0000017,2023-12-02 03:21:55,60500,5000,55500,1,38.3,48.1,-9.8,0,2.44,5.0
0005368,0000711,0000044,2023-12-01 19:08:51,28900,0,28900,0,44.1,42.3,1.8,1,4.47,5.0
0005369,0000768,0000063,2023-12-08 15:28:27,92100,0,92100,0,45.9,47.6,-1.7,0,5.56,5.0
0005370,0000906,0000045,2023-12-24 09:01:34,67800,5000,62800,1,49.4,57.5,-8.1,0,0.86,5.0
0005371,0000896,0000084,2023-12-27 14:32:02,49700,2000,47700,1,46.7,52.0,-5.3,0,5.72,5.0
0005372,0000960,0000006,2023-12-24 20:26:48,50400,2000,48400,1,35.6,40.3,-4.7,0,9.77,5.0
0005373,0000868,0000055,2023-12-31 10:08:26,19400,500,18900,1,21.8,23.2,-1.4,0,7.28,5.0
0005374,0000959,0000060,2023-12-20 15:07:32,35100,1000,34100,1,26.1,27.3,-1.2,0,13.46,4.0
0005375,0000922,0000054,2023-12-31 17:45:40,98400,5000,93400,1,29.3,31.1,-1.8,0,14.71,5.0
0005376,0000945,0000064,2023-12-31 09:29:56,20000,1000,19000,1,31.0,27.9,3.1,1,0.95,3.0
0005377,0000879,0000053,2023-12-29 15:42:40,41000,2000,39000,1,24.8,12.8,12.0,1,12.39,4.0
0005378,0000972,0000043,2023-12-26 11:50:07,57100,2000,55100,1,44.3,45.6,-1.3,0,10.98,5.0
0005379,0000881,0000015,2023-12-26 14:59:20,15400,500,14900,1,20.0,5.7,14.3,1,12.75,5.0
0005380,0001020,0000041,2023-12-31 01:25:01,25600,1000,24600,1,25.4,29.5,-4.1,0,12.63,5.0
0005381,0000930,0000045,2023-12-13 15:36:50,15300,500,14800,1,45.4,31.8,13.6,1,3.21,5.0
0005382,0000891,0000079,2023-12-17 15:47:10,38700,1000,37700,1,31.1,40.1,-9.0,0,10.01,5.0
0005383,0000914,0000036,2023-12-10 00:32:05,99300,5000,94300,1,43.7,48.4,-4.7,0,4.65,5.0
0005384,0001012,0000071,2023-12-28 13:43:42,45600,2000,43600,1,40.3,49.6,-9.3,0,14.97,3.0
0005385,0001018,0000064,2023-12-30 07:53:29,52200,2000,50200,1,31.6,27.8,3.8,1,6.69,4.0
0005386,0000983,0000045,2023-12-29 17:54:57,94900,5000,89900,1,27.9,13.2,14.7,1,10.19,5.0
0005387,0000994,0000042,2023-12-28 09:13:17,31300,1000,30300,1,29.3,17.0,12.3,1,1.69,4.0
0005388,0000931,0000063,2023-12-31 11:57:16,78600,5000,73600,1,49.3,44.4,4.9,1,9.58,5.0
0005389,0000933,0000019,2023-12-19 01:08:39,36100,1000,35100,1,46.0,52.0,-6.0,0,5.13,4.0
0005390,0000888,0000014,2023-12-28 12:14:41,52700,2000,50700,1,43.8,33.6,10.2,1,13.02,3.0
0005391,0000985,0000096,2023-12-29 21:10:47,24700,1000,23700,1,33.5,27.3,6.2,1,1.32,5.0
0005392,0000920,0000094,2023-12-17 11:26:54,93700,5000,88700,1,32.5,18.5,14.0,1,4.84,4.0
0005393,0000923,0000063,2023-12-27 16:39:04,88400,5000,83400,1,44.8,38.9,5.9,1,2.87,5.0
0005394,0000969,0000057,2023-12-30 16:04:30,48500,2000,46500,1,49.4,43.9,5.5,1,14.33,5.0
0005395,0000886,0000092,2023-12-26 03:01:15,51400,2000,49400,1,33.1,22.0,11.1,1,11.9,5.0
0005396,0000971,0000097,2023-12-28 18:12:01,61700,5000,56700,1,35.7,27.5,8.2,1,3.95,5.0
0005397,0000947,0000078,2023-12-21 20:50:17,35100,1000,34100,1,49.8,56.0,-6.2,0,10.76,5.0
0005398,0000905,0000064,2023-12-14 15:51:47,75800,5000,70800,1,39.3,29.5,9.8,1,13.8,5.0
0005399,0000963,0000068,2023-12-31 04:02:16,17700,500,17200,1,21.7,14.0,7.7,1,6.69,5.0
0005400,0000915,0000019,2023-12-11 18:57:36,92400,5000,87400,1,21.4,8.9,12.5,1,13.58,5.0
0005401,0000954,0000027,2023-12-20 02:21:07,12600,500,12100,1,26.4,28.5,-2.1,0,10.27,5.0
0005402,0000989,0000007,2023-12-23 03:13:10,38500,1000,37500,1,22.0,26.6,-4.6,0,7.86,5.0
0005403,0000980,0000076,2023-12-25 12:41:44,64500,5000,59500,1,22.7,26.8,-4.1,0,1.25,5.0
0005404,0001009,0000066,2023-12-31 03:43:33,55700,2000,53700,1,44.2,32.3,11.9,1,10.41,4.0
0005405,0000893,0000013,2023-12-07 22:17:54,13000,500,12500,1,31.7,40.4,-8.7,0,13.93,5.0
0005406,0000951,0000093,2023-12-20 03:30:28,96600,5000,91600,1,37.3,28.3,9.0,1,9.46,5.0
0005407,0000992,0000022,2023-12-27 04:09:01,46400,2000,44400,1,36.3,36.9,-0.6,0,11.01,5.0
0005408,0000910,0000018,2023-12-31 01:53:21,43200,2000,41200,1,47.1,47.6,-0.5,0,5.5,5.0
0005409,0000921,0000043,2023-12-28 15:50:04,66000,5000,61000,1,27.3,15.8,11.5,1,2.93,5.0
0005410,0000911,0000099,2023-12-25 13:10:13,100000,5000,95000,1,24.2,15.7,8.5,1,3.04,5.0
0005411,0000978,0000048,2023-12-27 00:32:21,67400,5000,62400,1,22.0,22.4,-0.4,0,13.68,4.0
0005412,0000965,0000039,2023-12-21 08:09:44,29000,1000,28000,1,41.0,38.3,2.7,1,2.91,3.0
0005413,0000932,0000055,2023-12-18 18:09:56,94200,5000,89200,1,41.6,33.4,8.2,1,14.75,5.0
0005414,0000984,0000065,2023-12-23 00:27:25,70300,5000,65300,1,39.2,43.3,-4.1,0,2.23,5.0
0005415,0000916,0000064,2023-12-12 08:35:59,58500,2000,56500,1,39.7,32.4,7.3,1,1.43,5.0
0005416,0000936,0000027,2023-12-23 07:04:08,79800,5000,74800,1,33.7,34.9,-1.2,0,8.2,3.0
0005417,0000876,0000088,2023-12-21 15:28:10,48900,2000,46900,1,44.4,41.3,3.1,1,5.62,5.0
0005418,0000958,0000085,2023-12-29 01:15:54,52300,2000,50300,1,20.2,10.6,9.6,1,4.47,5.0
0005419,0000970,0000099,2023-12-19 15:11:13,32600,1000,31600,1,38.4,27.5,10.9,1,8.06,5.0
0005420,0000942,0000038,2023-12-27 23:08:43,67900,5000,62900,1,28.9,35.5,-6.6,0,8.67,4.0
0005421,0000988,0000069,2023-12-24 19:58:41,97400,5000,92400,1,37.3,38.6,-1.3,0,7.92,5.0
0005422,0000937,0000030,2023-12-15 13:30:17,71400,5000,66400,1,29.5,33.9,-4.4,0,2.55,5.0
0005423,0000998,0000046,2023-12-28 06:28:28,83400,5000,78400,1,20.8,27.6,-6.8,0,0.97,5.0
0005424,0000997,0000077,2023-12-29 08:21:18,62200,5000,57200,1,47.7,53.2,-5.5,0,2.17,5.0
0005425,0001017,0000077,2023-12-31 02:23:55,94600,5000,89600,1,31.0,35.1,-4.1,0,9.12,5.0
0005426,0000885,0000006,2023-12-31 17:07:08,18500,500,18000,1,41.1,43.0,-1.9,0,4.44,5.0
0005427,0000894,0000064,2023-12-10 11:25:16,71700,5000,66700,1,42.8,40.1,2.7,1,8.04,3.0
0005428,0001007,0000055,2023-12-28 08:46:35,8700,500,8200,1,27.1,13.5,13.6,1,7.57,5.0
0005429,0001022,0000061,2023-12-31 16:00:09,26800,1000,25800,1,35.4,39.2,-3.8,0,3.8,5.0
0005430,0000897,0000099,2023-12-24 06:51:18,98400,5000,93400,1,48.7,34.3,14.4,1,6.08,5.0
0005431,0001003,0000038,2023-12-26 15:31:30,40600,2000,38600,1,42.8,29.3,13.5,1,7.17,5.0
0005432,0000982,0000036,2023-12-26 20:06:16,25600,1000,24600,1,39.4,46.0,-6.6,0,3.6,5.0
0005433,0000908,0000100,2023-12-17 06:46:47,30900,1000,29900,1,41.2,43.4,-2.2,0,11.21,5.0
0005434,0000953,0000007,2023-12-22 09:18:19,18700,500,18200,1,31.3,33.8,-2.5,0,3.41,1.0
0005435,0000939,0000087,2023-12-29 03:57:32,42400,2000,40400,1,41.5,36.6,4.9,1,14.23,5.0
0005436,0000977,0000078,2023-12-23 20:56:26,37600,1000,36600,1,21.1,27.7,-6.6,0,5.09,5.0
0005437,0000964,0000087,2023-12-21 04:24:05,97400,5000,92400,1,23.4,29.5,-6.1,0,9.47,5.0
0005438,0000904,0000070,2023-12-08 20:01:45,88000,5000,83000,1,28.0,28.4,-0.4,0,1.72,5.0
0005439,0000943,0000092,2023-12-19 05:28:56,84400,5000,79400,1,40.3,43.9,-3.6,0,0.54,5.0
0005440,0001014,0000077,2023-12-31 08:56:40,75400,5000,70400,1,27.1,31.2,-4.1,0,14.43,5.0
0005441,0000975,0000032,2023-12-30 18:52:20,38900,1000,37900,1,34.5,35.0,-0.5,0,6.17,5.0
0005442,0000926,0000010,2023-12-29 11:29:30,68300,5000,63300,1,41.0,34.7,6.3,1,7.19,3.0
0005443,0001023,0000087,2023-12-31 11:02:25,11700,500,11200,1,36.0,45.1,-9.1,0,3.7,5.0
0005444,0001016,0000068,2023-12-30 20:23:48,78200,5000,73200,1,35.6,43.1,-7.5,0,7.78,1.0
0005445,0001019,0000094,2023-12-31 19:25:56,82500,5000,77500,1,31.3,29.3,2.0,1,3.99,5.0
0005446,0000999,0000005,2023-12-28 16:31:17,34700,1000,33700,1,27.7,13.0,14.7,1,3.82,5.0
0005447,0000974,0000064,2023-12-29 04:32:12,26400,1000,25400,1,27.6,16.8,10.8,1,3.61,5.0
0005448,0000907,0000048,2023-12-29 06:14:29,73700,5000,68700,1,29.2,26.8,2.4,1,3.59,5.0
0005449,0000948,0000002,2023-12-24 13:04:14,32900,1000,31900,1,20.9,21.5,-0.6,0,6.57,1.0
0005450,0000950,0000066,2023-12-23 19:40:45,9500,500,9000,1,48.9,55.1,-6.2,0,13.31,5.0
0005451,0000917,0000018,2023-12-29 19:50:27,61300,5000,56300,1,26.0,23.2,2.8,1,7.48,4.0
0005452,0000880,0000085,2023-12-22 14:40:36,32000,1000,31000,1,23.7,10.0,13.7,1,6.44,5.0
0005453,0000867,0000074,2023-12-21 06:16:14,69900,5000,64900,1,41.0,35.1,5.9,1,6.89,5.0
0005454,0000962,0000063,2023-12-21 18:07:45,25800,1000,24800,1,44.0,50.5,-6.5,0,1.74,5.0
0005455,0001010,0000028,2023-12-30 00:08:13,92900,5000,87900,1,28.5,35.1,-6.6,0,3.02,4.0
0005456,0001006,0000069,2023-12-26 05:44:54,70300,5000,65300,1,27.3,33.6,-6.3,0,7.51,5.0
0005457,0000884,0000004,2023-12-14 05:23:27,69200,5000,64200,1,27.8,29.8,-2.0,0,13.98,5.0
0005458,0001013,0000028,2023-12-31 23:37:16,60100,5000,55100,1,31.2,34.2,-3.0,0,14.18,5.0
0005459,0000875,0000046,2023-12-08 09:29:06,57600,2000,55600,1,21.5,12.9,8.6,1,9.29,5.0
0005460,0000903,0000081,2023-12-29 10:15:58,30800,1000,29800,1,41.0,34.9,6.1,1,4.04,5.0
0005461,0001005,0000012,2023-12-29 02:21:57,73100,5000,68100,1,40.4,36.1,4.3,1,5.48,5.0
0005462,0000990,0000087,2023-12-25 20:47:51,27800,1000,26800,1,25.3,29.6,-4.3,0,0.93,5.0
0005463,0000878,0000064,2023-12-08 12:32:21,71900,5000,66900,1,43.2,51.8,-8.6,0,10.33,5.0
0005464,0000872,0000063,2023-12-20 12:06:52,22500,1000,21500,1,43.6,40.2,3.4,1,10.33,5.0
0005465,0000976,0000024,2023-12-25 07:49:14,47300,2000,45300,1,30.0,22.8,7.2,1,10.93,5.0
0005466,0000981,0000086,2023-12-25 06:35:28,12800,500,12300,1,20.5,26.6,-6.1,0,4.96,5.0
0005467,0000892,0000070,2023-12-11 12:30:36,92000,5000,87000,1,24.1,11.0,13.1,1,10.21,4.0
0005468,0000877,0000094,2023-12-15 18:46:54,34600,1000,33600,1,24.7,27.2,-2.5,0,5.68,5.0
0005469,0000928,0000046,2023-12-19 02:23:30,35900,1000,34900,1,28.7,23.1,5.6,1,9.94,5.0
0005470,0000898,0000029,2023-12-19 15:07:35,50400,2000,48400,1,47.3,38.2,9.1,1,10.59,5.0
0005471,0001004,0000012,2023-12-26 14:35:16,46200,2000,44200,1,26.6,17.9,8.7,1,9.06,5.0
0005472,0000874,0000025,2023-12-10 21:49:15,54100,2000,52100,1,32.7,34.7,-2.0,0,7.75,5.0
0005473,0000871,0000017,2023-12-10 16:50:09,23500,1000,22500,1,43.8,44.1,-0.3,0,3.69,3.0
0005474,0000889,0000073,2023-12-24 05:47:50,96800,5000,91800,1,21.9,26.5,-4.6,0,5.65,5.0
0005475,0000955,0000019,2023-12-18 22:37:40,72100,5000,67100,1,48.4,33.8,14.6,1,12.92,5.0
0005476,0000996,0000083,2023-12-28 09:36:53,69100,5000,64100,1,44.7,48.0,-3.3,0,12.95,3.0
0005477,0000946,0000039,2023-12-31 17:04:32,84700,5000,79700,1,33.7,31.2,2.5,1,14.27,5.0
0005478,0000956,0000100,2023-12-30 11:27:21,54300,2000,52300,1,40.7,26.8,13.9,1,14.61,5.0
0005479,0000918,0000068,2023-12-13 19:22:51,35200,1000,34200,1,38.8,32.0,6.8,1,12.02,5.0
0005480,0000968,0000086,2023-12-27 23:39:04,82800,5000,77800,1,30.5,25.8,4.7,1,14.03,5.0
0005481,0000899,0000091,2023-12-26 00:10:06,99500,5000,94500,1,27.0,12.4,14.6,1,13.69,5.0
0005482,0000929,0000045,2023-12-15 14:00:17,15000,500,14500,1,45.5,50.8,-5.3,0,5.29,5.0
0005483,0000986,0000053,2023-12-27 06:39:50,98000,5000,93000,1,26.8,34.2,-7.4,0,3.69,5.0
0005484,0000941,0000076,2023-12-18 11:27:40,69700,5000,64700,1,24.8,34.1,-9.3,0,0.55,1.0
0005485,0000927,0000020,2023-12-21 01:45:40,99900,5000,94900,1,40.5,42.8,-2.3,0,13.18,5.0
0005486,0000900,0000014,2023-12-28 05:17:07,93700,5000,88700,1,39.1,31.5,7.6,1,11.75,5.0
0005487,0001011,0000033,2023-12-31 15:02:34,12500,500,12000,1,43.8,39.1,4.7,1,5.39,5.0
0005488,0000925,0000031,2023-12-20 18:54:08,55500,2000,53500,1,34.1,37.5,-3.4,0,3.13,5.0
0005489,0000991,0000097,2023-12-30 10:14:40,40800,2000,38800,1,49.5,53.6,-4.1,0,5.5,5.0
0005490,0000973,0000078,2023-12-26 21:32:31,52800,2000,50800,1,36.7,37.7,-1.0,0,0.7,5.0
0005491,0000944,0000089,2023-12-22 15:45:07,80500,5000,75500,1,34.7,21.5,13.2,1,13.12,5.0
0005492,0000997,0000036,2024-01-30 04:53:44,89600,0,89600,0,49.3,47.6,1.7,1,14.4,5.0
0005493,0001001,0000096,2024-01-15 23:09:27,91500,5000,86500,1,44.9,51.7,-6.8,0,12.26,4.0
0005494,0000874,0000090,2024-01-23 01:58:00,76300,0,76300,0,25.9,27.3,-1.4,0,0.95,5.0
0005495,0000960,0000078,2024-01-09 18:50:08,91500,0,91500,0,21.9,21.4,0.5,1,1.92,5.0
0005496,0001013,0000061,2024-01-26 06:34:09,14900,0,14900,0,40.5,43.9,-3.4,0,9.6,1.0
0005497,0001012,0000050,2024-01-13 00:34:59,16800,0,16800,0,39.4,37.4,2.0,1,13.62,5.0
0005498,0001023,0000095,2024-01-03 08:16:52,69700,0,69700,0,37.5,33.5,4.0,1,5.61,5.0
0005499,0000896,0000090,2024-01-21 10:25:44,84800,0,84800,0,48.7,52.7,-4.0,0,5.27,5.0
0005500,0000992,0000072,2024-01-08 00:03:20,49600,0,49600,0,41.0,44.7,-3.7,0,5.71,5.0
0005501,0000877,0000066,2024-01-05 02:38:32,85600,0,85600,0,44.3,42.3,2.0,1,2.77,5.0
0005502,0000950,0000008,2024-01-28 00:39:25,91100,0,91100,0,27.3,31.5,-4.2,0,4.13,5.0
0005503,0000879,0000054,2024-01-27 17:58:50,70500,0,70500,0,23.2,20.2,3.0,1,1.45,5.0
0005504,0000922,0000075,2024-01-08 05:55:21,16600,0,16600,0,24.6,27.9,-3.3,0,7.61,5.0
0005505,0000947,0000046,2024-01-30 02:44:54,43400,0,43400,0,34.4,37.3,-2.9,0,13.73,5.0
0005506,0000959,0000093,2024-01-24 22:01:39,36600,0,36600,0,25.5,27.3,-1.8,0,13.17,5.0
0005507,0000868,0000080,2024-01-19 21:00:27,48300,0,48300,0,47.0,43.1,3.9,1,5.01,5.0
0005508,0000972,0000036,2024-01-05 04:43:16,57700,0,57700,0,28.1,28.8,-0.7,0,0.61,5.0
0005509,0000982,0000013,2024-01-02 18:20:48,34700,0,34700,0,36.7,34.7,2.0,1,10.66,5.0
0005510,0000995,0000014,2024-01-23 21:25:30,27800,1000,26800,1,46.0,46.4,-0.4,0,5.42,5.0
0005511,0000981,0000018,2024-01-27 21:16:22,94800,0,94800,0,48.6,53.2,-4.6,0,1.9,5.0
0005512,0000929,0000061,2024-01-02 23:52:52,92600,0,92600,0,24.1,25.6,-1.5,0,10.08,5.0
0005513,0000962,0000095,2024-01-23 06:50:26,77700,0,77700,0,22.7,26.3,-3.6,0,6.76,5.0
0005514,0000961,0000082,2024-01-07 05:48:47,33500,1000,32500,1,31.9,35.1,-3.2,0,3.77,5.0
0005515,0000941,0000003,2024-01-25 08:49:56,91300,0,91300,0,23.1,27.3,-4.2,0,8.26,5.0
0005516,0000964,0000015,2024-01-26 14:28:56,39400,0,39400,0,48.5,44.4,4.1,1,4.0,5.0
0005517,0000893,0000035,2024-01-31 13:45:36,33800,0,33800,0,32.5,36.1,-3.6,0,11.52,5.0
0005518,0000973,0000071,2024-01-24 15:43:06,22800,0,22800,0,31.0,33.0,-2.0,0,1.39,5.0
0005519,0000908,0000083,2024-01-15 11:17:47,35600,0,35600,0,41.4,41.8,-0.4,0,4.34,5.0
0005520,0000883,0000023,2024-01-12 05:23:17,62600,5000,57600,1,25.0,32.4,-7.4,0,14.58,5.0
0005521,0001022,0000071,2024-01-03 12:02:08,78600,0,78600,0,39.9,38.2,1.7,1,10.53,5.0
0005522,0000889,0000008,2024-01-30 10:45:51,28400,0,28400,0,47.7,47.5,0.2,1,7.88,5.0
0005523,0001010,0000063,2024-01-13 04:08:43,80200,0,80200,0,32.9,31.8,1.1,1,5.15,5.0
0005524,0000936,0000039,2024-01-19 01:11:16,69000,0,69000,0,41.5,44.4,-2.9,0,0.95,1.0
0005525,0000998,0000004,2024-01-02 19:57:45,33200,0,33200,0,31.8,34.6,-2.8,0,6.48,5.0
0005526,0001002,0000029,2024-01-21 23:34:12,83600,5000,78600,1,28.0,30.4,-2.4,0,2.71,5.0
0005527,0000910,0000012,2024-01-06 23:16:08,30000,0,30000,0,24.7,26.4,-1.7,0,14.17,5.0
0005528,0000934,0000074,2024-01-30 03:37:47,40100,0,40100,0,22.5,26.4,-3.9,0,4.7,5.0
0005529,0000990,0000100,2024-01-21 00:44:53,35500,0,35500,0,36.1,35.6,0.5,1,8.5,5.0
0005530,0000871,0000050,2024-01-25 19:53:29,57400,0,57400,0,38.0,36.8,1.2,1,7.47,5.0
0005531,0000933,0000009,2024-01-24 13:12:12,65100,0,65100,0,23.4,21.3,2.1,1,1.77,5.0
0005532,0000914,0000016,2024-01-24 18:25:10,48800,0,48800,0,43.7,43.0,0.7,1,8.11,5.0
0005533,0000970,0000097,2024-01-24 23:12:24,97600,0,97600,0,32.0,35.0,-3.0,0,1.21,5.0
0005534,0000924,0000009,2024-01-12 09:57:12,39500,1000,38500,1,28.8,30.9,-2.1,0,9.29,5.0
0005535,0000989,0000086,2024-01-04 17:02:10,64700,0,64700,0,20.9,17.599999999999998,3.3,1,2.5,5.0
0005536,0000978,0000010,2024-01-03 16:54:21,9300,0,9300,0,25.4,21.7,3.7,1,13.37,5.0
0005537,0000884,0000004,2024-01-31 02:26:32,10600,0,10600,0,30.8,31.4,-0.6,0,8.36,5.0
0005538,0000977,0000085,2024-01-11 20:10:48,28600,0,28600,0,27.8,27.7,0.1,1,5.7,5.0
0005539,0001006,0000040,2024-01-13 00:06:14,56000,0,56000,0,29.7,34.2,-4.5,0,3.67,5.0
0005540,0000937,0000008,2024-01-21 01:15:09,83800,0,83800,0,38.6,43.1,-4.5,0,8.8,5.0
0005541,0000988,0000073,2024-01-08 10:55:36,39200,0,39200,0,35.0,39.1,-4.1,0,10.9,5.0
0005542,0000954,0000049,2024-01-19 11:32:02,82900,0,82900,0,37.8,36.9,0.9,1,9.74,5.0
0005543,0000890,0000090,2024-01-31 15:26:13,32600,1000,31600,1,47.2,53.2,-6.0,0,6.02,5.0
0005544,0000975,0000077,2024-01-19 01:12:08,83400,0,83400,0,44.5,48.2,-3.7,0,10.8,5.0
0005545,0001059,0000067,2024-01-11 22:17:58,95700,5000,90700,1,46.2,43.6,2.6,1,5.68,5.0
0005546,0001131,0000020,2024-01-27 14:58:00,37700,1000,36700,1,45.6,37.0,8.6,1,14.02,5.0
0005547,0001148,0000075,2024-01-30 13:06:11,88500,5000,83500,1,36.8,36.9,-0.1,0,14.45,5.0
0005548,0001101,0000036,2024-01-28 05:22:26,13200,500,12700,1,29.6,33.3,-3.7,0,5.1,5.0
0005549,0001125,0000080,2024-01-31 19:16:46,12800,500,12300,1,37.6,38.7,-1.1,0,3.38,4.0
0005550,0001103,0000093,2024-01-24 17:54:03,22500,1000,21500,1,45.9,41.8,4.1,1,2.55,5.0
0005551,0001031,0000074,2024-01-31 22:46:39,51000,2000,49000,1,34.0,27.5,6.5,1,4.61,5.0
0005552,0001136,0000093,2024-01-31 04:06:44,43700,2000,41700,1,24.4,19.3,5.1,1,11.72,5.0
0005553,0001107,0000029,2024-01-28 07:45:18,16900,500,16400,1,35.8,33.2,2.6,1,12.97,3.0
0005554,0001054,0000087,2024-01-31 06:16:09,60700,5000,55700,1,21.7,11.5,10.2,1,9.31,4.0
0005555,0001061,0000029,2024-01-27 21:57:15,70000,5000,65000,1,40.4,44.3,-3.9,0,6.1,4.0
0005556,0001074,0000027,2024-01-17 12:11:35,38300,1000,37300,1,39.0,46.4,-7.4,0,2.89,5.0
0005557,0001120,0000071,2024-01-27 09:13:50,57900,2000,55900,1,20.4,12.0,8.4,1,0.92,5.0
0005558,0001128,0000010,2024-01-31 03:37:55,34300,1000,33300,1,38.3,30.3,8.0,1,5.89,5.0
0005559,0001094,0000054,2024-01-28 10:23:57,30100,1000,29100,1,31.6,23.0,8.6,1,11.88,5.0
0005560,0001143,0000099,2024-01-29 04:38:33,13800,500,13300,1,46.1,32.5,13.6,1,14.32,5.0
0005561,0001105,0000077,2024-01-27 16:20:02,28600,1000,27600,1,43.3,39.9,3.4,1,4.44,5.0
0005562,0001047,0000072,2024-01-24 13:45:04,11700,500,11200,1,39.1,27.5,11.6,1,11.79,5.0
0005563,0001095,0000043,2024-01-28 04:20:56,51000,2000,49000,1,20.5,10.6,9.9,1,4.56,5.0
0005564,0001024,0000017,2024-01-16 23:16:55,66700,5000,61700,1,25.3,18.4,6.9,1,7.89,4.0
0005565,0001097,0000093,2024-01-21 08:31:55,93400,5000,88400,1,46.0,50.8,-4.8,0,6.81,5.0
0005566,0001116,0000080,2024-01-27 13:05:24,85700,5000,80700,1,29.3,32.1,-2.8,0,11.13,5.0
0005567,0001064,0000049,2024-01-20 13:12:13,95800,5000,90800,1,46.6,32.0,14.6,1,4.18,3.0
0005568,0001118,0000057,2024-01-25 12:07:27,39600,1000,38600,1,26.2,34.1,-7.9,0,7.38,5.0
0005569,0001090,0000093,2024-01-24 00:59:54,11700,500,11200,1,46.4,39.5,6.9,1,3.68,5.0
0005570,0001067,0000010,2024-01-11 03:12:29,60400,5000,55400,1,29.8,36.2,-6.4,0,7.77,4.0
0005571,0001113,0000077,2024-01-27 20:41:10,78800,5000,73800,1,44.8,38.1,6.7,1,3.88,5.0
0005572,0001041,0000007,2024-01-13 05:08:39,48100,2000,46100,1,33.2,19.1,14.1,1,6.99,4.0
0005573,0001134,0000005,2024-01-30 14:12:11,75000,5000,70000,1,21.7,10.8,10.9,1,6.05,5.0
0005574,0001099,0000100,2024-01-21 11:16:37,83100,5000,78100,1,40.4,49.7,-9.3,0,6.16,5.0
0005575,0001146,0000028,2024-01-31 05:12:55,74900,5000,69900,1,26.3,14.5,11.8,1,2.42,5.0
0005576,0001154,0000073,2024-01-31 19:46:22,75300,5000,70300,1,42.1,36.2,5.9,1,2.26,5.0
0005577,0001065,0000067,2024-01-12 06:02:48,19200,500,18700,1,35.1,27.7,7.4,1,6.96,5.0
0005578,0001043,0000100,2024-01-31 09:42:36,55200,2000,53200,1,46.9,49.2,-2.3,0,1.73,5.0
0005579,0001068,0000056,2024-01-18 20:20:02,53100,2000,51100,1,27.5,15.8,11.7,1,2.03,5.0
0005580,0001102,0000056,2024-01-30 06:40:52,17300,500,16800,1,38.4,42.2,-3.8,0,12.9,5.0
0005581,0001037,0000024,2024-01-21 23:07:13,19200,500,18700,1,22.3,31.4,-9.1,0,12.63,3.0
0005582,0001082,0000088,2024-01-29 09:36:00,61000,5000,56000,1,43.8,45.0,-1.2,0,12.12,5.0
0005583,0001062,0000093,2024-01-13 13:34:03,19100,500,18600,1,46.5,49.2,-2.7,0,3.92,5.0
0005584,0001069,0000046,2024-01-30 18:10:28,70400,5000,65400,1,33.7,35.4,-1.7,0,12.67,5.0
0005585,0001100,0000070,2024-01-27 21:45:53,16600,500,16100,1,28.4,34.8,-6.4,0,6.08,5.0
0005586,0001044,0000061,2024-01-14 13:09:22,55600,2000,53600,1,21.3,22.4,-1.1,0,14.73,5.0
0005587,0001028,0000097,2024-01-09 15:40:04,55800,2000,53800,1,33.6,42.0,-8.4,0,6.95,3.0
0005588,0001141,0000074,2024-01-31 01:32:04,14700,500,14200,1,43.9,46.3,-2.4,0,8.23,5.0
0005589,0001152,0000073,2024-01-31 12:07:57,56000,2000,54000,1,34.0,21.6,12.4,1,8.01,5.0
0005590,0001055,0000013,2024-01-11 00:23:50,47300,2000,45300,1,20.9,21.1,-0.2,0,7.47,5.0
0005591,0001026,0000004,2024-01-05 17:29:19,41400,2000,39400,1,42.9,32.7,10.2,1,6.88,5.0
0005592,0001149,0000004,2024-01-30 04:47:21,65600,5000,60600,1,33.8,23.9,9.9,1,12.11,5.0
0005593,0001075,0000004,2024-01-15 23:59:28,93000,5000,88000,1,27.6,23.7,3.9,1,12.09,5.0
0005594,0001048,0000046,2024-01-16 01:36:27,38600,1000,37600,1,21.3,14.5,6.8,1,0.55,5.0
0005595,0001115,0000010,2024-01-31 15:00:21,50000,2000,48000,1,34.0,31.3,2.7,1,5.77,5.0
0005596,0001053,0000040,2024-01-27 03:02:17,27600,1000,26600,1,35.7,43.4,-7.7,0,11.64,5.0
0005597,0001150,0000001,2024-01-31 01:39:56,26600,1000,25600,1,47.8,41.2,6.6,1,2.86,5.0
0005598,0001056,0000089,2024-01-17 16:24:05,64800,5000,59800,1,35.0,38.2,-3.2,0,2.5,3.0
0005599,0001033,0000008,2024-01-17 11:42:42,65400,5000,60400,1,22.7,12.2,10.5,1,3.54,5.0
0005600,0001110,0000016,2024-01-23 07:51:28,55700,2000,53700,1,29.5,37.6,-8.1,0,8.97,5.0
0005601,0001072,0000002,2024-01-21 19:27:36,21400,1000,20400,1,36.9,31.9,5.0,1,9.18,5.0
0005602,0001091,0000095,2024-01-21 11:33:29,82100,5000,77100,1,30.2,26.3,3.9,1,13.71,5.0
0005603,0001092,0000071,2024-01-30 16:31:07,12300,500,11800,1,22.7,17.7,5.0,1,3.19,5.0
0005604,0001038,0000046,2024-01-06 11:00:48,98400,5000,93400,1,24.4,14.1,10.3,1,6.91,5.0
0005605,0001096,0000086,2024-01-25 12:02:11,94400,5000,89400,1,23.3,16.4,6.9,1,8.67,5.0
0005606,0001129,0000077,2024-01-30 02:11:26,57700,2000,55700,1,25.2,12.2,13.0,1,12.94,5.0
0005607,0001122,0000061,2024-01-25 08:12:56,44300,2000,42300,1,48.8,54.5,-5.7,0,14.54,3.0
0005608,0001066,0000003,2024-01-26 16:31:36,24100,1000,23100,1,39.2,42.5,-3.3,0,10.54,5.0
0005609,0001093,0000081,2024-01-25 18:32:07,85200,5000,80200,1,28.7,33.0,-4.3,0,11.45,5.0
0005610,0001088,0000009,2024-01-25 03:59:30,46000,2000,44000,1,38.8,40.4,-1.6,0,6.98,5.0
0005611,0001145,0000007,2024-01-31 07:08:18,60400,5000,55400,1,38.9,27.0,11.9,1,7.05,5.0
0005612,0001086,0000021,2024-01-17 15:37:50,56600,2000,54600,1,48.4,56.7,-8.3,0,14.57,5.0
0005613,0001051,0000031,2024-01-26 23:51:00,28600,1000,27600,1,38.0,47.9,-9.9,0,14.58,5.0
0005614,0001119,0000048,2024-01-24 09:30:17,98400,5000,93400,1,31.6,40.7,-9.1,0,12.31,4.0
0005615,0001106,0000046,2024-01-25 23:42:25,62000,5000,57000,1,46.5,49.0,-2.5,0,5.04,5.0
0005616,0001124,0000058,2024-01-29 04:52:31,91400,5000,86400,1,40.1,31.9,8.2,1,8.69,5.0
0005617,0001035,0000080,2024-01-06 15:49:54,71300,5000,66300,1,41.6,27.1,14.5,1,8.94,5.0
0005618,0001151,0000014,2024-01-30 22:33:05,15200,500,14700,1,41.4,48.8,-7.4,0,4.56,5.0
0005619,0001073,0000081,2024-01-23 06:58:50,44900,2000,42900,1,22.4,30.8,-8.4,0,4.88,5.0
0005620,0001057,0000047,2024-01-28 04:22:41,95900,5000,90900,1,32.3,38.9,-6.6,0,7.04,5.0
0005621,0001085,0000093,2024-01-19 15:28:43,34300,1000,33300,1,44.3,33.5,10.8,1,11.54,5.0
0005622,0001126,0000031,2024-01-29 18:10:21,31400,1000,30400,1,26.6,14.6,12.0,1,7.21,5.0
0005623,0001077,0000096,2024-01-28 00:27:50,91700,5000,86700,1,24.2,33.5,-9.3,0,14.9,5.0
0005624,0001098,0000097,2024-01-27 06:44:50,72600,5000,67600,1,47.7,38.8,8.9,1,3.16,4.0
0005625,0001104,0000070,2024-01-20 14:49:55,59500,2000,57500,1,47.4,37.3,10.1,1,5.34,4.0
0005626,0001111,0000062,2024-01-28 08:58:39,70400,5000,65400,1,40.1,36.8,3.3,1,9.15,5.0
0005627,0001109,0000031,2024-01-31 19:24:08,38200,1000,37200,1,39.7,32.9,6.8,1,9.21,5.0
0005628,0001046,0000003,2024-01-13 14:15:42,96200,5000,91200,1,25.6,32.9,-7.3,0,5.62,5.0
0005629,0001121,0000093,2024-01-24 06:58:16,24200,1000,23200,1,41.4,30.9,10.5,1,1.95,5.0
0005630,0001042,0000024,2024-01-16 05:21:40,52100,2000,50100,1,39.1,45.5,-6.4,0,13.49,5.0
0005631,0001081,0000012,2024-01-28 15:21:51,85400,5000,80400,1,20.6,29.6,-9.0,0,7.03,5.0
0005632,0001089,0000042,2024-01-19 20:46:54,8500,500,8000,1,26.6,18.1,8.5,1,3.57,4.0
0005633,0001050,0000009,2024-01-20 23:09:12,82800,5000,77800,1,22.9,20.6,2.3,1,3.08,5.0
0005634,0001039,0000077,2024-01-30 08:00:03,48600,2000,46600,1,38.6,40.0,-1.4,0,4.05,5.0
0005635,0001117,0000003,2024-01-29 22:04:32,16600,500,16100,1,21.7,6.9,14.8,1,2.71,5.0
0005636,0001142,0000004,2024-01-29 01:06:01,79600,5000,74600,1,30.0,33.8,-3.8,0,5.64,5.0
0005637,0001155,0000091,2024-01-31 16:48:28,12700,500,12200,1,26.5,27.1,-0.6,0,1.03,5.0
0005638,0001045,0000088,2024-01-17 11:14:57,37600,1000,36600,1,20.8,29.3,-8.5,0,9.48,5.0
0005639,0001127,0000095,2024-01-27 19:32:42,72200,5000,67200,1,25.4,12.5,12.9,1,10.4,5.0
0005640,0001030,0000022,2024-01-07 07:01:47,80600,5000,75600,1,43.3,34.2,9.1,1,13.72,5.0
0005641,0001139,0000066,2024-01-30 18:13:13,99900,5000,94900,1,29.9,23.6,6.3,1,12.28,5.0
0005642,0001147,0000027,2024-01-30 11:55:30,91400,5000,86400,1,49.6,36.4,13.2,1,5.36,5.0
0005643,0001110,0000055,2024-02-22 04:51:28,71500,0,71500,0,33.2,36.3,-3.1,0,0.71,5.0
0005644,0001154,0000094,2024-02-20 07:10:23,14400,0,14400,0,47.8,43.5,4.3,1,10.99,5.0
0005645,0001097,0000017,2024-02-16 05:16:12,88200,0,88200,0,48.3,47.1,1.2,1,1.87,5.0
0005646,0001079,0000037,2024-02-15 14:46:00,52600,0,52600,0,48.9,53.2,-4.3,0,8.27,5.0
0005647,0001028,0000007,2024-02-22 11:12:49,46600,0,46600,0,38.1,40.5,-2.4,0,8.11,5.0
0005648,0001082,0000078,2024-02-27 20:02:29,48100,0,48100,0,21.3,23.2,-1.9,0,14.8,4.0
0005649,0001049,0000012,2024-02-29 18:28:06,69300,5000,64300,1,28.6,36.6,-8.0,0,1.83,5.0
0005650,0001155,0000084,2024-02-12 11:13:10,22800,0,22800,0,26.8,27.6,-0.8,0,7.12,5.0
0005651,0001106,0000073,2024-02-21 08:59:18,9900,0,9900,0,39.8,35.099999999999994,4.7,1,9.15,5.0
0005652,0001066,0000069,2024-02-02 15:37:53,67400,0,67400,0,24.6,24.5,0.1,1,5.42,5.0
0005653,0001043,0000093,2024-02-02 02:41:40,79000,0,79000,0,31.1,27.700000000000003,3.4,1,1.31,5.0
0005654,0001151,0000056,2024-02-22 13:26:49,67200,0,67200,0,47.1,46.9,0.2,1,6.8,3.0
0005655,0001101,0000079,2024-02-18 05:58:48,44700,0,44700,0,44.8,45.1,-0.3,0,2.58,4.0
0005656,0001062,0000036,2024-02-02 00:12:27,94000,0,94000,0,20.2,19.1,1.1,1,11.36,5.0
0005657,0001051,0000019,2024-02-21 13:05:07,41000,0,41000,0,36.4,34.3,2.1,1,14.24,5.0
0005658,0001046,0000017,2024-02-20 01:03:20,83500,0,83500,0,22.3,18.1,4.2,1,7.71,5.0
0005659,0001036,0000022,2024-02-21 07:19:14,59200,2000,57200,1,34.8,38.3,-3.5,0,11.51,5.0
0005660,0001099,0000090,2024-02-08 04:34:56,12700,0,12700,0,26.6,22.6,4.0,1,5.09,5.0
0005661,0001076,0000099,2024-02-07 04:18:41,40100,2000,38100,1,47.8,56.6,-8.8,0,12.48,5.0
0005662,0001039,0000098,2024-02-25 23:24:22,49800,0,49800,0,47.0,50.3,-3.3,0,8.88,5.0
0005663,0001042,0000014,2024-02-09 20:50:35,37100,0,37100,0,20.4,21.1,-0.7,0,0.96,5.0
0005664,0001057,0000018,2024-02-05 19:08:09,20300,0,20300,0,45.7,49.6,-3.9,0,7.73,5.0
0005665,0001077,0000087,2024-02-27 04:20:42,96000,0,96000,0,32.9,32.7,0.2,1,13.26,5.0
0005666,0001091,0000082,2024-02-05 18:02:36,58000,0,58000,0,28.8,25.5,3.3,1,4.7,3.0
0005667,0001044,0000028,2024-02-10 06:53:49,41100,0,41100,0,48.2,50.900000000000006,-2.7,0,3.89,5.0
0005668,0001142,0000071,2024-02-18 02:10:35,73000,0,73000,0,42.5,46.9,-4.4,0,3.29,5.0
0005669,0001069,0000025,2024-02-02 03:23:14,82600,0,82600,0,22.1,23.200000000000003,-1.1,0,3.32,5.0
0005670,0001073,0000058,2024-02-13 07:01:43,51900,0,51900,0,31.4,35.7,-4.3,0,5.52,5.0
0005671,0001125,0000063,2024-02-19 04:35:04,99200,0,99200,0,26.9,22.5,4.4,1,5.81,5.0
0005672,0001093,0000001,2024-02-20 02:46:49,95800,0,95800,0,25.6,30.4,-4.8,0,9.74,5.0
0005673,0001086,0000096,2024-02-13 09:45:17,30300,0,30300,0,45.8,48.9,-3.1,0,6.76,4.0
0005674,0001063,0000029,2024-02-09 04:20:43,69100,5000,64100,1,25.8,34.7,-8.9,0,14.97,5.0
0005675,0001112,0000011,2024-02-14 15:04:01,71400,5000,66400,1,45.2,53.1,-7.9,0,12.0,5.0
0005676,0001100,0000034,2024-02-11 02:46:38,78400,0,78400,0,37.5,40.1,-2.6,0,2.91,5.0
0005677,0001038,0000058,2024-02-17 10:10:28,55000,0,55000,0,22.2,21.4,0.8,1,14.03,5.0
0005678,0001306,0000064,2024-02-29 10:56:05,51100,2000,49100,1,32.2,27.5,4.7,1,11.8,5.0
0005679,0001170,0000048,2024-02-15 18:40:45,89200,5000,84200,1,31.6,17.7,13.9,1,2.4,4.0
0005680,0001240,0000061,2024-02-28 15:19:55,37400,1000,36400,1,26.6,14.5,12.1,1,12.54,4.0
0005681,0001210,0000018,2024-02-20 05:56:49,96500,5000,91500,1,40.3,42.3,-2.0,0,10.18,4.0
0005682,0001242,0000021,2024-02-26 04:07:57,82400,5000,77400,1,21.7,13.2,8.5,1,6.33,5.0
0005683,0001229,0000047,2024-02-23 08:58:55,27400,1000,26400,1,39.7,46.5,-6.8,0,10.33,5.0
0005684,0001276,0000068,2024-02-26 19:20:31,59600,2000,57600,1,49.8,50.6,-0.8,0,11.95,5.0
0005685,0001195,0000026,2024-02-09 20:18:42,99300,5000,94300,1,31.4,16.7,14.7,1,13.29,5.0
0005686,0001239,0000061,2024-02-22 05:28:18,27100,1000,26100,1,47.5,39.3,8.2,1,10.23,5.0
0005687,0001207,0000019,2024-02-24 13:16:25,29600,1000,28600,1,41.0,33.5,7.5,1,9.75,5.0
0005688,0001167,0000016,2024-02-23 10:41:52,47900,2000,45900,1,47.5,38.8,8.7,1,13.43,5.0
0005689,0001188,0000009,2024-02-19 06:27:55,46900,2000,44900,1,49.0,44.3,4.7,1,10.08,5.0
0005690,0001268,0000047,2024-02-27 11:21:12,46600,2000,44600,1,47.8,55.9,-8.1,0,10.29,4.0
0005691,0001243,0000021,2024-02-28 14:31:55,7300,500,6800,1,35.9,27.2,8.7,1,2.71,5.0
0005692,0001298,0000037,2024-02-28 08:19:46,10700,500,10200,1,36.4,33.9,2.5,1,3.51,5.0
0005693,0001186,0000002,2024-02-25 15:54:14,46100,2000,44100,1,40.6,27.7,12.9,1,13.16,5.0
0005694,0001308,0000012,2024-02-29 14:29:25,80100,5000,75100,1,29.7,36.0,-6.3,0,0.67,5.0
0005695,0001301,0000016,2024-02-29 20:40:05,58300,2000,56300,1,26.5,18.3,8.2,1,12.99,5.0
0005696,0001230,0000053,2024-02-29 18:53:28,83600,5000,78600,1,28.1,25.6,2.5,1,9.64,5.0
0005697,0001166,0000071,2024-02-14 03:03:34,83300,5000,78300,1,49.7,57.8,-8.1,0,0.58,5.0
0005698,0001162,0000014,2024-02-17 21:14:55,88800,5000,83800,1,35.9,43.0,-7.1,0,14.1,5.0
0005699,0001246,0000007,2024-02-27 03:44:38,90400,5000,85400,1,43.9,49.1,-5.2,0,2.09,5.0
0005700,0001307,0000030,2024-02-29 11:21:48,40600,2000,38600,1,23.8,28.0,-4.2,0,4.73,5.0
0005701,0001218,0000055,2024-02-21 17:31:37,84200,5000,79200,1,27.3,29.2,-1.9,0,1.61,5.0
0005702,0001171,0000011,2024-02-17 01:19:31,49300,2000,47300,1,48.4,45.3,3.1,1,10.67,5.0
0005703,0001238,0000053,2024-02-25 03:18:06,92300,5000,87300,1,44.4,37.3,7.1,1,1.0,5.0
0005704,0001271,0000056,2024-02-23 05:11:03,33300,1000,32300,1,32.8,36.4,-3.6,0,5.67,1.0
0005705,0001309,0000024,2024-02-29 01:24:26,52600,2000,50600,1,30.2,38.4,-8.2,0,2.22,5.0
0005706,0001235,0000100,2024-02-18 10:44:49,26900,1000,25900,1,48.0,35.0,13.0,1,7.97,5.0
0005707,0001295,0000097,2024-02-28 06:34:18,32700,1000,31700,1,24.9,20.4,4.5,1,2.39,5.0
0005708,0001262,0000081,2024-02-22 16:41:41,18900,500,18400,1,27.6,31.4,-3.8,0,12.0,5.0
0005709,0001250,0000064,2024-02-22 16:03:14,27800,1000,26800,1,29.9,30.0,-0.1,0,8.95,1.0
0005710,0001206,0000087,2024-02-16 02:04:47,20400,1000,19400,1,25.8,27.8,-2.0,0,8.83,5.0
0005711,0001158,0000006,2024-02-03 20:58:52,46800,2000,44800,1,45.3,45.9,-0.6,0,12.43,5.0
0005712,0001161,0000004,2024-02-10 15:35:30,48800,2000,46800,1,30.0,26.4,3.6,1,12.04,4.0
0005713,0001253,0000017,2024-02-24 23:45:50,46000,2000,44000,1,26.7,16.0,10.7,1,12.51,5.0
0005714,0001159,0000072,2024-02-18 07:51:40,75300,5000,70300,1,49.3,43.3,6.0,1,14.84,5.0
0005715,0001176,0000065,2024-02-16 05:28:38,83100,5000,78100,1,34.9,40.4,-5.5,0,3.14,5.0
0005716,0001252,0000026,2024-02-29 10:10:44,12000,500,11500,1,27.6,14.4,13.2,1,2.84,5.0
0005717,0001164,0000047,2024-02-17 00:00:16,49100,2000,47100,1,45.4,31.6,13.8,1,7.81,5.0
0005718,0001294,0000047,2024-02-28 06:05:16,24400,1000,23400,1,33.5,24.7,8.8,1,8.36,5.0
0005719,0001169,0000061,2024-02-29 07:39:46,90700,5000,85700,1,32.6,33.3,-0.7,0,10.77,5.0
0005720,0001290,0000048,2024-02-26 12:05:59,50300,2000,48300,1,40.6,37.2,3.4,1,5.5,4.0
0005721,0001286,0000093,2024-02-29 05:25:02,99500,5000,94500,1,35.4,29.0,6.4,1,0.65,5.0
0005722,0001202,0000024,2024-02-14 08:59:00,22500,1000,21500,1,43.1,44.3,-1.2,0,1.43,5.0
0005723,0001275,0000094,2024-02-23 23:31:34,38600,1000,37600,1,31.1,34.0,-2.9,0,4.05,5.0
0005724,0001178,0000100,2024-02-17 21:05:45,29700,1000,28700,1,42.1,44.6,-2.5,0,7.93,5.0
0005725,0001215,0000006,2024-02-20 20:23:46,9500,500,9000,1,46.4,49.0,-2.6,0,4.73,5.0
0005726,0001260,0000011,2024-02-21 17:53:31,56400,2000,54400,1,31.3,23.4,7.9,1,12.02,5.0
0005727,0001258,0000001,2024-02-20 17:30:00,37600,1000,36600,1,45.6,37.8,7.8,1,2.17,5.0
0005728,0001214,0000026,2024-02-19 09:05:58,71300,5000,66300,1,41.6,41.8,-0.2,0,1.33,5.0
0005729,0001191,0000078,2024-02-22 06:38:34,47700,2000,45700,1,31.2,22.6,8.6,1,0.54,4.0
0005730,0001280,0000059,2024-02-27 00:17:14,13200,500,12700,1,27.8,32.3,-4.5,0,7.69,5.0
0005731,0001205,0000057,2024-02-29 12:56:31,49300,2000,47300,1,21.1,15.8,5.3,1,8.09,5.0
0005732,0001277,0000032,2024-02-24 16:52:38,49500,2000,47500,1,24.8,13.5,11.3,1,5.12,5.0
0005733,0001236,0000028,2024-02-17 21:17:53,73200,5000,68200,1,24.3,21.3,3.0,1,12.34,5.0
0005734,0001197,0000083,2024-02-20 00:20:46,9000,500,8500,1,38.3,32.6,5.7,1,13.48,5.0
0005735,0001234,0000068,2024-02-20 08:22:31,22200,1000,21200,1,47.0,32.2,14.8,1,9.49,5.0
0005736,0001221,0000036,2024-02-21 14:08:54,8300,500,7800,1,20.2,14.0,6.2,1,7.63,5.0
0005737,0001293,0000005,2024-02-29 04:36:20,18100,500,17600,1,33.7,41.4,-7.7,0,6.98,5.0
0005738,0001180,0000049,2024-02-17 05:30:34,76600,5000,71600,1,22.1,19.2,2.9,1,11.66,5.0
0005739,0001228,0000075,2024-02-18 22:35:22,46000,2000,44000,1,23.9,28.3,-4.4,0,1.29,5.0
0005740,0001310,0000073,2024-02-29 12:31:06,11200,500,10700,1,24.1,32.6,-8.5,0,9.52,5.0
0005741,0001231,0000087,2024-02-18 13:52:30,65700,5000,60700,1,31.6,31.9,-0.3,0,3.78,1.0
0005742,0001175,0000072,2024-02-18 01:38:01,71900,5000,66900,1,46.8,44.4,2.4,1,5.77,5.0
0005743,0001241,0000025,2024-02-22 21:36:18,18600,500,18100,1,44.4,50.3,-5.9,0,5.25,5.0
0005744,0001285,0000011,2024-02-27 22:44:06,28100,1000,27100,1,39.8,32.9,6.9,1,14.37,5.0
0005745,0001248,0000022,2024-02-19 11:09:21,20900,1000,19900,1,21.0,8.6,12.4,1,6.46,3.0
0005746,0001160,0000051,2024-02-27 11:12:51,68100,5000,63100,1,49.8,46.2,3.6,1,4.4,5.0
0005747,0001289,0000051,2024-02-27 12:02:00,22500,1000,21500,1,31.8,32.9,-1.1,0,6.45,5.0
0005748,0001272,0000072,2024-02-24 16:30:42,67000,5000,62000,1,24.5,10.9,13.6,1,1.48,5.0
0005749,0001305,0000098,2024-02-29 20:52:39,44200,2000,42200,1,34.8,21.1,13.7,1,1.35,5.0
0005750,0001232,0000014,2024-02-16 08:13:58,79800,5000,74800,1,48.0,56.8,-8.8,0,10.87,3.0
0005751,0001216,0000023,2024-02-14 01:01:33,42200,2000,40200,1,22.5,27.1,-4.6,0,12.26,5.0
0005752,0001267,0000047,2024-02-27 17:30:51,86100,5000,81100,1,49.5,43.9,5.6,1,3.75,5.0
0005753,0001193,0000063,2024-02-09 19:40:48,7500,500,7000,1,22.8,12.1,10.7,1,2.24,5.0
0005754,0001208,0000048,2024-02-13 09:15:07,95000,5000,90000,1,48.1,40.7,7.4,1,1.38,5.0
0005755,0001204,0000036,2024-02-21 04:20:10,79000,5000,74000,1,22.1,31.7,-9.6,0,0.63,5.0
0005756,0001251,0000036,2024-02-24 12:18:18,90500,5000,85500,1,46.2,48.9,-2.7,0,13.34,5.0
0005757,0001219,0000038,2024-02-14 08:18:20,16200,500,15700,1,36.0,33.7,2.3,1,14.43,5.0
0005758,0001201,0000054,2024-02-12 10:39:09,27700,1000,26700,1,24.8,31.7,-6.9,0,5.56,5.0
0005759,0001304,0000025,2024-02-29 10:18:29,40900,2000,38900,1,36.2,32.3,3.9,1,2.53,5.0
0005760,0001227,0000071,2024-02-21 00:22:20,53000,2000,51000,1,27.2,27.7,-0.5,0,0.85,4.0
0005761,0001266,0000056,2024-02-24 16:59:40,67700,5000,62700,1,39.9,49.2,-9.3,0,13.14,5.0
0005762,0001292,0000046,2024-02-26 02:42:38,12400,500,11900,1,35.0,25.3,9.7,1,1.41,4.0
0005763,0001168,0000037,2024-02-27 03:30:00,22700,1000,21700,1,43.7,30.4,13.3,1,6.01,5.0
0005764,0001256,0000025,2024-02-26 00:10:49,33900,1000,32900,1,26.3,16.4,9.9,1,10.55,5.0
0005765,0001209,0000048,2024-02-27 02:24:13,38000,1000,37000,1,26.1,28.5,-2.4,0,8.0,5.0
0005766,0001200,0000055,2024-02-20 03:53:36,84800,5000,79800,1,29.8,38.3,-8.5,0,14.98,5.0
0005767,0001190,0000018,2024-02-15 17:25:43,61400,5000,56400,1,23.4,25.4,-2.0,0,2.69,5.0
0005768,0001281,0000073,2024-02-26 21:19:52,54500,2000,52500,1,34.3,27.8,6.5,1,10.72,5.0
0005769,0001172,0000055,2024-02-19 15:21:25,99500,5000,94500,1,39.5,48.5,-9.0,0,9.38,1.0
0005770,0001222,0000078,2024-02-23 14:58:24,97700,5000,92700,1,29.7,37.6,-7.9,0,14.69,5.0
0005771,0001283,0000049,2024-02-26 06:30:22,69200,5000,64200,1,36.1,33.2,2.9,1,14.99,5.0
0005772,0001303,0000100,2024-02-28 08:05:10,60500,5000,55500,1,21.5,28.4,-6.9,0,11.26,5.0
0005773,0001237,0000025,2024-02-19 12:13:28,43900,2000,41900,1,39.7,26.6,13.1,1,12.1,5.0
0005774,0001199,0000035,2024-02-14 09:44:18,72300,5000,67300,1,33.2,27.5,5.7,1,10.07,5.0
0005775,0001273,0000045,2024-02-25 04:49:34,65700,5000,60700,1,46.2,47.4,-1.2,0,9.99,5.0
0005776,0001299,0000085,2024-02-28 07:19:49,51800,2000,49800,1,23.9,9.1,14.8,1,4.38,3.0
0005777,0001296,0000001,2024-02-29 06:51:17,97300,5000,92300,1,25.5,18.5,7.0,1,12.86,5.0
0005778,0001278,0000024,2024-02-27 21:52:53,25200,1000,24200,1,46.5,55.4,-8.9,0,4.89,3.0
0005779,0001247,0000041,2024-02-22 21:19:07,25900,1000,24900,1,33.6,43.0,-9.4,0,4.53,5.0
0005780,0001270,0000003,2024-02-23 07:27:20,85600,5000,80600,1,22.0,28.6,-6.6,0,3.32,5.0
0005781,0001226,0000085,2024-02-29 20:37:53,89300,5000,84300,1,21.2,29.0,-7.8,0,3.81,3.0
0005782,0001163,0000028,2024-02-11 03:44:10,94600,5000,89600,1,41.4,42.4,-1.0,0,5.27,5.0
0005783,0001282,0000002,2024-02-28 05:59:14,77100,5000,72100,1,32.6,18.6,14.0,1,11.9,5.0
0005784,0001257,0000092,2024-02-25 10:51:31,99400,5000,94400,1,47.5,40.4,7.1,1,2.68,5.0
0005785,0001189,0000015,2024-02-21 15:29:08,91000,5000,86000,1,46.8,55.9,-9.1,0,2.94,5.0
0005786,0001259,0000029,2024-02-29 10:05:56,61100,5000,56100,1,38.8,44.3,-5.5,0,1.79,5.0
0005787,0001284,0000024,2024-02-28 23:46:28,36600,1000,35600,1,21.1,11.0,10.1,1,2.0,5.0
0005788,0001254,0000035,2024-02-21 20:23:06,87100,5000,82100,1,39.6,37.5,2.1,1,6.51,5.0
0005789,0001211,0000002,2024-02-20 07:22:47,99200,5000,94200,1,31.9,19.5,12.4,1,8.49,5.0
0005790,0001182,0000034,2024-02-14 05:14:36,29000,1000,28000,1,34.1,22.2,11.9,1,9.2,5.0
0005791,0001213,0000026,2024-02-14 14:09:34,83900,5000,78900,1,26.9,36.5,-9.6,0,12.86,5.0
0005792,0001220,0000071,2024-02-19 16:19:25,49600,2000,47600,1,42.7,33.6,9.1,1,6.27,5.0
0005793,0001269,0000091,2024-02-26 07:13:46,62100,5000,57100,1,47.8,55.3,-7.5,0,2.71,3.0
0005794,0001289,0000008,2024-03-04 21:36:40,54500,0,54500,0,44.3,41.0,3.3,1,9.39,5.0
0005795,0001184,0000049,2024-03-01 16:25:02,13600,0,13600,0,31.9,27.4,4.5,1,10.35,5.0
0005796,0001275,0000049,2024-03-13 14:23:47,38700,0,38700,0,34.6,33.4,1.2,1,11.45,3.0
0005797,0001278,0000074,2024-03-13 15:42:59,73000,0,73000,0,36.6,33.5,3.1,1,4.19,5.0
0005798,0001170,0000008,2024-03-06 00:54:18,28300,0,28300,0,32.8,29.6,3.2,1,3.65,5.0
0005799,0001276,0000088,2024-03-04 15:24:07,66500,0,66500,0,33.8,34.7,-0.9,0,14.3,5.0
0005800,0001224,0000087,2024-03-21 17:26:59,73400,5000,68400,1,36.9,42.9,-6.0,0,1.58,5.0
0005801,0001200,0000045,2024-03-31 08:16:18,87100,0,87100,0,36.1,38.4,-2.3,0,13.87,5.0
0005802,0001156,0000037,2024-03-04 10:13:33,86300,5000,81300,1,20.5,11.4,9.1,1,13.3,5.0
0005803,0001204,0000017,2024-03-12 02:01:03,96100,0,96100,0,46.8,45.0,1.8,1,0.84,5.0
0005804,0001166,0000070,2024-03-03 04:09:02,82800,0,82800,0,40.3,36.5,3.8,1,3.91,5.0
0005805,0001163,0000097,2024-03-27 06:18:27,27300,0,27300,0,21.4,19.1,2.3,1,11.79,5.0
0005806,0001302,0000074,2024-03-28 14:21:44,59400,2000,57400,1,42.3,49.8,-7.5,0,5.81,5.0
0005807,0001251,0000063,2024-03-05 20:20:35,63400,0,63400,0,48.1,50.2,-2.1,0,5.43,5.0
0005808,0001203,0000026,2024-03-06 04:58:38,74700,5000,69700,1,30.0,36.8,-6.8,0,7.76,5.0
0005809,0001159,0000063,2024-03-13 09:38:03,91400,0,91400,0,25.0,29.3,-4.3,0,1.26,5.0
0005810,0001250,0000062,2024-03-15 11:56:30,67300,0,67300,0,43.4,46.9,-3.5,0,12.07,5.0
0005811,0001176,0000030,2024-03-13 19:00:47,21100,0,21100,0,49.7,47.3,2.4,1,2.81,5.0
0005812,0001231,0000079,2024-03-12 05:56:18,95700,0,95700,0,29.5,25.5,4.0,1,3.15,5.0
0005813,0001273,0000023,2024-03-28 04:00:17,34800,0,34800,0,36.6,33.7,2.9,1,13.28,5.0
0005814,0001169,0000037,2024-03-16 21:30:07,30600,0,30600,0,35.2,39.5,-4.3,0,9.02,5.0
0005815,0001216,0000022,2024-03-23 16:24:54,56400,0,56400,0,35.8,33.5,2.3,1,8.73,5.0
0005816,0001190,0000040,2024-03-28 22:07:11,95500,0,95500,0,43.3,45.1,-1.8,0,13.88,5.0
0005817,0001192,0000004,2024-03-29 11:12:46,38900,1000,37900,1,32.0,36.2,-4.2,0,11.13,5.0
0005818,0001259,0000049,2024-03-10 19:32:48,61300,0,61300,0,37.4,40.8,-3.4,0,5.37,4.0
0005819,0001213,0000087,2024-03-16 23:16:12,52300,0,52300,0,46.3,49.6,-3.3,0,5.35,5.0
0005820,0001185,0000017,2024-03-16 04:44:47,9900,500,9400,1,33.3,25.9,7.4,1,4.02,5.0
0005821,0001271,0000082,2024-03-22 08:49:46,53200,0,53200,0,38.2,40.900000000000006,-2.7,0,5.61,5.0
0005822,0001162,0000013,2024-03-24 23:51:38,44600,0,44600,0,21.6,19.200000000000003,2.4,1,13.08,5.0
0005823,0001266,0000060,2024-03-14 09:54:04,30100,0,30100,0,37.5,40.9,-3.4,0,7.71,5.0
0005824,0001202,0000011,2024-03-24 20:34:33,8600,0,8600,0,25.0,24.7,0.3,1,11.21,5.0
0005825,0001307,0000066,2024-03-29 18:33:10,54500,0,54500,0,32.0,33.9,-1.9,0,6.38,3.0
0005826,0001304,0000013,2024-03-02 22:36:54,71900,0,71900,0,29.1,33.800000000000004,-4.7,0,14.08,3.0
0005827,0001262,0000025,2024-03-21 16:15:37,85300,0,85300,0,39.1,37.6,1.5,1,7.85,5.0
0005828,0001247,0000070,2024-03-31 08:29:51,64900,0,64900,0,25.5,25.2,0.3,1,6.37,5.0
0005829,0001206,0000067,2024-03-31 04:02:27,16900,0,16900,0,20.1,21.9,-1.8,0,5.13,5.0
0005830,0001187,0000095,2024-03-14 11:37:22,66500,0,66500,0,48.4,50.0,-1.6,0,10.87,3.0
0005831,0001226,0000039,2024-03-28 07:01:59,50200,0,50200,0,28.9,24.7,4.2,1,8.31,5.0
0005832,0001212,0000002,2024-03-18 07:45:20,15800,500,15300,1,36.4,29.9,6.5,1,11.13,5.0
0005833,0001172,0000009,2024-03-28 02:14:58,54300,0,54300,0,48.6,48.5,0.1,1,5.77,4.0
0005834,0001227,0000062,2024-03-11 06:30:20,20500,0,20500,0,44.2,46.0,-1.8,0,14.55,5.0
0005835,0001287,0000042,2024-03-24 13:17:17,34900,0,34900,0,46.0,43.6,2.4,1,12.72,3.0
0005836,0001189,0000024,2024-03-06 02:05:25,84700,0,84700,0,36.5,33.4,3.1,1,8.1,1.0
0005837,0001209,0000065,2024-03-22 13:41:44,19800,0,19800,0,24.1,19.5,4.6,1,14.48,5.0
0005838,0001308,0000081,2024-03-03 12:17:44,27400,0,27400,0,43.2,45.6,-2.4,0,5.78,5.0
0005839,0001293,0000056,2024-03-21 17:17:00,73300,0,73300,0,45.1,45.5,-0.4,0,12.03,4.0
0005840,0001233,0000011,2024-03-09 09:26:07,28700,1000,27700,1,37.1,22.5,14.6,1,2.22,5.0
0005841,0001218,0000003,2024-03-11 18:21:20,85000,0,85000,0,31.4,35.8,-4.4,0,12.44,5.0
0005842,0001234,0000019,2024-03-22 13:44:38,71000,0,71000,0,26.4,24.3,2.1,1,12.09,4.0
0005843,0001264,0000033,2024-03-17 01:26:04,15200,500,14700,1,34.6,40.6,-6.0,0,5.17,5.0
0005844,0001222,0000097,2024-03-06 11:33:55,73800,0,73800,0,22.9,22.0,0.9,1,6.39,5.0
0005845,0001158,0000013,2024-03-14 20:40:54,35600,0,35600,0,41.6,41.2,0.4,1,5.54,5.0
0005846,0001165,0000061,2024-03-16 02:05:13,47900,0,47900,0,42.8,45.2,-2.4,0,2.1,5.0
0005847,0001269,0000035,2024-03-30 07:48:00,16000,0,16000,0,38.2,38.8,-0.6,0,10.81,5.0
0005848,0001241,0000067,2024-03-27 18:08:21,78300,0,78300,0,47.9,49.0,-1.1,0,0.89,5.0
0005849,0001303,0000025,2024-03-11 21:28:08,64900,0,64900,0,36.0,33.5,2.5,1,6.45,5.0
0005850,0001178,0000021,2024-03-08 21:04:52,16600,0,16600,0,28.7,29.6,-0.9,0,6.53,5.0
0005851,0001327,0000040,2024-03-10 11:37:22,67400,5000,62400,1,28.4,15.7,12.7,1,5.13,5.0
0005852,0001451,0000045,2024-03-28 22:04:33,80700,5000,75700,1,38.8,32.7,6.1,1,14.34,1.0
0005853,0001387,0000010,2024-03-26 15:03:17,16300,500,15800,1,43.0,45.4,-2.4,0,2.35,5.0
0005854,0001447,0000064,2024-03-28 07:51:00,82200,5000,77200,1,20.2,16.4,3.8,1,7.0,5.0
0005855,0001376,0000042,2024-03-23 04:35:42,9300,500,8800,1,27.5,18.9,8.6,1,3.26,5.0
0005856,0001316,0000092,2024-03-02 09:01:09,78900,5000,73900,1,42.9,37.1,5.8,1,5.12,5.0
0005857,0001354,0000097,2024-03-21 10:52:34,35000,1000,34000,1,46.3,38.0,8.3,1,8.24,5.0
0005858,0001368,0000081,2024-03-21 10:12:40,41900,2000,39900,1,44.7,54.2,-9.5,0,14.96,3.0
0005859,0001393,0000016,2024-03-28 20:09:30,26200,1000,25200,1,20.1,17.2,2.9,1,10.97,5.0
0005860,0001423,0000023,2024-03-31 15:29:31,69100,5000,64100,1,47.4,43.3,4.1,1,3.12,4.0
0005861,0001343,0000033,2024-03-19 07:48:10,86300,5000,81300,1,41.7,42.6,-0.9,0,9.45,5.0
0005862,0001467,0000055,2024-03-31 08:06:22,39500,1000,38500,1,43.7,31.6,12.1,1,13.73,5.0
0005863,0001409,0000040,2024-03-24 06:33:03,25600,1000,24600,1,50.0,45.1,4.9,1,6.58,5.0
0005864,0001432,0000066,2024-03-30 23:12:21,14400,500,13900,1,41.4,51.3,-9.9,0,13.81,5.0
0005865,0001435,0000033,2024-03-27 08:44:00,11700,500,11200,1,42.7,51.4,-8.7,0,14.99,5.0
0005866,0001439,0000040,2024-03-29 12:12:10,24900,1000,23900,1,42.5,50.8,-8.3,0,8.87,5.0
0005867,0001429,0000005,2024-03-24 19:13:25,16200,500,15700,1,31.0,31.6,-0.6,0,3.11,5.0
0005868,0001344,0000033,2024-03-10 16:52:58,47900,2000,45900,1,48.4,55.0,-6.6,0,1.6,5.0
0005869,0001336,0000074,2024-03-07 20:43:07,97300,5000,92300,1,38.4,34.3,4.1,1,14.0,4.0
0005870,0001356,0000075,2024-03-21 12:39:41,59400,2000,57400,1,46.6,35.9,10.7,1,11.66,5.0
0005871,0001456,0000078,2024-03-29 02:07:47,82100,5000,77100,1,48.6,45.5,3.1,1,11.88,5.0
0005872,0001440,0000010,2024-03-24 04:10:51,38400,1000,37400,1,46.9,35.7,11.2,1,13.06,5.0
0005873,0001337,0000047,2024-03-16 12:29:52,92400,5000,87400,1,48.9,35.0,13.9,1,3.41,5.0
0005874,0001335,0000032,2024-03-11 23:44:32,39400,1000,38400,1,24.8,20.1,4.7,1,0.58,5.0
0005875,0001325,0000021,2024-03-21 17:26:33,88000,5000,83000,1,49.5,57.5,-8.0,0,3.74,5.0
0005876,0001347,0000100,2024-03-11 07:46:22,81300,5000,76300,1,31.2,28.0,3.2,1,7.56,5.0
0005877,0001389,0000093,2024-03-15 05:13:33,44500,2000,42500,1,28.2,34.2,-6.0,0,2.04,3.0
0005878,0001342,0000056,2024-03-07 22:02:50,80300,5000,75300,1,34.6,28.7,5.9,1,7.99,3.0
0005879,0001411,0000015,2024-03-27 06:38:33,93200,5000,88200,1,31.5,22.1,9.4,1,2.46,5.0
0005880,0001477,0000070,2024-03-31 21:56:19,17800,500,17300,1,41.8,48.3,-6.5,0,1.87,5.0
0005881,0001397,0000069,2024-03-28 05:44:55,99400,5000,94400,1,30.5,22.8,7.7,1,1.32,5.0
0005882,0001351,0000003,2024-03-11 10:56:38,66600,5000,61600,1,37.2,32.7,4.5,1,8.49,5.0
0005883,0001399,0000067,2024-03-20 05:50:15,88100,5000,83100,1,29.8,34.1,-4.3,0,7.44,5.0
0005884,0001392,0000090,2024-03-26 23:18:21,45400,2000,43400,1,21.8,28.8,-7.0,0,4.47,5.0
0005885,0001455,0000031,2024-03-28 13:11:42,19800,500,19300,1,48.7,54.8,-6.1,0,9.45,5.0
0005886,0001400,0000059,2024-03-19 08:59:28,34700,1000,33700,1,24.8,11.9,12.9,1,0.78,5.0
0005887,0001475,0000057,2024-03-31 12:33:30,41200,2000,39200,1,35.7,22.6,13.1,1,5.18,5.0
0005888,0001405,0000093,2024-03-31 20:57:12,31000,1000,30000,1,35.9,29.8,6.1,1,2.5,5.0
0005889,0001425,0000099,2024-03-29 23:57:29,45600,2000,43600,1,37.7,30.9,6.8,1,10.44,5.0
0005890,0001463,0000035,2024-03-29 15:43:27,34900,1000,33900,1,25.3,33.2,-7.9,0,12.62,5.0
0005891,0001322,0000056,2024-03-18 08:33:36,58400,2000,56400,1,37.5,35.4,2.1,1,5.53,5.0
0005892,0001428,0000037,2024-03-31 17:27:27,45700,2000,43700,1,38.9,30.1,8.8,1,4.01,5.0
0005893,0001416,0000098,2024-03-24 06:16:56,9800,500,9300,1,36.7,46.2,-9.5,0,11.48,5.0
0005894,0001385,0000046,2024-03-30 06:34:54,22500,1000,21500,1,46.9,47.8,-0.9,0,7.67,5.0
0005895,0001413,0000100,2024-03-24 12:15:07,48300,2000,46300,1,44.2,51.4,-7.2,0,10.61,4.0
0005896,0001431,0000042,2024-03-28 19:36:00,56800,2000,54800,1,42.6,44.6,-2.0,0,5.45,5.0
0005897,0001396,0000044,2024-03-23 23:23:35,16200,500,15700,1,38.9,41.8,-2.9,0,13.3,5.0
0005898,0001324,0000001,2024-03-11 04:00:40,55100,2000,53100,1,44.2,50.8,-6.6,0,12.93,5.0
0005899,0001352,0000003,2024-03-27 01:52:59,72300,5000,67300,1,34.6,23.5,11.1,1,4.54,5.0
0005900,0001365,0000075,2024-03-18 12:41:24,8200,500,7700,1,29.2,21.8,7.4,1,11.88,5.0
0005901,0001421,0000008,2024-03-27 14:44:02,25300,1000,24300,1,46.0,31.5,14.5,1,8.37,5.0
0005902,0001355,0000042,2024-03-24 23:11:30,53900,2000,51900,1,32.4,29.4,3.0,1,11.97,5.0
0005903,0001442,0000057,2024-03-24 14:18:35,87500,5000,82500,1,45.8,46.3,-0.5,0,14.94,5.0
0005904,0001406,0000032,2024-03-21 18:16:15,68400,5000,63400,1,37.1,42.5,-5.4,0,13.76,5.0
0005905,0001402,0000035,2024-03-27 23:03:31,40900,2000,38900,1,35.4,21.0,14.4,1,0.79,5.0
0005906,0001345,0000066,2024-03-12 20:23:44,64000,5000,59000,1,20.6,29.3,-8.7,0,0.91,4.0
0005907,0001427,0000034,2024-03-28 23:47:43,32600,1000,31600,1,47.9,44.3,3.6,1,7.82,5.0
0005908,0001398,0000067,2024-03-18 18:30:57,17900,500,17400,1,24.6,33.7,-9.1,0,4.84,5.0
0005909,0001391,0000068,2024-03-27 16:14:14,95300,5000,90300,1,49.0,52.1,-3.1,0,3.96,5.0
0005910,0001403,0000089,2024-03-28 15:00:44,84300,5000,79300,1,46.8,50.7,-3.9,0,14.49,5.0
0005911,0001360,0000005,2024-03-19 03:01:50,69900,5000,64900,1,22.9,25.0,-2.1,0,11.98,5.0
0005912,0001395,0000006,2024-03-18 03:28:47,9700,500,9200,1,28.7,35.0,-6.3,0,10.87,5.0
0005913,0001332,0000100,2024-03-29 02:48:54,40700,2000,38700,1,34.4,20.8,13.6,1,0.91,5.0
0005914,0001372,0000028,2024-03-24 14:08:38,30300,1000,29300,1,26.9,31.6,-4.7,0,3.75,5.0
0005915,0001349,0000057,2024-03-22 15:35:59,82600,5000,77600,1,24.3,17.9,6.4,1,5.11,1.0
0005916,0001462,0000070,2024-03-30 01:00:13,63200,5000,58200,1,32.0,19.8,12.2,1,3.33,5.0
0005917,0001330,0000056,2024-03-13 17:14:13,18500,500,18000,1,42.7,51.8,-9.1,0,6.88,5.0
0005918,0001454,0000008,2024-03-29 13:31:41,30800,1000,29800,1,34.4,27.6,6.8,1,12.88,5.0
0005919,0001363,0000020,2024-03-23 19:23:08,59400,2000,57400,1,29.9,36.3,-6.4,0,2.19,5.0
0005920,0001449,0000010,2024-03-26 06:54:55,41600,2000,39600,1,36.3,46.0,-9.7,0,6.5,5.0
0005921,0001401,0000090,2024-03-20 12:44:07,25700,1000,24700,1,24.5,26.9,-2.4,0,1.49,5.0
0005922,0001460,0000008,2024-03-31 01:18:18,24800,1000,23800,1,46.0,38.2,7.8,1,11.68,5.0
0005923,0001384,0000049,2024-03-14 01:30:39,79900,5000,74900,1,36.2,30.7,5.5,1,4.7,5.0
0005924,0001464,0000026,2024-03-31 11:05:50,41900,2000,39900,1,44.7,39.6,5.1,1,2.81,5.0
0005925,0001326,0000043,2024-03-04 18:26:20,68900,5000,63900,1,27.6,32.8,-5.2,0,10.95,5.0
0005926,0001422,0000067,2024-03-28 09:26:25,79000,5000,74000,1,42.0,51.3,-9.3,0,14.55,5.0
0005927,0001359,0000092,2024-03-29 04:25:06,46900,2000,44900,1,38.7,26.7,12.0,1,1.22,5.0
0005928,0001452,0000011,2024-03-28 16:30:30,62800,5000,57800,1,44.3,39.6,4.7,1,9.92,5.0
0005929,0001388,0000099,2024-03-17 03:40:24,18700,500,18200,1,28.8,32.0,-3.2,0,7.21,5.0
0005930,0001328,0000037,2024-03-31 12:53:30,28400,1000,27400,1,31.9,41.2,-9.3,0,1.95,5.0
0005931,0001465,0000034,2024-03-30 23:21:33,62200,5000,57200,1,42.2,38.2,4.0,1,5.5,5.0
0005932,0001350,0000002,2024-03-25 01:45:46,84500,5000,79500,1,26.5,20.0,6.5,1,13.66,5.0
0005933,0001380,0000030,2024-03-20 18:52:47,32800,1000,31800,1,22.0,26.7,-4.7,0,7.15,5.0
0005934,0001457,0000032,2024-03-29 11:28:30,22000,1000,21000,1,36.5,36.8,-0.3,0,5.66,5.0
0005935,0001412,0000040,2024-03-23 06:47:34,7500,500,7000,1,48.4,49.4,-1.0,0,3.21,5.0
0005936,0001434,0000021,2024-03-26 17:56:20,11800,500,11300,1,28.4,25.2,3.2,1,13.11,4.0
0005937,0001383,0000077,2024-03-22 10:59:24,15500,500,15000,1,23.3,20.1,3.2,1,10.43,5.0
0005938,0001468,0000083,2024-03-31 22:41:26,95400,5000,90400,1,45.7,32.0,13.7,1,13.77,5.0
0005939,0001424,0000056,2024-03-25 21:52:03,71700,5000,66700,1,22.4,26.2,-3.8,0,3.34,5.0
0005940,0001420,0000093,2024-03-24 16:23:57,91900,5000,86900,1,20.8,29.4,-8.6,0,1.63,4.0
0005941,0001381,0000041,2024-03-22 07:00:08,73500,5000,68500,1,41.1,29.6,11.5,1,4.74,5.0
0005942,0001459,0000038,2024-03-30 12:17:00,29700,1000,28700,1,26.7,28.2,-1.5,0,7.04,5.0
0005943,0001315,0000044,2024-03-09 08:43:18,44500,2000,42500,1,47.9,36.2,11.7,1,10.66,5.0
0005944,0001373,0000062,2024-03-21 20:37:55,70800,5000,65800,1,33.7,29.8,3.9,1,9.01,5.0
0005945,0001353,0000010,2024-03-17 19:24:49,24000,1000,23000,1,36.3,40.0,-3.7,0,12.58,5.0
0005946,0001339,0000081,2024-03-27 01:35:08,41300,2000,39300,1,44.6,41.0,3.6,1,9.15,5.0
0005947,0001466,0000082,2024-03-29 09:11:15,98900,5000,93900,1,31.8,20.6,11.2,1,4.59,5.0
0005948,0001476,0000088,2024-03-31 03:37:26,71300,5000,66300,1,20.9,28.4,-7.5,0,3.9,5.0
0005949,0001461,0000078,2024-03-31 02:16:18,81900,5000,76900,1,24.4,28.9,-4.5,0,10.7,5.0
0005950,0001474,0000043,2024-03-31 16:53:12,96800,5000,91800,1,33.4,28.2,5.2,1,2.3,5.0
0005951,0001370,0000081,2024-03-21 09:13:40,51000,2000,49000,1,40.6,26.3,14.3,1,4.99,5.0
0005952,0001448,0000010,2024-03-31 10:39:19,34500,1000,33500,1,43.7,36.2,7.5,1,1.37,5.0
0005953,0001377,0000071,2024-03-24 18:54:24,38800,1000,37800,1,24.1,27.6,-3.5,0,14.8,5.0
0005954,0001379,0000071,2024-03-18 16:29:47,20100,1000,19100,1,28.3,21.8,6.5,1,2.5,5.0
0005955,0001338,0000047,2024-03-27 20:33:51,52100,2000,50100,1,22.5,32.0,-9.5,0,10.65,1.0
0005956,0001441,0000062,2024-03-31 04:07:48,77300,5000,72300,1,26.2,21.0,5.2,1,13.79,5.0
0005957,0001414,0000014,2024-03-20 00:10:01,80100,5000,75100,1,47.3,49.4,-2.1,0,1.62,5.0
0005958,0001404,0000028,2024-03-20 18:10:02,32100,1000,31100,1,26.6,20.3,6.3,1,13.5,5.0
0005959,0001418,0000067,2024-03-27 01:04:37,36600,1000,35600,1,31.5,39.9,-8.4,0,12.08,5.0
0005960,0001410,0000078,2024-03-29 01:43:32,33000,1000,32000,1,33.6,36.8,-3.2,0,6.35,5.0
0005961,0001319,0000047,2024-03-15 14:38:32,73200,5000,68200,1,47.1,50.6,-3.5,0,6.64,5.0
0005962,0001436,0000057,2024-03-29 17:17:09,61900,5000,56900,1,36.4,38.4,-2.0,0,6.27,5.0
0005963,0001415,0000041,2024-03-27 08:13:08,68100,5000,63100,1,26.9,33.1,-6.2,0,14.27,5.0
0005964,0001394,0000038,2024-03-23 06:00:43,89700,5000,84700,1,33.6,38.7,-5.1,0,8.0,4.0
0005965,0001378,0000049,2024-03-31 18:18:22,55500,2000,53500,1,39.8,25.0,14.8,1,11.71,5.0
0005966,0001318,0000001,2024-03-31 00:26:53,30100,1000,29100,1,47.6,56.3,-8.7,0,6.16,5.0
0005967,0001446,0000080,2024-03-25 18:40:32,53000,2000,51000,1,47.9,48.2,-0.3,0,13.56,1.0
0005968,0001340,0000065,2024-03-07 20:15:56,53800,2000,51800,1,24.7,28.8,-4.1,0,4.03,5.0
0005969,0001386,0000049,2024-03-19 04:31:38,35400,1000,34400,1,44.2,53.1,-8.9,0,5.32,5.0
0005970,0001438,0000095,2024-03-29 01:48:01,54900,2000,52900,1,37.1,33.4,3.7,1,0.62,4.0
0005971,0001408,0000003,2024-03-22 05:24:10,54400,2000,52400,1,34.3,23.7,10.6,1,3.5,4.0
0005972,0001417,0000031,2024-03-28 16:17:02,58800,2000,56800,1,40.4,44.8,-4.4,0,5.77,5.0
0005973,0001361,0000058,2024-03-28 15:39:05,10500,500,10000,1,46.9,42.2,4.7,1,5.25,5.0
0005974,0001357,0000099,2024-03-26 22:34:49,12200,500,11700,1,24.9,34.1,-9.2,0,12.31,4.0
0005975,0001419,0000001,2024-03-30 12:58:09,31800,1000,30800,1,34.2,38.0,-3.8,0,5.25,5.0
0005976,0001433,0000042,2024-03-26 12:31:24,47700,2000,45700,1,44.2,35.4,8.8,1,1.31,5.0
0005977,0001366,0000005,2024-03-11 20:31:46,33900,1000,32900,1,26.3,35.6,-9.3,0,10.72,5.0
0005978,0001371,0000094,2024-03-13 07:04:33,45300,2000,43300,1,24.5,11.6,12.9,1,5.77,5.0
0005979,0001311,0000049,2024-03-10 11:13:59,96900,5000,91900,1,30.1,16.0,14.1,1,4.19,5.0
0005980,0001333,0000072,2024-03-10 04:30:09,93300,5000,88300,1,28.3,22.9,5.4,1,10.31,5.0
0005981,0001362,0000067,2024-04-17 12:54:13,38500,1000,37500,1,49.7,59.3,-9.6,0,13.42,5.0
0005982,0001455,0000070,2024-04-02 00:51:37,58600,0,58600,0,33.1,30.5,2.6,1,13.05,4.0
0005983,0001442,0000052,2024-04-20 19:24:44,52800,0,52800,0,46.2,46.6,-0.4,0,13.71,5.0
0005984,0001461,0000040,2024-04-12 08:10:52,61400,0,61400,0,20.5,23.6,-3.1,0,1.02,4.0
0005985,0001328,0000080,2024-04-07 02:29:20,30400,0,30400,0,30.6,30.6,0.0,0,1.24,5.0
0005986,0001430,0000007,2024-04-06 16:30:19,99200,5000,94200,1,30.9,35.4,-4.5,0,10.45,5.0
0005987,0001431,0000026,2024-04-28 23:29:20,7000,0,7000,0,38.7,35.5,3.2,1,8.18,5.0
0005988,0001314,0000062,2024-04-15 16:54:47,72700,5000,67700,1,27.0,36.1,-9.1,0,9.28,5.0
0005989,0001386,0000058,2024-04-26 05:06:42,78700,0,78700,0,33.2,30.200000000000003,3.0,1,10.14,5.0
0005990,0001412,0000081,2024-04-28 11:03:15,74800,0,74800,0,44.7,44.2,0.5,1,2.16,5.0
0005991,0001401,0000049,2024-04-18 10:33:41,46100,0,46100,0,29.8,27.6,2.2,1,9.57,4.0
0005992,0001325,0000035,2024-04-13 08:06:58,69700,0,69700,0,44.6,49.4,-4.8,0,6.27,3.0
0005993,0001449,0000086,2024-04-25 05:51:56,97500,0,97500,0,22.9,26.3,-3.4,0,8.69,5.0
0005994,0001358,0000024,2024-04-21 05:35:10,34100,1000,33100,1,46.4,55.2,-8.8,0,6.71,5.0
0005995,0001398,0000020,2024-04-27 20:55:50,27700,0,27700,0,33.7,32.1,1.6,1,11.44,5.0
0005996,0001387,0000046,2024-04-22 04:31:58,82700,0,82700,0,24.7,28.4,-3.7,0,3.36,5.0
0005997,0001424,0000053,2024-04-25 10:43:27,95100,0,95100,0,30.3,27.5,2.8,1,2.15,5.0
0005998,0001380,0000005,2024-04-24 03:02:30,67900,0,67900,0,37.2,41.0,-3.8,0,5.13,5.0
0005999,0001414,0000010,2024-04-25 08:29:51,37500,0,37500,0,41.8,43.6,-1.8,0,11.51,3.0
0006000,0001444,0000065,2024-04-21 07:40:54,18200,500,17700,1,25.9,35.3,-9.4,0,10.25,5.0
0006001,0001343,0000083,2024-04-08 13:47:04,87000,0,87000,0,49.0,46.0,3.0,1,0.6,5.0
0006002,0001458,0000030,2024-04-20 18:54:59,56500,2000,54500,1,36.7,41.0,-4.3,0,10.37,3.0
0006003,0001394,0000044,2024-04-30 11:43:04,38100,0,38100,0,37.0,38.7,-1.7,0,2.2,5.0
0006004,0001357,0000018,2024-04-05 10:13:57,93000,0,93000,0,50.0,54.6,-4.6,0,13.79,5.0
0006005,0001361,0000095,2024-04-07 12:00:26,55200,0,55200,0,30.1,25.9,4.2,1,3.69,5.0
0006006,0001344,0000064,2024-04-08 22:50:21,42300,0,42300,0,41.9,40.2,1.7,1,3.38,5.0
0006007,0001340,0000077,2024-04-06 07:21:04,15100,0,15100,0,21.1,23.700000000000003,-2.6,0,1.62,5.0
0006008,0001437,0000098,2024-04-17 22:22:36,47300,2000,45300,1,39.1,47.8,-8.7,0,12.44,5.0
0006009,0001443,0000035,2024-04-15 16:50:53,16500,500,16000,1,42.5,46.7,-4.2,0,14.69,5.0
0006010,0001389,0000037,2024-04-29 02:54:15,51600,0,51600,0,45.9,47.3,-1.4,0,14.55,5.0
0006011,0001435,0000014,2024-04-06 21:58:02,86200,0,86200,0,46.0,47.4,-1.4,0,8.65,5.0
0006012,0001336,0000062,2024-04-20 11:28:08,76800,0,76800,0,47.4,51.1,-3.7,0,4.89,5.0
0006013,0001385,0000083,2024-04-28 22:27:01,20200,0,20200,0,38.9,34.2,4.7,1,1.98,5.0
0006014,0001406,0000011,2024-04-12 13:28:08,21900,0,21900,0,43.0,39.7,3.3,1,1.88,5.0
0006015,0001417,0000075,2024-04-10 12:45:20,69600,0,69600,0,46.7,46.6,0.1,1,3.39,4.0
0006016,0001436,0000070,2024-04-20 16:06:58,21700,0,21700,0,39.5,43.9,-4.4,0,8.8,5.0
0006017,0001421,0000094,2024-04-21 06:14:00,61000,0,61000,0,24.4,28.6,-4.2,0,10.82,5.0
0006018,0001419,0000095,2024-04-05 22:18:54,76400,0,76400,0,24.5,22.1,2.4,1,3.26,5.0
0006019,0001353,0000021,2024-04-14 22:51:01,49200,0,49200,0,46.8,49.6,-2.8,0,9.13,4.0
0006020,0001390,0000016,2024-04-13 23:52:23,59100,2000,57100,1,48.5,53.9,-5.4,0,7.71,5.0
0006021,0001469,0000099,2024-04-19 06:51:39,35700,1000,34700,1,36.1,40.2,-4.1,0,5.56,5.0
0006022,0001319,0000085,2024-04-23 11:44:32,63000,0,63000,0,38.0,38.6,-0.6,0,1.99,5.0
0006023,0001363,0000038,2024-04-21 11:01:26,32900,0,32900,0,34.5,29.9,4.6,1,5.54,5.0
0006024,0001426,0000074,2024-04-19 10:11:58,59000,2000,57000,1,28.8,35.0,-6.2,0,11.63,5.0
0006025,0001396,0000052,2024-04-30 06:40:24,72600,0,72600,0,30.6,27.200000000000003,3.4,1,14.58,5.0
0006026,0001428,0000012,2024-04-26 02:50:00,72800,0,72800,0,28.2,27.4,0.8,1,4.76,5.0
0006027,0001420,0000018,2024-04-27 05:22:38,67400,0,67400,0,36.2,33.6,2.6,1,6.84,5.0
0006028,0001368,0000006,2024-04-12 21:44:46,69300,0,69300,0,44.8,45.4,-0.6,0,2.23,5.0
0006029,0001416,0000083,2024-04-27 08:17:37,67700,0,67700,0,42.8,44.3,-1.5,0,7.99,5.0
0006030,0001429,0000037,2024-04-06 05:24:55,57300,0,57300,0,35.6,32.0,3.6,1,8.76,5.0
0006031,0001331,0000075,2024-04-04 01:46:22,52600,2000,50600,1,43.3,48.4,-5.1,0,6.48,5.0
0006032,0001415,0000063,2024-04-08 03:50:45,80900,0,80900,0,46.1,49.0,-2.9,0,0.82,5.0
0006033,0001476,0000029,2024-04-29 05:58:28,67500,0,67500,0,45.8,42.5,3.3,1,12.47,5.0
0006034,0001413,0000041,2024-04-17 03:34:20,54800,0,54800,0,28.7,25.3,3.4,1,12.09,4.0
0006035,0001372,0000033,2024-04-29 03:36:12,32900,0,32900,0,27.0,24.0,3.0,1,2.53,5.0
0006036,0001377,0000017,2024-04-06 02:37:46,29300,0,29300,0,29.0,25.7,3.3,1,9.62,5.0
0006037,0001374,0000052,2024-04-28 09:10:52,15300,500,14800,1,38.8,40.2,-1.4,0,14.13,4.0
0006038,0001407,0000019,2024-04-28 17:12:18,61000,5000,56000,1,28.6,33.8,-5.2,0,3.07,1.0
0006039,0001453,0000080,2024-04-21 07:18:34,13100,500,12600,1,24.1,29.7,-5.6,0,13.46,5.0
0006040,0001360,0000092,2024-04-21 20:14:54,57800,0,57800,0,49.7,54.1,-4.4,0,10.89,5.0
0006041,0001391,0000014,2024-04-04 09:41:48,50200,0,50200,0,28.5,33.2,-4.7,0,13.02,5.0
0006042,0001334,0000077,2024-04-14 18:15:42,96800,5000,91800,1,45.0,48.9,-3.9,0,10.36,5.0
0006043,0001478,0000066,2024-04-17 20:05:42,42800,2000,40800,1,42.5,45.1,-2.6,0,5.8,3.0
0006044,0001383,0000018,2024-04-29 16:14:53,57000,0,57000,0,34.9,37.6,-2.7,0,5.1,5.0
0006045,0001454,0000096,2024-04-13 00:34:44,65000,0,65000,0,25.9,28.1,-2.2,0,2.81,5.0
0006046,0001450,0000013,2024-04-09 14:07:51,75000,5000,70000,1,25.2,34.5,-9.3,0,3.26,4.0
0006047,0001395,0000062,2024-04-13 17:01:13,96500,0,96500,0,31.9,29.7,2.2,1,5.92,5.0
0006048,0001348,0000047,2024-04-04 04:13:57,99800,5000,94800,1,28.4,32.3,-3.9,0,10.32,5.0
0006049,0001318,0000056,2024-04-23 18:40:12,69400,0,69400,0,46.0,50.9,-4.9,0,2.97,5.0
0006050,0001369,0000036,2024-04-26 06:34:57,10900,0,10900,0,24.3,23.9,0.4,1,7.17,5.0
0006051,0001561,0000006,2024-04-22 14:48:40,77700,5000,72700,1,20.4,7.5,12.9,1,7.86,5.0
0006052,0001524,0000002,2024-04-19 23:27:54,44700,2000,42700,1,27.4,32.9,-5.5,0,13.24,4.0
0006053,0001599,0000059,2024-04-29 22:55:38,9500,500,9000,1,20.8,25.3,-4.5,0,0.78,5.0
0006054,0001486,0000077,2024-04-25 12:55:17,21500,1000,20500,1,40.4,43.4,-3.0,0,8.4,5.0
0006055,0001602,0000098,2024-04-24 19:18:56,62700,5000,57700,1,41.8,47.2,-5.4,0,4.29,5.0
0006056,0001611,0000032,2024-04-30 19:06:15,95300,5000,90300,1,24.5,14.7,9.8,1,2.51,1.0
0006057,0001518,0000040,2024-04-27 15:34:31,89700,5000,84700,1,24.4,28.4,-4.0,0,5.74,4.0
0006058,0001598,0000096,2024-04-29 04:12:14,12000,500,11500,1,26.3,34.1,-7.8,0,3.84,5.0
0006059,0001588,0000066,2024-04-22 19:06:14,32800,1000,31800,1,43.6,48.4,-4.8,0,4.54,5.0
0006060,0001550,0000020,2024-04-27 11:32:21,67700,5000,62700,1,32.6,36.4,-3.8,0,4.61,3.0
0006061,0001492,0000015,2024-04-19 13:28:03,86500,5000,81500,1,44.7,31.0,13.7,1,8.66,5.0
0006062,0001608,0000069,2024-04-26 09:57:25,71700,5000,66700,1,37.5,29.4,8.1,1,10.37,5.0
0006063,0001614,0000020,2024-04-28 09:17:34,46900,2000,44900,1,31.5,33.6,-2.1,0,4.46,5.0
0006064,0001617,0000084,2024-04-28 22:24:25,12500,500,12000,1,41.6,32.0,9.6,1,1.31,5.0
0006065,0001606,0000055,2024-04-30 08:57:08,58500,2000,56500,1,43.2,52.6,-9.4,0,3.71,5.0
0006066,0001506,0000038,2024-04-16 14:16:17,34900,1000,33900,1,24.2,26.9,-2.7,0,5.87,5.0
0006067,0001622,0000009,2024-04-29 17:53:51,62900,5000,57900,1,39.2,25.2,14.0,1,11.41,5.0
0006068,0001523,0000038,2024-04-27 00:43:54,97100,5000,92100,1,48.4,44.6,3.8,1,9.57,5.0
0006069,0001628,0000064,2024-04-30 18:46:52,32800,1000,31800,1,22.2,8.0,14.2,1,1.22,4.0
0006070,0001508,0000040,2024-04-28 05:38:51,93300,5000,88300,1,36.3,39.5,-3.2,0,8.96,5.0
0006071,0001629,0000083,2024-04-30 15:36:04,63600,5000,58600,1,37.9,40.1,-2.2,0,9.5,5.0
0006072,0001503,0000077,2024-04-16 19:39:49,16600,500,16100,1,30.5,32.0,-1.5,0,5.44,5.0
0006073,0001530,0000026,2024-04-23 20:15:07,71300,5000,66300,1,25.7,19.3,6.4,1,12.22,3.0
0006074,0001592,0000057,2024-04-24 02:22:14,64300,5000,59300,1,37.4,45.6,-8.2,0,4.5,5.0
0006075,0001538,0000057,2024-04-17 11:40:27,20600,1000,19600,1,39.8,36.8,3.0,1,8.21,5.0
0006076,0001593,0000070,2024-04-24 17:58:05,48800,2000,46800,1,29.4,32.4,-3.0,0,2.41,5.0
0006077,0001586,0000003,2024-04-24 21:23:54,58800,2000,56800,1,32.5,18.8,13.7,1,9.06,5.0
0006078,0001510,0000078,2024-04-22 05:51:29,84600,5000,79600,1,20.7,13.6,7.1,1,10.02,5.0
0006079,0001504,0000015,2024-04-28 08:16:20,83400,5000,78400,1,34.9,26.2,8.7,1,10.26,4.0
0006080,0001607,0000052,2024-04-28 05:05:33,55500,2000,53500,1,20.5,12.8,7.7,1,4.92,5.0
0006081,0001623,0000086,2024-04-29 17:31:28,19300,500,18800,1,25.8,30.6,-4.8,0,12.56,5.0
0006082,0001552,0000019,2024-04-20 12:25:52,42100,2000,40100,1,47.4,44.3,3.1,1,12.47,1.0
0006083,0001578,0000077,2024-04-23 20:04:52,90500,5000,85500,1,33.1,30.3,2.8,1,12.95,5.0
0006084,0001572,0000098,2024-04-22 22:20:01,84500,5000,79500,1,42.9,44.2,-1.3,0,9.77,5.0
0006085,0001610,0000007,2024-04-28 20:09:39,23500,1000,22500,1,37.4,46.8,-9.4,0,10.64,5.0
0006086,0001612,0000085,2024-04-28 22:35:32,57200,2000,55200,1,46.5,53.9,-7.4,0,4.5,5.0
0006087,0001540,0000088,2024-04-22 13:48:09,41300,2000,39300,1,27.7,13.1,14.6,1,4.71,5.0
0006088,0001489,0000042,2024-04-15 08:23:45,11600,500,11100,1,37.4,42.3,-4.9,0,11.68,5.0
0006089,0001569,0000052,2024-04-21 23:27:45,80100,5000,75100,1,22.7,26.4,-3.7,0,6.3,5.0
0006090,0001480,0000051,2024-04-17 15:59:25,63800,5000,58800,1,30.6,31.6,-1.0,0,13.21,3.0
0006091,0001499,0000023,2024-04-10 09:43:42,58800,2000,56800,1,24.4,17.7,6.7,1,3.91,5.0
0006092,0001577,0000073,2024-04-28 16:11:49,9900,500,9400,1,39.4,42.8,-3.4,0,13.04,5.0
0006093,0001625,0000069,2024-04-29 20:27:35,33800,1000,32800,1,30.2,38.3,-8.1,0,2.27,5.0
0006094,0001514,0000024,2024-04-22 05:33:05,90100,5000,85100,1,26.6,12.2,14.4,1,10.29,5.0
0006095,0001590,0000066,2024-04-28 06:22:48,66500,5000,61500,1,43.8,47.5,-3.7,0,7.29,5.0
0006096,0001500,0000015,2024-04-26 02:06:43,26200,1000,25200,1,47.1,38.6,8.5,1,12.84,5.0
0006097,0001584,0000088,2024-04-27 03:56:35,30400,1000,29400,1,21.5,27.5,-6.0,0,8.14,5.0
0006098,0001615,0000028,2024-04-30 02:46:48,63200,5000,58200,1,28.5,19.3,9.2,1,4.67,1.0
0006099,0001513,0000037,2024-04-15 10:09:40,47600,2000,45600,1,32.8,38.1,-5.3,0,13.8,5.0
0006100,0001619,0000073,2024-04-29 15:50:59,35800,1000,34800,1,43.5,52.9,-9.4,0,3.52,4.0
0006101,0001621,0000009,2024-04-30 02:47:30,76200,5000,71200,1,23.4,11.7,11.7,1,13.72,1.0
0006102,0001543,0000031,2024-04-14 08:36:50,24600,1000,23600,1,38.0,23.0,15.0,1,13.82,4.0
0006103,0001536,0000059,2024-04-27 14:25:00,98400,5000,93400,1,31.5,24.3,7.2,1,6.06,5.0
0006104,0001554,0000005,2024-04-17 13:15:57,48800,2000,46800,1,26.4,17.8,8.6,1,11.22,5.0
0006105,0001587,0000054,2024-04-29 14:57:04,24400,1000,23400,1,33.2,41.8,-8.6,0,10.54,5.0
0006106,0001620,0000041,2024-04-30 17:00:37,38700,1000,37700,1,25.7,29.1,-3.4,0,5.52,4.0
0006107,0001570,0000060,2024-04-25 14:53:37,67200,5000,62200,1,37.7,41.5,-3.8,0,4.95,5.0
0006108,0001553,0000029,2024-04-23 22:41:23,59600,2000,57600,1,26.5,33.5,-7.0,0,4.76,5.0
0006109,0001574,0000035,2024-04-28 21:15:30,65000,5000,60000,1,46.0,37.4,8.6,1,9.81,5.0
0006110,0001632,0000010,2024-04-30 05:33:36,12700,500,12200,1,32.4,27.4,5.0,1,2.25,3.0
0006111,0001595,0000079,2024-04-28 02:22:32,60600,5000,55600,1,20.9,30.1,-9.2,0,3.12,5.0
0006112,0001497,0000055,2024-04-12 09:41:19,49300,2000,47300,1,27.9,18.0,9.9,1,11.85,4.0
0006113,0001563,0000004,2024-04-27 01:06:35,63000,5000,58000,1,44.2,53.1,-8.9,0,4.22,5.0
0006114,0001585,0000010,2024-04-27 13:11:59,64500,5000,59500,1,37.4,25.7,11.7,1,6.07,5.0
0006115,0001631,0000046,2024-04-30 03:29:40,49900,2000,47900,1,26.7,12.4,14.3,1,14.82,5.0
0006116,0001575,0000083,2024-04-28 13:44:16,93500,5000,88500,1,29.2,23.0,6.2,1,2.85,5.0
0006117,0001502,0000099,2024-04-09 04:29:05,13400,500,12900,1,20.1,5.5,14.6,1,11.37,5.0
0006118,0001531,0000042,2024-04-19 19:55:50,16300,500,15800,1,46.8,33.6,13.2,1,4.34,5.0
0006119,0001520,0000055,2024-04-27 02:43:42,93500,5000,88500,1,48.3,40.6,7.7,1,7.26,5.0
0006120,0001546,0000039,2024-04-20 02:56:37,21800,1000,20800,1,23.4,15.7,7.7,1,2.62,5.0
0006121,0001534,0000085,2024-04-15 20:27:09,37500,1000,36500,1,43.0,43.7,-0.7,0,2.13,5.0
0006122,0001539,0000035,2024-04-27 19:44:30,24300,1000,23300,1,23.3,14.6,8.7,1,5.24,5.0
0006123,0001616,0000091,2024-04-29 20:23:09,14100,500,13600,1,30.5,22.8,7.7,1,3.01,5.0
0006124,0001512,0000083,2024-04-14 21:33:55,19300,500,18800,1,21.8,11.9,9.9,1,12.17,5.0
0006125,0001583,0000020,2024-04-30 00:42:38,90700,5000,85700,1,32.1,23.4,8.7,1,11.67,5.0
0006126,0001558,0000095,2024-04-20 08:15:45,68100,5000,63100,1,23.5,30.6,-7.1,0,12.84,5.0
0006127,0001481,0000063,2024-04-25 16:39:32,42700,2000,40700,1,26.7,24.4,2.3,1,3.84,5.0
0006128,0001532,0000055,2024-04-27 14:00:06,20000,1000,19000,1,47.7,56.8,-9.1,0,11.35,5.0
0006129,0001541,0000041,2024-04-14 14:28:23,22400,1000,21400,1,20.3,9.8,10.5,1,12.95,5.0
0006130,0001491,0000079,2024-04-13 03:56:45,14800,500,14300,1,34.9,20.5,14.4,1,7.02,3.0
0006131,0001521,0000019,2024-04-10 19:29:49,9700,500,9200,1,37.4,41.6,-4.2,0,10.99,5.0
0006132,0001564,0000099,2024-04-23 06:42:28,80700,5000,75700,1,20.4,29.5,-9.1,0,5.53,5.0
0006133,0001605,0000082,2024-04-28 20:47:24,25600,1000,24600,1,25.5,28.4,-2.9,0,10.81,5.0
0006134,0001613,0000037,2024-04-28 15:27:25,15400,500,14900,1,22.3,17.5,4.8,1,11.47,1.0
0006135,0001548,0000028,2024-04-17 05:58:14,64400,5000,59400,1,30.0,18.3,11.7,1,1.95,5.0
0006136,0001545,0000019,2024-04-20 17:02:17,69500,5000,64500,1,39.7,40.0,-0.3,0,2.94,5.0
0006137,0001525,0000043,2024-04-27 20:52:00,86800,5000,81800,1,22.5,31.1,-8.6,0,1.98,1.0
0006138,0001589,0000040,2024-04-27 04:27:54,72000,5000,67000,1,36.1,28.4,7.7,1,9.26,5.0
0006139,0001624,0000060,2024-04-30 15:00:01,89700,5000,84700,1,22.0,15.1,6.9,1,6.42,5.0
0006140,0001604,0000004,2024-04-29 07:36:16,79700,5000,74700,1,25.9,19.5,6.4,1,3.51,3.0
0006141,0001567,0000072,2024-04-28 23:39:12,56300,2000,54300,1,49.3,41.7,7.6,1,9.36,5.0
0006142,0001509,0000085,2024-04-23 02:54:44,87500,5000,82500,1,23.9,26.5,-2.6,0,2.3,5.0
0006143,0001519,0000034,2024-04-12 09:52:42,47200,2000,45200,1,44.8,41.9,2.9,1,5.21,5.0
0006144,0001501,0000024,2024-04-06 06:57:41,91200,5000,86200,1,47.7,35.5,12.2,1,0.81,5.0
0006145,0001496,0000090,2024-04-10 07:45:07,33100,1000,32100,1,43.9,35.7,8.2,1,5.51,5.0
0006146,0001528,0000013,2024-04-15 11:13:38,21500,1000,20500,1,27.9,22.6,5.3,1,4.89,5.0
0006147,0001517,0000063,2024-04-17 05:05:18,83400,5000,78400,1,26.5,13.0,13.5,1,10.12,5.0
0006148,0001576,0000084,2024-04-23 14:10:20,17800,500,17300,1,30.9,39.2,-8.3,0,11.62,5.0
0006149,0001559,0000074,2024-04-28 00:30:41,98700,5000,93700,1,46.4,40.8,5.6,1,0.86,5.0
0006150,0001556,0000051,2024-04-22 22:51:03,67400,5000,62400,1,36.1,45.0,-8.9,0,5.13,5.0
0006151,0001507,0000089,2024-04-30 22:55:30,63900,5000,58900,1,22.7,15.2,7.5,1,5.67,5.0
0006152,0001597,0000033,2024-04-25 13:14:01,91100,5000,86100,1,38.5,29.2,9.3,1,0.75,1.0
0006153,0001522,0000038,2024-04-30 20:15:52,30700,1000,29700,1,45.5,40.3,5.2,1,14.61,5.0
0006154,0001544,0000098,2024-04-15 22:30:20,71000,5000,66000,1,43.7,29.3,14.4,1,9.36,5.0
0006155,0001484,0000003,2024-04-10 06:47:43,73800,5000,68800,1,22.0,26.1,-4.1,0,12.13,5.0
0006156,0001626,0000094,2024-04-30 04:18:00,82800,5000,77800,1,34.3,29.0,5.3,1,7.9,5.0
0006157,0001609,0000100,2024-04-30 02:32:22,50600,2000,48600,1,39.8,45.5,-5.7,0,14.15,5.0
0006158,0001498,0000064,2024-04-18 20:49:55,7400,500,6900,1,25.7,15.3,10.4,1,1.36,4.0
0006159,0001573,0000057,2024-04-29 00:39:27,30600,1000,29600,1,39.6,37.4,2.2,1,5.23,5.0
0006160,0001581,0000015,2024-04-24 09:23:31,22500,1000,21500,1,42.0,35.4,6.6,1,0.81,5.0
0006161,0001490,0000025,2024-04-02 18:02:44,66900,5000,61900,1,29.5,20.8,8.7,1,7.24,5.0
0006162,0001571,0000090,2024-04-19 07:22:50,20200,1000,19200,1,23.9,11.3,12.6,1,12.51,5.0
0006163,0001594,0000082,2024-04-24 02:20:10,56800,2000,54800,1,24.3,25.8,-1.5,0,9.82,5.0
0006164,0001596,0000052,2024-04-26 16:23:07,18100,500,17600,1,39.5,46.6,-7.1,0,13.97,5.0
0006165,0001630,0000090,2024-04-30 10:48:54,57700,2000,55700,1,44.8,45.3,-0.5,0,3.12,3.0
0006166,0001566,0000004,2024-04-29 01:12:16,24500,1000,23500,1,43.9,35.9,8.0,1,14.57,5.0
0006167,0001565,0000029,2024-04-23 14:38:25,75000,5000,70000,1,39.5,34.8,4.7,1,8.68,4.0
0006168,0001537,0000073,2024-04-14 21:14:32,66900,5000,61900,1,43.4,50.6,-7.2,0,0.93,5.0
0006169,0001511,0000048,2024-04-23 12:21:01,52900,2000,50900,1,33.6,30.7,2.9,1,14.36,4.0
0006170,0001603,0000054,2024-04-24 03:35:33,23000,1000,22000,1,29.5,32.4,-2.9,0,2.28,5.0
0006171,0001601,0000069,2024-04-28 22:10:26,91400,5000,86400,1,33.6,26.9,6.7,1,6.04,5.0
0006172,0001487,0000002,2024-05-23 12:06:15,60700,5000,55700,1,22.4,27.5,-5.1,0,7.48,5.0
0006173,0001515,0000033,2024-05-23 08:46:36,96100,5000,91100,1,43.1,46.3,-3.2,0,7.84,5.0
0006174,0001584,0000099,2024-05-12 08:28:21,15700,0,15700,0,40.1,35.4,4.7,1,7.56,5.0
0006175,0001612,0000040,2024-05-21 17:01:02,29500,0,29500,0,38.3,42.3,-4.0,0,14.0,5.0
0006176,0001513,0000025,2024-05-08 10:42:58,35900,0,35900,0,45.5,47.8,-2.3,0,11.68,5.0
0006177,0001592,0000071,2024-05-17 11:05:00,38400,0,38400,0,44.6,43.3,1.3,1,6.55,5.0
0006178,0001549,0000017,2024-05-08 19:58:13,41200,2000,39200,1,47.1,55.8,-8.7,0,0.7,5.0
0006179,0001570,0000037,2024-05-30 14:16:17,32800,0,32800,0,22.5,21.3,1.2,1,14.87,5.0
0006180,0001595,0000084,2024-05-06 17:37:58,43800,0,43800,0,36.9,39.3,-2.4,0,5.49,5.0
0006181,0001579,0000025,2024-05-29 13:09:13,12000,0,12000,0,22.7,20.0,2.7,1,2.09,5.0
0006182,0001606,0000035,2024-05-31 21:00:31,97600,0,97600,0,22.1,19.8,2.3,1,4.62,5.0
0006183,0001553,0000074,2024-05-09 19:12:49,59600,0,59600,0,37.8,40.8,-3.0,0,13.08,5.0
0006184,0001629,0000037,2024-05-19 04:28:10,71800,0,71800,0,49.4,49.5,-0.1,0,2.4,5.0
0006185,0001614,0000034,2024-05-03 23:24:05,23300,0,23300,0,47.0,44.2,2.8,1,5.45,5.0
0006186,0001541,0000066,2024-05-05 04:51:17,62800,0,62800,0,36.3,33.7,2.6,1,0.54,5.0
0006187,0001485,0000055,2024-05-13 17:22:51,30100,1000,29100,1,43.1,52.2,-9.1,0,4.98,5.0
0006188,0001542,0000013,2024-05-19 20:54:35,83600,5000,78600,1,20.3,24.0,-3.7,0,13.28,1.0
0006189,0001608,0000090,2024-05-06 02:02:14,8400,0,8400,0,36.5,35.1,1.4,1,9.04,4.0
0006190,0001506,0000001,2024-05-30 15:08:51,61100,0,61100,0,30.2,32.7,-2.5,0,3.43,5.0
0006191,0001593,0000045,2024-05-19 19:23:16,35100,0,35100,0,46.0,49.8,-3.8,0,13.53,5.0
0006192,0001494,0000046,2024-05-01 22:29:17,27900,0,27900,0,40.1,43.4,-3.3,0,12.75,5.0
0006193,0001509,0000100,2024-05-26 13:15:43,75400,0,75400,0,46.6,41.6,5.0,1,14.05,5.0
0006194,0001524,0000002,2024-05-23 02:20:46,48200,0,48200,0,47.6,47.6,0.0,0,1.83,4.0
0006195,0001572,0000053,2024-05-16 16:26:23,43900,0,43900,0,41.3,43.6,-2.3,0,6.54,4.0
0006196,0001537,0000043,2024-05-17 23:33:40,62700,0,62700,0,26.8,29.0,-2.2,0,3.96,5.0
0006197,0001576,0000015,2024-05-30 06:42:52,83300,0,83300,0,34.9,30.4,4.5,1,2.78,5.0
0006198,0001535,0000079,2024-05-10 17:15:35,73400,5000,68400,1,34.0,36.8,-2.8,0,8.99,5.0
0006199,0001563,0000054,2024-05-01 07:40:12,72100,0,72100,0,41.2,36.400000000000006,4.8,1,10.77,5.0
0006200,0001508,0000100,2024-05-20 23:11:55,22800,0,22800,0,48.7,50.3,-1.6,0,5.11,5.0
0006201,0001551,0000089,2024-05-05 22:43:27,81900,5000,76900,1,37.8,40.4,-2.6,0,3.48,5.0
0006202,0001521,0000003,2024-05-24 08:11:43,47000,0,47000,0,33.6,32.5,1.1,1,6.75,4.0
0006203,0001594,0000071,2024-05-29 02:36:03,42800,0,42800,0,32.8,36.3,-3.5,0,7.36,5.0
0006204,0001505,0000088,2024-05-19 06:37:32,68300,5000,63300,1,37.0,45.7,-8.7,0,9.7,5.0
0006205,0001623,0000080,2024-05-19 04:14:56,74700,0,74700,0,42.0,40.2,1.8,1,5.3,5.0
0006206,0001577,0000042,2024-05-14 15:29:59,40500,0,40500,0,34.1,29.6,4.5,1,10.6,5.0
0006207,0001534,0000063,2024-05-06 22:41:56,18000,0,18000,0,30.3,33.6,-3.3,0,1.8,5.0
0006208,0001480,0000034,2024-05-21 18:06:12,28400,0,28400,0,43.4,41.5,1.9,1,1.83,1.0
0006209,0001602,0000039,2024-05-04 00:11:07,19700,0,19700,0,20.1,16.900000000000002,3.2,1,10.98,5.0
0006210,0001547,0000037,2024-05-07 23:18:25,24000,0,24000,0,41.3,46.3,-5.0,0,14.94,5.0
0006211,0001605,0000095,2024-05-28 04:11:11,98700,0,98700,0,36.1,37.3,-1.2,0,14.2,5.0
0006212,0001503,0000078,2024-05-05 07:02:08,56300,0,56300,0,43.1,40.6,2.5,1,12.84,5.0
0006213,0001564,0000019,2024-05-24 01:26:08,67200,0,67200,0,21.5,24.2,-2.7,0,2.3,5.0
0006214,0001568,0000048,2024-05-15 20:13:42,11200,500,10700,1,33.6,43.4,-9.8,0,6.5,5.0
0006215,0001489,0000090,2024-05-11 01:37:35,72800,0,72800,0,41.5,37.1,4.4,1,13.21,5.0
0006216,0001598,0000015,2024-05-18 07:13:55,29900,0,29900,0,38.8,38.1,0.7,1,4.94,3.0
0006217,0001609,0000055,2024-05-17 19:56:08,50400,0,50400,0,32.4,33.5,-1.1,0,3.14,5.0
0006218,0001586,0000061,2024-05-22 05:18:05,52000,0,52000,0,44.0,46.9,-2.9,0,12.11,5.0
0006219,0001532,0000079,2024-05-21 06:06:53,48400,0,48400,0,48.0,49.5,-1.5,0,9.11,5.0
0006220,0001482,0000083,2024-05-17 10:24:43,32500,1000,31500,1,40.0,41.2,-1.2,0,2.58,5.0
0006221,0001518,0000092,2024-05-02 12:35:23,29800,0,29800,0,27.4,24.1,3.3,1,6.1,5.0
0006222,0001569,0000095,2024-05-29 12:54:13,50700,0,50700,0,24.5,20.1,4.4,1,3.09,5.0
0006223,0001620,0000068,2024-05-11 15:29:21,32100,0,32100,0,39.3,44.0,-4.7,0,7.17,5.0
0006224,0001591,0000047,2024-05-12 13:59:42,8900,500,8400,1,26.4,33.4,-7.0,0,8.59,5.0
0006225,0001610,0000010,2024-05-17 10:40:09,75600,0,75600,0,20.6,20.4,0.2,1,9.4,5.0
0006226,0001525,0000094,2024-05-25 22:40:25,36100,0,36100,0,30.7,28.9,1.8,1,8.41,5.0
0006227,0001527,0000042,2024-05-11 05:01:43,79400,0,79400,0,47.7,43.3,4.4,1,12.69,5.0
0006228,0001581,0000040,2024-05-26 11:51:54,51900,0,51900,0,20.1,19.700000000000003,0.4,1,10.15,5.0
0006229,0001625,0000047,2024-05-13 11:53:05,14400,0,14400,0,38.7,41.3,-2.6,0,9.39,4.0
0006230,0001603,0000005,2024-05-28 00:58:52,66800,0,66800,0,25.9,30.8,-4.9,0,1.73,4.0
0006231,0001484,0000020,2024-05-17 15:31:34,87800,0,87800,0,31.0,30.2,0.8,1,13.0,5.0
0006232,0001483,0000026,2024-05-19 17:47:11,54400,2000,52400,1,24.2,28.8,-4.6,0,12.29,5.0
0006233,0001533,0000004,2024-05-23 09:21:30,57200,2000,55200,1,45.9,50.8,-4.9,0,8.16,5.0
0006234,0001555,0000077,2024-05-10 23:38:15,50100,2000,48100,1,27.1,32.1,-5.0,0,8.46,5.0
0006235,0001493,0000057,2024-05-18 06:43:30,11600,500,11100,1,24.3,24.9,-0.6,0,10.4,5.0
0006236,0001630,0000083,2024-05-22 07:10:12,39800,0,39800,0,49.1,50.5,-1.4,0,2.13,5.0
0006237,0001619,0000001,2024-05-05 20:08:39,88300,0,88300,0,39.7,43.3,-3.6,0,1.53,5.0
0006238,0001599,0000036,2024-05-27 15:05:45,56700,0,56700,0,48.2,49.0,-0.8,0,6.65,5.0
0006239,0001716,0000069,2024-05-22 20:25:29,29800,1000,28800,1,48.9,34.3,14.6,1,1.62,5.0
0006240,0001748,0000092,2024-05-28 01:07:05,83000,5000,78000,1,22.2,13.4,8.8,1,6.73,5.0
0006241,0001792,0000035,2024-05-31 22:33:11,81300,5000,76300,1,40.7,38.5,2.2,1,10.5,5.0
0006242,0001747,0000044,2024-05-27 19:00:27,47900,2000,45900,1,20.7,5.9,14.8,1,3.69,5.0
0006243,0001777,0000088,2024-05-31 09:59:20,37300,1000,36300,1,21.9,7.8,14.1,1,3.35,5.0
0006244,0001710,0000025,2024-05-24 17:37:43,48200,2000,46200,1,42.2,48.0,-5.8,0,7.19,5.0
0006245,0001783,0000047,2024-05-30 14:30:24,78700,5000,73700,1,42.9,45.7,-2.8,0,12.31,5.0
0006246,0001633,0000007,2024-05-22 16:39:10,37000,1000,36000,1,34.1,27.8,6.3,1,13.57,5.0
0006247,0001651,0000035,2024-05-06 19:06:51,17100,500,16600,1,28.9,30.3,-1.4,0,3.72,5.0
0006248,0001791,0000072,2024-05-31 20:55:24,91000,5000,86000,1,34.9,44.8,-9.9,0,7.34,5.0
0006249,0001764,0000072,2024-05-31 21:02:36,24500,1000,23500,1,22.5,27.0,-4.5,0,11.18,5.0
0006250,0001660,0000087,2024-05-21 10:48:06,45600,2000,43600,1,29.9,38.1,-8.2,0,1.79,5.0
0006251,0001709,0000060,2024-05-29 08:52:38,10200,500,9700,1,43.1,43.7,-0.6,0,8.63,5.0
0006252,0001698,0000077,2024-05-23 11:41:54,80600,5000,75600,1,38.3,29.4,8.9,1,12.43,5.0
0006253,0001674,0000063,2024-05-22 10:13:03,21100,1000,20100,1,46.3,47.5,-1.2,0,10.0,5.0
0006254,0001662,0000044,2024-05-23 11:15:11,86300,5000,81300,1,22.9,28.4,-5.5,0,7.31,5.0
0006255,0001766,0000029,2024-05-30 02:21:38,52700,2000,50700,1,24.1,13.4,10.7,1,9.76,5.0
0006256,0001749,0000088,2024-05-30 19:59:22,92900,5000,87900,1,26.9,33.5,-6.6,0,6.28,5.0
0006257,0001789,0000006,2024-05-31 13:57:29,57700,2000,55700,1,29.6,23.2,6.4,1,9.76,5.0
0006258,0001720,0000065,2024-05-20 01:08:49,64100,5000,59100,1,21.1,11.0,10.1,1,6.59,3.0
0006259,0001683,0000030,2024-05-12 23:47:51,33000,1000,32000,1,26.2,22.4,3.8,1,2.05,4.0
0006260,0001702,0000007,2024-05-23 16:10:16,48200,2000,46200,1,42.8,37.4,5.4,1,2.62,5.0
0006261,0001715,0000076,2024-05-23 08:21:35,28500,1000,27500,1,31.2,21.1,10.1,1,4.65,5.0
0006262,0001635,0000069,2024-05-10 01:08:39,20500,1000,19500,1,21.9,16.3,5.6,1,2.64,5.0
0006263,0001784,0000050,2024-05-30 08:46:32,28100,1000,27100,1,31.0,18.6,12.4,1,8.2,5.0
0006264,0001677,0000067,2024-05-15 22:32:25,15600,500,15100,1,26.7,34.4,-7.7,0,11.66,5.0
0006265,0001656,0000076,2024-05-25 15:51:57,18700,500,18200,1,32.3,20.7,11.6,1,5.66,1.0
0006266,0001746,0000088,2024-05-26 23:27:26,56000,2000,54000,1,48.1,36.7,11.4,1,8.71,5.0
0006267,0001714,0000082,2024-05-31 09:44:11,20200,1000,19200,1,48.8,57.9,-9.1,0,12.43,5.0
0006268,0001756,0000038,2024-05-31 23:54:23,96600,5000,91600,1,41.5,29.2,12.3,1,12.99,5.0
0006269,0001732,0000083,2024-05-21 21:20:00,99300,5000,94300,1,46.9,41.3,5.6,1,4.61,5.0
0006270,0001654,0000059,2024-05-22 01:47:10,21600,1000,20600,1,36.4,27.1,9.3,1,2.55,4.0
0006271,0001653,0000014,2024-05-24 12:59:07,51600,2000,49600,1,25.0,34.8,-9.8,0,5.49,5.0
0006272,0001731,0000062,2024-05-24 10:51:09,25400,1000,24400,1,30.3,27.4,2.9,1,10.93,5.0
0006273,0001736,0000099,2024-05-25 23:55:30,29000,1000,28000,1,34.4,41.3,-6.9,0,1.1,5.0
0006274,0001757,0000053,2024-05-30 23:22:47,73700,5000,68700,1,25.3,35.1,-9.8,0,7.11,5.0
0006275,0001737,0000088,2024-05-22 01:38:32,76300,5000,71300,1,25.8,30.1,-4.3,0,2.4,4.0
0006276,0001753,0000072,2024-05-27 10:22:15,16500,500,16000,1,49.4,58.9,-9.5,0,5.74,5.0
0006277,0001690,0000002,2024-05-20 08:41:40,38800,1000,37800,1,28.6,23.5,5.1,1,9.68,1.0
0006278,0001755,0000028,2024-05-26 10:07:05,98900,5000,93900,1,44.5,39.4,5.1,1,7.92,5.0
0006279,0001733,0000046,2024-05-23 16:45:53,52600,2000,50600,1,45.2,42.9,2.3,1,11.65,5.0
0006280,0001648,0000012,2024-05-16 06:36:11,96400,5000,91400,1,34.9,28.2,6.7,1,2.02,5.0
0006281,0001712,0000017,2024-05-24 12:44:49,55700,2000,53700,1,27.0,33.3,-6.3,0,14.13,5.0
0006282,0001644,0000053,2024-05-03 08:47:36,63700,5000,58700,1,44.6,44.7,-0.1,0,12.71,4.0
0006283,0001773,0000007,2024-05-29 16:05:37,23900,1000,22900,1,34.9,43.7,-8.8,0,1.57,5.0
0006284,0001695,0000072,2024-05-13 10:44:25,43500,2000,41500,1,43.4,45.5,-2.1,0,8.33,5.0
0006285,0001667,0000081,2024-05-22 16:39:30,89900,5000,84900,1,22.1,19.9,2.2,1,11.59,3.0
0006286,0001742,0000066,2024-05-29 19:26:42,59900,2000,57900,1,20.8,18.8,2.0,1,10.02,4.0
0006287,0001735,0000092,2024-05-28 19:10:48,48700,2000,46700,1,28.9,21.9,7.0,1,11.21,5.0
0006288,0001713,0000097,2024-05-29 22:57:33,7600,500,7100,1,23.1,32.9,-9.8,0,12.97,5.0
0006289,0001680,0000062,2024-05-31 09:49:33,59400,2000,57400,1,32.8,39.0,-6.2,0,10.03,5.0
0006290,0001722,0000075,2024-05-23 06:05:44,46700,2000,44700,1,27.4,17.7,9.7,1,2.76,5.0
0006291,0001785,0000078,2024-05-31 09:51:28,43700,2000,41700,1,36.6,37.3,-0.7,0,8.09,5.0
0006292,0001645,0000040,2024-05-09 13:16:06,92300,5000,87300,1,25.4,30.9,-5.5,0,9.92,5.0
0006293,0001729,0000094,2024-05-21 08:03:35,72700,5000,67700,1,47.5,52.7,-5.2,0,3.91,5.0
0006294,0001639,0000028,2024-05-14 06:59:20,24200,1000,23200,1,43.8,30.5,13.3,1,2.07,3.0
0006295,0001647,0000028,2024-05-29 00:15:26,83200,5000,78200,1,38.8,25.7,13.1,1,13.47,5.0
0006296,0001718,0000066,2024-05-31 15:19:15,31100,1000,30100,1,29.6,14.8,14.8,1,7.6,5.0
0006297,0001711,0000095,2024-05-20 16:42:51,99900,5000,94900,1,43.2,38.5,4.7,1,1.74,5.0
0006298,0001687,0000025,2024-05-14 17:25:01,49200,2000,47200,1,38.7,39.0,-0.3,0,9.5,5.0
0006299,0001740,0000080,2024-05-24 10:05:59,66600,5000,61600,1,34.2,27.0,7.2,1,14.1,5.0
0006300,0001673,0000029,2024-05-27 09:31:35,18100,500,17600,1,43.2,33.7,9.5,1,6.68,4.0
0006301,0001684,0000096,2024-05-31 19:00:59,57000,2000,55000,1,40.8,36.4,4.4,1,9.03,5.0
0006302,0001641,0000033,2024-05-06 04:10:04,15700,500,15200,1,41.7,38.4,3.3,1,11.4,5.0
0006303,0001772,0000045,2024-05-29 05:02:37,86100,5000,81100,1,28.5,22.0,6.5,1,6.75,5.0
0006304,0001671,0000032,2024-05-17 19:43:28,15000,500,14500,1,43.8,44.7,-0.9,0,8.16,5.0
0006305,0001786,0000064,2024-05-31 00:06:36,78600,5000,73600,1,21.0,12.9,8.1,1,2.59,5.0
0006306,0001646,0000020,2024-05-24 21:40:39,63100,5000,58100,1,31.0,32.9,-1.9,0,11.66,5.0
0006307,0001649,0000053,2024-05-12 08:50:41,64700,5000,59700,1,32.7,34.2,-1.5,0,10.09,5.0
0006308,0001730,0000088,2024-05-28 18:18:21,73900,5000,68900,1,25.7,31.2,-5.5,0,2.4,5.0
0006309,0001781,0000062,2024-05-29 14:45:34,63200,5000,58200,1,25.7,34.4,-8.7,0,13.31,5.0
0006310,0001688,0000079,2024-05-17 06:29:55,17100,500,16600,1,34.8,39.6,-4.8,0,3.1,4.0
0006311,0001750,0000100,2024-05-30 04:10:47,29100,1000,28100,1,40.5,47.5,-7.0,0,8.97,3.0
0006312,0001771,0000046,2024-05-30 16:24:02,86900,5000,81900,1,20.0,20.9,-0.9,0,4.36,5.0
0006313,0001664,0000048,2024-05-22 00:24:27,86800,5000,81800,1,40.3,26.2,14.1,1,0.59,5.0
0006314,0001728,0000057,2024-05-22 00:25:50,22600,1000,21600,1,47.8,44.3,3.5,1,2.91,5.0
0006315,0001682,0000065,2024-05-15 04:22:32,7700,500,7200,1,23.0,8.7,14.3,1,14.83,5.0
0006316,0001761,0000013,2024-05-29 17:11:00,29300,1000,28300,1,49.7,39.9,9.8,1,14.53,4.0
0006317,0001650,0000073,2024-05-26 23:13:45,16100,500,15600,1,23.4,11.7,11.7,1,13.24,5.0
0006318,0001681,0000065,2024-05-23 13:18:50,87800,5000,82800,1,23.7,28.8,-5.1,0,9.41,5.0
0006319,0001661,0000031,2024-05-21 01:44:37,46100,2000,44100,1,27.9,36.5,-8.6,0,1.43,5.0
0006320,0001643,0000039,2024-05-13 14:02:11,70100,5000,65100,1,46.7,49.0,-2.3,0,3.41,5.0
0006321,0001775,0000084,2024-05-31 14:02:59,92700,5000,87700,1,29.9,20.3,9.6,1,9.52,5.0
0006322,0001672,0000030,2024-05-09 01:42:42,71000,5000,66000,1,26.6,34.5,-7.9,0,1.19,5.0
0006323,0001703,0000072,2024-05-23 16:51:42,88200,5000,83200,1,38.7,45.1,-6.4,0,12.9,5.0
0006324,0001768,0000067,2024-05-29 10:57:19,7200,500,6700,1,29.4,35.0,-5.6,0,6.17,5.0
0006325,0001686,0000003,2024-05-24 10:22:30,70700,5000,65700,1,45.7,54.3,-8.6,0,5.16,5.0
0006326,0001787,0000037,2024-05-31 19:40:14,29400,1000,28400,1,31.8,24.1,7.7,1,6.03,5.0
0006327,0001669,0000076,2024-05-20 23:33:25,76700,5000,71700,1,43.3,33.4,9.9,1,10.04,5.0
0006328,0001689,0000097,2024-05-22 23:36:19,63900,5000,58900,1,40.4,35.0,5.4,1,4.1,5.0
0006329,0001759,0000046,2024-05-31 08:08:54,7500,500,7000,1,48.1,49.6,-1.5,0,4.75,5.0
0006330,0001668,0000091,2024-05-27 13:23:59,79800,5000,74800,1,21.2,27.6,-6.4,0,5.91,5.0
0006331,0001760,0000040,2024-05-31 04:38:40,8800,500,8300,1,27.1,36.4,-9.3,0,10.12,5.0
0006332,0001657,0000052,2024-05-23 19:43:17,10000,500,9500,1,31.9,18.0,13.9,1,3.81,5.0
0006333,0001706,0000050,2024-05-26 12:41:48,82300,5000,77300,1,44.6,41.5,3.1,1,3.48,5.0
0006334,0001780,0000060,2024-05-30 22:55:24,50800,2000,48800,1,42.0,33.3,8.7,1,7.91,5.0
0006335,0001659,0000036,2024-05-26 03:18:13,94600,5000,89600,1,38.3,45.4,-7.1,0,13.25,5.0
0006336,0001696,0000041,2024-05-23 14:30:52,63800,5000,58800,1,25.5,22.0,3.5,1,1.01,5.0
0006337,0001704,0000010,2024-05-28 06:25:46,35300,1000,34300,1,23.2,20.7,2.5,1,8.86,5.0
0006338,0001694,0000038,2024-05-15 02:08:55,13500,500,13000,1,33.2,29.1,4.1,1,9.04,4.0
0006339,0001767,0000076,2024-05-28 00:28:03,15000,500,14500,1,42.0,30.7,11.3,1,4.17,5.0
0006340,0001743,0000043,2024-05-31 01:24:54,46500,2000,44500,1,32.7,27.8,4.9,1,10.81,5.0
0006341,0001693,0000056,2024-05-18 15:52:19,25000,1000,24000,1,33.6,33.6,-0.0,0,14.7,5.0
0006342,0001638,0000037,2024-05-24 01:59:26,80200,5000,75200,1,46.4,47.8,-1.4,0,3.01,3.0
0006343,0001685,0000077,2024-05-13 12:06:42,67200,5000,62200,1,45.1,43.1,2.0,1,10.44,5.0
0006344,0001788,0000039,2024-05-31 07:23:00,17200,500,16700,1,22.7,28.0,-5.3,0,0.66,5.0
0006345,0001701,0000020,2024-05-19 16:24:51,13100,500,12600,1,42.4,32.6,9.8,1,4.99,5.0
0006346,0001705,0000048,2024-05-18 02:43:42,76100,5000,71100,1,24.7,29.4,-4.7,0,0.69,4.0
0006347,0001655,0000051,2024-05-10 20:45:24,93600,5000,88600,1,46.5,47.6,-1.1,0,3.28,5.0
0006348,0001723,0000088,2024-05-25 15:18:49,62400,5000,57400,1,40.1,41.7,-1.6,0,9.06,5.0
0006349,0001727,0000086,2024-05-20 16:29:28,26300,1000,25300,1,42.7,35.5,7.2,1,10.07,5.0
0006350,0001724,0000017,2024-05-23 08:49:10,72300,5000,67300,1,31.5,17.1,14.4,1,4.19,5.0
0006351,0001700,0000030,2024-05-17 05:26:31,51100,2000,49100,1,42.0,48.1,-6.1,0,9.79,5.0
0006352,0001739,0000038,2024-05-26 14:03:25,95400,5000,90400,1,44.4,38.9,5.5,1,8.44,5.0
0006353,0001676,0000093,2024-05-26 17:13:32,24600,1000,23600,1,47.6,34.5,13.1,1,3.03,5.0
0006354,0001769,0000074,2024-05-28 17:10:27,7900,500,7400,1,22.8,25.3,-2.5,0,14.41,5.0
0006355,0001774,0000068,2024-05-31 11:39:38,97400,5000,92400,1,31.5,23.3,8.2,1,6.45,3.0
0006356,0001741,0000100,2024-05-22 02:17:46,10600,500,10100,1,30.6,30.6,-0.0,0,11.1,5.0
0006357,0001725,0000070,2024-05-31 23:53:59,25700,1000,24700,1,20.4,21.2,-0.8,0,4.5,5.0
0006358,0001691,0000077,2024-05-23 17:35:29,38800,1000,37800,1,27.9,18.7,9.2,1,4.37,4.0
0006359,0001754,0000098,2024-05-31 07:38:12,59700,2000,57700,1,43.4,43.5,-0.1,0,8.09,5.0
0006360,0001751,0000083,2024-05-26 12:47:37,27100,1000,26100,1,30.9,31.6,-0.7,0,5.18,5.0
0006361,0001721,0000001,2024-05-28 16:05:52,76000,5000,71000,1,44.3,40.7,3.6,1,3.21,5.0
0006362,0001762,0000080,2024-05-30 08:31:02,73800,5000,68800,1,32.3,41.2,-8.9,0,10.75,5.0
0006363,0001744,0000049,2024-05-30 18:54:29,95900,5000,90900,1,22.8,32.6,-9.8,0,4.48,5.0
0006364,0001738,0000036,2024-05-29 14:00:24,69500,5000,64500,1,25.3,15.9,9.4,1,1.39,5.0
0006365,0001652,0000026,2024-05-28 16:13:40,40000,2000,38000,1,48.4,43.2,5.2,1,2.85,4.0
0006366,0001758,0000045,2024-05-27 23:26:10,37800,1000,36800,1,25.5,25.6,-0.1,0,9.95,5.0
0006367,0001634,0000071,2024-05-30 04:01:25,93900,5000,88900,1,40.5,41.3,-0.8,0,4.44,3.0
0006368,0001670,0000011,2024-05-27 09:41:31,93900,5000,88900,1,25.5,26.8,-1.3,0,0.8,5.0
0006369,0001705,0000007,2024-06-24 07:40:25,38200,0,38200,0,24.3,24.5,-0.2,0,14.76,5.0
0006370,0001791,0000033,2024-06-16 09:09:50,7100,0,7100,0,40.0,40.2,-0.2,0,3.76,5.0
0006371,0001673,0000026,2024-06-19 12:04:29,65600,0,65600,0,24.5,28.0,-3.5,0,6.63,5.0
0006372,0001670,0000078,2024-06-26 12:16:28,9800,0,9800,0,26.8,25.3,1.5,1,2.01,5.0
0006373,0001760,0000051,2024-06-10 07:01:22,98300,0,98300,0,42.7,37.7,5.0,1,8.87,5.0
0006374,0001782,0000047,2024-06-13 13:29:50,89400,5000,84400,1,25.9,32.4,-6.5,0,0.82,4.0
0006375,0001653,0000057,2024-06-27 08:46:33,25600,0,25600,0,31.7,31.1,0.6,1,14.2,1.0
0006376,0001688,0000035,2024-06-22 17:47:14,36800,0,36800,0,39.7,37.5,2.2,1,4.37,5.0
0006377,0001655,0000030,2024-06-22 04:31:07,35600,0,35600,0,21.6,20.9,0.7,1,14.76,3.0
0006378,0001754,0000061,2024-06-16 13:36:11,58000,0,58000,0,49.7,48.900000000000006,0.8,1,8.2,5.0
0006379,0001749,0000013,2024-06-06 10:15:05,18900,0,18900,0,40.5,40.7,-0.2,0,13.93,5.0
0006380,0001717,0000069,2024-06-10 10:31:16,57200,2000,55200,1,37.6,41.5,-3.9,0,4.93,5.0
0006381,0001778,0000045,2024-06-17 04:00:46,28600,1000,27600,1,26.7,36.3,-9.6,0,14.43,5.0
0006382,0001725,0000070,2024-06-17 23:25:20,13900,0,13900,0,38.1,35.4,2.7,1,6.44,5.0
0006383,0001640,0000074,2024-06-23 09:40:40,36400,1000,35400,1,23.6,25.6,-2.0,0,0.56,5.0
0006384,0001669,0000071,2024-06-04 13:13:14,98000,0,98000,0,32.6,28.700000000000003,3.9,1,14.21,5.0
0006385,0001693,0000016,2024-06-17 06:41:01,73100,0,73100,0,26.1,28.0,-1.9,0,3.83,5.0
0006386,0001713,0000058,2024-06-30 14:18:47,81600,0,81600,0,32.2,30.800000000000004,1.4,1,2.77,5.0
0006387,0001702,0000076,2024-06-01 11:18:59,79100,0,79100,0,37.7,38.7,-1.0,0,10.13,5.0
0006388,0001687,0000029,2024-06-14 13:39:20,55100,0,55100,0,28.7,28.8,-0.1,0,10.12,4.0
0006389,0001764,0000049,2024-06-18 08:26:25,54900,0,54900,0,36.5,37.2,-0.7,0,11.38,5.0
0006390,0001644,0000043,2024-06-22 17:46:24,49000,0,49000,0,43.2,38.7,4.5,1,5.02,5.0
0006391,0001668,0000020,2024-06-23 03:54:52,55600,0,55600,0,38.5,36.2,2.3,1,5.1,5.0
0006392,0001768,0000010,2024-06-12 13:33:17,32900,0,32900,0,49.7,47.2,2.5,1,9.26,5.0
0006393,0001708,0000062,2024-06-12 17:35:45,65800,5000,60800,1,40.5,43.1,-2.6,0,13.71,5.0
0006394,0001661,0000070,2024-06-20 12:24:05,83100,0,83100,0,27.2,22.8,4.4,1,3.04,5.0
0006395,0001744,0000066,2024-06-25 03:05:49,61500,0,61500,0,31.6,29.4,2.2,1,8.38,5.0
0006396,0001714,0000080,2024-06-30 01:23:28,82000,0,82000,0,24.5,23.3,1.2,1,14.14,5.0
0006397,0001645,0000096,2024-06-30 02:35:12,13700,0,13700,0,47.6,47.5,0.1,1,1.6,5.0
0006398,0001697,0000030,2024-06-27 23:32:06,55200,2000,53200,1,47.6,55.5,-7.9,0,5.38,5.0
0006399,0001758,0000096,2024-06-05 12:57:18,11900,0,11900,0,50.0,47.5,2.5,1,9.93,5.0
0006400,0001646,0000013,2024-06-11 01:19:38,45400,0,45400,0,39.1,38.7,0.4,1,10.9,5.0
0006401,0001751,0000063,2024-06-21 12:18:12,80100,0,80100,0,40.3,42.1,-1.8,0,7.93,5.0
0006402,0001753,0000100,2024-06-14 06:05:42,67500,0,67500,0,32.2,35.800000000000004,-3.6,0,1.3,5.0
0006403,0001790,0000002,2024-06-14 09:35:46,88500,5000,83500,1,28.7,37.5,-8.8,0,4.45,5.0
0006404,0001775,0000081,2024-06-23 00:55:46,76600,0,76600,0,23.6,20.700000000000003,2.9,1,9.45,5.0
0006405,0001651,0000019,2024-06-02 00:40:34,34700,0,34700,0,47.7,50.900000000000006,-3.2,0,10.93,1.0
0006406,0001745,0000089,2024-06-10 13:19:16,47900,2000,45900,1,26.3,35.7,-9.4,0,8.85,5.0
0006407,0001780,0000029,2024-06-18 07:56:51,89900,0,89900,0,35.3,32.7,2.6,1,3.65,5.0
0006408,0001737,0000007,2024-06-28 05:11:18,44000,0,44000,0,36.0,35.1,0.9,1,10.29,5.0
0006409,0001741,0000067,2024-06-23 21:49:15,25700,0,25700,0,35.8,40.7,-4.9,0,3.38,5.0
0006410,0001726,0000001,2024-06-19 04:05:00,10200,500,9700,1,32.5,37.8,-5.3,0,1.15,4.0
0006411,0001659,0000065,2024-06-05 01:55:15,80000,0,80000,0,26.8,27.8,-1.0,0,10.37,5.0
0006412,0001723,0000039,2024-06-08 19:28:40,41500,0,41500,0,21.5,21.2,0.3,1,13.06,4.0
0006413,0001654,0000069,2024-06-15 08:54:52,90900,0,90900,0,41.1,45.1,-4.0,0,3.62,5.0
0006414,0001757,0000049,2024-06-12 22:01:01,77500,0,77500,0,31.8,29.8,2.0,1,12.75,4.0
0006415,0001784,0000058,2024-06-16 00:47:30,84700,0,84700,0,30.2,30.7,-0.5,0,11.32,1.0
0006416,0001788,0000038,2024-06-13 08:15:45,23400,0,23400,0,32.7,29.500000000000004,3.2,1,12.53,5.0
0006417,0001762,0000027,2024-06-24 16:17:26,47000,0,47000,0,36.3,33.9,2.4,1,4.47,3.0
0006418,0001643,0000016,2024-06-22 09:41:29,52900,0,52900,0,49.5,51.9,-2.4,0,6.6,5.0
0006419,0001710,0000054,2024-06-19 02:05:34,10900,0,10900,0,36.7,37.5,-0.8,0,14.97,1.0
0006420,0001736,0000057,2024-06-10 07:48:05,14400,0,14400,0,45.7,40.900000000000006,4.8,1,9.64,5.0
0006421,0001638,0000015,2024-06-26 22:24:36,34200,0,34200,0,46.7,43.400000000000006,3.3,1,9.57,5.0
0006422,0001750,0000060,2024-06-13 22:29:14,28200,0,28200,0,37.6,35.2,2.4,1,13.5,5.0
0006423,0001783,0000035,2024-06-10 13:44:12,92100,0,92100,0,41.3,41.0,0.3,1,9.5,5.0
0006424,0001779,0000032,2024-06-22 17:34:55,64400,5000,59400,1,40.9,41.6,-0.7,0,0.98,5.0
0006425,0001700,0000029,2024-06-28 01:09:12,89900,0,89900,0,43.0,41.0,2.0,1,7.19,5.0
0006426,0001785,0000083,2024-06-08 20:36:11,68900,0,68900,0,34.0,36.6,-2.6,0,3.28,5.0
0006427,0001712,0000007,2024-06-10 03:31:57,90100,0,90100,0,39.6,37.3,2.3,1,11.36,5.0
0006428,0001660,0000045,2024-06-24 11:47:19,97800,0,97800,0,30.9,34.6,-3.7,0,8.22,5.0
0006429,0001649,0000038,2024-06-22 01:54:35,42700,0,42700,0,22.3,18.4,3.9,1,2.58,5.0
0006430,0001671,0000098,2024-06-10 20:39:46,93900,0,93900,0,27.8,29.2,-1.4,0,13.77,5.0
0006431,0001781,0000058,2024-06-29 12:57:39,37200,0,37200,0,29.9,33.9,-4.0,0,6.77,5.0
0006432,0001759,0000095,2024-06-20 15:20:59,94100,0,94100,0,21.6,23.700000000000003,-2.1,0,12.53,4.0
0006433,0001680,0000047,2024-06-29 01:43:33,10800,0,10800,0,44.8,44.4,0.4,1,6.56,5.0
0006434,0001830,0000062,2024-06-17 04:28:25,21100,1000,20100,1,49.1,34.7,14.4,1,8.82,5.0
0006435,0001869,0000033,2024-06-30 22:56:19,73900,5000,68900,1,23.1,29.6,-6.5,0,5.63,5.0
0006436,0001887,0000097,2024-06-30 19:43:40,53300,2000,51300,1,49.9,55.6,-5.7,0,6.04,5.0
0006437,0001819,0000076,2024-06-22 02:37:38,47200,2000,45200,1,49.2,41.5,7.7,1,11.01,5.0
0006438,0001829,0000021,2024-06-20 14:43:56,23400,1000,22400,1,48.9,51.8,-2.9,0,9.11,5.0
0006439,0001872,0000099,2024-06-29 01:09:24,89500,5000,84500,1,35.7,40.8,-5.1,0,6.31,5.0
0006440,0001881,0000040,2024-06-30 01:19:36,37700,1000,36700,1,32.1,19.5,12.6,1,5.62,5.0
0006441,0001814,0000048,2024-06-07 14:39:26,31400,1000,30400,1,32.7,21.8,10.9,1,9.63,5.0
0006442,0001802,0000010,2024-06-18 13:52:09,27700,1000,26700,1,36.9,41.8,-4.9,0,14.44,5.0
0006443,0001886,0000033,2024-06-30 09:20:33,52600,2000,50600,1,29.7,20.6,9.1,1,9.19,5.0
0006444,0001828,0000030,2024-06-21 19:30:54,80500,5000,75500,1,42.9,30.0,12.9,1,4.57,5.0
0006445,0001800,0000099,2024-06-10 14:31:12,20800,1000,19800,1,39.1,42.9,-3.8,0,4.48,5.0
0006446,0001876,0000088,2024-06-29 12:30:56,87400,5000,82400,1,39.2,26.8,12.4,1,7.67,5.0
0006447,0001877,0000080,2024-06-29 23:08:04,15200,500,14700,1,24.7,15.0,9.7,1,2.28,5.0
0006448,0001885,0000077,2024-06-30 09:14:02,21900,1000,20900,1,45.8,52.4,-6.6,0,13.6,5.0
0006449,0001855,0000059,2024-06-29 03:45:07,55800,2000,53800,1,23.2,9.1,14.1,1,1.05,5.0
0006450,0001890,0000030,2024-06-30 09:44:52,60200,5000,55200,1,41.2,30.1,11.1,1,10.41,5.0
0006451,0001815,0000068,2024-06-14 19:08:22,86400,5000,81400,1,21.2,23.5,-2.3,0,14.33,5.0
0006452,0001835,0000045,2024-06-19 05:10:33,98800,5000,93800,1,46.7,50.3,-3.6,0,1.18,5.0
0006453,0001862,0000081,2024-06-28 05:31:40,61500,5000,56500,1,42.2,52.2,-10.0,0,7.35,5.0
0006454,0001798,0000081,2024-06-15 00:08:42,13800,500,13300,1,26.9,18.4,8.5,1,7.38,5.0
0006455,0001806,0000026,2024-06-22 21:05:04,36800,1000,35800,1,40.8,32.9,7.9,1,10.48,4.0
0006456,0001838,0000020,2024-06-29 22:08:36,12200,500,11700,1,26.4,14.6,11.8,1,13.5,5.0
0006457,0001839,0000097,2024-06-16 20:58:52,52700,2000,50700,1,28.7,15.5,13.2,1,0.59,5.0
0006458,0001836,0000090,2024-06-21 17:27:57,31500,1000,30500,1,33.8,29.7,4.1,1,4.79,5.0
0006459,0001793,0000020,2024-06-28 09:28:39,61700,5000,56700,1,26.4,28.5,-2.1,0,11.28,5.0
0006460,0001841,0000077,2024-06-20 03:55:28,49000,2000,47000,1,47.7,44.8,2.9,1,7.13,5.0
0006461,0001842,0000086,2024-06-26 18:39:05,44200,2000,42200,1,49.4,53.5,-4.1,0,2.92,5.0
0006462,0001817,0000100,2024-06-25 20:12:20,10100,500,9600,1,45.9,55.6,-9.7,0,7.94,5.0
0006463,0001794,0000018,2024-06-02 20:58:29,28400,1000,27400,1,21.6,12.3,9.3,1,14.74,5.0
0006464,0001813,0000003,2024-06-22 05:02:23,37900,1000,36900,1,30.9,31.3,-0.4,0,11.23,5.0
0006465,0001823,0000095,2024-06-10 02:09:45,80500,5000,75500,1,33.6,26.4,7.2,1,5.96,5.0
0006466,0001861,0000031,2024-06-24 12:11:07,40200,2000,38200,1,30.3,39.4,-9.1,0,6.04,5.0
0006467,0001854,0000074,2024-06-26 05:02:46,56000,2000,54000,1,27.4,27.4,-0.0,0,8.25,5.0
0006468,0001807,0000049,2024-06-21 20:17:00,89600,5000,84600,1,37.9,46.4,-8.5,0,6.27,5.0
0006469,0001875,0000070,2024-06-30 02:53:00,89000,5000,84000,1,20.2,26.0,-5.8,0,9.97,5.0
0006470,0001880,0000033,2024-06-28 23:57:49,95800,5000,90800,1,27.4,16.2,11.2,1,2.61,5.0
0006471,0001825,0000032,2024-06-13 11:28:29,87100,5000,82100,1,28.0,16.7,11.3,1,9.14,5.0
0006472,0001864,0000075,2024-06-30 22:38:39,61800,5000,56800,1,39.0,24.5,14.5,1,11.03,5.0
0006473,0001840,0000099,2024-06-20 01:13:16,32900,1000,31900,1,35.2,26.1,9.1,1,7.85,4.0
0006474,0001844,0000077,2024-06-20 14:03:05,95200,5000,90200,1,34.8,44.3,-9.5,0,2.89,1.0
0006475,0001795,0000012,2024-06-26 19:03:08,7700,500,7200,1,25.9,27.1,-1.2,0,13.52,4.0
0006476,0001808,0000014,2024-06-06 06:29:52,64600,5000,59600,1,34.5,44.2,-9.7,0,1.0,4.0
0006477,0001797,0000068,2024-06-16 10:34:35,82500,5000,77500,1,34.7,23.8,10.9,1,4.5,3.0
0006478,0001870,0000098,2024-06-30 21:14:41,35100,1000,34100,1,39.6,47.2,-7.6,0,10.19,5.0
0006479,0001852,0000046,2024-06-30 02:52:28,80400,5000,75400,1,31.0,39.6,-8.6,0,4.09,5.0
0006480,0001796,0000023,2024-06-25 06:47:25,26700,1000,25700,1,41.5,49.7,-8.2,0,9.0,5.0
0006481,0001843,0000048,2024-06-17 02:52:37,78300,5000,73300,1,25.6,19.8,5.8,1,14.71,5.0
0006482,0001858,0000012,2024-06-26 23:24:02,36000,1000,35000,1,25.7,14.8,10.9,1,11.19,5.0
0006483,0001805,0000029,2024-06-05 07:02:04,43900,2000,41900,1,38.3,34.9,3.4,1,0.54,5.0
0006484,0001879,0000081,2024-06-30 04:57:54,23400,1000,22400,1,24.8,16.4,8.4,1,13.65,5.0
0006485,0001816,0000007,2024-06-24 04:40:26,10000,500,9500,1,39.5,47.0,-7.5,0,6.98,5.0
0006486,0001888,0000007,2024-06-30 03:10:40,15600,500,15100,1,39.7,44.8,-5.1,0,9.47,5.0
0006487,0001853,0000064,2024-06-22 07:15:17,43800,2000,41800,1,24.1,32.8,-8.7,0,2.02,4.0
0006488,0001889,0000060,2024-06-30 18:26:19,42900,2000,40900,1,42.9,49.5,-6.6,0,12.12,5.0
0006489,0001832,0000006,2024-06-26 08:03:10,8100,500,7600,1,44.5,36.9,7.6,1,3.99,5.0
0006490,0001824,0000017,2024-06-26 15:17:22,66600,5000,61600,1,36.9,46.5,-9.6,0,1.62,5.0
0006491,0001851,0000010,2024-06-27 19:16:00,59100,2000,57100,1,27.6,30.0,-2.4,0,12.41,5.0
0006492,0001834,0000036,2024-06-18 07:56:23,73200,5000,68200,1,37.5,26.8,10.7,1,9.26,5.0
0006493,0001809,0000003,2024-06-15 17:22:02,65900,5000,60900,1,33.2,27.0,6.2,1,4.63,4.0
0006494,0001874,0000036,2024-06-27 21:00:58,23100,1000,22100,1,34.3,42.5,-8.2,0,4.0,5.0
0006495,0001849,0000049,2024-06-22 09:29:20,69100,5000,64100,1,37.1,41.3,-4.2,0,8.94,5.0
0006496,0001848,0000036,2024-06-21 23:36:23,71500,5000,66500,1,34.4,39.6,-5.2,0,5.96,5.0
0006497,0001865,0000049,2024-06-24 08:13:02,80000,5000,75000,1,25.4,12.3,13.1,1,9.18,5.0
0006498,0001804,0000061,2024-06-18 17:00:41,11000,500,10500,1,40.3,31.0,9.3,1,10.5,5.0
0006499,0001868,0000038,2024-06-30 21:56:32,91000,5000,86000,1,35.5,36.6,-1.1,0,8.38,5.0
0006500,0001867,0000005,2024-06-28 20:05:52,83800,5000,78800,1,37.1,23.1,14.0,1,5.28,5.0
0006501,0001799,0000084,2024-06-05 16:07:27,62900,5000,57900,1,32.3,21.4,10.9,1,1.64,5.0
0006502,0001820,0000016,2024-06-09 03:29:30,71300,5000,66300,1,49.1,40.3,8.8,1,13.24,4.0
0006503,0001871,0000099,2024-06-27 10:25:49,43100,2000,41100,1,48.4,52.4,-4.0,0,6.27,5.0
0006504,0001822,0000002,2024-06-19 06:44:05,13700,500,13200,1,37.2,23.3,13.9,1,9.28,5.0
0006505,0001850,0000072,2024-06-23 19:39:27,44800,2000,42800,1,34.7,25.1,9.6,1,1.67,5.0
0006506,0001801,0000002,2024-06-12 22:12:57,23900,1000,22900,1,22.0,24.9,-2.9,0,14.92,5.0
0006507,0001826,0000021,2024-06-18 20:44:33,38900,1000,37900,1,49.3,56.4,-7.1,0,8.26,5.0
0006508,0001847,0000056,2024-06-22 14:57:58,98100,5000,93100,1,27.8,13.7,14.1,1,6.36,5.0
0006509,0001821,0000093,2024-06-27 19:50:41,9500,500,9000,1,43.3,36.3,7.0,1,14.77,5.0
0006510,0001866,0000092,2024-06-25 10:35:18,44300,2000,42300,1,37.3,29.5,7.8,1,12.43,5.0
0006511,0001873,0000026,2024-06-30 17:23:13,75500,5000,70500,1,46.3,44.2,2.1,1,7.23,5.0
0006512,0001833,0000034,2024-06-17 07:48:42,21600,1000,20600,1,49.5,59.3,-9.8,0,4.47,5.0
0006513,0001853,0000084,2024-07-25 06:39:00,92400,0,92400,0,47.3,46.4,0.9,1,3.13,5.0
0006514,0001841,0000032,2024-07-16 10:38:52,17300,0,17300,0,45.1,47.1,-2.0,0,8.58,5.0
0006515,0001824,0000072,2024-07-24 13:33:29,94100,0,94100,0,42.8,47.5,-4.7,0,11.61,5.0
0006516,0001857,0000055,2024-07-09 17:54:43,49800,2000,47800,1,48.3,53.1,-4.8,0,14.62,5.0
0006517,0001863,0000058,2024-07-17 22:16:38,78000,5000,73000,1,30.3,39.5,-9.2,0,8.71,5.0
0006518,0001887,0000057,2024-07-10 00:54:24,91200,0,91200,0,21.9,22.1,-0.2,0,8.4,5.0
0006519,0001829,0000043,2024-07-02 11:23:41,27400,0,27400,0,30.4,26.6,3.8,1,12.36,5.0
0006520,0001889,0000095,2024-07-02 16:01:28,42200,0,42200,0,26.6,31.200000000000003,-4.6,0,10.14,5.0
0006521,0001888,0000011,2024-07-29 19:37:01,29000,0,29000,0,29.7,30.0,-0.3,0,7.2,5.0
0006522,0001811,0000006,2024-07-25 04:14:57,89200,5000,84200,1,26.5,13.7,12.8,1,8.11,5.0
0006523,0001818,0000022,2024-07-23 21:31:37,43800,2000,41800,1,45.0,45.5,-0.5,0,9.12,5.0
0006524,0001844,0000090,2024-07-29 19:26:20,60100,0,60100,0,39.1,37.2,1.9,1,10.98,1.0
0006525,0001862,0000076,2024-07-29 23:17:32,28300,0,28300,0,20.3,24.9,-4.6,0,2.08,5.0
0006526,0001833,0000090,2024-07-04 09:48:27,65700,0,65700,0,29.8,24.8,5.0,1,3.71,5.0
0006527,0001800,0000051,2024-07-02 10:41:00,63000,0,63000,0,46.0,47.7,-1.7,0,10.04,5.0
0006528,0001861,0000082,2024-07-01 14:07:39,51100,0,51100,0,48.6,49.1,-0.5,0,3.96,5.0
0006529,0001875,0000033,2024-07-23 20:08:46,34000,0,34000,0,29.1,25.9,3.2,1,6.83,5.0
0006530,0001813,0000077,2024-07-04 13:47:11,87600,0,87600,0,40.9,41.9,-1.0,0,7.59,5.0
0006531,0001796,0000065,2024-07-11 21:02:50,49800,0,49800,0,45.4,40.4,5.0,1,4.81,5.0
0006532,0001884,0000006,2024-07-05 02:06:56,70000,5000,65000,1,25.3,28.8,-3.5,0,3.93,5.0
0006533,0001808,0000049,2024-07-04 21:13:33,99500,0,99500,0,25.3,24.1,1.2,1,6.08,5.0
0006534,0001856,0000081,2024-07-18 18:34:29,39100,1000,38100,1,39.0,43.3,-4.3,0,7.05,5.0
0006535,0001842,0000044,2024-07-18 08:16:02,86900,0,86900,0,35.1,30.5,4.6,1,14.18,5.0
0006536,0001850,0000020,2024-07-24 02:20:29,37700,0,37700,0,45.5,49.1,-3.6,0,14.37,5.0
0006537,0001860,0000072,2024-07-08 20:53:45,10700,500,10200,1,25.8,28.7,-2.9,0,5.65,5.0
0006538,0001831,0000100,2024-07-03 06:42:27,28400,0,28400,0,40.0,38.4,1.6,1,6.7,5.0
0006539,0001816,0000008,2024-07-06 03:30:23,32200,0,32200,0,28.8,26.7,2.1,1,8.24,4.0
0006540,0001852,0000003,2024-07-26 05:11:51,17200,0,17200,0,25.1,21.1,4.0,1,6.51,4.0
0006541,0001849,0000089,2024-07-14 13:55:20,72500,0,72500,0,37.2,37.900000000000006,-0.7,0,5.2,5.0
0006542,0001870,0000014,2024-07-19 18:56:25,7400,0,7400,0,39.1,36.8,2.3,1,10.04,5.0
0006543,0001827,0000014,2024-07-18 20:03:33,22400,1000,21400,1,47.6,49.6,-2.0,0,12.41,5.0
0006544,0001802,0000059,2024-07-13 04:24:26,82400,0,82400,0,35.1,33.0,2.1,1,6.48,5.0
0006545,0001810,0000092,2024-07-18 02:53:44,50700,2000,48700,1,33.5,35.1,-1.6,0,7.47,5.0
0006546,0001846,0000019,2024-07-15 20:47:42,45500,2000,43500,1,24.4,32.3,-7.9,0,1.65,5.0
0006547,0001854,0000007,2024-07-12 22:30:22,34100,0,34100,0,21.2,20.5,0.7,1,5.28,5.0
0006548,0001793,0000031,2024-07-01 22:01:56,61000,0,61000,0,25.4,30.2,-4.8,0,0.53,5.0
0006549,0001847,0000089,2024-07-22 02:13:45,42600,0,42600,0,27.1,26.9,0.2,1,14.59,5.0
0006550,0001874,0000060,2024-07-01 09:39:57,92600,0,92600,0,35.5,37.4,-1.9,0,6.29,5.0
0006551,0001801,0000049,2024-07-31 20:17:20,32400,0,32400,0,22.8,23.2,-0.4,0,14.28,5.0
0006552,0001868,0000020,2024-07-04 18:43:25,80400,0,80400,0,27.6,29.6,-2.0,0,7.0,4.0
0006553,0001976,0000034,2024-07-31 00:19:24,87400,5000,82400,1,31.2,16.9,14.3,1,4.12,5.0
0006554,0001974,0000008,2024-07-25 16:28:12,16900,500,16400,1,41.3,33.5,7.8,1,7.45,5.0
0006555,0001937,0000090,2024-07-27 02:13:50,79700,5000,74700,1,27.6,19.4,8.2,1,4.1,3.0
0006556,0001895,0000034,2024-07-19 23:49:05,80700,5000,75700,1,35.9,42.4,-6.5,0,1.03,5.0
0006557,0001938,0000045,2024-07-27 02:09:59,72300,5000,67300,1,30.6,34.2,-3.6,0,7.84,5.0
0006558,0002038,0000015,2024-07-27 18:12:49,82000,5000,77000,1,21.7,14.1,7.6,1,1.22,5.0
0006559,0001959,0000058,2024-07-31 16:52:14,74000,5000,69000,1,40.8,33.3,7.5,1,12.28,5.0
0006560,0001968,0000085,2024-07-27 16:22:32,76400,5000,71400,1,43.4,46.8,-3.4,0,11.87,5.0
0006561,0001977,0000072,2024-07-18 19:15:29,44200,2000,42200,1,33.4,42.3,-8.9,0,4.82,5.0
0006562,0001927,0000051,2024-07-30 16:14:43,41700,2000,39700,1,27.7,14.1,13.6,1,10.05,5.0
0006563,0001923,0000024,2024-07-08 09:56:29,88100,5000,83100,1,26.3,31.0,-4.7,0,7.17,5.0
0006564,0002014,0000084,2024-07-28 15:28:21,85400,5000,80400,1,23.5,30.7,-7.2,0,2.34,5.0
0006565,0001926,0000061,2024-07-30 23:19:31,52500,2000,50500,1,21.7,29.5,-7.8,0,14.03,5.0
0006566,0002036,0000027,2024-07-31 15:23:51,85500,5000,80500,1,48.2,44.9,3.3,1,2.26,5.0
0006567,0002023,0000062,2024-07-27 23:03:13,70700,5000,65700,1,47.7,36.5,11.2,1,8.96,5.0
0006568,0001994,0000009,2024-07-30 08:56:48,91600,5000,86600,1,49.2,46.8,2.4,1,10.23,5.0
0006569,0001900,0000019,2024-07-28 13:44:08,95800,5000,90800,1,28.3,22.8,5.5,1,13.73,5.0
0006570,0002053,0000048,2024-07-29 15:27:04,38400,1000,37400,1,31.4,20.4,11.0,1,6.93,5.0
0006571,0002001,0000022,2024-07-25 19:52:49,84200,5000,79200,1,34.2,31.9,2.3,1,0.66,5.0
0006572,0001907,0000027,2024-07-10 19:39:09,27600,1000,26600,1,28.1,13.6,14.5,1,11.78,5.0
0006573,0002058,0000088,2024-07-31 15:37:38,42600,2000,40600,1,26.7,22.7,4.0,1,4.0,5.0
0006574,0001914,0000035,2024-07-12 02:35:15,7100,500,6600,1,21.9,30.5,-8.6,0,7.77,4.0
0006575,0001982,0000010,2024-07-26 03:40:26,19300,500,18800,1,36.0,37.9,-1.9,0,11.59,5.0
0006576,0001989,0000012,2024-07-26 06:00:37,47800,2000,45800,1,49.7,45.2,4.5,1,12.7,5.0
0006577,0002042,0000001,2024-07-31 13:13:50,46200,2000,44200,1,42.4,46.1,-3.7,0,5.76,5.0
0006578,0002037,0000083,2024-07-31 22:26:18,39500,1000,38500,1,33.4,25.4,8.0,1,4.98,5.0
0006579,0002071,0000003,2024-07-31 03:35:27,30000,1000,29000,1,23.0,23.5,-0.5,0,3.07,3.0
0006580,0001946,0000008,2024-07-12 15:26:29,90200,5000,85200,1,40.0,44.3,-4.3,0,14.05,4.0
0006581,0002007,0000010,2024-07-26 15:15:13,74100,5000,69100,1,35.6,30.9,4.7,1,7.82,5.0
0006582,0002055,0000051,2024-07-30 21:36:30,57900,2000,55900,1,28.7,19.1,9.6,1,6.58,5.0
0006583,0001919,0000031,2024-07-16 11:19:27,87700,5000,82700,1,48.7,38.4,10.3,1,0.75,5.0
0006584,0002026,0000084,2024-07-25 04:57:37,37300,1000,36300,1,21.7,10.4,11.3,1,14.01,5.0
0006585,0001893,0000072,2024-07-16 02:53:19,41700,2000,39700,1,25.5,15.5,10.0,1,11.62,5.0
0006586,0001906,0000023,2024-07-11 18:39:36,97100,5000,92100,1,49.8,41.7,8.1,1,5.08,5.0
0006587,0002056,0000016,2024-07-31 11:04:44,70700,5000,65700,1,32.9,27.2,5.7,1,6.74,5.0
0006588,0002062,0000074,2024-07-31 15:48:47,25300,1000,24300,1,28.9,19.1,9.8,1,2.02,5.0
0006589,0001984,0000013,2024-07-24 15:43:13,95100,5000,90100,1,25.6,26.3,-0.7,0,10.03,5.0
0006590,0001940,0000064,2024-07-30 15:44:47,43200,2000,41200,1,31.1,39.7,-8.6,0,12.28,5.0
0006591,0001933,0000054,2024-07-28 13:40:23,81600,5000,76600,1,48.5,38.4,10.1,1,1.93,4.0
0006592,0002050,0000048,2024-07-31 11:35:16,91300,5000,86300,1,28.5,38.5,-10.0,0,9.36,5.0
0006593,0002033,0000079,2024-07-27 21:08:16,66900,5000,61900,1,24.0,28.1,-4.1,0,13.42,5.0
0006594,0002057,0000070,2024-07-30 23:06:34,38200,1000,37200,1,34.9,41.9,-7.0,0,14.31,5.0
0006595,0002005,0000092,2024-07-29 05:46:51,52900,2000,50900,1,24.4,18.3,6.1,1,6.8,5.0
0006596,0002019,0000007,2024-07-27 23:14:21,38500,1000,37500,1,38.0,32.5,5.5,1,7.69,5.0
0006597,0001961,0000045,2024-07-13 21:59:39,27700,1000,26700,1,46.1,46.4,-0.3,0,9.51,3.0
0006598,0001904,0000055,2024-07-22 00:50:44,99600,5000,94600,1,43.7,32.8,10.9,1,3.85,3.0
0006599,0001909,0000018,2024-07-15 04:55:51,41900,2000,39900,1,22.1,14.2,7.9,1,3.06,5.0
0006600,0001988,0000057,2024-07-18 11:10:37,48100,2000,46100,1,36.9,23.6,13.3,1,6.03,5.0
0006601,0002034,0000010,2024-07-29 15:18:42,54900,2000,52900,1,40.4,41.6,-1.2,0,9.36,5.0
0006602,0001979,0000044,2024-07-30 01:36:31,53600,2000,51600,1,31.8,38.7,-6.9,0,3.13,5.0
0006603,0001929,0000002,2024-07-10 16:52:10,66400,5000,61400,1,40.7,26.5,14.2,1,8.37,5.0
0006604,0001931,0000034,2024-07-17 02:46:28,38600,1000,37600,1,33.3,19.4,13.9,1,6.89,5.0
0006605,0001966,0000019,2024-07-27 15:29:07,18500,500,18000,1,23.9,27.7,-3.8,0,7.22,4.0
0006606,0001962,0000043,2024-07-26 12:49:07,76000,5000,71000,1,42.1,31.1,11.0,1,7.64,4.0
0006607,0002011,0000062,2024-07-24 14:19:52,92400,5000,87400,1,44.0,35.1,8.9,1,1.7,5.0
0006608,0001913,0000068,2024-07-11 05:54:33,14300,500,13800,1,26.1,31.2,-5.1,0,2.5,5.0
0006609,0002044,0000036,2024-07-28 05:27:36,98100,5000,93100,1,25.5,29.7,-4.2,0,8.6,4.0
0006610,0001944,0000069,2024-07-20 08:12:11,34600,1000,33600,1,34.1,30.2,3.9,1,9.9,4.0
0006611,0001897,0000011,2024-07-30 22:57:26,48100,2000,46100,1,20.6,13.4,7.2,1,6.91,5.0
0006612,0001951,0000089,2024-07-19 01:45:27,95200,5000,90200,1,30.7,37.0,-6.3,0,5.78,5.0
0006613,0002002,0000073,2024-07-28 05:10:37,76700,5000,71700,1,40.3,44.7,-4.4,0,9.37,5.0
0006614,0001963,0000048,2024-07-24 10:07:50,89200,5000,84200,1,31.4,31.9,-0.5,0,7.79,5.0
0006615,0001949,0000013,2024-07-19 23:44:53,46900,2000,44900,1,40.5,26.4,14.1,1,9.26,5.0
0006616,0001991,0000004,2024-07-27 22:22:47,89500,5000,84500,1,35.1,21.0,14.1,1,9.02,5.0
0006617,0002059,0000060,2024-07-31 10:24:32,44800,2000,42800,1,24.6,16.9,7.7,1,7.03,5.0
0006618,0002032,0000079,2024-07-26 07:59:31,94100,5000,89100,1,49.0,38.9,10.1,1,8.96,5.0
0006619,0002018,0000003,2024-07-26 16:09:23,71500,5000,66500,1,39.1,35.3,3.8,1,13.17,5.0
0006620,0001957,0000066,2024-07-25 14:55:36,33800,1000,32800,1,47.9,49.9,-2.0,0,5.48,5.0
0006621,0002027,0000075,2024-07-30 02:41:34,84200,5000,79200,1,36.5,43.7,-7.2,0,4.75,5.0
0006622,0002045,0000077,2024-07-28 21:07:47,61500,5000,56500,1,35.4,36.9,-1.5,0,13.17,4.0
0006623,0001924,0000002,2024-07-22 17:27:08,71800,5000,66800,1,31.9,35.0,-3.1,0,12.48,5.0
0006624,0001910,0000020,2024-07-05 19:29:29,90100,5000,85100,1,47.2,48.2,-1.0,0,10.55,5.0
0006625,0002064,0000052,2024-07-31 13:37:46,8600,500,8100,1,31.1,37.2,-6.1,0,12.14,4.0
0006626,0002012,0000079,2024-07-26 01:10:11,45100,2000,43100,1,27.1,17.1,10.0,1,4.52,5.0
0006627,0002065,0000099,2024-07-31 11:50:03,39300,1000,38300,1,31.8,27.0,4.8,1,2.88,5.0
0006628,0001901,0000067,2024-07-10 13:41:20,39900,1000,38900,1,21.2,11.7,9.5,1,10.33,5.0
0006629,0001922,0000010,2024-07-05 15:46:10,91000,5000,86000,1,23.0,29.5,-6.5,0,6.67,5.0
0006630,0001987,0000019,2024-07-30 11:07:40,39200,1000,38200,1,41.2,48.7,-7.5,0,12.75,5.0
0006631,0001967,0000057,2024-07-30 18:17:49,72100,5000,67100,1,46.4,46.9,-0.5,0,13.84,5.0
0006632,0001986,0000051,2024-07-27 13:01:58,49200,2000,47200,1,46.5,33.8,12.7,1,12.71,5.0
0006633,0002047,0000042,2024-07-30 13:59:02,14100,500,13600,1,43.6,41.4,2.2,1,13.18,5.0
0006634,0001941,0000077,2024-07-22 04:40:51,28300,1000,27300,1,28.6,24.9,3.7,1,10.08,5.0
0006635,0001934,0000021,2024-07-20 19:14:09,76600,5000,71600,1,21.5,26.6,-5.1,0,7.39,5.0
0006636,0001899,0000060,2024-07-06 00:35:03,27600,1000,26600,1,41.3,50.2,-8.9,0,5.27,5.0
0006637,0001894,0000014,2024-07-27 21:02:28,32000,1000,31000,1,41.0,50.3,-9.3,0,3.55,5.0
0006638,0001955,0000084,2024-07-20 17:42:29,58400,2000,56400,1,46.0,41.7,4.3,1,6.24,3.0
0006639,0002029,0000019,2024-07-30 22:55:35,79500,5000,74500,1,32.6,41.3,-8.7,0,7.98,5.0
0006640,0002051,0000001,2024-07-30 15:11:25,64900,5000,59900,1,44.4,49.2,-4.8,0,2.03,5.0
0006641,0001954,0000063,2024-07-20 00:38:30,79400,5000,74400,1,20.2,10.1,10.1,1,9.0,3.0
0006642,0002020,0000075,2024-07-26 08:29:51,14000,500,13500,1,48.9,51.7,-2.8,0,3.03,5.0
0006643,0001990,0000064,2024-07-25 17:18:28,99300,5000,94300,1,39.0,48.2,-9.2,0,8.21,5.0
0006644,0001911,0000064,2024-07-27 20:16:21,57700,2000,55700,1,39.3,41.9,-2.6,0,2.97,4.0
0006645,0001918,0000054,2024-07-04 16:27:21,98100,5000,93100,1,33.6,22.6,11.0,1,11.82,4.0
0006646,0002015,0000074,2024-07-29 00:54:11,72600,5000,67600,1,29.2,15.5,13.7,1,12.85,5.0
0006647,0001945,0000046,2024-07-14 22:25:50,92500,5000,87500,1,32.6,21.9,10.7,1,12.93,5.0
0006648,0002028,0000076,2024-07-31 00:46:11,59400,2000,57400,1,22.8,27.3,-4.5,0,10.27,5.0
0006649,0001969,0000080,2024-07-27 09:58:30,95500,5000,90500,1,38.4,45.8,-7.4,0,2.01,5.0
0006650,0001948,0000001,2024-07-31 03:59:48,62800,5000,57800,1,42.2,45.8,-3.6,0,2.03,3.0
0006651,0001916,0000014,2024-07-26 00:39:57,53900,2000,51900,1,32.8,27.3,5.5,1,10.73,5.0
0006652,0002060,0000033,2024-07-31 10:18:23,45300,2000,43300,1,27.7,14.0,13.7,1,12.8,5.0
0006653,0002035,0000080,2024-07-28 21:06:26,90200,5000,85200,1,45.9,55.2,-9.3,0,6.19,5.0
0006654,0002040,0000069,2024-07-30 11:09:10,71600,5000,66600,1,28.1,34.2,-6.1,0,10.0,5.0
0006655,0001958,0000089,2024-07-16 15:24:15,25000,1000,24000,1,20.8,23.0,-2.2,0,3.85,5.0
0006656,0002048,0000071,2024-07-31 18:30:35,32000,1000,31000,1,41.5,38.9,2.6,1,2.05,5.0
0006657,0001997,0000026,2024-07-26 05:04:37,64500,5000,59500,1,39.9,46.3,-6.4,0,5.64,5.0
0006658,0002049,0000095,2024-07-29 10:58:31,8500,500,8000,1,40.2,34.8,5.4,1,14.92,5.0
0006659,0002070,0000083,2024-07-31 06:14:42,88600,5000,83600,1,23.4,10.5,12.9,1,14.59,5.0
0006660,0001950,0000097,2024-07-23 01:38:52,32900,1000,31900,1,48.6,53.5,-4.9,0,12.01,5.0
0006661,0002024,0000070,2024-07-30 17:30:24,32400,1000,31400,1,42.3,36.9,5.4,1,14.41,5.0
0006662,0002022,0000049,2024-07-25 00:24:11,40100,2000,38100,1,24.9,29.1,-4.2,0,11.08,5.0
0006663,0001998,0000063,2024-07-23 11:59:46,29300,1000,28300,1,33.7,35.9,-2.2,0,6.04,5.0
0006664,0001917,0000006,2024-07-27 01:13:28,60500,5000,55500,1,44.5,35.6,8.9,1,9.12,5.0
0006665,0002061,0000034,2024-07-30 14:34:41,42500,2000,40500,1,27.0,24.8,2.2,1,1.49,5.0
0006666,0002016,0000015,2024-07-25 14:46:30,98800,5000,93800,1,37.0,22.9,14.1,1,8.39,5.0
0006667,0002039,0000047,2024-07-30 20:19:55,29200,1000,28200,1,47.4,49.9,-2.5,0,0.86,5.0
0006668,0001995,0000037,2024-07-31 10:04:05,87700,5000,82700,1,48.8,34.9,13.9,1,10.36,1.0
0006669,0002052,0000009,2024-07-31 17:36:59,85500,5000,80500,1,24.7,15.7,9.0,1,2.93,5.0
0006670,0001943,0000039,2024-07-09 11:07:38,42600,2000,40600,1,30.4,16.7,13.7,1,1.44,5.0
0006671,0002003,0000049,2024-07-28 01:26:38,86700,5000,81700,1,23.3,25.8,-2.5,0,10.83,5.0
0006672,0002010,0000039,2024-07-24 11:43:38,26800,1000,25800,1,30.1,26.1,4.0,1,8.99,5.0
0006673,0002006,0000022,2024-07-29 14:45:17,80500,5000,75500,1,30.7,36.0,-5.3,0,13.27,5.0
0006674,0001996,0000071,2024-07-29 20:37:20,72300,5000,67300,1,36.4,33.6,2.8,1,8.18,5.0
0006675,0001925,0000030,2024-07-26 19:52:32,99900,5000,94900,1,46.8,31.9,14.9,1,13.69,5.0
0006676,0001956,0000022,2024-07-27 00:39:04,55000,2000,53000,1,23.2,28.0,-4.8,0,3.72,5.0
0006677,0001898,0000028,2024-07-31 14:33:44,42700,2000,40700,1,27.3,28.3,-1.0,0,9.68,5.0
0006678,0001936,0000097,2024-07-21 00:38:00,15200,500,14700,1,36.9,43.9,-7.0,0,12.41,5.0
0006679,0002009,0000045,2024-07-24 08:55:31,12500,500,12000,1,26.9,32.1,-5.2,0,6.11,5.0
0006680,0001896,0000036,2024-07-22 07:01:57,75100,5000,70100,1,43.9,50.6,-6.7,0,5.7,5.0
0006681,0001999,0000079,2024-07-22 12:01:41,69000,5000,64000,1,23.8,10.3,13.5,1,3.43,5.0
0006682,0002069,0000003,2024-07-31 10:47:56,100000,5000,95000,1,23.2,29.1,-5.9,0,11.84,5.0
0006683,0002017,0000088,2024-07-28 09:06:34,94700,5000,89700,1,41.0,27.4,13.6,1,4.38,5.0
0006684,0002054,0000076,2024-07-29 15:33:02,38600,1000,37600,1,31.9,36.7,-4.8,0,8.37,5.0
0006685,0001902,0000076,2024-07-07 23:01:05,81200,5000,76200,1,47.7,49.0,-1.3,0,6.81,5.0
0006686,0001935,0000048,2024-07-19 15:18:52,10200,500,9700,1,29.8,25.4,4.4,1,7.82,5.0
0006687,0002013,0000014,2024-07-28 01:04:17,50900,2000,48900,1,37.7,34.1,3.6,1,6.91,5.0
0006688,0002043,0000066,2024-07-28 01:28:43,31800,1000,30800,1,38.3,39.4,-1.1,0,9.73,5.0
0006689,0001983,0000071,2024-07-28 17:38:30,36900,1000,35900,1,37.3,33.8,3.5,1,4.48,4.0
0006690,0002066,0000001,2024-07-31 07:54:11,17400,500,16900,1,25.9,11.2,14.7,1,13.72,5.0
0006691,0002008,0000026,2024-08-16 07:07:26,98400,5000,93400,1,23.6,29.1,-5.5,0,1.77,1.0
0006692,0002065,0000083,2024-08-16 23:16:22,76000,0,76000,0,40.2,35.800000000000004,4.4,1,10.48,1.0
0006693,0001986,0000026,2024-08-26 01:16:43,39000,0,39000,0,40.2,40.400000000000006,-0.2,0,14.69,5.0
0006694,0001957,0000021,2024-08-28 00:49:51,63400,0,63400,0,48.3,44.2,4.1,1,9.1,5.0
0006695,0001975,0000087,2024-08-21 00:00:15,11600,500,11100,1,45.4,49.3,-3.9,0,5.33,5.0
0006696,0002009,0000016,2024-08-06 07:53:14,32800,0,32800,0,48.7,49.7,-1.0,0,9.49,3.0
0006697,0002021,0000021,2024-08-06 18:42:46,97800,5000,92800,1,35.0,44.5,-9.5,0,8.82,5.0
0006698,0001964,0000004,2024-08-05 17:54:31,22000,1000,21000,1,27.4,29.0,-1.6,0,1.55,5.0
0006699,0001984,0000080,2024-08-17 16:09:27,32800,0,32800,0,39.5,40.7,-1.2,0,12.67,4.0
0006700,0001939,0000007,2024-08-20 17:41:33,24500,1000,23500,1,22.7,29.5,-6.8,0,10.82,5.0
0006701,0001915,0000027,2024-08-12 02:01:31,68800,5000,63800,1,25.9,28.0,-2.1,0,1.12,5.0
0006702,0001894,0000021,2024-08-14 14:20:45,78800,0,78800,0,43.8,42.7,1.1,1,4.72,5.0
0006703,0002020,0000078,2024-08-25 17:06:01,65900,0,65900,0,48.2,51.400000000000006,-3.2,0,7.97,5.0
0006704,0001958,0000059,2024-08-25 05:48:28,92600,0,92600,0,38.1,37.2,0.9,1,6.47,1.0
0006705,0001960,0000003,2024-08-13 06:08:22,45200,0,45200,0,36.8,38.4,-1.6,0,14.85,5.0
0006706,0001971,0000088,2024-08-24 01:02:59,93500,5000,88500,1,35.1,41.4,-6.3,0,6.62,5.0
0006707,0001998,0000014,2024-08-12 08:23:25,74200,0,74200,0,41.4,38.9,2.5,1,3.28,5.0
0006708,0002034,0000059,2024-08-18 18:07:36,30500,0,30500,0,44.6,44.1,0.5,1,8.22,1.0
0006709,0001899,0000091,2024-08-04 14:05:51,17200,0,17200,0,31.1,27.700000000000003,3.4,1,13.48,5.0
0006710,0001950,0000095,2024-08-21 02:14:04,28100,0,28100,0,26.1,22.6,3.5,1,1.79,5.0
0006711,0001968,0000073,2024-08-28 05:02:10,59500,0,59500,0,33.2,31.4,1.8,1,11.15,5.0
0006712,0002045,0000008,2024-08-06 03:01:18,97100,0,97100,0,27.4,26.5,0.9,1,9.71,5.0
0006713,0001990,0000074,2024-08-18 07:54:40,60400,0,60400,0,35.9,35.1,0.8,1,6.37,5.0
0006714,0002000,0000031,2024-08-25 11:49:22,92100,5000,87100,1,33.6,35.1,-1.5,0,14.51,5.0
0006715,0001914,0000057,2024-08-02 11:36:13,65600,0,65600,0,27.2,28.1,-0.9,0,10.65,5.0
0006716,0002025,0000013,2024-08-18 01:02:15,30800,1000,29800,1,47.2,48.9,-1.7,0,13.13,5.0
0006717,0002071,0000032,2024-08-30 23:55:51,35100,0,35100,0,42.4,37.4,5.0,1,9.85,5.0
0006718,0002050,0000099,2024-08-22 00:14:54,75900,0,75900,0,49.3,46.8,2.5,1,11.21,5.0
0006719,0001947,0000100,2024-08-21 17:31:03,45700,2000,43700,1,24.0,26.5,-2.5,0,9.19,5.0
0006720,0001967,0000094,2024-08-15 17:39:48,44300,0,44300,0,34.8,39.1,-4.3,0,12.89,5.0
0006721,0002053,0000096,2024-08-27 18:35:03,23900,0,23900,0,36.1,36.0,0.1,1,10.86,5.0
0006722,0001923,0000074,2024-08-11 03:06:58,11000,0,11000,0,35.1,30.9,4.2,1,14.23,5.0
0006723,0002006,0000016,2024-08-19 05:33:23,38400,0,38400,0,48.1,44.8,3.3,1,9.18,5.0
0006724,0001937,0000097,2024-08-12 03:04:05,71000,0,71000,0,20.6,18.8,1.8,1,8.25,5.0
0006725,0001926,0000056,2024-08-09 08:26:51,56200,0,56200,0,24.1,21.700000000000003,2.4,1,11.74,5.0
0006726,0002046,0000021,2024-08-19 14:16:56,14700,500,14200,1,36.5,38.7,-2.2,0,4.33,5.0
0006727,0001928,0000073,2024-08-02 15:12:55,67800,5000,62800,1,30.6,32.7,-2.1,0,9.0,4.0
0006728,0001895,0000024,2024-08-04 16:57:50,44100,0,44100,0,37.3,41.4,-4.1,0,2.08,5.0
0006729,0001898,0000048,2024-08-26 23:24:17,23700,0,23700,0,41.8,38.1,3.7,1,6.1,5.0
0006730,0001993,0000046,2024-08-08 18:34:08,54900,2000,52900,1,49.1,54.0,-4.9,0,4.81,1.0
0006731,0002003,0000017,2024-08-25 18:23:29,55700,0,55700,0,20.6,21.8,-1.2,0,7.1,5.0
0006732,0001977,0000038,2024-08-28 22:17:58,22300,0,22300,0,45.7,43.5,2.2,1,0.85,5.0
0006733,0001940,0000074,2024-08-16 02:09:42,25700,0,25700,0,26.5,25.3,1.2,1,3.97,5.0
0006734,0001969,0000047,2024-08-01 03:23:34,80600,0,80600,0,40.7,42.3,-1.6,0,0.52,5.0
0006735,0001951,0000007,2024-08-03 09:05:46,65100,0,65100,0,24.3,27.9,-3.6,0,1.18,5.0
0006736,0002069,0000089,2024-08-25 07:23:11,99700,0,99700,0,46.5,49.7,-3.2,0,7.04,1.0
0006737,0001946,0000057,2024-08-21 20:41:26,91700,0,91700,0,27.7,29.3,-1.6,0,12.46,5.0
0006738,0002038,0000085,2024-08-26 03:58:53,62800,0,62800,0,48.1,48.9,-0.8,0,1.83,5.0
0006739,0001909,0000012,2024-08-15 03:16:38,96000,0,96000,0,38.8,34.2,4.6,1,6.21,5.0
0006740,0001922,0000008,2024-08-02 12:35:51,33400,0,33400,0,42.4,45.8,-3.4,0,9.19,5.0
0006741,0002011,0000067,2024-08-18 05:14:20,21600,0,21600,0,27.2,30.6,-3.4,0,4.82,1.0
0006742,0001956,0000062,2024-08-12 12:00:09,78100,0,78100,0,22.7,25.3,-2.6,0,7.44,5.0
0006743,0001934,0000082,2024-08-13 01:32:45,13700,0,13700,0,48.8,50.5,-1.7,0,0.69,5.0
0006744,0002054,0000074,2024-08-11 14:02:19,9500,0,9500,0,31.5,27.1,4.4,1,12.93,5.0
0006745,0002002,0000050,2024-08-14 15:59:27,42100,0,42100,0,35.8,35.3,0.5,1,10.16,5.0
0006746,0001965,0000029,2024-08-09 13:15:39,45400,2000,43400,1,46.1,49.5,-3.4,0,11.0,5.0
0006747,0001932,0000059,2024-08-02 06:03:02,98400,5000,93400,1,21.0,8.3,12.7,1,5.7,4.0
0006748,0002042,0000055,2024-08-28 06:10:37,9100,0,9100,0,35.5,38.2,-2.7,0,0.8,4.0
0006749,0001972,0000047,2024-08-09 06:14:21,27100,1000,26100,1,44.4,49.7,-5.3,0,5.35,5.0
0006750,0002043,0000011,2024-08-07 23:15:15,79600,0,79600,0,21.9,21.6,0.3,1,10.63,4.0
0006751,0002040,0000012,2024-08-07 20:53:38,39100,0,39100,0,41.5,38.0,3.5,1,3.8,5.0
0006752,0001961,0000012,2024-08-26 23:44:08,8500,0,8500,0,41.7,41.900000000000006,-0.2,0,11.29,5.0
0006753,0002051,0000005,2024-08-02 15:56:10,43600,0,43600,0,36.7,40.3,-3.6,0,0.62,5.0
0006754,0001924,0000081,2024-08-14 03:27:53,63000,0,63000,0,42.7,46.900000000000006,-4.2,0,5.19,5.0
0006755,0002022,0000075,2024-08-25 21:30:59,100000,0,100000,0,22.7,22.6,0.1,1,13.67,5.0
0006756,0001997,0000096,2024-08-01 15:46:40,62600,0,62600,0,21.2,17.8,3.4,1,14.44,5.0
0006757,0001896,0000045,2024-08-07 16:14:23,52900,0,52900,0,31.7,31.8,-0.1,0,8.78,5.0
0006758,0001963,0000048,2024-08-16 22:22:58,59200,0,59200,0,43.6,42.6,1.0,1,6.1,5.0
0006759,0002033,0000002,2024-08-07 15:59:20,43100,0,43100,0,47.1,45.2,1.9,1,1.05,5.0
0006760,0001948,0000009,2024-08-24 20:35:38,73900,0,73900,0,45.0,49.6,-4.6,0,7.81,5.0
0006761,0002028,0000032,2024-08-22 20:34:59,68900,0,68900,0,41.9,38.4,3.5,1,9.31,5.0
0006762,0001938,0000042,2024-08-01 14:41:14,31600,0,31600,0,31.1,30.8,0.3,1,7.54,5.0
0006763,0001987,0000081,2024-08-10 18:16:08,53300,0,53300,0,40.6,37.6,3.0,1,13.92,5.0
0006764,0001936,0000027,2024-08-29 16:07:25,76300,0,76300,0,24.5,26.0,-1.5,0,5.14,5.0
0006765,0002035,0000006,2024-08-14 18:49:54,62400,0,62400,0,45.7,45.8,-0.1,0,4.1,5.0
0006766,0002146,0000095,2024-08-31 19:55:08,19200,500,18700,1,28.1,30.9,-2.8,0,11.99,5.0
0006767,0002095,0000087,2024-08-15 20:11:44,87200,5000,82200,1,30.5,18.4,12.1,1,10.75,5.0
0006768,0002159,0000050,2024-08-30 12:30:57,23100,1000,22100,1,23.0,14.8,8.2,1,14.22,5.0
0006769,0002207,0000063,2024-08-31 16:39:37,92800,5000,87800,1,47.1,47.4,-0.3,0,12.09,5.0
0006770,0002072,0000022,2024-08-28 20:32:40,88300,5000,83300,1,45.0,36.9,8.1,1,2.22,5.0
0006771,0002203,0000035,2024-08-31 23:27:13,64700,5000,59700,1,46.2,55.8,-9.6,0,4.79,5.0
0006772,0002105,0000018,2024-08-11 09:53:04,79900,5000,74900,1,22.5,23.7,-1.2,0,7.96,5.0
0006773,0002209,0000007,2024-08-30 01:35:15,62300,5000,57300,1,25.5,15.1,10.4,1,4.83,5.0
0006774,0002195,0000010,2024-08-27 00:35:47,33600,1000,32600,1,33.2,22.3,10.9,1,1.18,5.0
0006775,0002083,0000043,2024-08-25 10:38:39,16900,500,16400,1,26.7,35.9,-9.2,0,1.8,5.0
0006776,0002184,0000058,2024-08-24 16:46:24,23300,1000,22300,1,49.9,37.3,12.6,1,1.99,5.0
0006777,0002205,0000031,2024-08-29 04:59:42,42900,2000,40900,1,32.9,39.9,-7.0,0,8.8,5.0
0006778,0002180,0000089,2024-08-26 13:50:18,98000,5000,93000,1,27.2,32.5,-5.3,0,9.48,5.0
0006779,0002081,0000011,2024-08-30 01:27:03,67000,5000,62000,1,26.2,34.3,-8.1,0,1.29,5.0
0006780,0002135,0000075,2024-08-30 23:21:44,50400,2000,48400,1,45.4,31.9,13.5,1,7.95,5.0
0006781,0002106,0000062,2024-08-26 15:53:33,31900,1000,30900,1,37.9,43.5,-5.6,0,6.69,5.0
0006782,0002080,0000025,2024-08-31 13:11:44,43300,2000,41300,1,20.5,13.4,7.1,1,2.05,5.0
0006783,0002122,0000055,2024-08-26 00:25:40,33900,1000,32900,1,29.9,37.3,-7.4,0,2.65,5.0
0006784,0002103,0000081,2024-08-08 18:15:24,75100,5000,70100,1,43.9,33.3,10.6,1,4.91,5.0
0006785,0002124,0000010,2024-08-25 00:07:10,45900,2000,43900,1,33.1,28.8,4.3,1,6.7,5.0
0006786,0002126,0000096,2024-08-11 07:40:06,62300,5000,57300,1,45.7,40.0,5.7,1,7.26,5.0
0006787,0002130,0000077,2024-08-21 02:23:29,22500,1000,21500,1,43.1,48.3,-5.2,0,2.58,5.0
0006788,0002196,0000062,2024-08-29 20:53:52,16000,500,15500,1,49.2,46.0,3.2,1,13.87,5.0
0006789,0002073,0000080,2024-08-05 15:33:03,41500,2000,39500,1,23.9,29.7,-5.8,0,10.22,5.0
0006790,0002218,0000085,2024-08-31 17:15:49,23900,1000,22900,1,29.7,35.2,-5.5,0,4.39,5.0
0006791,0002199,0000006,2024-08-29 18:40:36,81800,5000,76800,1,30.9,23.2,7.7,1,5.6,5.0
0006792,0002202,0000056,2024-08-28 11:50:10,58600,2000,56600,1,37.0,30.5,6.5,1,14.45,5.0
0006793,0002158,0000072,2024-08-17 10:19:16,42000,2000,40000,1,41.6,50.2,-8.6,0,9.91,5.0
0006794,0002177,0000022,2024-08-27 08:19:25,21400,1000,20400,1,45.7,32.7,13.0,1,7.41,5.0
0006795,0002170,0000084,2024-08-25 07:04:47,44400,2000,42400,1,26.2,32.1,-5.9,0,3.69,1.0
0006796,0002206,0000044,2024-08-31 15:34:38,83800,5000,78800,1,40.9,50.4,-9.5,0,11.23,5.0
0006797,0002189,0000050,2024-08-27 17:22:02,23100,1000,22100,1,27.5,30.1,-2.6,0,8.34,5.0
0006798,0002145,0000039,2024-08-23 06:10:34,22200,1000,21200,1,40.6,27.0,13.6,1,10.87,5.0
0006799,0002131,0000081,2024-08-12 16:41:41,82100,5000,77100,1,38.8,40.9,-2.1,0,12.14,5.0
0006800,0002192,0000042,2024-08-29 19:58:44,9400,500,8900,1,28.9,24.0,4.9,1,4.55,5.0
0006801,0002138,0000058,2024-08-14 05:26:14,44400,2000,42400,1,29.6,30.4,-0.8,0,8.03,5.0
0006802,0002160,0000073,2024-08-27 00:03:59,44000,2000,42000,1,30.8,18.7,12.1,1,13.14,5.0
0006803,0002108,0000068,2024-08-14 03:53:35,82700,5000,77700,1,32.1,26.9,5.2,1,3.64,5.0
0006804,0002096,0000086,2024-08-29 12:05:45,41300,2000,39300,1,42.6,40.4,2.2,1,7.47,4.0
0006805,0002198,0000060,2024-08-27 14:14:47,38400,1000,37400,1,26.3,16.6,9.7,1,9.79,5.0
0006806,0002164,0000077,2024-08-23 19:12:09,98000,5000,93000,1,40.7,30.1,10.6,1,8.78,5.0
0006807,0002212,0000063,2024-08-31 19:04:44,23100,1000,22100,1,31.8,23.1,8.7,1,12.07,5.0
0006808,0002178,0000007,2024-08-31 15:30:24,24200,1000,23200,1,44.4,42.2,2.2,1,3.64,5.0
0006809,0002197,0000031,2024-08-28 22:12:00,97900,5000,92900,1,29.0,32.5,-3.5,0,2.88,5.0
0006810,0002211,0000012,2024-08-31 00:47:49,32200,1000,31200,1,45.8,34.2,11.6,1,5.65,4.0
0006811,0002139,0000015,2024-08-20 06:52:33,19400,500,18900,1,21.4,16.6,4.8,1,0.85,5.0
0006812,0002123,0000021,2024-08-29 11:44:46,80100,5000,75100,1,34.3,27.2,7.1,1,7.47,5.0
0006813,0002129,0000097,2024-08-23 23:31:00,14900,500,14400,1,48.5,43.2,5.3,1,2.69,5.0
0006814,0002167,0000083,2024-08-20 11:10:06,36000,1000,35000,1,35.6,36.3,-0.7,0,14.31,5.0
0006815,0002181,0000007,2024-08-29 19:32:53,25300,1000,24300,1,22.7,18.5,4.2,1,3.11,1.0
0006816,0002140,0000058,2024-08-15 03:47:50,87900,5000,82900,1,34.9,23.2,11.7,1,10.39,5.0
0006817,0002149,0000021,2024-08-28 23:10:45,80600,5000,75600,1,33.8,20.5,13.3,1,2.83,5.0
0006818,0002143,0000083,2024-08-21 18:21:11,51600,2000,49600,1,26.2,11.4,14.8,1,12.22,5.0
0006819,0002176,0000066,2024-08-30 01:32:48,33100,1000,32100,1,38.8,46.5,-7.7,0,3.13,5.0
0006820,0002076,0000002,2024-08-26 22:11:42,22100,1000,21100,1,25.5,26.1,-0.6,0,7.15,5.0
0006821,0002173,0000065,2024-08-20 01:13:25,33000,1000,32000,1,39.8,36.0,3.8,1,14.32,5.0
0006822,0002156,0000098,2024-08-26 15:59:58,69900,5000,64900,1,36.5,41.4,-4.9,0,13.3,5.0
0006823,0002154,0000075,2024-08-21 05:16:41,80700,5000,75700,1,21.2,29.7,-8.5,0,9.91,5.0
0006824,0002100,0000074,2024-08-21 18:16:04,21400,1000,20400,1,36.4,34.1,2.3,1,14.05,3.0
0006825,0002085,0000033,2024-08-11 23:18:27,69400,5000,64400,1,24.9,24.9,-0.0,0,0.79,5.0
0006826,0002171,0000072,2024-08-22 03:25:10,71100,5000,66100,1,21.6,21.7,-0.1,0,6.74,5.0
0006827,0002157,0000033,2024-08-26 19:48:00,36500,1000,35500,1,36.4,24.7,11.7,1,2.19,5.0
0006828,0002111,0000003,2024-08-27 04:14:19,47500,2000,45500,1,43.5,43.5,-0.0,0,11.28,3.0
0006829,0002114,0000074,2024-08-30 16:18:47,98000,5000,93000,1,20.3,7.8,12.5,1,7.28,3.0
0006830,0002107,0000075,2024-08-14 04:43:00,52500,2000,50500,1,41.8,48.7,-6.9,0,5.96,5.0
0006831,0002169,0000090,2024-08-23 00:09:53,38500,1000,37500,1,48.3,56.8,-8.5,0,9.01,5.0
0006832,0002099,0000033,2024-08-11 04:02:39,66100,5000,61100,1,30.8,26.3,4.5,1,3.18,5.0
0006833,0002117,0000038,2024-08-29 10:30:18,37700,1000,36700,1,44.4,42.2,2.2,1,7.14,1.0
0006834,0002166,0000089,2024-08-19 17:32:29,37900,1000,36900,1,21.2,31.0,-9.8,0,13.67,5.0
0006835,0002216,0000082,2024-08-31 18:32:53,7900,500,7400,1,41.8,51.7,-9.9,0,5.84,5.0
0006836,0002201,0000044,2024-08-28 16:27:09,59800,2000,57800,1,26.3,24.2,2.1,1,8.81,5.0
0006837,0002101,0000021,2024-08-26 18:38:04,44900,2000,42900,1,28.2,34.5,-6.3,0,3.9,5.0
0006838,0002128,0000032,2024-08-31 18:50:36,14700,500,14200,1,24.6,11.0,13.6,1,8.63,5.0
0006839,0002094,0000013,2024-08-21 16:10:24,9900,500,9400,1,28.2,25.2,3.0,1,13.96,5.0
0006840,0002134,0000028,2024-08-20 14:58:28,28900,1000,27900,1,27.0,19.5,7.5,1,6.5,5.0
0006841,0002125,0000073,2024-08-12 01:20:20,46600,2000,44600,1,22.0,9.3,12.7,1,4.1,5.0
0006842,0002190,0000097,2024-08-26 20:41:13,74300,5000,69300,1,30.1,39.7,-9.6,0,4.3,5.0
0006843,0002127,0000008,2024-08-19 17:32:32,99900,5000,94900,1,34.3,39.7,-5.4,0,13.14,5.0
0006844,0002151,0000075,2024-08-28 14:44:37,59400,2000,57400,1,44.2,32.3,11.9,1,9.9,5.0
0006845,0002183,0000050,2024-08-23 19:48:57,91300,5000,86300,1,20.9,22.6,-1.7,0,2.83,5.0
0006846,0002163,0000043,2024-08-23 07:48:57,82400,5000,77400,1,47.4,37.0,10.4,1,9.55,5.0
0006847,0002153,0000086,2024-08-24 03:49:50,98300,5000,93300,1,24.3,32.9,-8.6,0,3.89,4.0
0006848,0002165,0000005,2024-08-25 19:07:49,84200,5000,79200,1,28.4,22.8,5.6,1,3.3,5.0
0006849,0002186,0000046,2024-08-29 05:44:00,67000,5000,62000,1,44.4,31.1,13.3,1,4.04,5.0
0006850,0002185,0000017,2024-08-31 13:38:14,72000,5000,67000,1,42.3,51.5,-9.2,0,3.84,5.0
0006851,0002144,0000054,2024-08-13 01:41:21,15100,500,14600,1,28.3,35.6,-7.3,0,11.7,5.0
0006852,0002213,0000059,2024-08-31 04:37:41,19000,500,18500,1,41.2,32.7,8.5,1,10.77,5.0
0006853,0002208,0000010,2024-08-29 04:26:14,41700,2000,39700,1,40.9,43.9,-3.0,0,0.9,5.0
0006854,0002110,0000074,2024-08-24 05:47:05,38600,1000,37600,1,38.9,46.8,-7.9,0,11.48,5.0
0006855,0002087,0000018,2024-08-26 12:57:47,19900,500,19400,1,48.6,55.4,-6.8,0,8.44,5.0
0006856,0002172,0000003,2024-08-20 23:09:02,34600,1000,33600,1,27.3,27.9,-0.6,0,6.16,5.0
0006857,0002193,0000045,2024-08-26 09:41:18,18500,500,18000,1,47.5,36.4,11.1,1,8.0,5.0
0006858,0002115,0000025,2024-08-08 18:57:38,57600,2000,55600,1,45.1,48.0,-2.9,0,7.17,5.0
0006859,0002121,0000070,2024-08-12 04:47:07,40900,2000,38900,1,47.9,45.4,2.5,1,7.19,5.0
0006860,0002082,0000062,2024-08-27 17:44:59,71600,5000,66600,1,49.3,58.7,-9.4,0,10.72,3.0
0006861,0002092,0000005,2024-08-06 18:45:41,60500,5000,55500,1,42.7,32.2,10.5,1,7.4,5.0
0006862,0002168,0000004,2024-08-22 07:18:20,71700,5000,66700,1,44.4,44.6,-0.2,0,8.88,5.0
0006863,0002086,0000018,2024-08-03 07:18:17,78300,5000,73300,1,35.5,21.3,14.2,1,13.03,5.0
0006864,0002074,0000084,2024-08-17 19:16:35,65800,5000,60800,1,41.8,50.7,-8.9,0,10.3,5.0
0006865,0002136,0000029,2024-08-11 03:10:59,30100,1000,29100,1,30.2,40.1,-9.9,0,1.98,5.0
0006866,0002214,0000095,2024-08-31 03:03:25,7500,500,7000,1,21.6,16.3,5.3,1,7.06,5.0
0006867,0002133,0000058,2024-08-28 01:15:21,79300,5000,74300,1,26.9,35.8,-8.9,0,7.45,5.0
0006868,0002078,0000061,2024-08-18 09:36:17,61700,5000,56700,1,21.3,30.2,-8.9,0,4.95,4.0
0006869,0002179,0000027,2024-08-22 02:01:01,81700,5000,76700,1,20.0,17.3,2.7,1,11.61,4.0
0006870,0002162,0000004,2024-08-29 05:19:14,88700,5000,83700,1,21.7,23.6,-1.9,0,6.54,5.0
0006871,0002109,0000046,2024-08-08 04:05:46,87000,5000,82000,1,47.4,52.5,-5.1,0,12.58,3.0
0006872,0002113,0000021,2024-08-17 01:31:59,45900,2000,43900,1,22.1,16.4,5.7,1,9.29,5.0
0006873,0002150,0000094,2024-08-22 22:11:59,17300,500,16800,1,28.0,18.3,9.7,1,11.92,5.0
0006874,0002084,0000099,2024-08-06 15:59:58,22200,1000,21200,1,35.2,31.8,3.4,1,14.64,5.0
0006875,0002204,0000037,2024-08-30 00:45:33,22600,1000,21600,1,48.5,49.7,-1.2,0,6.12,5.0
0006876,0002217,0000058,2024-08-31 07:24:46,14900,500,14400,1,40.3,35.5,4.8,1,8.1,5.0
0006877,0002200,0000015,2024-08-28 09:56:19,78300,5000,73300,1,24.7,12.9,11.8,1,13.54,5.0
0006878,0002116,0000049,2024-08-30 04:25:45,58000,2000,56000,1,37.2,28.9,8.3,1,6.56,5.0
0006879,0002147,0000074,2024-08-14 10:37:22,43900,2000,41900,1,34.4,41.1,-6.7,0,10.99,5.0
0006880,0002104,0000099,2024-08-18 14:03:20,84900,5000,79900,1,40.0,28.4,11.6,1,10.41,5.0
0006881,0002175,0000014,2024-08-24 09:49:28,39300,1000,38300,1,40.3,44.5,-4.2,0,4.99,5.0
0006882,0002102,0000013,2024-08-10 02:01:41,24900,1000,23900,1,46.7,51.3,-4.6,0,7.09,3.0
0006883,0002091,0000052,2024-08-17 15:35:20,73100,5000,68100,1,32.0,28.6,3.4,1,6.37,5.0
0006884,0002077,0000033,2024-08-05 10:52:30,78500,5000,73500,1,48.1,53.3,-5.2,0,4.96,5.0
0006885,0002210,0000099,2024-08-30 06:49:47,86800,5000,81800,1,35.7,44.8,-9.1,0,3.46,5.0
0006886,0002187,0000080,2024-08-26 12:24:22,66900,5000,61900,1,35.3,37.4,-2.1,0,3.25,5.0
0006887,0002132,0000060,2024-08-24 16:34:02,42800,2000,40800,1,26.7,14.0,12.7,1,7.78,5.0
0006888,0002176,0000024,2024-09-24 11:26:29,98500,0,98500,0,27.1,25.8,1.3,1,4.68,5.0
0006889,0002107,0000076,2024-09-27 19:17:43,66200,0,66200,0,40.3,42.9,-2.6,0,9.44,5.0
0006890,0002098,0000057,2024-09-17 08:35:10,40500,2000,38500,1,40.5,47.0,-6.5,0,9.19,5.0
0006891,0002152,0000098,2024-09-26 08:58:02,29700,1000,28700,1,21.4,29.8,-8.4,0,12.48,5.0
0006892,0002141,0000045,2024-09-12 03:23:41,38600,1000,37600,1,34.6,36.5,-1.9,0,5.12,4.0
0006893,0002172,0000051,2024-09-12 21:45:40,64200,0,64200,0,45.3,49.9,-4.6,0,2.47,3.0
0006894,0002127,0000092,2024-09-24 00:55:55,36400,0,36400,0,24.0,19.6,4.4,1,11.31,5.0
0006895,0002073,0000071,2024-09-30 20:58:18,40200,0,40200,0,31.4,34.4,-3.0,0,8.67,4.0
0006896,0002101,0000053,2024-09-22 14:31:46,32900,0,32900,0,43.3,41.9,1.4,1,7.2,5.0
0006897,0002136,0000066,2024-09-07 19:48:38,81800,0,81800,0,34.7,33.1,1.6,1,8.27,5.0
0006898,0002185,0000048,2024-09-21 22:02:52,14200,0,14200,0,43.0,46.1,-3.1,0,11.28,5.0
0006899,0002146,0000092,2024-09-01 15:24:06,25700,0,25700,0,25.4,27.7,-2.3,0,3.81,4.0
0006900,0002166,0000061,2024-09-20 06:14:28,91700,0,91700,0,26.1,27.200000000000003,-1.1,0,4.03,4.0
0006901,0002111,0000017,2024-09-05 17:33:25,97500,0,97500,0,40.5,45.0,-4.5,0,6.72,5.0
0006902,0002131,0000069,2024-09-28 08:16:57,32000,0,32000,0,39.2,41.400000000000006,-2.2,0,10.49,5.0
0006903,0002144,0000082,2024-09-20 13:09:58,29700,0,29700,0,38.1,40.9,-2.8,0,3.62,5.0
0006904,0002169,0000071,2024-09-09 08:00:17,92900,0,92900,0,32.5,31.1,1.4,1,13.19,5.0
0006905,0002138,0000093,2024-09-21 04:59:41,13700,0,13700,0,38.0,39.6,-1.6,0,4.85,4.0
0006906,0002180,0000059,2024-09-17 12:18:57,39300,0,39300,0,41.8,43.7,-1.9,0,2.81,5.0
0006907,0002105,0000009,2024-09-04 08:09:59,58900,0,58900,0,42.9,41.6,1.3,1,14.76,5.0
0006908,0002204,0000067,2024-09-30 07:50:54,7200,0,7200,0,33.9,33.1,0.8,1,1.4,3.0
0006909,0002075,0000006,2024-09-29 08:02:08,82000,5000,77000,1,27.1,30.5,-3.4,0,4.5,5.0
0006910,0002154,0000019,2024-09-22 02:31:28,91100,0,91100,0,20.8,17.900000000000002,2.9,1,2.7,5.0
0006911,0002197,0000098,2024-09-30 00:12:07,10300,0,10300,0,43.1,41.0,2.1,1,4.69,5.0
0006912,0002145,0000076,2024-09-28 13:57:53,31500,0,31500,0,35.5,33.0,2.5,1,6.14,5.0
0006913,0002082,0000090,2024-09-19 05:50:51,92900,0,92900,0,44.9,41.8,3.1,1,7.39,5.0
0006914,0002167,0000053,2024-09-29 00:30:00,72000,0,72000,0,22.5,20.0,2.5,1,9.42,5.0
0006915,0002177,0000037,2024-09-20 05:08:05,76400,0,76400,0,22.2,18.2,4.0,1,2.95,5.0
0006916,0002115,0000049,2024-09-20 21:36:20,68800,0,68800,0,29.5,24.8,4.7,1,8.28,5.0
0006917,0002171,0000087,2024-09-23 19:26:31,24800,0,24800,0,25.0,24.7,0.3,1,9.12,5.0
0006918,0002090,0000053,2024-09-20 03:16:11,30200,1000,29200,1,41.3,48.2,-6.9,0,3.52,1.0
0006919,0002183,0000036,2024-09-10 14:51:13,73500,0,73500,0,28.6,27.8,0.8,1,9.43,5.0
0006920,0002214,0000075,2024-09-09 05:40:02,50600,0,50600,0,24.6,26.1,-1.5,0,3.56,5.0
0006921,0002087,0000090,2024-09-22 17:54:35,45500,0,45500,0,43.8,39.1,4.7,1,7.29,5.0
0006922,0002158,0000052,2024-09-14 02:32:26,98200,0,98200,0,36.0,31.3,4.7,1,8.56,5.0
0006923,0002170,0000053,2024-09-02 10:56:37,33000,0,33000,0,45.0,44.8,0.2,1,12.12,5.0
0006924,0002074,0000043,2024-09-12 06:09:51,71500,0,71500,0,32.5,29.3,3.2,1,9.76,5.0
0006925,0002208,0000031,2024-09-20 16:18:25,48600,0,48600,0,20.0,24.0,-4.0,0,9.79,5.0
0006926,0002081,0000057,2024-09-19 11:19:17,50900,0,50900,0,22.5,25.7,-3.2,0,5.02,5.0
0006927,0002175,0000038,2024-09-10 03:50:58,70800,0,70800,0,32.3,32.3,0.0,0,12.63,1.0
0006928,0002078,0000022,2024-09-28 13:07:28,56000,0,56000,0,33.4,32.2,1.2,1,10.56,5.0
0006929,0002218,0000085,2024-09-15 09:18:00,22100,0,22100,0,45.3,44.0,1.3,1,7.23,5.0
0006930,0002106,0000078,2024-09-13 23:47:44,93500,0,93500,0,49.5,53.6,-4.1,0,4.1,5.0
0006931,0002205,0000019,2024-09-20 13:48:55,61000,0,61000,0,33.4,30.8,2.6,1,1.02,5.0
0006932,0002191,0000002,2024-09-20 15:56:54,64600,5000,59600,1,36.7,46.3,-9.6,0,9.93,5.0
0006933,0002079,0000082,2024-09-27 15:03:57,91100,5000,86100,1,49.3,53.5,-4.2,0,8.99,5.0
0006934,0002189,0000096,2024-09-03 21:33:01,52400,0,52400,0,44.3,47.8,-3.5,0,6.71,5.0
0006935,0002076,0000032,2024-09-13 02:34:28,50600,0,50600,0,20.6,19.6,1.0,1,6.15,1.0
0006936,0002207,0000090,2024-09-04 05:04:27,76600,0,76600,0,39.2,34.400000000000006,4.8,1,8.52,5.0
0006937,0002156,0000012,2024-09-10 04:25:52,44000,0,44000,0,38.3,37.9,0.4,1,11.75,5.0
0006938,0002203,0000056,2024-09-30 23:18:41,70900,0,70900,0,39.9,40.9,-1.0,0,4.53,1.0
0006939,0002143,0000062,2024-09-21 07:12:40,30100,0,30100,0,49.7,45.2,4.5,1,13.56,5.0
0006940,0002190,0000062,2024-09-19 02:42:35,7200,0,7200,0,42.4,47.0,-4.6,0,5.95,5.0
0006941,0002147,0000012,2024-09-17 21:05:33,71600,0,71600,0,22.0,23.2,-1.2,0,12.25,5.0
0006942,0002089,0000097,2024-09-21 14:26:07,47900,2000,45900,1,40.9,44.2,-3.3,0,2.55,5.0
0006943,0002130,0000049,2024-09-01 04:13:16,25000,0,25000,0,25.9,30.1,-4.2,0,5.65,4.0
0006944,0002168,0000081,2024-09-14 07:18:55,51300,0,51300,0,27.7,28.2,-0.5,0,7.82,5.0
0006945,0002273,0000018,2024-09-16 17:59:07,22700,1000,21700,1,39.4,40.0,-0.6,0,5.61,5.0
0006946,0002243,0000073,2024-09-27 18:31:57,62300,5000,57300,1,25.4,14.0,11.4,1,8.67,5.0
0006947,0002237,0000045,2024-09-10 16:01:40,9800,500,9300,1,39.8,48.4,-8.6,0,3.96,5.0
0006948,0002225,0000004,2024-09-08 20:19:04,11800,500,11300,1,33.6,30.0,3.6,1,4.2,4.0
0006949,0002241,0000037,2024-09-08 01:59:13,62200,5000,57200,1,46.8,55.5,-8.7,0,3.35,5.0
0006950,0002229,0000011,2024-09-21 20:20:07,47400,2000,45400,1,49.7,41.9,7.8,1,2.06,4.0
0006951,0002246,0000049,2024-09-09 04:42:36,39500,1000,38500,1,36.6,21.6,15.0,1,11.12,5.0
0006952,0002284,0000089,2024-09-20 04:27:03,91800,5000,86800,1,36.3,38.8,-2.5,0,10.33,5.0
0006953,0002249,0000018,2024-09-29 20:51:57,99100,5000,94100,1,45.5,50.4,-4.9,0,7.93,5.0
0006954,0002305,0000005,2024-09-27 11:53:05,19700,500,19200,1,30.9,28.7,2.2,1,6.25,5.0
0006955,0002236,0000069,2024-09-06 20:27:40,63600,5000,58600,1,31.3,17.5,13.8,1,1.56,1.0
0006956,0002232,0000016,2024-09-27 08:58:14,53700,2000,51700,1,21.2,10.9,10.3,1,8.96,5.0
0006957,0002227,0000085,2024-09-12 11:58:11,47700,2000,45700,1,44.9,42.9,2.0,1,6.99,5.0
0006958,0002285,0000027,2024-09-27 00:49:06,82900,5000,77900,1,20.2,23.0,-2.8,0,13.45,5.0
0006959,0002274,0000061,2024-09-21 01:59:18,62000,5000,57000,1,44.1,36.5,7.6,1,10.4,5.0
0006960,0002224,0000015,2024-09-20 01:57:25,11800,500,11300,1,31.9,40.1,-8.2,0,4.66,5.0
0006961,0002242,0000090,2024-09-07 18:52:29,98600,5000,93600,1,25.6,27.0,-1.4,0,4.28,5.0
0006962,0002316,0000051,2024-09-28 13:13:05,31600,1000,30600,1,44.2,50.9,-6.7,0,3.23,5.0
0006963,0002281,0000024,2024-09-16 01:06:10,98100,5000,93100,1,24.3,25.4,-1.1,0,7.21,5.0
0006964,0002304,0000089,2024-09-29 01:59:38,99500,5000,94500,1,42.6,32.5,10.1,1,7.88,5.0
0006965,0002300,0000100,2024-09-27 03:57:52,82900,5000,77900,1,28.5,36.4,-7.9,0,7.46,4.0
0006966,0002277,0000018,2024-09-18 14:12:17,89500,5000,84500,1,33.4,37.3,-3.9,0,1.33,5.0
0006967,0002317,0000081,2024-09-30 23:36:02,72400,5000,67400,1,43.1,31.0,12.1,1,14.33,5.0
0006968,0002321,0000053,2024-09-30 16:58:07,33300,1000,32300,1,44.3,44.8,-0.5,0,2.75,5.0
0006969,0002272,0000093,2024-09-23 02:08:57,55300,2000,53300,1,23.0,13.2,9.8,1,14.41,5.0
0006970,0002293,0000031,2024-09-21 10:28:26,21600,1000,20600,1,25.6,28.0,-2.4,0,14.71,5.0
0006971,0002266,0000060,2024-09-15 01:50:12,17500,500,17000,1,20.2,22.3,-2.1,0,3.4,5.0
0006972,0002220,0000026,2024-09-18 12:33:43,21400,1000,20400,1,38.3,27.8,10.5,1,12.32,5.0
0006973,0002230,0000074,2024-09-08 19:53:31,99200,5000,94200,1,24.0,10.3,13.7,1,1.13,5.0
0006974,0002298,0000044,2024-09-23 23:38:55,43400,2000,41400,1,48.1,41.8,6.3,1,2.74,5.0
0006975,0002313,0000081,2024-09-29 03:44:30,69200,5000,64200,1,46.8,37.6,9.2,1,6.85,5.0
0006976,0002251,0000046,2024-09-26 18:06:34,27900,1000,26900,1,23.9,10.1,13.8,1,3.05,5.0
0006977,0002265,0000081,2024-09-18 03:04:46,34700,1000,33700,1,35.6,33.0,2.6,1,14.76,1.0
0006978,0002262,0000045,2024-09-16 13:34:43,47100,2000,45100,1,26.8,15.1,11.7,1,0.76,5.0
0006979,0002253,0000094,2024-09-23 03:33:01,60600,5000,55600,1,45.9,51.6,-5.7,0,6.65,5.0
0006980,0002290,0000024,2024-09-25 22:34:33,77700,5000,72700,1,36.0,31.2,4.8,1,2.48,5.0
0006981,0002223,0000039,2024-09-17 05:41:27,57400,2000,55400,1,39.2,26.4,12.8,1,3.8,5.0
0006982,0002311,0000078,2024-09-26 04:43:25,84300,5000,79300,1,45.1,36.0,9.1,1,7.4,3.0
0006983,0002288,0000079,2024-09-22 01:57:33,64500,5000,59500,1,26.4,24.1,2.3,1,2.02,5.0
0006984,0002324,0000091,2024-09-30 05:34:50,91100,5000,86100,1,31.3,39.5,-8.2,0,9.46,3.0
0006985,0002278,0000028,2024-09-24 09:30:31,15900,500,15400,1,37.2,25.8,11.4,1,3.83,5.0
0006986,0002306,0000010,2024-09-27 17:00:33,16100,500,15600,1,30.9,32.2,-1.3,0,6.6,5.0
0006987,0002297,0000065,2024-09-28 17:26:32,36200,1000,35200,1,20.4,15.3,5.1,1,12.65,5.0
0006988,0002318,0000090,2024-09-30 16:12:32,29400,1000,28400,1,21.9,7.2,14.7,1,12.31,5.0
0006989,0002250,0000013,2024-09-22 10:22:33,84600,5000,79600,1,34.9,35.0,-0.1,0,7.45,5.0
0006990,0002315,0000007,2024-09-30 03:09:34,24800,1000,23800,1,23.7,32.2,-8.5,0,5.64,5.0
0006991,0002239,0000048,2024-09-29 12:32:44,27800,1000,26800,1,20.0,22.5,-2.5,0,7.96,5.0
0006992,0002286,0000008,2024-09-21 09:53:56,62600,5000,57600,1,21.7,12.2,9.5,1,9.0,5.0
0006993,0002280,0000091,2024-09-30 15:08:05,41600,2000,39600,1,32.2,25.0,7.2,1,1.35,5.0
0006994,0002276,0000097,2024-09-24 23:22:36,19600,500,19100,1,28.7,32.1,-3.4,0,3.18,5.0
0006995,0002271,0000086,2024-09-22 12:32:43,34600,1000,33600,1,41.5,39.1,2.4,1,3.57,5.0
0006996,0002221,0000064,2024-09-19 20:11:40,57800,2000,55800,1,23.9,16.3,7.6,1,3.38,5.0
0006997,0002310,0000069,2024-09-24 20:07:35,94000,5000,89000,1,32.7,25.4,7.3,1,5.65,5.0
0006998,0002233,0000052,2024-09-12 07:57:33,25500,1000,24500,1,49.9,43.7,6.2,1,13.11,4.0
0006999,0002263,0000040,2024-09-23 00:33:54,34600,1000,33600,1,44.7,48.7,-4.0,0,2.59,5.0
0007000,0002291,0000073,2024-09-20 19:59:27,92100,5000,87100,1,39.1,30.0,9.1,1,3.6,5.0
0007001,0002269,0000003,2024-09-24 04:17:51,35800,1000,34800,1,48.3,55.6,-7.3,0,3.35,5.0
0007002,0002275,0000040,2024-09-21 18:33:06,91200,5000,86200,1,28.9,23.4,5.5,1,9.95,5.0
0007003,0002302,0000054,2024-09-21 12:05:15,52700,2000,50700,1,42.8,52.1,-9.3,0,3.82,5.0
0007004,0002245,0000072,2024-09-28 14:32:58,16000,500,15500,1,39.3,26.9,12.4,1,3.29,5.0
0007005,0002283,0000016,2024-09-24 20:20:18,61500,5000,56500,1,20.4,28.7,-8.3,0,3.57,5.0
0007006,0002267,0000071,2024-09-22 12:16:26,54900,2000,52900,1,26.9,15.5,11.4,1,5.23,5.0
0007007,0002294,0000080,2024-09-29 03:53:31,16900,500,16400,1,39.0,48.3,-9.3,0,14.76,5.0
0007008,0002296,0000058,2024-09-21 23:30:37,70300,5000,65300,1,48.4,39.7,8.7,1,2.17,5.0
0007009,0002287,0000053,2024-09-23 12:24:48,43100,2000,41100,1,34.6,26.1,8.5,1,11.37,5.0
0007010,0002309,0000014,2024-09-24 06:49:37,16400,500,15900,1,43.2,38.4,4.8,1,8.01,1.0
0007011,0002323,0000003,2024-09-30 05:54:43,37400,1000,36400,1,26.2,32.6,-6.4,0,2.31,5.0
0007012,0002322,0000034,2024-09-30 08:25:25,91100,5000,86100,1,47.5,37.1,10.4,1,9.59,5.0
0007013,0002303,0000030,2024-09-24 21:09:09,57500,2000,55500,1,33.0,23.1,9.9,1,12.09,5.0
0007014,0002226,0000054,2024-09-03 02:18:01,97700,5000,92700,1,48.8,39.8,9.0,1,1.98,5.0
0007015,0002292,0000013,2024-09-20 13:42:18,22400,1000,21400,1,41.8,35.8,6.0,1,0.88,5.0
0007016,0002222,0000067,2024-09-10 06:29:54,51200,2000,49200,1,35.1,28.9,6.2,1,5.29,5.0
0007017,0002260,0000049,2024-09-13 17:44:01,18000,500,17500,1,29.9,33.0,-3.1,0,5.42,5.0
0007018,0002256,0000012,2024-09-15 22:03:04,35100,1000,34100,1,23.2,28.8,-5.6,0,2.96,5.0
0007019,0002308,0000031,2024-09-30 15:50:17,46600,2000,44600,1,48.8,37.4,11.4,1,2.88,5.0
0007020,0002235,0000077,2024-09-20 10:38:18,99100,5000,94100,1,26.9,36.2,-9.3,0,7.51,5.0
0007021,0002254,0000080,2024-09-21 13:42:12,53700,2000,51700,1,46.7,41.9,4.8,1,11.21,5.0
0007022,0002268,0000068,2024-09-23 21:55:26,27000,1000,26000,1,38.5,41.0,-2.5,0,12.03,5.0
0007023,0002279,0000016,2024-09-30 12:10:23,48700,2000,46700,1,46.3,49.6,-3.3,0,14.41,5.0
0007024,0002248,0000030,2024-09-07 05:49:02,63400,5000,58400,1,46.0,47.0,-1.0,0,4.07,5.0
0007025,0002252,0000001,2024-09-10 00:07:08,79200,5000,74200,1,36.4,31.7,4.7,1,8.26,5.0
0007026,0002312,0000055,2024-09-28 23:05:08,65700,5000,60700,1,49.7,40.8,8.9,1,12.82,5.0
0007027,0002258,0000071,2024-09-30 03:45:08,24900,1000,23900,1,48.7,40.5,8.2,1,9.3,5.0
0007028,0002240,0000035,2024-09-09 00:32:28,28000,1000,27000,1,32.6,35.6,-3.0,0,0.6,5.0
0007029,0002279,0000017,2024-10-19 22:42:26,87900,0,87900,0,32.8,34.7,-1.9,0,12.94,5.0
0007030,0002227,0000082,2024-10-01 19:10:12,36500,0,36500,0,42.6,46.9,-4.3,0,9.86,5.0
0007031,0002253,0000045,2024-10-20 23:42:13,61400,0,61400,0,37.9,39.7,-1.8,0,9.7,3.0
0007032,0002315,0000056,2024-10-18 18:18:30,64800,0,64800,0,38.6,38.4,0.2,1,13.86,5.0
0007033,0002285,0000009,2024-10-27 08:09:38,16000,0,16000,0,37.6,42.0,-4.4,0,10.79,3.0
0007034,0002250,0000007,2024-10-16 15:40:02,38700,0,38700,0,33.1,29.200000000000003,3.9,1,14.47,5.0
0007035,0002266,0000013,2024-10-22 07:33:31,58000,0,58000,0,36.7,39.7,-3.0,0,1.56,5.0
0007036,0002320,0000068,2024-10-07 12:36:56,24000,1000,23000,1,45.5,54.4,-8.9,0,7.94,5.0
0007037,0002255,0000069,2024-10-30 13:27:18,69000,0,69000,0,39.2,43.6,-4.4,0,14.9,5.0
0007038,0002321,0000070,2024-10-21 18:01:22,36800,0,36800,0,28.8,25.2,3.6,1,14.83,5.0
0007039,0002260,0000081,2024-10-30 16:46:15,64400,0,64400,0,29.6,25.3,4.3,1,0.5,5.0
0007040,0002281,0000049,2024-10-12 07:06:15,22700,0,22700,0,23.5,23.3,0.2,1,1.38,5.0
0007041,0002284,0000056,2024-10-09 19:32:24,92900,0,92900,0,24.4,27.9,-3.5,0,1.62,5.0
0007042,0002302,0000058,2024-10-12 20:55:20,18700,0,18700,0,23.3,20.2,3.1,1,13.84,5.0
0007043,0002278,0000063,2024-10-13 21:34:49,88500,0,88500,0,21.9,18.2,3.7,1,14.0,5.0
0007044,0002277,0000066,2024-10-24 17:56:41,20800,0,20800,0,39.3,37.7,1.6,1,14.29,5.0
0007045,0002235,0000077,2024-10-22 17:30:36,19400,0,19400,0,27.3,30.2,-2.9,0,11.67,5.0
0007046,0002248,0000037,2024-10-27 20:25:32,93100,0,93100,0,46.6,43.1,3.5,1,13.02,4.0
0007047,0002309,0000074,2024-10-23 13:13:57,67100,0,67100,0,37.0,39.2,-2.2,0,1.79,5.0
0007048,0002258,0000061,2024-10-27 19:59:01,60900,0,60900,0,34.0,37.0,-3.0,0,13.72,5.0
0007049,0002282,0000076,2024-10-02 03:53:38,58900,2000,56900,1,35.8,40.0,-4.2,0,0.57,1.0
0007050,0002237,0000006,2024-10-06 17:02:37,9800,0,9800,0,24.6,21.1,3.5,1,7.38,5.0
0007051,0002316,0000049,2024-10-04 20:19:24,32100,0,32100,0,39.5,35.8,3.7,1,4.93,5.0
0007052,0002270,0000070,2024-10-04 14:00:59,81300,5000,76300,1,41.2,50.7,-9.5,0,14.28,5.0
0007053,0002241,0000014,2024-10-27 22:49:23,83300,0,83300,0,48.2,50.900000000000006,-2.7,0,2.97,5.0
0007054,0002283,0000050,2024-10-09 12:48:23,36400,0,36400,0,44.9,48.9,-4.0,0,10.08,5.0
0007055,0002224,0000071,2024-10-31 09:55:10,36400,0,36400,0,24.5,20.8,3.7,1,9.35,4.0
0007056,0002311,0000079,2024-10-22 17:18:00,74900,0,74900,0,48.5,52.1,-3.6,0,0.69,5.0
0007057,0002301,0000041,2024-10-21 14:01:59,25000,1000,24000,1,24.7,29.4,-4.7,0,1.71,5.0
0007058,0002249,0000058,2024-10-25 15:03:49,44900,0,44900,0,37.6,33.5,4.1,1,6.26,5.0
0007059,0002300,0000035,2024-10-23 04:12:01,9300,0,9300,0,25.6,25.6,0.0,0,1.55,5.0
0007060,0002238,0000047,2024-10-20 14:17:22,34700,0,34700,0,34.4,39.2,-4.8,0,10.2,5.0
0007061,0002276,0000099,2024-10-08 17:06:29,93900,0,93900,0,36.5,31.5,5.0,1,8.87,1.0
0007062,0002307,0000016,2024-10-28 01:11:54,45800,2000,43800,1,35.4,40.1,-4.7,0,11.08,5.0
0007063,0002244,0000002,2024-10-11 09:31:42,96700,5000,91700,1,36.6,37.0,-0.4,0,4.53,5.0
0007064,0002319,0000059,2024-10-02 14:53:14,90200,5000,85200,1,21.6,29.6,-8.0,0,8.7,4.0
0007065,0002240,0000047,2024-10-30 02:46:24,9400,0,9400,0,25.0,21.7,3.3,1,7.12,5.0
0007066,0002323,0000087,2024-10-09 19:13:48,88600,0,88600,0,26.4,24.3,2.1,1,2.43,5.0
0007067,0002293,0000039,2024-10-07 04:48:21,37800,0,37800,0,38.6,41.8,-3.2,0,10.21,5.0
0007068,0002273,0000002,2024-10-23 03:31:53,61700,0,61700,0,48.5,44.7,3.8,1,7.35,5.0
0007069,0002239,0000061,2024-10-22 02:24:43,89700,0,89700,0,49.3,48.8,0.5,1,9.11,5.0
0007070,0002256,0000077,2024-10-17 23:28:28,11700,0,11700,0,41.6,37.4,4.2,1,14.63,4.0
0007071,0002242,0000024,2024-10-13 02:40:46,35600,0,35600,0,25.1,22.3,2.8,1,4.12,5.0
0007072,0002263,0000016,2024-10-10 08:01:48,14600,0,14600,0,34.3,30.9,3.4,1,1.54,5.0
0007073,0002231,0000020,2024-10-05 03:48:02,88000,5000,83000,1,22.7,25.9,-3.2,0,1.99,5.0
0007074,0002387,0000095,2024-10-27 05:08:50,51900,2000,49900,1,48.7,43.2,5.5,1,14.51,5.0
0007075,0002326,0000024,2024-10-30 09:35:31,57300,2000,55300,1,24.2,11.5,12.7,1,14.53,5.0
0007076,0002328,0000097,2024-10-06 22:06:39,57900,2000,55900,1,35.4,40.6,-5.2,0,4.11,3.0
0007077,0002342,0000038,2024-10-05 20:12:49,78000,5000,73000,1,44.9,39.7,5.2,1,12.24,5.0
0007078,0002375,0000089,2024-10-14 10:26:44,31400,1000,30400,1,44.4,45.4,-1.0,0,4.79,5.0
0007079,0002339,0000057,2024-10-28 19:28:23,10700,500,10200,1,30.3,39.1,-8.8,0,8.05,5.0
0007080,0002338,0000022,2024-10-31 15:02:26,43000,2000,41000,1,29.2,37.4,-8.2,0,5.83,5.0
0007081,0002456,0000061,2024-10-25 10:34:16,15500,500,15000,1,47.0,49.6,-2.6,0,3.63,5.0
0007082,0002380,0000034,2024-10-28 12:54:03,71500,5000,66500,1,22.9,10.1,12.8,1,10.83,5.0
0007083,0002463,0000048,2024-10-31 15:00:39,88800,5000,83800,1,48.8,35.3,13.5,1,5.88,5.0
0007084,0002417,0000062,2024-10-26 19:08:51,72800,5000,67800,1,49.6,35.5,14.1,1,6.39,5.0
0007085,0002439,0000008,2024-10-26 07:48:32,7300,500,6800,1,39.9,26.8,13.1,1,1.69,5.0
0007086,0002391,0000038,2024-10-31 02:30:51,59700,2000,57700,1,33.4,35.8,-2.4,0,8.64,5.0
0007087,0002432,0000093,2024-10-22 17:32:31,69900,5000,64900,1,41.3,38.2,3.1,1,11.91,5.0
0007088,0002480,0000066,2024-10-31 10:48:59,97400,5000,92400,1,25.1,10.6,14.5,1,1.04,5.0
0007089,0002363,0000077,2024-10-12 23:15:09,92800,5000,87800,1,22.2,29.0,-6.8,0,2.6,5.0
0007090,0002371,0000018,2024-10-11 17:27:32,58500,2000,56500,1,20.8,23.9,-3.1,0,3.29,4.0
0007091,0002415,0000042,2024-10-16 13:41:00,15400,500,14900,1,49.3,36.6,12.7,1,1.23,5.0
0007092,0002329,0000051,2024-10-10 00:37:54,51600,2000,49600,1,35.9,26.2,9.7,1,13.73,5.0
0007093,0002413,0000070,2024-10-16 11:10:22,82000,5000,77000,1,47.1,49.7,-2.6,0,3.3,5.0
0007094,0002406,0000074,2024-10-27 13:46:04,35900,1000,34900,1,47.8,36.7,11.1,1,12.29,5.0
0007095,0002468,0000015,2024-10-26 11:01:25,61700,5000,56700,1,49.7,35.2,14.5,1,13.21,5.0
0007096,0002365,0000089,2024-10-22 21:08:14,76300,5000,71300,1,46.1,53.4,-7.3,0,12.63,3.0
0007097,0002436,0000014,2024-10-27 19:36:39,13600,500,13100,1,21.7,23.8,-2.1,0,0.92,5.0
0007098,0002372,0000007,2024-10-26 03:26:02,48700,2000,46700,1,38.1,27.2,10.9,1,2.52,5.0
0007099,0002465,0000080,2024-10-25 06:31:04,86500,5000,81500,1,45.2,35.8,9.4,1,1.39,5.0
0007100,0002366,0000042,2024-10-23 19:29:11,99600,5000,94600,1,47.4,52.2,-4.8,0,2.01,5.0
0007101,0002428,0000080,2024-10-21 12:08:20,84900,5000,79900,1,25.9,33.1,-7.2,0,0.59,5.0
0007102,0002447,0000039,2024-10-27 08:32:42,26100,1000,25100,1,32.3,21.5,10.8,1,9.6,3.0
0007103,0002392,0000058,2024-10-21 02:53:12,39100,1000,38100,1,29.8,37.4,-7.6,0,7.56,5.0
0007104,0002487,0000010,2024-10-31 12:00:08,57700,2000,55700,1,43.6,34.8,8.8,1,10.31,5.0
0007105,0002333,0000053,2024-10-04 17:28:08,61000,5000,56000,1,49.1,37.7,11.4,1,5.77,5.0
0007106,0002402,0000089,2024-10-16 02:45:09,85100,5000,80100,1,38.2,34.7,3.5,1,6.81,4.0
0007107,0002420,0000017,2024-10-23 21:08:31,67600,5000,62600,1,29.7,16.3,13.4,1,2.34,5.0
0007108,0002352,0000044,2024-10-29 13:14:13,66000,5000,61000,1,49.1,36.2,12.9,1,2.21,5.0
0007109,0002474,0000005,2024-10-30 10:33:10,57700,2000,55700,1,27.1,19.5,7.6,1,2.6,5.0
0007110,0002358,0000076,2024-10-08 21:56:36,71500,5000,66500,1,20.1,23.4,-3.3,0,11.92,5.0
0007111,0002441,0000061,2024-10-25 10:23:27,30300,1000,29300,1,44.7,37.9,6.8,1,1.24,5.0
0007112,0002359,0000074,2024-10-22 14:02:43,32000,1000,31000,1,45.4,41.3,4.1,1,3.19,5.0
0007113,0002353,0000004,2024-10-13 18:42:03,48200,2000,46200,1,33.2,29.7,3.5,1,6.9,4.0
0007114,0002481,0000053,2024-10-30 11:21:39,11400,500,10900,1,36.1,27.3,8.8,1,14.26,5.0
0007115,0002409,0000005,2024-10-25 06:16:40,46700,2000,44700,1,36.6,29.0,7.6,1,13.98,5.0
0007116,0002335,0000036,2024-10-21 09:21:51,19800,500,19300,1,32.2,40.1,-7.9,0,10.11,5.0
0007117,0002343,0000027,2024-10-16 14:33:05,15000,500,14500,1,35.9,39.3,-3.4,0,10.04,5.0
0007118,0002444,0000001,2024-10-24 03:57:56,22600,1000,21600,1,32.3,36.5,-4.2,0,11.0,5.0
0007119,0002454,0000091,2024-10-28 02:48:32,85200,5000,80200,1,40.0,48.0,-8.0,0,8.94,5.0
0007120,0002412,0000003,2024-10-19 04:06:32,94400,5000,89400,1,24.8,13.9,10.9,1,6.7,5.0
0007121,0002486,0000014,2024-10-31 22:30:38,14000,500,13500,1,34.4,38.0,-3.6,0,10.5,4.0
0007122,0002368,0000093,2024-10-11 12:16:03,31400,1000,30400,1,20.1,21.2,-1.1,0,4.08,5.0
0007123,0002404,0000039,2024-10-27 14:04:55,24000,1000,23000,1,27.7,32.2,-4.5,0,0.89,1.0
0007124,0002355,0000095,2024-10-31 08:41:37,38200,1000,37200,1,33.7,36.7,-3.0,0,2.28,5.0
0007125,0002421,0000003,2024-10-28 02:46:33,77200,5000,72200,1,33.6,25.9,7.7,1,1.11,4.0
0007126,0002458,0000026,2024-10-27 23:47:44,74700,5000,69700,1,40.2,26.0,14.2,1,5.15,5.0
0007127,0002451,0000061,2024-10-23 14:20:56,75100,5000,70100,1,30.9,24.7,6.2,1,14.32,4.0
0007128,0002350,0000007,2024-10-30 03:13:15,60800,5000,55800,1,39.7,28.6,11.1,1,2.74,5.0
0007129,0002449,0000056,2024-10-25 03:39:19,53500,2000,51500,1,47.8,35.9,11.9,1,1.34,5.0
0007130,0002482,0000040,2024-10-31 21:30:51,87700,5000,82700,1,40.9,28.7,12.2,1,0.73,5.0
0007131,0002470,0000079,2024-10-31 07:32:07,19500,500,19000,1,42.7,48.1,-5.4,0,10.78,5.0
0007132,0002403,0000038,2024-10-15 22:17:03,95400,5000,90400,1,29.6,24.2,5.4,1,8.82,5.0
0007133,0002477,0000077,2024-10-28 05:15:40,26700,1000,25700,1,29.8,19.5,10.3,1,12.05,5.0
0007134,0002408,0000002,2024-10-31 05:54:30,72000,5000,67000,1,47.4,50.1,-2.7,0,3.0,1.0
0007135,0002411,0000013,2024-10-15 23:30:22,35000,1000,34000,1,21.4,14.0,7.4,1,2.24,5.0
0007136,0002425,0000092,2024-10-29 19:14:08,77900,5000,72900,1,27.1,34.7,-7.6,0,10.67,5.0
0007137,0002483,0000019,2024-10-31 19:26:37,68900,5000,63900,1,29.3,21.5,7.8,1,4.51,4.0
0007138,0002399,0000010,2024-10-16 04:36:23,35300,1000,34300,1,25.4,27.3,-1.9,0,1.68,4.0
0007139,0002484,0000045,2024-10-31 06:27:51,19200,500,18700,1,26.0,23.6,2.4,1,11.92,5.0
0007140,0002341,0000070,2024-10-22 23:43:30,30600,1000,29600,1,48.0,35.3,12.7,1,1.22,5.0
0007141,0002351,0000066,2024-10-29 18:23:44,83300,5000,78300,1,35.5,27.5,8.0,1,7.99,5.0
0007142,0002379,0000022,2024-10-15 17:56:37,80500,5000,75500,1,43.8,46.6,-2.8,0,10.6,5.0
0007143,0002464,0000043,2024-10-28 19:06:52,62200,5000,57200,1,32.0,40.3,-8.3,0,7.07,5.0
0007144,0002442,0000053,2024-10-28 19:52:34,67900,5000,62900,1,21.3,12.8,8.5,1,8.76,4.0
0007145,0002389,0000036,2024-10-17 04:01:10,84400,5000,79400,1,44.2,50.2,-6.0,0,1.49,3.0
0007146,0002475,0000012,2024-10-29 00:50:37,87800,5000,82800,1,31.8,34.4,-2.6,0,5.87,5.0
0007147,0002388,0000025,2024-10-25 02:12:15,35900,1000,34900,1,49.1,46.5,2.6,1,5.68,5.0
0007148,0002467,0000046,2024-10-26 21:46:45,70000,5000,65000,1,25.3,26.8,-1.5,0,8.1,5.0
0007149,0002455,0000035,2024-10-28 23:03:17,57500,2000,55500,1,36.8,43.3,-6.5,0,1.78,5.0
0007150,0002472,0000083,2024-10-27 22:04:33,84000,5000,79000,1,24.9,26.0,-1.1,0,9.54,5.0
0007151,0002461,0000073,2024-10-30 14:05:56,67500,5000,62500,1,38.8,24.4,14.4,1,3.01,5.0
0007152,0002386,0000032,2024-10-15 21:56:43,91700,5000,86700,1,27.9,22.1,5.8,1,2.96,4.0
0007153,0002419,0000020,2024-10-26 06:47:53,53600,2000,51600,1,40.7,29.8,10.9,1,10.31,5.0
0007154,0002478,0000049,2024-10-28 04:56:50,80700,5000,75700,1,36.9,31.2,5.7,1,2.92,5.0
0007155,0002429,0000051,2024-10-18 07:42:18,60900,5000,55900,1,24.5,27.5,-3.0,0,2.07,5.0
0007156,0002385,0000035,2024-10-21 03:39:11,79200,5000,74200,1,41.8,42.4,-0.6,0,7.25,4.0
0007157,0002334,0000008,2024-10-11 04:38:19,38300,1000,37300,1,21.8,27.2,-5.4,0,11.79,5.0
0007158,0002354,0000052,2024-10-23 16:41:51,64500,5000,59500,1,26.9,36.8,-9.9,0,13.13,5.0
0007159,0002466,0000084,2024-10-31 09:05:07,11700,500,11200,1,27.5,16.4,11.1,1,11.61,5.0
0007160,0002373,0000021,2024-10-22 09:06:14,97400,5000,92400,1,22.8,13.1,9.7,1,8.62,5.0
0007161,0002384,0000002,2024-10-21 19:01:23,16700,500,16200,1,29.1,20.4,8.7,1,1.42,5.0
0007162,0002438,0000081,2024-10-26 17:41:06,7800,500,7300,1,27.3,12.9,14.4,1,5.46,5.0
0007163,0002369,0000080,2024-10-15 09:05:50,27600,1000,26600,1,43.2,41.0,2.2,1,14.51,5.0
0007164,0002414,0000029,2024-10-23 12:02:57,61200,5000,56200,1,34.3,42.1,-7.8,0,13.7,5.0
0007165,0002423,0000053,2024-10-24 03:06:19,81800,5000,76800,1,22.2,28.4,-6.2,0,13.08,5.0
0007166,0002377,0000021,2024-10-15 06:50:58,8200,500,7700,1,26.7,27.0,-0.3,0,5.48,5.0
0007167,0002362,0000064,2024-10-26 19:38:32,60400,5000,55400,1,44.4,52.3,-7.9,0,5.65,5.0
0007168,0002345,0000056,2024-10-07 03:55:47,42500,2000,40500,1,33.7,35.0,-1.3,0,9.45,5.0
0007169,0002431,0000031,2024-10-26 04:35:27,97200,5000,92200,1,41.7,37.4,4.3,1,12.89,5.0
0007170,0002469,0000049,2024-10-31 23:44:34,74200,5000,69200,1,22.1,19.1,3.0,1,13.05,4.0
0007171,0002331,0000014,2024-10-29 10:06:15,97200,5000,92200,1,28.5,31.8,-3.3,0,6.65,3.0
0007172,0002424,0000093,2024-10-28 20:52:56,18900,500,18400,1,39.4,26.5,12.9,1,6.23,5.0
0007173,0002476,0000084,2024-10-31 17:45:54,22400,1000,21400,1,22.2,7.5,14.7,1,12.96,5.0
0007174,0002416,0000064,2024-10-20 03:04:13,85400,5000,80400,1,41.1,26.2,14.9,1,3.36,5.0
0007175,0002479,0000074,2024-10-29 20:54:48,20600,1000,19600,1,25.2,22.6,2.6,1,7.97,5.0
0007176,0002393,0000011,2024-10-29 02:24:52,8600,500,8100,1,37.5,26.3,11.2,1,3.42,5.0
0007177,0002453,0000085,2024-10-28 18:01:47,41700,2000,39700,1,22.2,28.3,-6.1,0,10.73,5.0
0007178,0002443,0000066,2024-10-27 09:39:00,51200,2000,49200,1,24.9,29.5,-4.6,0,4.54,5.0
0007179,0002382,0000018,2024-10-13 08:03:10,9200,500,8700,1,49.9,36.9,13.0,1,3.79,5.0
0007180,0002405,0000062,2024-10-29 01:50:50,48600,2000,46600,1,38.5,30.0,8.5,1,1.83,5.0
0007181,0002437,0000050,2024-10-24 08:55:47,50500,2000,48500,1,27.6,21.5,6.1,1,6.66,5.0
0007182,0002401,0000083,2024-10-14 08:12:58,59900,2000,57900,1,46.6,41.4,5.2,1,12.21,4.0
0007183,0002327,0000009,2024-10-17 09:30:33,45000,2000,43000,1,29.0,18.8,10.2,1,1.84,3.0
0007184,0002349,0000094,2024-10-11 14:01:35,17500,500,17000,1,23.2,11.5,11.7,1,11.51,5.0
0007185,0002374,0000100,2024-10-19 18:09:45,28900,1000,27900,1,40.8,29.9,10.9,1,7.73,1.0
0007186,0002422,0000070,2024-10-19 17:54:23,66200,5000,61200,1,49.2,54.9,-5.7,0,5.74,5.0
0007187,0002396,0000050,2024-10-24 16:50:12,68600,5000,63600,1,39.2,45.2,-6.0,0,9.81,5.0
0007188,0002337,0000003,2024-10-15 21:47:45,75000,5000,70000,1,36.3,28.8,7.5,1,8.73,4.0
0007189,0002364,0000078,2024-10-21 03:54:57,43700,2000,41700,1,38.7,40.7,-2.0,0,0.91,5.0
0007190,0002390,0000092,2024-10-12 08:23:55,28000,1000,27000,1,34.3,30.3,4.0,1,7.23,5.0
0007191,0002407,0000092,2024-10-19 05:47:23,55200,2000,53200,1,27.3,18.7,8.6,1,3.26,5.0
0007192,0002398,0000085,2024-10-31 00:56:16,39300,1000,38300,1,22.1,14.8,7.3,1,5.05,5.0
0007193,0002356,0000003,2024-10-28 08:50:12,97600,5000,92600,1,27.1,33.7,-6.6,0,9.68,5.0
0007194,0002452,0000053,2024-10-22 03:30:19,55200,2000,53200,1,35.5,40.4,-4.9,0,11.4,5.0
0007195,0002430,0000030,2024-10-22 10:37:50,63900,5000,58900,1,39.8,46.8,-7.0,0,11.59,5.0
0007196,0002435,0000015,2024-10-22 18:48:39,61600,5000,56600,1,46.8,47.5,-0.7,0,2.09,5.0
0007197,0002433,0000031,2024-10-18 21:37:53,52800,2000,50800,1,47.4,33.3,14.1,1,2.4,5.0
0007198,0002489,0000100,2024-10-31 23:30:40,87300,5000,82300,1,48.5,51.2,-2.7,0,3.18,1.0
0007199,0002473,0000033,2024-10-29 06:00:49,72500,5000,67500,1,36.2,24.6,11.6,1,8.7,5.0
0007200,0002330,0000079,2024-10-13 10:35:05,13200,500,12700,1,27.8,29.4,-1.6,0,10.72,5.0
0007201,0002426,0000025,2024-10-17 12:47:50,77200,5000,72200,1,35.7,32.9,2.8,1,8.67,5.0
0007202,0002361,0000025,2024-10-20 16:36:45,39500,1000,38500,1,41.1,31.8,9.3,1,14.26,5.0
0007203,0002330,0000010,2024-11-29 02:57:13,18000,0,18000,0,27.7,32.2,-4.5,0,12.75,5.0
0007204,0002436,0000008,2024-11-21 14:50:09,10000,0,10000,0,38.2,41.3,-3.1,0,3.87,5.0
0007205,0002363,0000065,2024-11-15 21:50:36,71600,0,71600,0,49.0,53.0,-4.0,0,2.05,5.0
0007206,0002362,0000039,2024-11-29 19:08:08,18100,0,18100,0,40.8,45.8,-5.0,0,7.23,5.0
0007207,0002389,0000015,2024-11-09 04:42:22,25500,0,25500,0,36.4,33.2,3.2,1,13.5,5.0
0007208,0002472,0000097,2024-11-02 00:00:51,26200,0,26200,0,22.2,24.6,-2.4,0,10.29,5.0
0007209,0002364,0000051,2024-11-02 11:20:12,34100,0,34100,0,23.8,23.2,0.6,1,6.6,5.0
0007210,0002485,0000076,2024-11-29 15:05:57,95800,5000,90800,1,22.7,25.2,-2.5,0,11.81,5.0
0007211,0002486,0000004,2024-11-16 02:43:14,71200,0,71200,0,41.8,46.2,-4.4,0,2.32,5.0
0007212,0002453,0000047,2024-11-10 09:11:34,33000,0,33000,0,23.4,28.2,-4.8,0,3.84,5.0
0007213,0002396,0000056,2024-11-04 05:24:55,61100,0,61100,0,21.8,20.1,1.7,1,3.35,5.0
0007214,0002377,0000089,2024-11-04 16:53:32,73800,0,73800,0,45.9,43.4,2.5,1,9.41,1.0
0007215,0002358,0000052,2024-11-14 05:47:37,37000,0,37000,0,33.6,33.300000000000004,0.3,1,3.37,1.0
0007216,0002471,0000076,2024-11-16 07:37:37,94400,5000,89400,1,33.8,43.4,-9.6,0,6.1,5.0
0007217,0002366,0000086,2024-11-01 08:34:38,35000,0,35000,0,21.3,20.5,0.8,1,12.04,5.0
0007218,0002375,0000025,2024-11-26 18:32:52,49300,0,49300,0,48.4,52.3,-3.9,0,10.67,5.0
0007219,0002408,0000071,2024-11-13 12:53:53,51600,0,51600,0,41.3,39.6,1.7,1,3.43,5.0
0007220,0002339,0000082,2024-11-06 22:34:42,61200,0,61200,0,33.3,31.8,1.5,1,5.15,5.0
0007221,0002460,0000029,2024-11-18 10:57:30,88800,5000,83800,1,47.1,50.5,-3.4,0,8.46,5.0
0007222,0002451,0000077,2024-11-04 00:39:11,9600,0,9600,0,43.8,44.5,-0.7,0,4.74,5.0
0007223,0002406,0000043,2024-11-01 22:17:40,20800,0,20800,0,32.3,31.1,1.2,1,5.69,5.0
0007224,0002464,0000074,2024-11-12 00:43:10,19500,0,19500,0,31.9,28.6,3.3,1,0.63,5.0
0007225,0002370,0000062,2024-11-29 12:59:43,60800,5000,55800,1,37.7,38.6,-0.9,0,11.55,5.0
0007226,0002444,0000087,2024-11-28 07:07:43,19900,0,19900,0,20.0,24.7,-4.7,0,7.57,5.0
0007227,0002440,0000059,2024-11-13 23:26:58,88800,5000,83800,1,36.9,31.4,5.5,1,5.36,5.0
0007228,0002430,0000051,2024-11-06 19:10:40,32600,0,32600,0,40.5,42.3,-1.8,0,3.25,5.0
0007229,0002414,0000019,2024-11-19 04:17:10,84800,0,84800,0,40.0,37.9,2.1,1,11.82,5.0
0007230,0002336,0000029,2024-11-15 15:11:13,57800,2000,55800,1,20.0,20.6,-0.6,0,4.19,5.0
0007231,0002385,0000048,2024-11-10 11:52:14,82400,0,82400,0,22.1,23.700000000000003,-1.6,0,5.18,5.0
0007232,0002423,0000041,2024-11-16 12:51:08,68000,0,68000,0,42.1,44.0,-1.9,0,14.5,5.0
0007233,0002346,0000030,2024-11-03 13:00:31,22300,1000,21300,1,21.1,28.8,-7.7,0,13.82,5.0
0007234,0002470,0000007,2024-11-22 11:32:43,96800,0,96800,0,48.9,44.8,4.1,1,4.62,5.0
0007235,0002404,0000068,2024-11-03 14:07:01,30700,0,30700,0,37.2,36.6,0.6,1,1.74,5.0
0007236,0002489,0000004,2024-11-15 19:25:30,95600,0,95600,0,38.0,35.0,3.0,1,6.11,5.0
0007237,0002355,0000009,2024-11-25 14:15:01,78100,0,78100,0,43.3,46.3,-3.0,0,3.71,3.0
0007238,0002397,0000053,2024-11-10 08:19:38,34000,1000,33000,1,43.4,47.4,-4.0,0,4.47,1.0
0007239,0002344,0000049,2024-11-14 05:14:18,74800,5000,69800,1,31.8,37.4,-5.6,0,8.06,5.0
0007240,0002368,0000020,2024-11-25 05:18:26,70500,0,70500,0,29.2,26.5,2.7,1,13.65,5.0
0007241,0002378,0000004,2024-11-16 00:53:43,8400,500,7900,1,35.8,36.1,-0.3,0,5.31,5.0
0007242,0002399,0000042,2024-11-07 23:15:24,8700,0,8700,0,31.1,28.6,2.5,1,8.06,5.0
0007243,0002328,0000067,2024-11-01 16:07:56,86100,0,86100,0,47.2,51.5,-4.3,0,14.22,5.0
0007244,0002428,0000083,2024-11-30 20:47:00,12400,0,12400,0,41.9,41.8,0.1,1,2.1,5.0
0007245,0002421,0000065,2024-11-07 12:09:51,42500,0,42500,0,23.2,24.1,-0.9,0,8.91,4.0
0007246,0002395,0000050,2024-11-04 07:42:36,96300,5000,91300,1,27.4,34.6,-7.2,0,8.87,5.0
0007247,0002392,0000097,2024-11-19 23:44:23,28400,0,28400,0,36.3,37.1,-0.8,0,5.17,5.0
0007248,0002452,0000058,2024-11-21 02:53:56,41700,0,41700,0,43.0,47.5,-4.5,0,2.78,5.0
0007249,0002367,0000010,2024-11-24 14:36:22,59300,0,59300,0,43.3,38.6,4.7,1,2.93,5.0
0007250,0002338,0000035,2024-11-30 15:28:20,62400,0,62400,0,47.0,47.2,-0.2,0,8.85,5.0
0007251,0002391,0000071,2024-11-25 16:37:31,51000,0,51000,0,41.9,39.2,2.7,1,9.47,5.0
0007252,0002425,0000075,2024-11-15 17:21:34,48200,0,48200,0,31.1,29.9,1.2,1,6.08,5.0
0007253,0002331,0000031,2024-11-10 18:15:29,78200,0,78200,0,34.2,29.200000000000003,5.0,1,11.18,5.0
0007254,0002354,0000048,2024-11-18 18:38:54,41300,0,41300,0,34.0,37.6,-3.6,0,1.33,4.0
0007255,0002379,0000020,2024-11-06 21:00:47,18300,0,18300,0,25.1,22.200000000000003,2.9,1,1.14,3.0
0007256,0002503,0000092,2024-11-26 02:42:21,16800,500,16300,1,27.4,37.0,-9.6,0,11.4,5.0
0007257,0002502,0000008,2024-11-20 03:15:56,78300,5000,73300,1,40.0,41.7,-1.7,0,9.86,5.0
0007258,0002575,0000060,2024-11-26 20:31:45,71600,5000,66600,1,48.9,51.0,-2.1,0,5.58,5.0
0007259,0002598,0000011,2024-11-29 04:03:06,77500,5000,72500,1,45.0,54.2,-9.2,0,9.36,5.0
0007260,0002565,0000045,2024-11-23 10:09:26,55900,2000,53900,1,34.5,24.0,10.5,1,5.34,5.0
0007261,0002494,0000085,2024-11-08 13:54:17,53900,2000,51900,1,33.8,37.7,-3.9,0,11.74,5.0
0007262,0002524,0000064,2024-11-08 19:36:01,47700,2000,45700,1,21.7,18.6,3.1,1,6.67,5.0
0007263,0002554,0000017,2024-11-13 05:00:04,40700,2000,38700,1,32.2,39.6,-7.4,0,8.65,5.0
0007264,0002501,0000064,2024-11-26 12:09:16,83000,5000,78000,1,35.5,30.5,5.0,1,11.32,5.0
0007265,0002584,0000065,2024-11-20 09:10:09,90800,5000,85800,1,45.0,50.6,-5.6,0,9.04,5.0
0007266,0002508,0000044,2024-11-04 03:21:08,26900,1000,25900,1,39.0,39.1,-0.1,0,14.89,5.0
0007267,0002517,0000067,2024-11-13 04:38:41,24600,1000,23600,1,37.7,38.7,-1.0,0,3.31,5.0
0007268,0002544,0000091,2024-11-19 03:15:57,31700,1000,30700,1,41.6,50.4,-8.8,0,6.93,5.0
0007269,0002515,0000016,2024-11-24 10:54:16,68300,5000,63300,1,31.8,22.6,9.2,1,7.89,5.0
0007270,0002537,0000004,2024-11-24 07:47:02,39500,1000,38500,1,39.6,43.7,-4.1,0,14.35,5.0
0007271,0002635,0000095,2024-11-30 15:18:32,76400,5000,71400,1,24.8,30.0,-5.2,0,12.73,5.0
0007272,0002581,0000089,2024-11-21 07:28:28,45400,2000,43400,1,39.2,49.2,-10.0,0,8.72,3.0
0007273,0002562,0000081,2024-11-29 10:18:04,27300,1000,26300,1,36.2,45.5,-9.3,0,0.91,5.0
0007274,0002613,0000088,2024-11-29 03:39:56,13200,500,12700,1,31.7,17.7,14.0,1,6.29,5.0
0007275,0002528,0000043,2024-11-24 10:14:44,31000,1000,30000,1,47.5,50.3,-2.8,0,5.19,5.0
0007276,0002570,0000075,2024-11-20 15:13:19,46500,2000,44500,1,40.4,28.2,12.2,1,1.72,5.0
0007277,0002577,0000043,2024-11-23 09:40:45,16800,500,16300,1,20.8,27.7,-6.9,0,1.58,5.0
0007278,0002542,0000016,2024-11-15 08:10:10,12800,500,12300,1,28.7,38.3,-9.6,0,10.63,5.0
0007279,0002512,0000060,2024-11-27 18:18:28,93500,5000,88500,1,41.9,28.0,13.9,1,9.69,5.0
0007280,0002504,0000003,2024-11-17 00:34:38,32100,1000,31100,1,46.3,47.0,-0.7,0,7.92,5.0
0007281,0002546,0000081,2024-11-24 19:43:32,27500,1000,26500,1,21.2,11.7,9.5,1,3.28,5.0
0007282,0002514,0000017,2024-11-19 19:36:56,67900,5000,62900,1,49.0,52.2,-3.2,0,5.25,5.0
0007283,0002614,0000048,2024-11-30 19:04:23,70400,5000,65400,1,35.0,38.1,-3.1,0,3.74,5.0
0007284,0002631,0000010,2024-11-30 02:26:22,41600,2000,39600,1,44.4,47.6,-3.2,0,14.21,5.0
0007285,0002629,0000092,2024-11-29 04:08:18,61300,5000,56300,1,22.6,8.2,14.4,1,10.85,5.0
0007286,0002553,0000031,2024-11-13 03:19:23,64400,5000,59400,1,28.9,35.8,-6.9,0,1.63,5.0
0007287,0002536,0000023,2024-11-25 13:24:15,40500,2000,38500,1,25.5,16.0,9.5,1,4.19,4.0
0007288,0002621,0000060,2024-11-30 22:51:38,29900,1000,28900,1,28.1,34.6,-6.5,0,13.65,5.0
0007289,0002547,0000001,2024-11-11 02:18:11,33700,1000,32700,1,42.3,49.3,-7.0,0,1.95,4.0
0007290,0002624,0000069,2024-11-29 21:42:27,84100,5000,79100,1,47.3,50.0,-2.7,0,13.18,5.0
0007291,0002609,0000060,2024-11-30 22:28:44,95000,5000,90000,1,32.7,20.9,11.8,1,4.42,5.0
0007292,0002620,0000062,2024-11-27 14:25:37,93400,5000,88400,1,25.7,26.7,-1.0,0,10.25,5.0
0007293,0002594,0000027,2024-11-22 08:06:28,76400,5000,71400,1,29.3,36.6,-7.3,0,12.26,5.0
0007294,0002525,0000100,2024-11-19 12:24:40,82000,5000,77000,1,47.1,40.6,6.5,1,8.43,5.0
0007295,0002593,0000051,2024-11-29 15:59:03,92000,5000,87000,1,21.3,30.6,-9.3,0,1.84,5.0
0007296,0002612,0000068,2024-11-30 20:42:55,33800,1000,32800,1,23.3,12.0,11.3,1,12.43,5.0
0007297,0002568,0000009,2024-11-22 03:26:04,78800,5000,73800,1,45.7,42.8,2.9,1,3.92,5.0
0007298,0002496,0000031,2024-11-19 23:37:54,98000,5000,93000,1,26.0,30.7,-4.7,0,11.98,5.0
0007299,0002618,0000077,2024-11-26 00:31:43,67300,5000,62300,1,41.6,50.8,-9.2,0,2.17,5.0
0007300,0002603,0000060,2024-11-24 03:58:20,85100,5000,80100,1,21.7,27.4,-5.7,0,3.38,5.0
0007301,0002519,0000085,2024-11-30 16:12:35,21700,1000,20700,1,45.4,49.9,-4.5,0,13.54,5.0
0007302,0002507,0000005,2024-11-17 07:51:23,72800,5000,67800,1,49.5,56.2,-6.7,0,11.89,5.0
0007303,0002625,0000098,2024-11-30 22:52:16,99700,5000,94700,1,21.1,28.7,-7.6,0,8.73,5.0
0007304,0002622,0000058,2024-11-27 19:37:06,47100,2000,45100,1,34.6,22.3,12.3,1,6.71,5.0
0007305,0002571,0000089,2024-11-22 21:32:33,79100,5000,74100,1,21.1,6.2,14.9,1,13.37,5.0
0007306,0002516,0000086,2024-11-24 10:16:43,39800,1000,38800,1,45.3,41.7,3.6,1,6.69,5.0
0007307,0002521,0000022,2024-11-19 20:21:17,36100,1000,35100,1,21.3,30.3,-9.0,0,5.28,5.0
0007308,0002513,0000070,2024-11-18 21:52:27,81600,5000,76600,1,44.7,46.4,-1.7,0,10.32,5.0
0007309,0002617,0000087,2024-11-26 10:26:36,15700,500,15200,1,38.3,46.1,-7.8,0,4.52,5.0
0007310,0002585,0000087,2024-11-30 19:10:52,73000,5000,68000,1,42.4,49.8,-7.4,0,14.99,5.0
0007311,0002569,0000029,2024-11-24 14:10:49,19700,500,19200,1,31.4,21.9,9.5,1,8.04,5.0
0007312,0002623,0000020,2024-11-30 15:44:47,32700,1000,31700,1,25.7,11.8,13.9,1,5.71,5.0
0007313,0002574,0000079,2024-11-20 21:02:01,81800,5000,76800,1,49.1,35.3,13.8,1,12.08,5.0
0007314,0002602,0000046,2024-11-24 08:19:38,32100,1000,31100,1,21.6,15.1,6.5,1,11.95,5.0
0007315,0002608,0000053,2024-11-24 02:07:18,51200,2000,49200,1,46.3,56.2,-9.9,0,9.61,5.0
0007316,0002599,0000050,2024-11-24 15:49:11,68000,5000,63000,1,45.3,42.6,2.7,1,13.14,5.0
0007317,0002526,0000082,2024-11-13 17:51:43,53500,2000,51500,1,38.2,47.5,-9.3,0,8.76,3.0
0007318,0002552,0000076,2024-11-26 19:40:47,93000,5000,88000,1,26.0,19.2,6.8,1,12.9,5.0
0007319,0002520,0000011,2024-11-30 21:21:44,92000,5000,87000,1,36.4,44.8,-8.4,0,11.69,5.0
0007320,0002628,0000051,2024-11-30 15:56:53,85900,5000,80900,1,44.0,44.4,-0.4,0,11.63,5.0
0007321,0002529,0000001,2024-11-11 22:17:50,60800,5000,55800,1,24.8,30.0,-5.2,0,2.8,5.0
0007322,0002586,0000048,2024-11-29 21:49:28,14100,500,13600,1,25.9,30.3,-4.4,0,0.61,5.0
0007323,0002638,0000078,2024-11-30 05:57:48,65000,5000,60000,1,33.2,37.5,-4.3,0,8.71,5.0
0007324,0002557,0000059,2024-11-25 04:09:14,52400,2000,50400,1,44.8,46.1,-1.3,0,3.96,5.0
0007325,0002636,0000097,2024-11-30 15:35:56,19300,500,18800,1,27.5,14.8,12.7,1,4.99,5.0
0007326,0002607,0000052,2024-11-28 16:16:27,75800,5000,70800,1,27.8,14.8,13.0,1,4.56,5.0
0007327,0002606,0000056,2024-11-24 13:29:01,76200,5000,71200,1,32.9,20.3,12.6,1,10.62,5.0
0007328,0002633,0000070,2024-11-30 13:29:35,67000,5000,62000,1,27.0,37.0,-10.0,0,6.15,5.0
0007329,0002498,0000019,2024-11-14 17:28:46,93200,5000,88200,1,44.0,52.1,-8.1,0,4.35,5.0
0007330,0002505,0000088,2024-11-12 11:57:06,64700,5000,59700,1,21.4,27.5,-6.1,0,2.27,5.0
0007331,0002579,0000031,2024-11-17 01:48:52,47900,2000,45900,1,37.3,39.9,-2.6,0,3.92,5.0
0007332,0002567,0000044,2024-11-26 01:57:00,74000,5000,69000,1,21.6,11.6,10.0,1,3.31,5.0
0007333,0002543,0000010,2024-11-29 23:04:17,72100,5000,67100,1,48.0,52.6,-4.6,0,9.49,5.0
0007334,0002540,0000068,2024-11-24 11:31:43,85400,5000,80400,1,47.5,44.0,3.5,1,7.41,5.0
0007335,0002595,0000072,2024-11-29 05:15:13,99800,5000,94800,1,45.4,42.9,2.5,1,8.35,5.0
0007336,0002596,0000030,2024-11-26 12:03:07,43700,2000,41700,1,23.1,29.3,-6.2,0,11.92,5.0
0007337,0002627,0000070,2024-11-28 14:00:31,46300,2000,44300,1,37.4,31.5,5.9,1,7.47,5.0
0007338,0002605,0000081,2024-11-28 21:05:54,13800,500,13300,1,21.4,10.1,11.3,1,7.16,5.0
0007339,0002583,0000045,2024-11-29 17:47:33,87600,5000,82600,1,26.0,19.9,6.1,1,12.52,3.0
0007340,0002545,0000028,2024-11-19 03:47:21,83900,5000,78900,1,29.8,31.9,-2.1,0,4.97,5.0
0007341,0002491,0000031,2024-11-05 01:34:21,51200,2000,49200,1,27.8,29.4,-1.6,0,7.35,4.0
0007342,0002495,0000029,2024-11-10 06:35:19,25100,1000,24100,1,33.0,42.1,-9.1,0,9.39,5.0
0007343,0002615,0000029,2024-11-29 23:53:30,55600,2000,53600,1,35.9,22.1,13.8,1,11.52,5.0
0007344,0002541,0000006,2024-11-20 08:54:22,92400,5000,87400,1,36.1,42.1,-6.0,0,12.68,5.0
0007345,0002533,0000072,2024-11-27 13:01:59,28900,1000,27900,1,33.1,33.7,-0.6,0,8.59,5.0
0007346,0002591,0000046,2024-11-25 02:27:15,28300,1000,27300,1,27.4,12.8,14.6,1,10.22,5.0
0007347,0002527,0000014,2024-11-22 13:22:02,74300,5000,69300,1,21.9,30.2,-8.3,0,2.47,5.0
0007348,0002493,0000028,2024-11-10 07:16:56,79000,5000,74000,1,49.6,37.5,12.1,1,6.79,5.0
0007349,0002555,0000088,2024-11-24 22:30:55,84400,5000,79400,1,29.7,33.0,-3.3,0,0.57,5.0
0007350,0002535,0000014,2024-11-12 07:14:31,91800,5000,86800,1,28.3,14.3,14.0,1,10.61,5.0
0007351,0002558,0000016,2024-11-24 14:19:01,49900,2000,47900,1,48.9,55.9,-7.0,0,11.08,4.0
0007352,0002604,0000018,2024-11-25 15:09:35,33100,1000,32100,1,39.6,41.8,-2.2,0,8.46,5.0
0007353,0002600,0000060,2024-11-27 19:40:40,26600,1000,25600,1,24.7,21.6,3.1,1,8.62,5.0
0007354,0002634,0000044,2024-11-30 08:32:02,50100,2000,48100,1,40.7,37.2,3.5,1,13.37,5.0
0007355,0002548,0000089,2024-11-22 00:23:30,69100,5000,64100,1,39.8,35.1,4.7,1,2.06,5.0
0007356,0002556,0000087,2024-11-28 19:42:02,78400,5000,73400,1,39.0,40.7,-1.7,0,0.78,4.0
0007357,0002610,0000039,2024-11-26 19:59:04,12500,500,12000,1,21.1,19.1,2.0,1,12.7,5.0
0007358,0002511,0000016,2024-11-09 06:13:52,85700,5000,80700,1,46.1,47.8,-1.7,0,11.2,4.0
0007359,0002500,0000094,2024-11-13 07:45:26,48100,2000,46100,1,40.4,40.8,-0.4,0,10.53,5.0
0007360,0002588,0000050,2024-11-24 15:18:42,89300,5000,84300,1,28.2,29.8,-1.6,0,6.33,5.0
0007361,0002550,0000070,2024-11-22 06:51:12,91600,5000,86600,1,22.2,31.0,-8.8,0,3.14,5.0
0007362,0002539,0000065,2024-11-10 04:56:13,29400,1000,28400,1,27.6,21.9,5.7,1,2.38,5.0
0007363,0002587,0000096,2024-11-28 16:18:41,12500,500,12000,1,35.6,26.6,9.0,1,11.56,5.0
0007364,0002532,0000099,2024-11-21 21:12:19,50400,2000,48400,1,22.4,17.8,4.6,1,12.91,5.0
0007365,0002616,0000004,2024-11-28 16:19:00,35300,1000,34300,1,25.1,31.2,-6.1,0,1.98,5.0
0007366,0002497,0000071,2024-11-22 10:03:39,16500,500,16000,1,25.0,16.6,8.4,1,3.68,5.0
0007367,0002601,0000021,2024-11-27 18:51:18,94800,5000,89800,1,41.0,38.3,2.7,1,8.21,1.0
0007368,0002573,0000011,2024-11-26 02:46:25,34100,1000,33100,1,28.7,38.4,-9.7,0,9.14,5.0
0007369,0002499,0000014,2024-11-02 09:03:44,36000,1000,35000,1,21.1,25.9,-4.8,0,8.94,5.0
0007370,0002590,0000090,2024-11-21 04:14:04,33600,1000,32600,1,37.2,44.4,-7.2,0,2.18,5.0
0007371,0002534,0000084,2024-11-18 07:27:09,57900,2000,55900,1,39.6,48.3,-8.7,0,3.23,5.0
0007372,0002549,0000048,2024-11-20 23:09:43,73700,5000,68700,1,42.0,33.5,8.5,1,1.21,5.0
0007373,0002611,0000004,2024-11-26 22:18:44,16400,500,15900,1,28.5,15.9,12.6,1,12.48,5.0
0007374,0002560,0000090,2024-11-18 22:59:58,43700,2000,41700,1,47.7,36.0,11.7,1,1.07,5.0
0007375,0002530,0000063,2024-11-15 18:49:24,53700,2000,51700,1,41.7,30.8,10.9,1,9.22,5.0
0007376,0002606,0000033,2024-12-17 10:22:20,73800,0,73800,0,28.1,31.4,-3.3,0,6.59,5.0
0007377,0002637,0000072,2024-12-18 10:33:01,20200,1000,19200,1,47.0,49.3,-2.3,0,1.6,1.0
0007378,0002498,0000068,2024-12-03 21:29:18,89300,0,89300,0,42.3,40.6,1.7,1,14.21,5.0
0007379,0002588,0000091,2024-12-21 00:11:41,57500,0,57500,0,36.3,38.0,-1.7,0,9.66,5.0
0007380,0002550,0000051,2024-12-14 14:52:38,62700,0,62700,0,46.3,42.4,3.9,1,6.11,5.0
0007381,0002576,0000085,2024-12-09 15:43:52,68000,5000,63000,1,32.9,38.6,-5.7,0,5.09,5.0
0007382,0002541,0000040,2024-12-16 16:14:54,12500,0,12500,0,27.5,23.3,4.2,1,1.07,5.0
0007383,0002585,0000042,2024-12-13 19:42:34,95800,0,95800,0,36.1,35.0,1.1,1,7.37,5.0
0007384,0002558,0000098,2024-12-10 10:45:26,90600,0,90600,0,38.3,39.6,-1.3,0,2.64,5.0
0007385,0002575,0000015,2024-12-11 17:15:31,51700,0,51700,0,39.7,41.8,-2.1,0,2.5,5.0
0007386,0002598,0000028,2024-12-24 12:09:43,36400,0,36400,0,47.6,52.6,-5.0,0,12.23,5.0
0007387,0002589,0000017,2024-12-07 19:24:14,7500,500,7000,1,23.0,27.5,-4.5,0,1.87,5.0
0007388,0002547,0000082,2024-12-31 04:13:57,31700,0,31700,0,24.7,20.3,4.4,1,6.13,5.0
0007389,0002507,0000045,2024-12-20 19:09:45,19500,0,19500,0,32.7,31.000000000000004,1.7,1,2.0,5.0
0007390,0002491,0000042,2024-12-07 18:39:01,51600,0,51600,0,49.1,44.3,4.8,1,14.48,5.0
0007391,0002633,0000049,2024-12-23 09:26:48,66500,0,66500,0,36.4,39.5,-3.1,0,12.65,3.0
0007392,0002556,0000026,2024-12-13 04:19:22,94500,0,94500,0,28.8,24.4,4.4,1,4.66,5.0
0007393,0002527,0000058,2024-12-12 08:12:39,51800,0,51800,0,24.6,24.9,-0.3,0,4.12,5.0
0007394,0002564,0000097,2024-12-24 09:33:09,51600,2000,49600,1,48.7,54.3,-5.6,0,8.09,5.0
0007395,0002504,0000050,2024-12-04 09:31:42,53900,0,53900,0,20.4,18.2,2.2,1,14.61,1.0
0007396,0002499,0000098,2024-12-02 20:29:31,42800,0,42800,0,32.8,33.7,-0.9,0,0.71,5.0
0007397,0002594,0000066,2024-12-01 10:39:02,14400,0,14400,0,47.2,46.3,0.9,1,2.5,4.0
0007398,0002563,0000002,2024-12-11 16:57:40,83100,5000,78100,1,24.6,34.2,-9.6,0,5.32,5.0
0007399,0002517,0000082,2024-12-17 10:49:59,68500,0,68500,0,21.9,23.8,-1.9,0,1.85,5.0
0007400,0002559,0000033,2024-12-08 17:38:43,63900,5000,58900,1,33.6,38.9,-5.3,0,8.15,5.0
0007401,0002596,0000049,2024-12-30 16:02:36,48700,0,48700,0,40.3,43.0,-2.7,0,0.69,5.0
0007402,0002561,0000083,2024-12-19 07:25:05,75100,5000,70100,1,33.3,18.9,14.4,1,11.32,5.0
0007403,0002502,0000040,2024-12-28 21:19:16,64900,0,64900,0,41.9,44.6,-2.7,0,10.29,5.0
0007404,0002554,0000036,2024-12-31 12:14:45,25900,0,25900,0,34.6,30.6,4.0,1,10.41,5.0
0007405,0002508,0000071,2024-12-07 09:25:38,94100,0,94100,0,36.9,39.6,-2.7,0,7.16,5.0
0007406,0002614,0000064,2024-12-01 12:09:45,48900,0,48900,0,38.4,38.7,-0.3,0,8.24,5.0
0007407,0002630,0000062,2024-12-26 16:04:29,41700,2000,39700,1,29.3,29.4,-0.1,0,8.98,5.0
0007408,0002500,0000070,2024-12-30 03:27:59,38100,0,38100,0,49.2,45.0,4.2,1,4.99,5.0
0007409,0002628,0000001,2024-12-09 12:20:35,7200,0,7200,0,28.1,26.4,1.7,1,7.58,5.0
0007410,0002511,0000087,2024-12-04 21:38:14,47100,0,47100,0,42.6,46.9,-4.3,0,12.26,1.0
0007411,0002542,0000017,2024-12-12 18:28:09,84900,0,84900,0,33.7,35.6,-1.9,0,7.99,5.0
0007412,0002537,0000077,2024-12-30 18:01:54,93700,0,93700,0,47.9,51.3,-3.4,0,7.39,5.0
0007413,0002620,0000082,2024-12-21 07:31:04,90600,0,90600,0,31.0,28.5,2.5,1,4.39,5.0
0007414,0002518,0000013,2024-12-06 23:26:09,70000,5000,65000,1,47.0,49.4,-2.4,0,14.09,5.0
0007415,0002521,0000094,2024-12-21 00:37:40,28200,0,28200,0,30.0,25.5,4.5,1,7.69,4.0
0007416,0002519,0000061,2024-12-31 03:20:09,12800,0,12800,0,49.6,51.7,-2.1,0,8.0,5.0
0007417,0002616,0000018,2024-12-04 17:27:40,86600,0,86600,0,37.3,34.2,3.1,1,5.6,5.0
0007418,0002553,0000040,2024-12-09 04:57:56,46700,0,46700,0,49.3,48.1,1.2,1,11.25,5.0
0007419,0002577,0000072,2024-12-29 12:39:49,69600,0,69600,0,21.7,21.4,0.3,1,9.12,5.0
0007420,0002638,0000027,2024-12-03 10:17:25,25300,0,25300,0,32.3,27.7,4.6,1,6.03,5.0
0007421,0002617,0000088,2024-12-06 04:48:54,69500,0,69500,0,32.1,29.9,2.2,1,3.68,4.0
0007422,0002494,0000015,2024-12-09 21:57:33,97700,0,97700,0,41.5,36.6,4.9,1,9.1,5.0
0007423,0002581,0000082,2024-12-22 07:41:39,20800,0,20800,0,21.3,22.7,-1.4,0,10.3,5.0
0007424,0002580,0000099,2024-12-13 06:13:13,67300,5000,62300,1,36.4,43.3,-6.9,0,13.08,5.0
0007425,0002584,0000082,2024-12-08 06:38:06,96000,0,96000,0,46.6,47.3,-0.7,0,13.52,5.0
0007426,0002543,0000070,2024-12-31 17:54:54,36700,0,36700,0,28.5,28.2,0.3,1,2.34,5.0
0007427,0002531,0000099,2024-12-20 09:26:43,13300,500,12800,1,34.4,43.1,-8.7,0,12.56,5.0
0007428,0002604,0000020,2024-12-24 23:36:58,45300,0,45300,0,41.8,42.9,-1.1,0,5.33,5.0
0007429,0002603,0000044,2024-12-23 07:13:03,16400,0,16400,0,42.4,44.4,-2.0,0,10.26,5.0
0007430,0002586,0000055,2024-12-14 03:58:03,29900,0,29900,0,22.6,21.6,1.0,1,5.4,5.0
0007431,0002513,0000034,2024-12-15 05:56:47,23700,0,23700,0,28.6,30.6,-2.0,0,0.97,5.0
0007432,0002573,0000024,2024-12-03 17:07:30,31300,0,31300,0,40.0,36.9,3.1,1,11.88,5.0
0007433,0002514,0000013,2024-12-12 11:11:01,14600,0,14600,0,39.3,43.0,-3.7,0,6.83,5.0
0007434,0002528,0000027,2024-12-06 10:20:45,36000,0,36000,0,45.1,40.2,4.9,1,11.72,5.0
0007435,0002555,0000032,2024-12-16 07:50:53,65500,0,65500,0,45.3,49.9,-4.6,0,10.44,4.0
0007436,0002520,0000054,2024-12-27 22:28:12,57400,0,57400,0,32.8,37.5,-4.7,0,9.28,5.0
0007437,0002572,0000092,2024-12-31 12:18:43,87800,5000,82800,1,36.9,38.1,-1.2,0,5.29,5.0
0007438,0002621,0000038,2024-12-19 09:32:14,93900,0,93900,0,38.6,37.8,0.8,1,13.93,5.0
0007439,0002534,0000005,2024-12-04 04:48:07,32700,0,32700,0,41.8,45.7,-3.9,0,11.59,5.0
0007440,0002496,0000071,2024-12-24 19:04:30,55000,0,55000,0,21.0,23.7,-2.7,0,9.1,5.0
0007441,0002526,0000079,2024-12-03 17:24:11,95600,0,95600,0,30.2,34.4,-4.2,0,8.59,5.0
0007442,0002545,0000097,2024-12-15 16:26:13,89800,0,89800,0,20.5,18.4,2.1,1,14.12,4.0
0007443,0002593,0000074,2024-12-12 05:49:25,96800,0,96800,0,47.7,43.6,4.1,1,5.78,5.0
0007444,0002725,0000070,2024-12-29 14:51:58,82200,5000,77200,1,25.8,33.1,-7.3,0,11.65,5.0
0007445,0002756,0000092,2024-12-30 04:27:40,70900,5000,65900,1,28.9,32.0,-3.1,0,8.72,5.0
0007446,0002814,0000060,2024-12-31 16:15:21,49700,2000,47700,1,27.7,20.8,6.9,1,1.2,5.0
0007447,0002650,0000093,2024-12-14 11:03:17,8600,500,8100,1,46.5,40.3,6.2,1,8.53,5.0
0007448,0002724,0000063,2024-12-26 16:02:44,90300,5000,85300,1,39.4,33.2,6.2,1,8.96,5.0
0007449,0002729,0000090,2024-12-19 19:53:44,80100,5000,75100,1,48.9,55.7,-6.8,0,5.11,5.0
0007450,0002645,0000022,2024-12-29 19:15:42,13800,500,13300,1,42.9,38.7,4.2,1,11.67,5.0
0007451,0002691,0000012,2024-12-12 03:37:30,67200,5000,62200,1,34.6,28.7,5.9,1,10.53,5.0
0007452,0002795,0000085,2024-12-27 10:48:04,34000,1000,33000,1,30.6,24.1,6.5,1,13.77,4.0
0007453,0002730,0000086,2024-12-28 16:13:50,65500,5000,60500,1,29.8,16.6,13.2,1,3.23,5.0
0007454,0002746,0000059,2024-12-20 07:16:08,85300,5000,80300,1,46.5,55.0,-8.5,0,8.42,5.0
0007455,0002749,0000065,2024-12-19 05:49:28,80700,5000,75700,1,32.0,35.3,-3.3,0,1.71,5.0
0007456,0002667,0000056,2024-12-28 13:10:46,40300,2000,38300,1,29.9,26.4,3.5,1,10.45,5.0
0007457,0002761,0000090,2024-12-25 03:12:07,76900,5000,71900,1,45.9,53.5,-7.6,0,7.06,5.0
0007458,0002799,0000050,2024-12-31 20:28:28,65500,5000,60500,1,40.1,42.0,-1.9,0,7.75,5.0
0007459,0002827,0000016,2024-12-31 18:36:20,84800,5000,79800,1,21.0,25.2,-4.2,0,12.8,5.0
0007460,0002727,0000018,2024-12-17 10:40:28,60600,5000,55600,1,37.4,41.5,-4.1,0,8.1,5.0
0007461,0002680,0000088,2024-12-09 21:15:38,45400,2000,43400,1,48.7,51.1,-2.4,0,13.24,5.0
0007462,0002679,0000084,2024-12-06 16:41:54,79500,5000,74500,1,31.0,32.5,-1.5,0,14.79,5.0
0007463,0002742,0000087,2024-12-20 08:08:49,46100,2000,44100,1,27.1,18.4,8.7,1,1.97,5.0
0007464,0002816,0000031,2024-12-30 10:19:47,75500,5000,70500,1,39.0,40.9,-1.9,0,13.8,5.0
0007465,0002790,0000079,2024-12-25 13:43:46,78300,5000,73300,1,34.1,40.5,-6.4,0,4.02,5.0
0007466,0002770,0000072,2024-12-22 17:49:54,64900,5000,59900,1,22.3,10.1,12.2,1,8.97,5.0
0007467,0002671,0000046,2024-12-24 00:56:35,39000,1000,38000,1,23.0,18.7,4.3,1,2.83,5.0
0007468,0002824,0000083,2024-12-31 16:46:11,37700,1000,36700,1,36.7,39.7,-3.0,0,7.16,3.0
0007469,0002743,0000099,2024-12-19 10:40:07,63200,5000,58200,1,32.4,24.0,8.4,1,4.83,3.0
0007470,0002728,0000085,2024-12-26 15:49:09,23100,1000,22100,1,21.7,25.5,-3.8,0,6.11,5.0
0007471,0002787,0000012,2024-12-25 01:35:54,47700,2000,45700,1,31.0,18.9,12.1,1,6.27,5.0
0007472,0002738,0000070,2024-12-27 04:24:47,24800,1000,23800,1,25.1,18.2,6.9,1,8.23,5.0
0007473,0002651,0000058,2024-12-10 12:24:01,32600,1000,31600,1,47.8,49.6,-1.8,0,8.98,3.0
0007474,0002812,0000058,2024-12-29 14:34:22,72800,5000,67800,1,37.5,46.6,-9.1,0,13.77,5.0
0007475,0002815,0000040,2024-12-29 23:37:35,85900,5000,80900,1,49.5,34.8,14.7,1,7.42,5.0
0007476,0002646,0000097,2024-12-05 22:35:03,39000,1000,38000,1,44.8,53.1,-8.3,0,11.76,5.0
0007477,0002782,0000044,2024-12-25 02:02:01,49300,2000,47300,1,20.1,27.4,-7.3,0,1.65,5.0
0007478,0002732,0000059,2024-12-21 00:28:36,73400,5000,68400,1,22.3,10.0,12.3,1,3.91,5.0
0007479,0002707,0000049,2024-12-30 01:47:07,27400,1000,26400,1,45.5,35.3,10.2,1,3.7,5.0
0007480,0002807,0000016,2024-12-29 11:18:10,21400,1000,20400,1,28.8,33.8,-5.0,0,2.26,5.0
0007481,0002791,0000035,2024-12-24 09:42:51,78400,5000,73400,1,38.9,39.0,-0.1,0,13.58,5.0
0007482,0002703,0000006,2024-12-23 12:25:43,79400,5000,74400,1,33.4,21.1,12.3,1,10.73,5.0
0007483,0002788,0000019,2024-12-24 06:49:55,91800,5000,86800,1,43.6,37.3,6.3,1,10.22,5.0
0007484,0002655,0000075,2024-12-09 23:39:03,93200,5000,88200,1,37.3,34.9,2.4,1,4.42,5.0
0007485,0002740,0000003,2024-12-24 18:11:32,73600,5000,68600,1,41.7,35.2,6.5,1,12.63,5.0
0007486,0002786,0000028,2024-12-24 21:40:01,43600,2000,41600,1,23.8,20.3,3.5,1,5.08,5.0
0007487,0002783,0000016,2024-12-24 22:21:39,95400,5000,90400,1,48.7,52.1,-3.4,0,8.63,5.0
0007488,0002660,0000007,2024-12-22 02:48:59,36800,1000,35800,1,24.2,17.7,6.5,1,14.49,5.0
0007489,0002739,0000065,2024-12-18 15:35:15,50400,2000,48400,1,41.4,43.4,-2.0,0,7.6,4.0
0007490,0002714,0000020,2024-12-28 20:06:03,69500,5000,64500,1,49.1,42.3,6.8,1,10.6,5.0
0007491,0002683,0000021,2024-12-12 12:00:31,70900,5000,65900,1,47.1,37.6,9.5,1,14.59,5.0
0007492,0002705,0000018,2024-12-25 13:58:15,96600,5000,91600,1,27.9,31.7,-3.8,0,6.42,1.0
0007493,0002659,0000076,2024-12-22 13:29:53,60500,5000,55500,1,37.9,45.7,-7.8,0,10.76,5.0
0007494,0002685,0000042,2024-12-27 05:52:37,44800,2000,42800,1,21.1,6.5,14.6,1,11.97,5.0
0007495,0002697,0000097,2024-12-24 19:28:11,58800,2000,56800,1,38.7,42.8,-4.1,0,8.98,5.0
0007496,0002789,0000070,2024-12-24 15:07:11,87300,5000,82300,1,40.0,37.5,2.5,1,12.78,5.0
0007497,0002826,0000056,2024-12-31 20:25:41,80600,5000,75600,1,33.6,23.5,10.1,1,11.78,4.0
0007498,0002652,0000045,2024-12-24 06:11:05,52200,2000,50200,1,46.2,48.7,-2.5,0,9.19,5.0
0007499,0002712,0000076,2024-12-31 21:56:40,86700,5000,81700,1,47.3,49.2,-1.9,0,2.32,5.0
0007500,0002825,0000080,2024-12-31 06:05:07,59000,2000,57000,1,35.0,29.5,5.5,1,8.93,5.0
0007501,0002641,0000092,2024-12-13 16:26:18,96500,5000,91500,1,48.2,33.4,14.8,1,10.22,5.0
0007502,0002785,0000039,2024-12-31 04:03:59,92000,5000,87000,1,36.7,32.8,3.9,1,13.41,5.0
0007503,0002748,0000064,2024-12-19 19:50:43,31500,1000,30500,1,42.6,27.7,14.9,1,4.05,5.0
0007504,0002664,0000084,2024-12-26 01:31:34,40800,2000,38800,1,31.5,34.3,-2.8,0,13.06,5.0
0007505,0002721,0000077,2024-12-18 00:54:43,50300,2000,48300,1,27.6,32.8,-5.2,0,10.48,5.0
0007506,0002733,0000044,2024-12-25 04:31:58,56400,2000,54400,1,40.2,30.6,9.6,1,10.11,5.0
0007507,0002716,0000045,2024-12-16 03:58:33,93600,5000,88600,1,33.5,37.8,-4.3,0,7.62,5.0
0007508,0002718,0000041,2024-12-14 08:52:41,55900,2000,53900,1,40.6,36.3,4.3,1,9.86,5.0
0007509,0002769,0000038,2024-12-31 06:52:51,79600,5000,74600,1,30.0,35.4,-5.4,0,6.16,5.0
0007510,0002672,0000037,2024-12-08 04:58:18,32500,1000,31500,1,21.0,12.3,8.7,1,1.15,5.0
0007511,0002736,0000025,2024-12-24 09:35:30,77400,5000,72400,1,42.5,48.2,-5.7,0,8.27,5.0
0007512,0002810,0000006,2024-12-30 08:16:21,69200,5000,64200,1,40.9,26.4,14.5,1,13.45,4.0
0007513,0002762,0000010,2024-12-22 00:27:33,87800,5000,82800,1,49.4,43.1,6.3,1,11.17,5.0
0007514,0002642,0000023,2024-12-22 17:42:22,13200,500,12700,1,21.6,15.0,6.6,1,2.02,5.0
0007515,0002663,0000058,2024-12-21 12:40:06,84000,5000,79000,1,30.2,35.7,-5.5,0,6.4,5.0
0007516,0002793,0000063,2024-12-28 12:38:38,16800,500,16300,1,22.4,16.8,5.6,1,3.15,5.0
0007517,0002806,0000044,2024-12-29 15:19:46,59000,2000,57000,1,22.0,9.7,12.3,1,0.55,5.0
0007518,0002686,0000092,2024-12-19 08:37:50,13800,500,13300,1,48.2,51.1,-2.9,0,6.95,5.0
0007519,0002690,0000017,2024-12-17 01:11:11,37700,1000,36700,1,28.7,14.0,14.7,1,1.62,5.0
0007520,0002768,0000023,2024-12-27 00:11:09,8700,500,8200,1,25.6,35.1,-9.5,0,3.01,5.0
0007521,0002709,0000085,2024-12-21 02:47:06,66500,5000,61500,1,43.6,51.4,-7.8,0,5.23,5.0
0007522,0002801,0000041,2024-12-30 12:10:15,46300,2000,44300,1,44.6,48.9,-4.3,0,7.83,5.0
0007523,0002657,0000065,2024-12-18 10:12:45,10500,500,10000,1,49.2,38.7,10.5,1,11.42,4.0
0007524,0002674,0000031,2024-12-09 15:08:54,45400,2000,43400,1,35.7,37.4,-1.7,0,8.64,5.0
0007525,0002767,0000093,2024-12-25 16:54:51,59400,2000,57400,1,25.4,16.3,9.1,1,4.59,5.0
0007526,0002699,0000071,2024-12-10 03:04:51,68600,5000,63600,1,33.6,26.2,7.4,1,7.09,5.0
0007527,0002764,0000018,2024-12-27 09:23:36,38200,1000,37200,1,21.3,15.1,6.2,1,2.8,5.0
0007528,0002750,0000043,2024-12-24 03:43:59,42600,2000,40600,1,45.9,49.9,-4.0,0,1.28,5.0
0007529,0002708,0000090,2024-12-15 09:15:23,49500,2000,47500,1,25.4,28.9,-3.5,0,9.58,5.0
0007530,0002658,0000006,2024-12-25 01:25:11,24900,1000,23900,1,23.8,10.6,13.2,1,5.21,5.0
0007531,0002662,0000064,2024-12-20 10:42:00,26900,1000,25900,1,48.9,46.5,2.4,1,10.19,5.0
0007532,0002649,0000054,2024-12-11 01:02:49,69100,5000,64100,1,44.2,40.2,4.0,1,2.66,5.0
0007533,0002802,0000017,2024-12-31 20:00:52,26200,1000,25200,1,47.0,36.5,10.5,1,8.84,5.0
0007534,0002745,0000071,2024-12-19 00:35:24,58200,2000,56200,1,45.7,55.7,-10.0,0,9.36,5.0
0007535,0002723,0000051,2024-12-26 10:45:11,96900,5000,91900,1,27.2,18.5,8.7,1,10.91,5.0
0007536,0002777,0000057,2024-12-30 09:42:49,38200,1000,37200,1,32.9,22.4,10.5,1,1.4,5.0
0007537,0002763,0000055,2024-12-25 05:02:01,55700,2000,53700,1,32.8,27.7,5.1,1,0.8,5.0
0007538,0002698,0000032,2024-12-14 06:25:09,17000,500,16500,1,37.1,44.4,-7.3,0,6.91,5.0
0007539,0002677,0000052,2024-12-09 21:46:07,65300,5000,60300,1,40.5,46.1,-5.6,0,8.4,4.0
0007540,0002772,0000009,2024-12-27 16:17:50,58400,2000,56400,1,43.4,44.3,-0.9,0,6.93,5.0
0007541,0002715,0000003,2024-12-15 12:34:30,31500,1000,30500,1,31.8,35.6,-3.8,0,5.73,5.0
0007542,0002656,0000083,2024-12-24 18:09:19,26300,1000,25300,1,28.1,20.1,8.0,1,3.66,5.0
0007543,0002678,0000049,2024-12-24 00:31:02,46700,2000,44700,1,36.5,45.6,-9.1,0,0.81,5.0
0007544,0002774,0000059,2024-12-23 23:43:00,95600,5000,90600,1,21.5,21.8,-0.3,0,11.57,5.0
0007545,0002639,0000050,2024-12-21 13:50:06,33600,1000,32600,1,35.3,21.5,13.8,1,9.34,4.0
0007546,0002731,0000023,2024-12-17 11:31:41,18100,500,17600,1,25.5,29.1,-3.6,0,14.75,5.0
0007547,0002803,0000094,2024-12-29 00:14:09,47400,2000,45400,1,46.7,41.7,5.0,1,2.87,5.0
0007548,0002693,0000090,2024-12-24 14:49:42,64200,5000,59200,1,39.6,48.5,-8.9,0,2.15,5.0
0007549,0002741,0000041,2024-12-24 20:52:58,69300,5000,64300,1,48.6,55.3,-6.7,0,3.36,5.0
0007550,0002722,0000088,2024-12-19 15:11:33,44100,2000,42100,1,25.2,30.2,-5.0,0,10.96,5.0
0007551,0002775,0000007,2024-12-26 10:50:44,68400,5000,63400,1,26.6,22.0,4.6,1,3.36,5.0
0007552,0002713,0000038,2024-12-17 06:51:49,65100,5000,60100,1,33.2,22.0,11.2,1,2.61,3.0
0007553,0002661,0000005,2024-12-14 20:01:41,19000,500,18500,1,45.5,46.8,-1.3,0,13.64,5.0
0007554,0002673,0000074,2024-12-24 10:59:08,29900,1000,28900,1,33.9,22.6,11.3,1,9.72,5.0
0007555,0002702,0000069,2024-12-17 02:32:48,19000,500,18500,1,22.8,13.3,9.5,1,4.4,5.0
0007556,0002700,0000070,2024-12-11 04:10:35,53800,2000,51800,1,28.5,32.7,-4.2,0,2.62,5.0
0007557,0002640,0000096,2024-12-30 10:38:00,11000,500,10500,1,36.0,30.1,5.9,1,2.28,3.0
0007558,0002800,0000088,2024-12-29 08:22:51,20700,1000,19700,1,45.0,45.8,-0.8,0,14.56,4.0
0007559,0002753,0000025,2024-12-22 16:44:51,51600,2000,49600,1,31.0,31.8,-0.8,0,1.86,5.0
0007560,0002681,0000026,2024-12-10 18:43:38,90900,5000,85900,1,23.5,26.4,-2.9,0,5.77,5.0
0007561,0002684,0000066,2024-12-07 06:33:51,79400,5000,74400,1,45.6,55.4,-9.8,0,7.85,4.0
0007562,0002796,0000077,2024-12-31 13:31:54,21000,1000,20000,1,38.9,32.3,6.6,1,13.74,5.0
0007563,0002676,0000009,2024-12-18 16:27:09,92200,5000,87200,1,29.7,26.4,3.3,1,2.09,1.0
0007564,0002682,0000091,2024-12-30 04:06:16,65100,5000,60100,1,27.8,22.4,5.4,1,4.98,5.0
0007565,0002808,0000065,2024-12-29 01:34:42,72000,5000,67000,1,35.0,35.8,-0.8,0,5.55,5.0
0007566,0002735,0000049,2024-12-24 00:54:02,11500,500,11000,1,39.4,42.1,-2.7,0,5.22,5.0
0007567,0002734,0000073,2024-12-25 17:30:36,97000,5000,92000,1,29.5,35.9,-6.4,0,0.71,5.0
0007568,0002694,0000019,2024-12-11 01:01:59,71400,5000,66400,1,29.3,26.9,2.4,1,2.51,5.0
0007569,0002710,0000008,2024-12-18 14:58:40,75900,5000,70900,1,21.7,23.6,-1.9,0,12.91,5.0
0007570,0002797,0000060,2024-12-29 14:08:46,53800,2000,51800,1,45.7,47.7,-2.0,0,1.49,4.0
0007571,0002760,0000093,2024-12-31 19:24:23,35100,1000,34100,1,34.9,32.0,2.9,1,3.76,5.0
0007572,0002719,0000097,2024-12-14 03:31:30,42200,2000,40200,1,44.9,38.9,6.0,1,12.67,5.0
0007573,0002695,0000080,2024-12-11 18:42:40,75200,5000,70200,1,37.6,42.0,-4.4,0,9.84,5.0
0007574,0002758,0000075,2024-12-26 05:56:36,15900,500,15400,1,26.7,21.9,4.8,1,5.42,5.0
0007575,0002754,0000080,2024-12-29 21:55:43,23000,1000,22000,1,40.6,34.7,5.9,1,12.88,4.0
0007576,0002665,0000067,2024-12-31 07:11:30,72100,5000,67100,1,41.3,47.4,-6.1,0,2.41,4.0
0007577,0002776,0000029,2024-12-25 18:20:18,29200,1000,28200,1,30.2,20.2,10.0,1,5.51,5.0
0007578,0002792,0000005,2024-12-28 15:59:20,99700,5000,94700,1,38.2,24.4,13.8,1,8.45,5.0
0007579,0002669,0000099,2024-12-20 11:15:33,89600,5000,84600,1,48.1,34.2,13.9,1,2.19,5.0
0007580,0002687,0000061,2024-12-14 21:41:16,64500,5000,59500,1,41.9,36.3,5.6,1,8.23,5.0
0007581,0002717,0000045,2024-12-31 22:27:57,96800,5000,91800,1,34.4,27.1,7.3,1,8.94,5.0
0007582,0002819,0000016,2024-12-31 11:41:55,52900,2000,50900,1,23.7,17.9,5.8,1,11.11,5.0
0007583,0002809,0000015,2024-12-31 15:32:45,18500,500,18000,1,40.0,29.5,10.5,1,14.74,5.0
0007584,0002780,0000003,2024-12-31 05:01:55,54600,2000,52600,1,42.6,33.0,9.6,1,11.66,5.0
0007585,0002817,0000045,2024-12-31 20:07:47,24500,1000,23500,1,35.4,20.6,14.8,1,1.07,4.0
0007586,0002773,0000093,2024-12-28 21:30:33,91800,5000,86800,1,36.9,38.1,-1.2,0,4.01,5.0
0007587,0002781,0000057,2024-12-27 21:07:35,13100,500,12600,1,39.7,27.3,12.4,1,9.56,5.0
0007588,0002823,0000100,2024-12-31 10:19:50,90600,5000,85600,1,22.1,19.2,2.9,1,10.34,5.0
0007589,0002828,0000066,2024-12-31 02:02:45,96900,5000,91900,1,31.9,41.5,-9.6,0,2.69,1.0
0007590,0002821,0000051,2024-12-31 08:22:17,14700,500,14200,1,21.5,13.4,8.1,1,6.08,4.0
0007591,0002757,0000063,2024-12-22 00:30:59,23100,1000,22100,1,34.7,35.0,-0.3,0,8.05,5.0
0007592,0002771,0000047,2024-12-26 21:53:34,29200,1000,28200,1,23.7,32.3,-8.6,0,4.09,5.0
0007593,0002654,0000044,2024-12-23 10:48:49,62100,5000,57100,1,47.3,36.1,11.2,1,13.99,5.0
0007594,0002711,0000068,2024-12-23 10:30:11,16700,500,16200,1,24.9,22.3,2.6,1,9.64,5.0
0007595,0002720,0000089,2024-12-16 20:17:07,80700,5000,75700,1,25.0,33.7,-8.7,0,8.08,5.0
0007596,0002790,0000074,2025-01-09 18:47:46,69300,0,69300,0,47.8,45.6,2.2,1,5.88,5.0
0007597,0002757,0000011,2025-01-19 00:23:53,69100,0,69100,0,25.7,24.0,1.7,1,8.18,5.0
0007598,0002763,0000027,2025-01-13 02:58:57,79100,0,79100,0,45.3,49.8,-4.5,0,13.65,5.0
0007599,0002715,0000057,2025-01-20 14:10:30,64200,0,64200,0,41.0,45.6,-4.6,0,6.09,5.0
0007600,0002701,0000010,2025-01-19 21:18:07,97600,5000,92600,1,28.7,37.1,-8.4,0,9.33,5.0
0007601,0002643,0000039,2025-01-19 16:42:46,79200,5000,74200,1,44.1,47.8,-3.7,0,2.88,5.0
0007602,0002828,0000075,2025-01-30 05:33:41,30100,0,30100,0,27.6,24.700000000000003,2.9,1,6.54,5.0
0007603,0002712,0000073,2025-01-11 09:48:43,58800,0,58800,0,49.7,46.0,3.7,1,11.34,4.0
0007604,0002804,0000008,2025-01-29 08:38:11,42100,2000,40100,1,48.0,50.0,-2.0,0,3.13,5.0
0007605,0002816,0000037,2025-01-23 21:43:59,63900,0,63900,0,36.7,33.400000000000006,3.3,1,5.42,5.0
0007606,0002761,0000092,2025-01-31 18:18:24,80800,0,80800,0,32.5,28.1,4.4,1,9.99,5.0
0007607,0002686,0000077,2025-01-11 09:24:11,57500,0,57500,0,47.3,44.4,2.9,1,1.09,5.0
0007608,0002697,0000027,2025-01-26 13:32:30,88700,0,88700,0,26.0,23.5,2.5,1,12.54,4.0
0007609,0002710,0000049,2025-01-19 18:59:41,48400,0,48400,0,34.0,38.3,-4.3,0,14.6,5.0
0007610,0002794,0000013,2025-01-11 13:23:56,74300,0,74300,0,37.3,32.7,4.6,1,10.12,5.0
0007611,0002721,0000071,2025-01-04 17:23:34,95500,0,95500,0,33.8,35.8,-2.0,0,5.06,5.0
0007612,0002807,0000090,2025-01-10 09:04:05,84600,0,84600,0,27.0,23.1,3.9,1,1.16,5.0
0007613,0002811,0000023,2025-01-11 17:25:37,82400,5000,77400,1,35.5,45.1,-9.6,0,14.03,5.0
0007614,0002753,0000047,2025-01-06 11:03:53,35600,0,35600,0,40.0,35.0,5.0,1,14.89,5.0
0007615,0002674,0000015,2025-01-15 15:53:40,25700,0,25700,0,41.7,46.3,-4.6,0,8.4,5.0
0007616,0002734,0000061,2025-01-07 17:33:58,47800,0,47800,0,47.1,45.2,1.9,1,6.03,5.0
0007617,0002728,0000062,2025-01-11 10:31:00,42400,0,42400,0,32.6,27.8,4.8,1,10.0,4.0
0007618,0002716,0000061,2025-01-05 23:52:20,20400,0,20400,0,33.9,30.5,3.4,1,9.39,5.0
0007619,0002743,0000015,2025-01-31 17:37:11,41700,0,41700,0,21.3,25.8,-4.5,0,9.73,5.0
0007620,0002812,0000052,2025-01-14 08:57:19,37300,0,37300,0,21.9,22.1,-0.2,0,13.52,5.0
0007621,0002680,0000009,2025-01-10 00:07:50,30900,0,30900,0,43.9,46.6,-2.7,0,4.89,4.0
0007622,0002736,0000079,2025-01-25 23:21:19,81300,0,81300,0,25.5,24.1,1.4,1,9.87,5.0
0007623,0002696,0000049,2025-01-14 23:45:55,45800,0,45800,0,30.8,28.1,2.7,1,14.08,5.0
0007624,0002783,0000011,2025-01-14 08:07:03,45500,0,45500,0,32.8,32.2,0.6,1,5.52,5.0
0007625,0002737,0000038,2025-01-20 22:30:02,38100,1000,37100,1,20.6,30.1,-9.5,0,11.57,3.0
0007626,0002784,0000043,2025-01-15 07:11:05,30500,1000,29500,1,31.1,34.0,-2.9,0,13.76,5.0
0007627,0002799,0000022,2025-01-16 00:38:07,47100,0,47100,0,49.3,50.4,-1.1,0,7.16,5.0
0007628,0002820,0000073,2025-01-24 23:05:16,8000,500,7500,1,46.8,54.7,-7.9,0,1.94,5.0
0007629,0002791,0000098,2025-01-21 07:22:19,66300,0,66300,0,35.4,35.4,0.0,0,9.12,5.0
0007630,0002818,0000054,2025-01-18 02:09:51,9900,500,9400,1,41.7,46.4,-4.7,0,7.62,4.0
0007631,0002708,0000098,2025-01-31 18:10:54,21000,0,21000,0,28.3,30.6,-2.3,0,5.21,5.0
0007632,0002745,0000018,2025-01-23 00:30:50,96900,0,96900,0,49.8,50.2,-0.4,0,10.89,5.0
0007633,0002675,0000025,2025-01-12 16:19:01,73800,5000,68800,1,33.3,42.2,-8.9,0,12.17,5.0
0007634,0002766,0000052,2025-01-02 11:47:26,46900,2000,44900,1,43.8,50.5,-6.7,0,6.97,5.0
0007635,0002731,0000096,2025-01-02 01:30:00,46900,0,46900,0,43.0,39.1,3.9,1,2.06,1.0
0007636,0002756,0000067,2025-01-26 07:26:23,87300,0,87300,0,43.0,42.5,0.5,1,7.62,5.0
0007637,0002798,0000021,2025-01-16 13:58:13,37200,1000,36200,1,32.0,41.2,-9.2,0,11.29,5.0
0007638,0002750,0000051,2025-01-01 05:01:33,53800,0,53800,0,37.8,39.4,-1.6,0,3.1,5.0
0007639,0002659,0000069,2025-01-02 14:00:12,19800,0,19800,0,27.4,28.2,-0.8,0,11.57,5.0
0007640,0002705,0000016,2025-01-01 23:38:00,99000,0,99000,0,40.7,37.5,3.2,1,7.31,5.0
0007641,0002725,0000016,2025-01-10 10:54:25,68000,0,68000,0,39.3,42.5,-3.2,0,11.69,5.0
0007642,0002778,0000009,2025-01-14 23:10:59,60000,5000,55000,1,24.4,32.4,-8.0,0,9.53,5.0
0007643,0002720,0000058,2025-01-16 16:04:34,49700,0,49700,0,39.0,40.4,-1.4,0,2.23,5.0
0007644,0002644,0000094,2025-01-29 07:29:16,68500,5000,63500,1,39.6,39.8,-0.2,0,8.01,5.0
0007645,0002698,0000065,2025-01-01 12:11:43,66200,0,66200,0,31.1,30.700000000000003,0.4,1,13.13,5.0
0007646,0002729,0000012,2025-01-23 17:12:28,9800,0,9800,0,32.4,29.6,2.8,1,11.5,5.0
0007647,0002741,0000097,2025-01-25 16:50:38,25800,0,25800,0,48.4,46.4,2.0,1,4.61,5.0
0007648,0002693,0000083,2025-01-09 03:23:03,75500,0,75500,0,44.0,40.8,3.2,1,1.68,5.0
0007649,0002648,0000005,2025-01-01 22:28:58,63800,5000,58800,1,21.2,23.1,-1.9,0,9.92,5.0
0007650,0002651,0000090,2025-01-24 07:50:31,82900,0,82900,0,49.3,54.0,-4.7,0,6.92,5.0
0007651,0002695,0000024,2025-01-11 10:41:58,61900,0,61900,0,20.8,21.3,-0.5,0,5.47,5.0
0007652,0002684,0000088,2025-01-18 16:44:46,54300,0,54300,0,35.1,33.2,1.9,1,12.94,5.0
0007653,0002773,0000046,2025-01-01 23:23:12,72600,0,72600,0,22.0,22.8,-0.8,0,3.13,4.0
0007654,0002647,0000079,2025-01-31 02:33:41,59800,2000,57800,1,37.2,42.2,-5.0,0,8.97,5.0
0007655,0002661,0000023,2025-01-12 21:39:53,10000,0,10000,0,38.3,40.3,-2.0,0,7.78,5.0
0007656,0002774,0000028,2025-01-02 14:37:06,44600,0,44600,0,28.5,32.6,-4.1,0,6.82,5.0
0007657,0002782,0000037,2025-01-06 02:15:18,47000,0,47000,0,43.7,46.900000000000006,-3.2,0,14.13,5.0
0007658,0002681,0000046,2025-01-28 04:52:47,17700,0,17700,0,42.9,39.1,3.8,1,13.2,5.0
0007659,0002764,0000032,2025-01-20 12:48:05,64200,0,64200,0,27.8,23.4,4.4,1,2.28,5.0
0007660,0002768,0000088,2025-01-13 03:56:51,99700,0,99700,0,32.8,30.2,2.6,1,0.69,5.0
0007661,0002800,0000063,2025-01-09 06:25:47,66000,0,66000,0,44.2,40.5,3.7,1,11.43,5.0
0007662,0002797,0000088,2025-01-03 19:03:34,19500,0,19500,0,26.1,29.6,-3.5,0,1.23,5.0
0007663,0002769,0000060,2025-01-08 02:54:18,59700,0,59700,0,43.2,43.8,-0.6,0,12.61,5.0
0007664,0002699,0000068,2025-01-27 15:10:17,87000,0,87000,0,45.3,45.2,0.1,1,9.0,5.0
0007665,0002822,0000067,2025-01-28 11:45:15,20100,1000,19100,1,47.7,50.2,-2.5,0,5.39,5.0
0007666,0002827,0000064,2025-01-17 12:26:08,48300,0,48300,0,44.7,44.400000000000006,0.3,1,10.35,5.0
0007667,0002709,0000050,2025-01-14 11:41:21,27300,0,27300,0,34.6,39.1,-4.5,0,4.91,3.0
0007668,0002679,0000066,2025-01-20 13:38:13,10100,0,10100,0,25.0,22.6,2.4,1,11.89,5.0
0007669,0002682,0000042,2025-01-05 05:55:51,39200,0,39200,0,44.7,43.7,1.0,1,14.96,5.0
0007670,0002751,0000003,2025-01-06 03:05:53,55100,0,55100,0,48.3,45.7,2.6,1,3.18,5.0
0007671,0002700,0000093,2025-01-01 06:54:41,35100,0,35100,0,34.1,33.0,1.1,1,6.51,5.0
0007672,0002759,0000099,2025-01-06 15:19:23,73000,5000,68000,1,31.2,37.2,-6.0,0,1.89,5.0
0007673,0002678,0000050,2025-01-26 07:37:52,12500,0,12500,0,42.3,46.9,-4.6,0,11.67,5.0
0007674,0002892,0000082,2025-01-20 03:29:39,54400,2000,52400,1,31.5,32.2,-0.7,0,10.23,5.0
0007675,0002990,0000041,2025-01-28 11:25:07,27500,1000,26500,1,26.8,20.9,5.9,1,5.92,5.0
0007676,0002947,0000026,2025-01-30 14:19:11,77200,5000,72200,1,37.4,35.4,2.0,1,2.42,5.0
0007677,0002850,0000062,2025-01-26 20:18:04,33700,1000,32700,1,37.4,38.9,-1.5,0,5.9,5.0
0007678,0002995,0000040,2025-01-29 01:05:07,47000,2000,45000,1,22.5,30.9,-8.4,0,11.68,5.0
0007679,0002926,0000015,2025-01-27 20:58:18,56200,2000,54200,1,39.5,44.2,-4.7,0,6.7,5.0
0007680,0002994,0000005,2025-01-27 15:37:01,16700,500,16200,1,26.0,12.4,13.6,1,7.32,1.0
0007681,0002909,0000098,2025-01-20 23:42:16,38500,1000,37500,1,22.5,17.0,5.5,1,2.83,5.0
0007682,0002917,0000045,2025-01-22 04:33:55,36100,1000,35100,1,43.8,45.6,-1.8,0,5.68,4.0
0007683,0002953,0000068,2025-01-26 02:20:23,36100,1000,35100,1,45.6,38.8,6.8,1,9.12,5.0
0007684,0002971,0000014,2025-01-31 07:52:01,8800,500,8300,1,26.1,11.4,14.7,1,9.53,5.0
0007685,0002911,0000005,2025-01-24 00:04:59,94100,5000,89100,1,36.8,30.4,6.4,1,11.09,5.0
0007686,0002977,0000088,2025-01-30 23:06:16,18000,500,17500,1,24.4,30.7,-6.3,0,6.92,5.0
0007687,0002868,0000031,2025-01-31 02:46:07,26900,1000,25900,1,39.8,25.0,14.8,1,6.56,5.0
0007688,0002931,0000078,2025-01-31 07:40:36,7400,500,6900,1,32.3,34.6,-2.3,0,2.09,5.0
0007689,0002863,0000020,2025-01-15 14:35:55,94500,5000,89500,1,48.9,41.9,7.0,1,6.37,5.0
0007690,0002859,0000002,2025-01-25 05:53:13,46600,2000,44600,1,41.0,47.5,-6.5,0,2.55,5.0
0007691,0002935,0000013,2025-01-21 18:48:08,30400,1000,29400,1,24.3,32.4,-8.1,0,1.68,5.0
0007692,0003019,0000040,2025-01-31 11:06:41,98700,5000,93700,1,40.1,32.0,8.1,1,10.65,5.0
0007693,0002896,0000047,2025-01-25 18:24:15,12700,500,12200,1,26.8,13.8,13.0,1,6.84,5.0
0007694,0002962,0000052,2025-01-31 13:04:50,37700,1000,36700,1,41.7,34.2,7.5,1,1.06,5.0
0007695,0003008,0000064,2025-01-31 22:36:26,99500,5000,94500,1,45.6,38.5,7.1,1,12.82,5.0
0007696,0002958,0000065,2025-01-23 05:11:46,34300,1000,33300,1,47.2,44.0,3.2,1,1.78,5.0
0007697,0002943,0000038,2025-01-22 07:27:26,70800,5000,65800,1,35.1,39.9,-4.8,0,1.96,5.0
0007698,0003012,0000029,2025-01-31 03:13:29,20700,1000,19700,1,41.4,45.3,-3.9,0,3.13,4.0
0007699,0002901,0000075,2025-01-28 08:24:38,42400,2000,40400,1,23.4,25.6,-2.2,0,4.67,4.0
0007700,0002915,0000078,2025-01-22 04:45:41,70500,5000,65500,1,33.3,37.2,-3.9,0,11.03,5.0
0007701,0002956,0000079,2025-01-28 12:15:26,39700,1000,38700,1,25.2,27.3,-2.1,0,12.99,5.0
0007702,0003003,0000053,2025-01-29 03:14:45,76700,5000,71700,1,38.1,24.4,13.7,1,8.13,5.0
0007703,0002889,0000072,2025-01-12 19:46:49,54200,2000,52200,1,26.0,28.4,-2.4,0,14.13,5.0
0007704,0002886,0000021,2025-01-20 01:15:21,99600,5000,94600,1,48.6,37.8,10.8,1,11.82,5.0
0007705,0002835,0000026,2025-01-04 09:38:54,86400,5000,81400,1,46.2,33.3,12.9,1,0.76,5.0
0007706,0002912,0000074,2025-01-27 13:31:16,81800,5000,76800,1,30.1,32.4,-2.3,0,11.8,5.0
0007707,0002972,0000050,2025-01-25 15:16:44,75500,5000,70500,1,23.5,25.0,-1.5,0,7.7,5.0
0007708,0002861,0000079,2025-01-05 14:00:23,69200,5000,64200,1,25.1,20.8,4.3,1,7.56,5.0
0007709,0002950,0000052,2025-01-20 15:23:35,33500,1000,32500,1,25.1,19.2,5.9,1,14.67,5.0
0007710,0002922,0000065,2025-01-28 08:41:47,78100,5000,73100,1,22.6,17.5,5.1,1,1.39,5.0
0007711,0002920,0000035,2025-01-18 00:44:48,18200,500,17700,1,42.8,48.8,-6.0,0,2.99,5.0
0007712,0003016,0000046,2025-01-31 17:50:33,72400,5000,67400,1,47.1,53.3,-6.2,0,10.12,5.0
0007713,0003023,0000018,2025-01-31 15:43:15,27400,1000,26400,1,34.7,40.9,-6.2,0,6.0,5.0
0007714,0002866,0000001,2025-01-06 15:35:51,35700,1000,34700,1,36.3,38.9,-2.6,0,6.39,5.0
0007715,0002921,0000098,2025-01-19 10:24:41,73300,5000,68300,1,29.4,16.6,12.8,1,5.33,5.0
0007716,0002841,0000009,2025-01-12 02:31:48,62800,5000,57800,1,25.6,20.3,5.3,1,13.9,5.0
0007717,0002851,0000059,2025-01-14 07:32:18,79800,5000,74800,1,44.7,45.6,-0.9,0,10.77,5.0
0007718,0003018,0000025,2025-01-31 04:04:21,65000,5000,60000,1,36.3,33.0,3.3,1,14.2,5.0
0007719,0002875,0000091,2025-01-20 18:33:48,70000,5000,65000,1,47.7,39.7,8.0,1,5.24,5.0
0007720,0002872,0000100,2025-01-15 01:44:31,50300,2000,48300,1,32.7,23.0,9.7,1,6.55,3.0
0007721,0002879,0000032,2025-01-22 15:20:55,89100,5000,84100,1,46.6,37.6,9.0,1,11.5,3.0
0007722,0002985,0000049,2025-01-26 01:13:36,32000,1000,31000,1,22.0,26.4,-4.4,0,11.74,5.0
0007723,0002910,0000097,2025-01-19 03:07:51,36500,1000,35500,1,37.4,41.5,-4.1,0,14.89,5.0
0007724,0002897,0000013,2025-01-16 13:06:00,83300,5000,78300,1,26.6,32.6,-6.0,0,11.38,5.0
0007725,0002942,0000015,2025-01-28 01:35:16,75700,5000,70700,1,24.2,13.5,10.7,1,8.27,1.0
0007726,0002856,0000046,2025-01-07 19:11:22,50400,2000,48400,1,35.5,28.6,6.9,1,0.97,5.0
0007727,0002999,0000091,2025-01-30 06:11:42,20400,1000,19400,1,25.2,26.6,-1.4,0,4.69,1.0
0007728,0002867,0000031,2025-01-08 20:22:54,80700,5000,75700,1,37.8,40.9,-3.1,0,1.31,1.0
0007729,0002848,0000061,2025-01-03 01:34:47,65400,5000,60400,1,46.7,49.5,-2.8,0,1.4,5.0
0007730,0002986,0000063,2025-01-31 23:32:01,78600,5000,73600,1,37.8,42.3,-4.5,0,3.05,5.0
0007731,0002925,0000096,2025-01-18 17:52:35,90500,5000,85500,1,23.7,32.3,-8.6,0,5.17,5.0
0007732,0003013,0000042,2025-01-30 10:33:36,69400,5000,64400,1,33.6,20.5,13.1,1,2.66,5.0
0007733,0002902,0000004,2025-01-24 08:14:07,85500,5000,80500,1,37.1,29.8,7.3,1,9.34,5.0
0007734,0002913,0000019,2025-01-26 23:47:20,43100,2000,41100,1,20.1,22.8,-2.7,0,11.01,5.0
0007735,0003010,0000005,2025-01-29 18:32:11,26400,1000,25400,1,28.4,15.1,13.3,1,5.59,5.0
0007736,0002832,0000027,2025-01-16 04:31:16,44400,2000,42400,1,25.4,28.1,-2.7,0,5.37,3.0
0007737,0002991,0000080,2025-01-29 05:01:59,21600,1000,20600,1,23.3,18.4,4.9,1,1.14,5.0
0007738,0002847,0000066,2025-01-06 11:21:32,7900,500,7400,1,39.3,25.2,14.1,1,6.35,5.0
0007739,0002939,0000027,2025-01-21 07:41:41,10000,500,9500,1,20.7,23.9,-3.2,0,4.05,5.0
0007740,0003014,0000009,2025-01-30 10:31:56,49500,2000,47500,1,29.6,36.7,-7.1,0,7.36,5.0
0007741,0002928,0000052,2025-01-18 06:44:00,30000,1000,29000,1,38.0,26.5,11.5,1,11.76,5.0
0007742,0002932,0000081,2025-01-27 00:04:49,59000,2000,57000,1,34.5,35.2,-0.7,0,14.91,5.0
0007743,0003007,0000003,2025-01-29 09:40:07,59100,2000,57100,1,44.6,45.8,-1.2,0,10.68,5.0
0007744,0002974,0000044,2025-01-25 10:06:38,94900,5000,89900,1,22.7,29.3,-6.6,0,13.31,5.0
0007745,0002964,0000028,2025-01-31 22:32:13,94700,5000,89700,1,48.1,56.4,-8.3,0,13.95,4.0
0007746,0002895,0000087,2025-01-29 02:39:37,48600,2000,46600,1,35.5,41.3,-5.8,0,14.27,5.0
0007747,0002944,0000090,2025-01-22 04:10:04,43100,2000,41100,1,28.9,30.7,-1.8,0,1.54,5.0
0007748,0002857,0000098,2025-01-06 05:22:47,49700,2000,47700,1,32.6,32.9,-0.3,0,5.84,4.0
0007749,0002869,0000077,2025-01-15 14:19:52,35100,1000,34100,1,35.0,37.5,-2.5,0,3.63,5.0
0007750,0003015,0000079,2025-01-31 18:17:58,73500,5000,68500,1,42.8,52.7,-9.9,0,2.23,5.0
0007751,0002829,0000054,2025-01-22 01:07:25,89400,5000,84400,1,30.4,37.7,-7.3,0,7.26,5.0
0007752,0002885,0000082,2025-01-27 20:32:21,46600,2000,44600,1,38.9,38.9,-0.0,0,5.91,5.0
0007753,0003020,0000034,2025-01-31 06:46:43,31900,1000,30900,1,26.4,22.9,3.5,1,13.59,5.0
0007754,0002936,0000019,2025-01-30 00:00:23,48000,2000,46000,1,41.9,50.7,-8.8,0,14.28,5.0
0007755,0002862,0000005,2025-01-20 11:18:09,58000,2000,56000,1,32.4,22.6,9.8,1,6.1,5.0
0007756,0002951,0000085,2025-01-21 01:39:23,27100,1000,26100,1,41.4,37.0,4.4,1,1.61,5.0
0007757,0002919,0000036,2025-01-20 14:00:51,31800,1000,30800,1,45.1,49.2,-4.1,0,10.28,5.0
0007758,0002876,0000025,2025-01-20 10:38:22,52700,2000,50700,1,48.1,57.2,-9.1,0,4.59,5.0
0007759,0002899,0000055,2025-01-24 16:20:33,81900,5000,76900,1,32.7,33.8,-1.1,0,4.79,5.0
0007760,0002831,0000062,2025-01-29 03:54:10,86400,5000,81400,1,32.1,17.1,15.0,1,11.09,5.0
0007761,0002854,0000092,2025-01-13 01:40:11,27200,1000,26200,1,37.6,44.1,-6.5,0,10.23,5.0
0007762,0002989,0000058,2025-01-29 09:12:34,39800,1000,38800,1,49.6,45.5,4.1,1,14.49,5.0
0007763,0002864,0000087,2025-01-22 21:37:09,7400,500,6900,1,27.0,27.9,-0.9,0,6.66,5.0
0007764,0002940,0000068,2025-01-24 20:49:02,39700,1000,38700,1,33.6,28.2,5.4,1,10.29,5.0
0007765,0003001,0000062,2025-01-28 11:05:42,16000,500,15500,1,31.3,39.8,-8.5,0,13.34,5.0
0007766,0003009,0000001,2025-01-29 07:43:35,59900,2000,57900,1,21.6,13.1,8.5,1,11.61,5.0
0007767,0002959,0000044,2025-01-30 03:46:10,78600,5000,73600,1,39.5,45.6,-6.1,0,12.93,5.0
0007768,0002870,0000029,2025-01-15 18:10:23,11200,500,10700,1,44.9,40.9,4.0,1,2.01,4.0
0007769,0002914,0000063,2025-01-22 10:09:57,87800,5000,82800,1,24.1,27.8,-3.7,0,12.99,5.0
0007770,0002834,0000045,2025-01-28 23:49:35,55100,2000,53100,1,44.7,33.6,11.1,1,7.67,4.0
0007771,0002837,0000053,2025-01-16 07:24:10,35700,1000,34700,1,35.2,30.8,4.4,1,12.33,5.0
0007772,0003017,0000032,2025-01-31 17:13:06,23300,1000,22300,1,28.4,17.6,10.8,1,8.12,5.0
0007773,0002998,0000067,2025-01-30 19:25:12,73200,5000,68200,1,38.2,25.8,12.4,1,11.49,4.0
0007774,0002839,0000061,2025-01-30 12:53:56,57000,2000,55000,1,27.2,33.1,-5.9,0,10.66,4.0
0007775,0002924,0000007,2025-01-27 09:00:53,7500,500,7000,1,40.3,45.5,-5.2,0,11.45,5.0
0007776,0002881,0000012,2025-01-18 03:30:15,22700,1000,21700,1,36.2,22.9,13.3,1,4.3,5.0
0007777,0002955,0000070,2025-01-30 10:13:16,51800,2000,49800,1,44.1,50.8,-6.7,0,12.01,5.0
0007778,0002941,0000042,2025-01-29 14:49:36,27900,1000,26900,1,30.5,28.5,2.0,1,4.29,5.0
0007779,0002978,0000074,2025-01-30 18:43:23,62800,5000,57800,1,27.7,31.8,-4.1,0,11.24,5.0
0007780,0002852,0000088,2025-01-04 18:21:01,73300,5000,68300,1,35.5,26.8,8.7,1,2.27,5.0
0007781,0002906,0000094,2025-01-17 08:25:56,98500,5000,93500,1,36.4,37.0,-0.6,0,1.3,5.0
0007782,0002918,0000091,2025-01-29 16:55:03,35700,1000,34700,1,26.1,29.8,-3.7,0,3.08,5.0
0007783,0003011,0000075,2025-01-29 23:26:15,45400,2000,43400,1,36.6,41.2,-4.6,0,9.45,5.0
0007784,0002904,0000066,2025-01-19 19:10:27,11500,500,11000,1,46.3,41.9,4.4,1,6.55,5.0
0007785,0002846,0000086,2025-01-16 01:35:52,58300,2000,56300,1,45.0,47.0,-2.0,0,13.19,5.0
0007786,0002954,0000019,2025-01-23 16:37:00,86400,5000,81400,1,20.1,8.3,11.8,1,8.65,5.0
0007787,0002878,0000071,2025-01-26 07:10:42,51600,2000,49600,1,25.6,29.8,-4.2,0,9.43,5.0
0007788,0002849,0000040,2025-01-27 00:00:39,88400,5000,83400,1,31.3,39.3,-8.0,0,13.73,5.0
0007789,0002981,0000046,2025-01-31 18:38:23,99100,5000,94100,1,22.4,12.1,10.3,1,1.04,5.0
0007790,0002966,0000021,2025-01-24 18:13:57,57400,2000,55400,1,46.1,49.4,-3.3,0,10.86,5.0
0007791,0002916,0000063,2025-01-29 02:52:53,66100,5000,61100,1,38.8,43.5,-4.7,0,6.39,5.0
0007792,0002884,0000078,2025-01-11 19:51:09,77700,5000,72700,1,21.9,7.0,14.9,1,13.18,5.0
0007793,0002973,0000050,2025-01-29 15:35:01,36900,1000,35900,1,35.9,26.6,9.3,1,2.96,5.0
0007794,0002880,0000052,2025-01-28 19:20:59,59400,2000,57400,1,29.7,38.3,-8.6,0,6.95,5.0
0007795,0002883,0000094,2025-01-23 23:30:35,68100,5000,63100,1,37.5,41.5,-4.0,0,4.3,5.0
0007796,0002992,0000087,2025-01-28 07:39:31,35100,1000,34100,1,36.4,26.0,10.4,1,9.15,5.0
0007797,0002952,0000043,2025-01-22 05:06:34,90200,5000,85200,1,22.7,11.2,11.5,1,3.16,5.0
0007798,0002945,0000045,2025-01-28 16:36:30,71400,5000,66400,1,22.8,26.9,-4.1,0,8.81,5.0
0007799,0002993,0000044,2025-01-31 15:33:10,17800,500,17300,1,36.1,41.6,-5.5,0,1.94,3.0
0007800,0002975,0000086,2025-01-29 20:41:24,44400,2000,42400,1,20.3,25.9,-5.6,0,5.62,5.0
0007801,0002860,0000058,2025-01-23 22:07:53,32300,1000,31300,1,35.9,28.4,7.5,1,10.38,5.0
0007802,0002853,0000058,2025-01-31 07:24:49,94400,5000,89400,1,29.5,20.2,9.3,1,0.89,5.0
0007803,0002891,0000004,2025-01-26 15:38:42,65000,5000,60000,1,46.8,39.1,7.7,1,7.03,5.0
0007804,0002970,0000068,2025-01-27 16:16:22,59600,2000,57600,1,23.5,31.0,-7.5,0,7.43,5.0
0007805,0002873,0000036,2025-01-20 21:47:41,99700,5000,94700,1,49.7,36.9,12.8,1,14.07,5.0
0007806,0003005,0000083,2025-01-30 09:00:04,77200,5000,72200,1,34.6,37.6,-3.0,0,5.9,5.0
0007807,0002888,0000041,2025-01-29 10:16:00,64800,5000,59800,1,20.8,21.2,-0.4,0,2.08,5.0
0007808,0002900,0000038,2025-01-24 00:44:41,67800,5000,62800,1,37.4,40.3,-2.9,0,3.28,5.0
0007809,0002887,0000025,2025-01-28 10:50:53,96200,5000,91200,1,43.9,38.8,5.1,1,6.12,5.0
0007810,0002976,0000063,2025-01-27 17:20:18,33900,1000,32900,1,28.3,36.1,-7.8,0,3.32,4.0
0007811,0002963,0000075,2025-01-28 14:07:37,34300,1000,33300,1,37.1,24.6,12.5,1,5.33,5.0
0007812,0002905,0000073,2025-01-23 20:10:59,12200,500,11700,1,47.8,40.0,7.8,1,11.75,5.0
0007813,0003006,0000096,2025-01-29 22:11:54,81700,5000,76700,1,41.4,28.9,12.5,1,8.04,5.0
0007814,0002965,0000079,2025-01-26 11:49:01,20300,1000,19300,1,25.8,17.7,8.1,1,5.84,5.0
0007815,0002894,0000063,2025-01-27 09:12:32,7600,500,7100,1,22.6,16.9,5.7,1,5.02,3.0
0007816,0002967,0000072,2025-01-31 16:08:47,84100,5000,79100,1,42.1,50.2,-8.1,0,4.31,5.0
0007817,0002982,0000070,2025-01-27 13:25:31,93300,5000,88300,1,21.1,26.4,-5.3,0,10.36,5.0
0007818,0002937,0000084,2025-01-19 01:08:49,39400,1000,38400,1,28.5,24.0,4.5,1,9.02,4.0
0007819,0002938,0000093,2025-01-27 15:55:01,95400,5000,90400,1,47.3,49.1,-1.8,0,6.29,5.0
0007820,0002898,0000056,2025-01-15 09:18:12,37300,1000,36300,1,45.6,40.7,4.9,1,2.14,5.0
0007821,0003000,0000096,2025-01-31 16:32:21,83800,5000,78800,1,47.1,56.2,-9.1,0,4.68,5.0
0007822,0002893,0000043,2025-01-31 10:45:10,34900,1000,33900,1,20.6,15.6,5.0,1,3.98,5.0
0007823,0002948,0000026,2025-01-28 04:08:29,51700,2000,49700,1,27.6,21.7,5.9,1,12.81,5.0
0007824,0002927,0000041,2025-01-17 07:06:21,84600,5000,79600,1,47.3,54.5,-7.2,0,12.82,5.0
0007825,0002830,0000087,2025-01-13 09:06:34,82000,5000,77000,1,28.0,20.7,7.3,1,9.41,5.0
0007826,0002845,0000051,2025-01-28 15:25:23,39100,1000,38100,1,33.9,27.4,6.5,1,6.51,5.0
0007827,0002903,0000088,2025-01-23 16:32:06,72400,5000,67400,1,28.4,31.9,-3.5,0,13.26,5.0
0007828,0002957,0000068,2025-01-30 06:40:48,42700,2000,40700,1,22.8,14.2,8.6,1,11.76,5.0
0007829,0002968,0000057,2025-01-25 10:10:11,82800,5000,77800,1,25.8,28.2,-2.4,0,1.73,1.0
0007830,0002888,0000086,2025-02-24 10:07:31,41200,0,41200,0,45.0,45.5,-0.5,0,10.54,5.0
0007831,0002908,0000041,2025-02-26 05:40:34,73300,5000,68300,1,46.6,54.1,-7.5,0,5.2,5.0
0007832,0002900,0000076,2025-02-12 11:23:43,81700,0,81700,0,39.6,36.0,3.6,1,3.59,3.0
0007833,0002938,0000063,2025-02-13 20:28:52,84000,0,84000,0,21.0,25.1,-4.1,0,8.84,5.0
0007834,0002877,0000075,2025-02-16 17:08:02,68700,0,68700,0,32.6,27.8,4.8,1,9.4,5.0
0007835,0002972,0000086,2025-02-14 16:42:00,35300,0,35300,0,31.3,31.7,-0.4,0,13.8,5.0
0007836,0002985,0000048,2025-02-26 08:19:39,14900,0,14900,0,48.7,51.7,-3.0,0,8.8,5.0
0007837,0002936,0000021,2025-02-04 00:40:37,89500,0,89500,0,42.7,44.400000000000006,-1.7,0,10.58,4.0
0007838,0003022,0000042,2025-02-08 03:40:59,33700,1000,32700,1,44.4,54.1,-9.7,0,1.66,5.0
0007839,0002858,0000080,2025-02-05 05:34:44,67700,5000,62700,1,33.1,19.7,13.4,1,3.53,5.0
0007840,0002915,0000076,2025-02-09 06:35:33,57800,0,57800,0,27.5,24.3,3.2,1,0.91,5.0
0007841,0002912,0000090,2025-02-04 11:59:15,13200,0,13200,0,35.4,35.0,0.4,1,6.82,5.0
0007842,0002880,0000091,2025-02-11 20:23:01,48900,0,48900,0,24.1,19.9,4.2,1,12.57,5.0
0007843,0002986,0000071,2025-02-09 08:13:28,53300,0,53300,0,46.3,41.7,4.6,1,6.41,5.0
0007844,0002943,0000094,2025-02-18 00:39:04,19900,0,19900,0,39.3,43.7,-4.4,0,6.37,5.0
0007845,0002980,0000074,2025-02-02 18:09:30,23800,1000,22800,1,23.6,24.6,-1.0,0,12.18,3.0
0007846,0002851,0000059,2025-02-20 23:10:07,31700,0,31700,0,38.4,39.2,-0.8,0,11.58,5.0
0007847,0002970,0000040,2025-02-25 21:11:46,58300,0,58300,0,28.1,27.0,1.1,1,2.02,5.0
0007848,0002871,0000010,2025-02-12 17:46:56,54900,2000,52900,1,37.3,38.8,-1.5,0,2.98,5.0
0007849,0002967,0000083,2025-02-04 15:32:10,62400,0,62400,0,24.6,21.8,2.8,1,9.17,5.0
0007850,0002934,0000027,2025-02-18 06:03:36,51600,2000,49600,1,47.1,47.6,-0.5,0,12.61,5.0
0007851,0002906,0000047,2025-02-19 11:48:15,99500,0,99500,0,33.5,36.2,-2.7,0,2.48,5.0
0007852,0002949,0000062,2025-02-13 03:04:25,87000,5000,82000,1,21.4,27.6,-6.2,0,8.21,4.0
0007853,0002846,0000014,2025-02-08 05:52:46,22700,0,22700,0,31.1,31.9,-0.8,0,13.92,5.0
0007854,0002968,0000011,2025-02-02 21:21:07,69300,0,69300,0,42.3,44.4,-2.1,0,13.94,1.0
0007855,0002927,0000019,2025-02-08 04:25:20,53300,0,53300,0,47.6,47.0,0.6,1,11.62,4.0
0007856,0002930,0000094,2025-02-10 14:53:17,7500,500,7000,1,36.4,42.7,-6.3,0,4.78,5.0
0007857,0002988,0000052,2025-02-23 10:06:23,48700,2000,46700,1,21.5,24.2,-2.7,0,14.38,5.0
0007858,0002839,0000014,2025-02-19 08:19:18,96000,0,96000,0,32.3,32.5,-0.2,0,2.34,5.0
0007859,0002901,0000024,2025-02-12 23:43:45,85800,0,85800,0,37.9,33.0,4.9,1,4.23,5.0
0007860,0002932,0000011,2025-02-25 05:52:15,49700,0,49700,0,41.1,42.2,-1.1,0,11.79,5.0
0007861,0002987,0000076,2025-02-24 03:44:39,46400,2000,44400,1,42.8,28.0,14.8,1,4.02,5.0
0007862,0003005,0000087,2025-02-05 00:46:55,60600,0,60600,0,36.1,38.4,-2.3,0,2.25,5.0
0007863,0002917,0000053,2025-02-13 07:06:29,18700,0,18700,0,39.7,38.1,1.6,1,2.96,5.0
0007864,0002885,0000085,2025-02-22 21:17:38,36700,0,36700,0,22.9,22.9,0.0,0,13.71,5.0
0007865,0002924,0000083,2025-02-19 22:33:16,58900,0,58900,0,35.4,38.4,-3.0,0,14.86,5.0
0007866,0002955,0000057,2025-02-18 09:12:14,36900,0,36900,0,32.5,27.9,4.6,1,2.4,5.0
0007867,0002867,0000031,2025-02-20 20:07:55,9600,0,9600,0,47.8,49.3,-1.5,0,11.51,5.0
0007868,0002829,0000074,2025-02-07 01:14:33,16900,0,16900,0,31.9,29.6,2.3,1,5.78,5.0
0007869,0003001,0000058,2025-02-14 19:32:19,39100,0,39100,0,39.4,41.2,-1.8,0,13.46,5.0
0007870,0002941,0000030,2025-02-24 18:06:30,80300,0,80300,0,49.6,46.6,3.0,1,1.77,5.0
0007871,0002836,0000034,2025-02-18 01:09:51,79000,5000,74000,1,21.1,7.3,13.8,1,11.04,5.0
0007872,0002976,0000099,2025-02-17 03:17:21,26800,0,26800,0,35.4,34.5,0.9,1,5.32,5.0
0007873,0002886,0000081,2025-02-28 10:01:01,91300,0,91300,0,21.7,21.4,0.3,1,14.43,5.0
0007874,0002974,0000060,2025-02-24 05:12:55,28300,0,28300,0,45.1,47.5,-2.4,0,14.84,5.0
0007875,0002977,0000071,2025-02-04 20:57:24,56100,0,56100,0,35.1,30.4,4.7,1,2.97,4.0
0007876,0002849,0000065,2025-02-27 22:59:51,71600,0,71600,0,41.3,46.3,-5.0,0,7.05,5.0
0007877,0003014,0000075,2025-02-04 10:07:52,77400,0,77400,0,35.8,39.0,-3.2,0,7.14,5.0
0007878,0002975,0000094,2025-02-27 10:39:32,17000,0,17000,0,43.1,45.3,-2.2,0,13.73,5.0
0007879,0002966,0000016,2025-02-15 17:01:59,16200,0,16200,0,26.9,22.6,4.3,1,8.06,5.0
0007880,0002840,0000001,2025-02-05 03:23:17,54400,2000,52400,1,32.4,36.9,-4.5,0,12.32,5.0
0007881,0003012,0000094,2025-02-27 15:42:32,42400,0,42400,0,30.7,34.0,-3.3,0,0.85,5.0
0007882,0002916,0000006,2025-02-04 05:18:08,89700,0,89700,0,30.3,25.5,4.8,1,2.7,5.0
0007883,0002883,0000092,2025-02-02 12:09:07,81000,0,81000,0,25.4,22.1,3.3,1,4.22,5.0
0007884,0002848,0000080,2025-02-01 16:35:42,76700,0,76700,0,44.1,45.2,-1.1,0,6.54,5.0
0007885,0002982,0000034,2025-02-26 00:51:20,33500,0,33500,0,28.5,30.9,-2.4,0,4.47,5.0
0007886,0002926,0000042,2025-02-21 14:48:46,23700,0,23700,0,45.8,42.2,3.6,1,11.82,5.0
0007887,0002895,0000031,2025-02-07 23:36:42,20100,0,20100,0,49.8,48.9,0.9,1,12.22,4.0
0007888,0002995,0000007,2025-02-10 14:01:22,35100,0,35100,0,38.5,41.4,-2.9,0,9.49,5.0
0007889,0002844,0000011,2025-02-22 21:58:20,24500,1000,23500,1,23.4,30.8,-7.4,0,11.64,5.0
0007890,0003016,0000094,2025-02-26 05:18:39,46700,0,46700,0,39.5,40.0,-0.5,0,3.05,5.0
0007891,0003004,0000045,2025-02-02 06:03:30,65800,5000,60800,1,20.2,29.1,-8.9,0,4.04,5.0
0007892,0002981,0000048,2025-02-12 14:00:10,95800,0,95800,0,33.4,38.2,-4.8,0,14.4,1.0
0007893,0002919,0000029,2025-02-24 16:38:38,52200,0,52200,0,46.9,43.1,3.8,1,2.93,5.0
0007894,0002892,0000005,2025-02-25 19:53:10,58400,0,58400,0,27.7,26.9,0.8,1,0.95,5.0
0007895,0002876,0000084,2025-02-12 17:52:07,77800,0,77800,0,41.8,46.8,-5.0,0,14.68,5.0
0007896,0002897,0000080,2025-02-24 10:56:52,53100,0,53100,0,23.3,26.0,-2.7,0,1.42,5.0
0007897,0002996,0000035,2025-02-24 04:53:21,93900,5000,88900,1,31.0,34.1,-3.1,0,14.07,5.0
0007898,0003023,0000051,2025-02-22 03:09:34,81800,0,81800,0,31.1,29.1,2.0,1,7.49,1.0
0007899,0002854,0000093,2025-02-11 20:15:37,84200,0,84200,0,40.2,41.1,-0.9,0,8.17,5.0
0007900,0002991,0000015,2025-02-28 16:47:37,16700,0,16700,0,45.9,49.8,-3.9,0,11.83,5.0
0007901,0002913,0000088,2025-02-08 04:28:06,82600,0,82600,0,45.0,48.9,-3.9,0,14.65,4.0
0007902,0002956,0000025,2025-02-06 10:58:56,28100,0,28100,0,39.3,42.8,-3.5,0,2.35,5.0
0007903,0002960,0000015,2025-02-03 14:51:36,27600,1000,26600,1,23.9,10.2,13.7,1,10.83,5.0
0007904,0002939,0000071,2025-02-18 10:52:59,69700,0,69700,0,26.3,28.2,-1.9,0,2.54,5.0
0007905,0002881,0000059,2025-02-08 15:57:13,19200,0,19200,0,35.4,34.4,1.0,1,1.95,5.0
0007906,0002878,0000075,2025-02-02 11:00:41,50700,0,50700,0,31.9,26.9,5.0,1,4.2,5.0
0007907,0002925,0000023,2025-02-15 23:39:50,34900,0,34900,0,39.5,36.4,3.1,1,12.87,5.0
0007908,0002850,0000052,2025-02-27 17:28:26,99200,0,99200,0,25.9,27.3,-1.4,0,14.14,5.0
0007909,0002889,0000097,2025-02-08 09:12:19,92500,0,92500,0,48.8,49.9,-1.1,0,8.82,1.0
0007910,0002882,0000050,2025-02-15 11:07:48,70800,5000,65800,1,46.4,51.4,-5.0,0,6.52,5.0
0007911,0002899,0000008,2025-02-22 19:01:24,58600,0,58600,0,39.5,37.8,1.7,1,5.56,5.0
0007912,0002859,0000098,2025-02-19 08:56:40,77500,0,77500,0,36.6,34.300000000000004,2.3,1,7.05,5.0
0007913,0003002,0000055,2025-02-18 06:44:20,92900,5000,87900,1,32.6,37.9,-5.3,0,9.13,3.0
0007914,0003011,0000024,2025-02-19 15:59:03,90500,0,90500,0,45.6,45.3,0.3,1,1.54,5.0
0007915,0003007,0000081,2025-02-12 13:31:58,15800,0,15800,0,28.3,24.8,3.5,1,10.02,5.0
0007916,0002993,0000006,2025-02-28 04:46:39,56000,0,56000,0,46.5,51.1,-4.6,0,14.52,5.0
0007917,0003090,0000073,2025-02-13 04:16:18,27800,1000,26800,1,45.2,33.0,12.2,1,10.31,5.0
0007918,0003032,0000037,2025-02-04 04:01:21,26300,1000,25300,1,46.4,48.7,-2.3,0,14.34,4.0
0007919,0003139,0000096,2025-02-25 05:53:48,96500,5000,91500,1,23.0,15.9,7.1,1,11.29,5.0
0007920,0003043,0000044,2025-02-05 19:37:58,56500,2000,54500,1,24.3,27.9,-3.6,0,6.17,5.0
0007921,0003156,0000083,2025-02-27 08:32:36,94700,5000,89700,1,41.0,42.3,-1.3,0,4.5,5.0
0007922,0003188,0000046,2025-02-28 15:06:26,7400,500,6900,1,23.8,18.1,5.7,1,3.56,5.0
0007923,0003056,0000094,2025-02-25 08:35:50,55400,2000,53400,1,24.2,20.8,3.4,1,4.79,5.0
0007924,0003152,0000038,2025-02-23 19:21:33,49600,2000,47600,1,44.7,41.1,3.6,1,13.53,5.0
0007925,0003108,0000023,2025-02-22 08:13:19,31600,1000,30600,1,36.7,44.3,-7.6,0,11.77,5.0
0007926,0003057,0000008,2025-02-25 05:19:38,53300,2000,51300,1,22.9,17.0,5.9,1,1.73,5.0
0007927,0003106,0000017,2025-02-15 13:43:42,7100,500,6600,1,28.8,32.4,-3.6,0,7.47,5.0
0007928,0003191,0000034,2025-02-28 21:01:08,90300,5000,85300,1,39.6,29.9,9.7,1,2.2,4.0
0007929,0003136,0000042,2025-02-19 18:06:17,19200,500,18700,1,43.2,51.8,-8.6,0,0.92,5.0
0007930,0003061,0000098,2025-02-16 09:56:18,12600,500,12100,1,32.6,21.7,10.9,1,7.0,5.0
0007931,0003140,0000025,2025-02-24 20:21:15,10500,500,10000,1,47.3,49.1,-1.8,0,5.39,5.0
0007932,0003086,0000017,2025-02-14 07:19:01,91800,5000,86800,1,40.0,50.0,-10.0,0,11.17,5.0
0007933,0003048,0000009,2025-02-19 06:29:15,29400,1000,28400,1,26.5,16.3,10.2,1,13.52,5.0
0007934,0003066,0000011,2025-02-10 02:49:06,91900,5000,86900,1,31.5,24.8,6.7,1,7.11,5.0
0007935,0003178,0000044,2025-02-28 14:43:59,58500,2000,56500,1,42.3,42.9,-0.6,0,13.63,5.0
0007936,0003044,0000022,2025-02-23 18:57:27,52900,2000,50900,1,36.6,41.8,-5.2,0,2.65,5.0
0007937,0003151,0000093,2025-02-25 01:33:46,48000,2000,46000,1,29.7,27.6,2.1,1,1.55,5.0
0007938,0003126,0000074,2025-02-26 09:30:26,28400,1000,27400,1,43.8,44.2,-0.4,0,10.09,5.0
0007939,0003069,0000069,2025-02-10 02:14:29,59700,2000,57700,1,23.4,14.6,8.8,1,7.99,5.0
0007940,0003105,0000070,2025-02-26 14:20:05,81500,5000,76500,1,43.3,34.5,8.8,1,7.0,5.0
0007941,0003185,0000068,2025-02-28 14:26:35,7800,500,7300,1,20.7,23.7,-3.0,0,8.22,5.0
0007942,0003143,0000043,2025-02-24 18:46:39,76200,5000,71200,1,33.9,37.1,-3.2,0,7.03,5.0
0007943,0003173,0000042,2025-02-28 22:59:48,87200,5000,82200,1,44.1,50.6,-6.5,0,1.28,5.0
0007944,0003175,0000051,2025-02-26 17:29:11,37500,1000,36500,1,30.5,40.2,-9.7,0,12.45,5.0
0007945,0003169,0000009,2025-02-28 10:22:18,20800,1000,19800,1,38.1,30.5,7.6,1,1.67,5.0
0007946,0003051,0000045,2025-02-05 22:29:56,99500,5000,94500,1,46.9,40.9,6.0,1,5.76,5.0
0007947,0003088,0000009,2025-02-14 20:37:16,98100,5000,93100,1,27.7,24.8,2.9,1,12.54,5.0
0007948,0003109,0000013,2025-02-25 12:51:13,19100,500,18600,1,30.5,37.0,-6.5,0,5.66,5.0
0007949,0003122,0000072,2025-02-28 14:27:59,78900,5000,73900,1,33.5,23.8,9.7,1,6.13,5.0
0007950,0003045,0000008,2025-02-08 02:48:41,87000,5000,82000,1,20.2,28.4,-8.2,0,6.33,5.0
0007951,0003149,0000030,2025-02-22 10:37:34,10900,500,10400,1,35.7,28.6,7.1,1,0.61,5.0
0007952,0003063,0000078,2025-02-21 22:53:14,88400,5000,83400,1,32.8,23.3,9.5,1,5.22,5.0
0007953,0003123,0000078,2025-02-28 17:44:05,7300,500,6800,1,38.4,40.6,-2.2,0,5.25,5.0
0007954,0003072,0000098,2025-02-25 18:42:29,30300,1000,29300,1,39.6,47.2,-7.6,0,4.22,5.0
0007955,0003192,0000088,2025-02-28 16:22:34,33400,1000,32400,1,29.4,18.1,11.3,1,9.51,5.0
0007956,0003076,0000041,2025-02-28 21:04:07,53700,2000,51700,1,30.9,32.2,-1.3,0,1.61,5.0
0007957,0003095,0000051,2025-02-12 00:23:43,78600,5000,73600,1,39.4,27.0,12.4,1,5.69,5.0
0007958,0003074,0000090,2025-02-18 10:16:47,60800,5000,55800,1,47.8,43.4,4.4,1,0.79,5.0
0007959,0003055,0000034,2025-02-10 10:36:17,36100,1000,35100,1,21.4,16.3,5.1,1,3.23,4.0
0007960,0003097,0000077,2025-02-23 06:59:36,66600,5000,61600,1,48.7,49.7,-1.0,0,11.8,5.0
0007961,0003115,0000060,2025-02-16 16:29:38,12400,500,11900,1,32.5,35.4,-2.9,0,11.81,3.0
0007962,0003101,0000050,2025-02-23 22:49:30,12100,500,11600,1,35.4,38.4,-3.0,0,11.49,5.0
0007963,0003071,0000011,2025-02-21 15:22:10,23100,1000,22100,1,36.9,28.2,8.7,1,14.72,5.0
0007964,0003079,0000018,2025-02-27 13:03:51,65900,5000,60900,1,26.4,18.7,7.7,1,10.21,4.0
0007965,0003089,0000056,2025-02-22 13:03:12,15200,500,14700,1,44.0,45.3,-1.3,0,8.49,5.0
0007966,0003113,0000050,2025-02-24 16:44:52,32900,1000,31900,1,29.7,26.8,2.9,1,9.8,5.0
0007967,0003081,0000081,2025-02-14 03:04:02,74000,5000,69000,1,23.3,14.5,8.8,1,1.18,4.0
0007968,0003119,0000087,2025-02-23 01:04:11,73200,5000,68200,1,33.0,35.7,-2.7,0,12.33,4.0
0007969,0003060,0000015,2025-02-23 11:27:36,13600,500,13100,1,48.0,52.4,-4.4,0,5.37,5.0
0007970,0003098,0000062,2025-02-14 19:35:32,22000,1000,21000,1,35.8,31.5,4.3,1,14.71,5.0
0007971,0003172,0000042,2025-02-28 18:31:11,37900,1000,36900,1,29.2,20.6,8.6,1,7.62,4.0
0007972,0003059,0000044,2025-02-05 22:23:35,75300,5000,70300,1,44.4,53.7,-9.3,0,14.75,5.0
0007973,0003111,0000026,2025-02-27 19:23:08,35900,1000,34900,1,38.9,25.9,13.0,1,2.89,1.0
0007974,0003029,0000052,2025-02-07 19:54:18,42400,2000,40400,1,41.6,47.3,-5.7,0,5.7,5.0
0007975,0003170,0000050,2025-02-26 20:24:44,14200,500,13700,1,23.2,9.4,13.8,1,13.21,5.0
0007976,0003030,0000096,2025-02-19 08:34:23,28500,1000,27500,1,26.4,15.4,11.0,1,7.67,5.0
0007977,0003176,0000061,2025-02-27 18:23:01,41800,2000,39800,1,35.6,23.1,12.5,1,14.08,1.0
0007978,0003190,0000079,2025-02-28 16:02:09,47500,2000,45500,1,48.9,35.1,13.8,1,10.91,1.0
0007979,0003198,0000067,2025-02-28 06:55:58,77900,5000,72900,1,32.7,42.1,-9.4,0,8.45,5.0
0007980,0003099,0000097,2025-02-24 01:42:28,79300,5000,74300,1,22.1,12.9,9.2,1,7.41,5.0
0007981,0003096,0000017,2025-02-12 07:10:16,26000,1000,25000,1,25.5,31.6,-6.1,0,3.94,5.0
0007982,0003035,0000058,2025-02-03 17:20:13,49600,2000,47600,1,29.9,24.5,5.4,1,10.54,5.0
0007983,0003199,0000016,2025-02-28 09:32:06,17100,500,16600,1,26.8,22.3,4.5,1,11.94,5.0
0007984,0003033,0000054,2025-02-15 23:20:39,47000,2000,45000,1,29.7,18.7,11.0,1,5.22,5.0
0007985,0003114,0000037,2025-02-27 15:29:32,8400,500,7900,1,25.4,19.1,6.3,1,4.39,5.0
0007986,0003146,0000084,2025-02-27 08:52:42,32200,1000,31200,1,24.5,12.5,12.0,1,7.93,5.0
0007987,0003131,0000030,2025-02-26 08:49:28,66900,5000,61900,1,30.6,34.0,-3.4,0,2.31,5.0
0007988,0003075,0000005,2025-02-19 07:16:03,86700,5000,81700,1,26.2,18.8,7.4,1,3.63,5.0
0007989,0003049,0000040,2025-02-08 11:29:17,59100,2000,57100,1,30.6,32.6,-2.0,0,2.89,3.0
0007990,0003083,0000041,2025-02-17 08:35:37,16700,500,16200,1,26.3,26.6,-0.3,0,8.89,3.0
0007991,0003153,0000084,2025-02-24 01:34:45,34000,1000,33000,1,24.9,33.4,-8.5,0,11.98,5.0
0007992,0003127,0000083,2025-02-21 09:22:53,98000,5000,93000,1,41.6,29.4,12.2,1,0.68,5.0
0007993,0003179,0000087,2025-02-28 22:37:37,47300,2000,45300,1,29.9,23.3,6.6,1,12.5,5.0
0007994,0003065,0000087,2025-02-25 23:28:17,96600,5000,91600,1,30.7,21.3,9.4,1,11.96,5.0
0007995,0003142,0000080,2025-02-19 10:44:43,28400,1000,27400,1,38.0,46.0,-8.0,0,14.75,5.0
0007996,0003053,0000048,2025-02-08 06:19:54,38900,1000,37900,1,26.2,20.1,6.1,1,1.0,5.0
0007997,0003125,0000053,2025-02-22 19:13:44,35200,1000,34200,1,40.1,42.8,-2.7,0,6.16,5.0
0007998,0003128,0000062,2025-02-21 14:44:10,61200,5000,56200,1,46.0,40.2,5.8,1,14.31,5.0
0007999,0003080,0000093,2025-02-12 23:37:42,54100,2000,52100,1,20.7,13.8,6.9,1,7.53,5.0
0008000,0003186,0000082,2025-02-28 05:50:06,56600,2000,54600,1,25.4,31.0,-5.6,0,9.35,1.0
0008001,0003047,0000055,2025-02-16 17:27:13,11000,500,10500,1,25.9,11.3,14.6,1,8.11,5.0
0008002,0003132,0000050,2025-02-23 20:11:30,91600,5000,86600,1,37.7,41.6,-3.9,0,10.04,5.0
0008003,0003158,0000093,2025-02-25 18:03:38,97300,5000,92300,1,37.9,46.8,-8.9,0,6.75,5.0
0008004,0003092,0000098,2025-02-27 15:17:43,12300,500,11800,1,45.1,48.4,-3.3,0,8.65,4.0
0008005,0003177,0000047,2025-02-27 10:51:29,37800,1000,36800,1,22.7,13.0,9.7,1,13.39,5.0
0008006,0003181,0000082,2025-02-28 05:46:33,78200,5000,73200,1,41.7,49.1,-7.4,0,10.27,5.0
0008007,0003154,0000007,2025-02-28 11:35:15,21000,1000,20000,1,39.6,48.1,-8.5,0,3.32,5.0
0008008,0003054,0000056,2025-02-04 16:58:05,73300,5000,68300,1,24.4,31.3,-6.9,0,6.24,5.0
0008009,0003085,0000092,2025-02-10 11:58:29,81500,5000,76500,1,22.2,24.5,-2.3,0,6.09,4.0
0008010,0003028,0000081,2025-02-24 20:32:35,23500,1000,22500,1,42.3,47.6,-5.3,0,5.64,4.0
0008011,0003112,0000065,2025-02-20 05:26:35,27400,1000,26400,1,28.2,24.4,3.8,1,11.77,4.0
0008012,0003166,0000064,2025-02-26 10:59:51,53800,2000,51800,1,29.8,19.7,10.1,1,4.17,5.0
0008013,0003187,0000093,2025-02-27 15:30:42,28000,1000,27000,1,33.7,35.2,-1.5,0,11.51,5.0
0008014,0003129,0000041,2025-02-24 06:34:03,87100,5000,82100,1,25.0,13.2,11.8,1,13.39,4.0
0008015,0003124,0000002,2025-02-26 09:50:56,87100,5000,82100,1,36.7,21.9,14.8,1,13.22,5.0
0008016,0003036,0000087,2025-02-12 04:41:42,30000,1000,29000,1,32.4,25.7,6.7,1,14.02,5.0
0008017,0003197,0000015,2025-02-28 11:24:47,50100,2000,48100,1,21.4,8.9,12.5,1,9.06,5.0
0008018,0003134,0000076,2025-02-17 03:50:02,51600,2000,49600,1,26.0,35.2,-9.2,0,10.41,5.0
0008019,0003034,0000070,2025-02-21 13:48:24,24000,1000,23000,1,42.2,34.7,7.5,1,14.97,5.0
0008020,0003068,0000049,2025-02-09 08:04:33,93000,5000,88000,1,28.4,22.4,6.0,1,7.84,4.0
0008021,0003145,0000019,2025-02-20 02:12:04,45400,2000,43400,1,31.8,21.0,10.8,1,0.65,5.0
0008022,0003159,0000063,2025-02-27 03:15:45,15300,500,14800,1,42.7,35.2,7.5,1,9.7,5.0
0008023,0003064,0000096,2025-02-16 15:56:02,9300,500,8800,1,45.9,40.9,5.0,1,7.3,4.0
0008024,0003104,0000089,2025-02-13 19:58:09,56600,2000,54600,1,25.8,35.6,-9.8,0,2.55,5.0
0008025,0003130,0000039,2025-02-25 01:20:51,56100,2000,54100,1,21.1,25.8,-4.7,0,14.56,5.0
0008026,0003107,0000042,2025-02-21 18:34:50,91800,5000,86800,1,42.7,35.8,6.9,1,4.99,5.0
0008027,0003025,0000053,2025-02-12 15:30:36,80900,5000,75900,1,21.3,15.2,6.1,1,6.22,5.0
0008028,0003135,0000031,2025-02-23 14:20:24,8700,500,8200,1,44.4,41.3,3.1,1,1.53,4.0
0008029,0003073,0000081,2025-02-22 06:34:12,53200,2000,51200,1,27.6,15.7,11.9,1,0.74,5.0
0008030,0003082,0000023,2025-02-28 23:12:51,7700,500,7200,1,35.7,40.5,-4.8,0,6.57,5.0
0008031,0003163,0000049,2025-02-25 22:47:36,60900,5000,55900,1,48.8,53.5,-4.7,0,10.23,5.0
0008032,0003167,0000092,2025-02-25 14:48:21,43900,2000,41900,1,44.9,47.7,-2.8,0,8.95,5.0
0008033,0003182,0000091,2025-02-27 05:49:23,68200,5000,63200,1,44.4,47.1,-2.7,0,7.35,5.0
0008034,0003094,0000038,2025-02-28 20:19:28,12000,500,11500,1,33.6,38.5,-4.9,0,9.42,5.0
0008035,0003162,0000073,2025-02-28 21:18:01,86600,5000,81600,1,20.3,21.0,-0.7,0,8.76,5.0
0008036,0003084,0000010,2025-02-24 10:57:13,86600,5000,81600,1,33.5,28.9,4.6,1,10.45,5.0
0008037,0003078,0000045,2025-02-12 16:10:15,82100,5000,77100,1,32.8,36.7,-3.9,0,8.82,5.0
0008038,0003189,0000020,2025-02-28 23:40:48,45300,2000,43300,1,23.2,28.1,-4.9,0,0.92,5.0
0008039,0003118,0000009,2025-02-17 19:39:53,54700,2000,52700,1,40.1,29.7,10.4,1,2.13,5.0
0008040,0003161,0000025,2025-02-26 02:17:08,64000,5000,59000,1,43.9,39.6,4.3,1,2.44,5.0
0008041,0003087,0000076,2025-02-28 22:33:06,22400,1000,21400,1,22.1,22.2,-0.1,0,3.8,5.0
0008042,0003168,0000082,2025-02-28 05:06:08,78000,5000,73000,1,27.2,34.4,-7.2,0,2.09,5.0
0008043,0003110,0000077,2025-02-20 05:18:33,9400,500,8900,1,38.4,44.0,-5.6,0,5.06,5.0
0008044,0003141,0000067,2025-02-19 14:00:33,14100,500,13600,1,37.6,39.5,-1.9,0,11.22,5.0
0008045,0003183,0000034,2025-02-27 19:49:07,67600,5000,62600,1,45.8,39.0,6.8,1,7.48,5.0
0008046,0003155,0000035,2025-02-27 03:11:12,55400,2000,53400,1,36.2,37.7,-1.5,0,11.32,5.0
0008047,0003024,0000066,2025-02-21 03:04:54,30100,1000,29100,1,26.7,13.8,12.9,1,11.14,5.0
0008048,0003103,0000045,2025-02-26 09:03:33,15700,500,15200,1,39.3,48.3,-9.0,0,9.52,5.0
0008049,0003031,0000061,2025-02-27 08:27:49,57200,2000,55200,1,33.2,19.1,14.1,1,12.11,5.0
0008050,0003100,0000047,2025-02-17 22:32:03,91200,5000,86200,1,27.2,28.7,-1.5,0,7.46,5.0
0008051,0003037,0000049,2025-02-20 15:21:41,37800,1000,36800,1,30.8,24.4,6.4,1,11.86,5.0
0008052,0003133,0000045,2025-02-25 23:51:50,14200,500,13700,1,39.6,34.8,4.8,1,1.45,5.0
0008053,0003164,0000026,2025-02-27 05:20:54,68300,5000,63300,1,30.4,37.1,-6.7,0,10.87,5.0
0008054,0003121,0000003,2025-02-17 09:00:08,81600,5000,76600,1,30.5,21.8,8.7,1,13.68,5.0
0008055,0003144,0000027,2025-02-27 11:03:16,54000,2000,52000,1,27.9,17.6,10.3,1,9.36,5.0
0008056,0003046,0000099,2025-02-11 01:22:11,11500,500,11000,1,48.0,36.4,11.6,1,13.88,5.0
0008057,0003077,0000079,2025-02-20 19:49:05,17400,500,16900,1,49.7,51.9,-2.2,0,6.33,5.0
0008058,0003093,0000064,2025-02-16 18:49:59,38400,1000,37400,1,47.7,54.4,-6.7,0,1.38,5.0
0008059,0003060,0000035,2025-03-05 23:35:19,59000,0,59000,0,29.4,25.7,3.7,1,3.79,5.0
0008060,0003093,0000096,2025-03-03 18:32:44,12600,0,12600,0,25.6,28.4,-2.8,0,5.2,5.0
0008061,0003132,0000093,2025-03-09 09:08:52,71000,0,71000,0,42.3,46.0,-3.7,0,1.32,5.0
0008062,0003164,0000048,2025-03-01 23:53:13,53100,0,53100,0,26.0,30.2,-4.2,0,0.76,5.0
0008063,0003126,0000027,2025-03-18 21:25:57,46700,0,46700,0,23.3,21.1,2.2,1,9.65,1.0
0008064,0003189,0000079,2025-03-15 20:05:44,12300,0,12300,0,41.1,42.2,-1.1,0,9.74,3.0
0008065,0003089,0000062,2025-03-16 08:19:08,52600,0,52600,0,20.9,16.7,4.2,1,9.13,4.0
0008066,0003171,0000044,2025-03-14 20:00:21,89700,5000,84700,1,34.8,39.4,-4.6,0,6.17,5.0
0008067,0003094,0000013,2025-03-29 13:24:59,20600,0,20600,0,46.1,43.5,2.6,1,13.36,5.0
0008068,0003080,0000003,2025-03-24 04:21:24,57800,0,57800,0,27.4,28.7,-1.3,0,11.39,5.0
0008069,0003137,0000001,2025-03-20 22:49:01,35500,1000,34500,1,30.7,39.9,-9.2,0,1.61,5.0
0008070,0003077,0000019,2025-03-16 21:17:30,54800,0,54800,0,25.2,20.4,4.8,1,2.12,5.0
0008071,0003182,0000067,2025-03-03 11:39:04,79300,0,79300,0,39.6,43.7,-4.1,0,12.27,5.0
0008072,0003115,0000095,2025-03-12 07:43:28,59300,0,59300,0,49.6,46.0,3.6,1,3.06,5.0
0008073,0003142,0000044,2025-03-04 19:00:47,75400,0,75400,0,23.9,23.3,0.6,1,2.44,5.0
0008074,0003070,0000017,2025-03-28 18:42:57,79200,5000,74200,1,31.5,33.6,-2.1,0,1.65,5.0
0008075,0003140,0000020,2025-03-16 00:13:39,33000,0,33000,0,38.4,39.2,-0.8,0,7.6,5.0
0008076,0003175,0000085,2025-03-03 17:32:01,67000,0,67000,0,29.3,33.5,-4.2,0,11.67,5.0
0008077,0003062,0000058,2025-03-30 11:38:17,71500,5000,66500,1,27.0,27.6,-0.6,0,7.6,5.0
0008078,0003087,0000026,2025-03-07 14:08:43,78800,0,78800,0,29.5,30.7,-1.2,0,12.4,5.0
0008079,0003104,0000056,2025-03-15 04:37:10,32300,0,32300,0,42.4,44.6,-2.2,0,4.4,4.0
0008080,0003078,0000023,2025-03-16 06:36:42,88700,0,88700,0,38.6,37.6,1.0,1,6.27,5.0
0008081,0003181,0000085,2025-03-16 05:22:53,73200,0,73200,0,28.8,32.7,-3.9,0,12.27,5.0
0008082,0003054,0000098,2025-03-15 08:05:17,72900,0,72900,0,33.2,29.1,4.1,1,10.68,5.0
0008083,0003163,0000049,2025-03-10 19:07:37,85300,0,85300,0,41.5,41.0,0.5,1,3.87,5.0
0008084,0003168,0000066,2025-03-27 09:06:28,58000,0,58000,0,32.6,29.0,3.6,1,8.5,5.0
0008085,0003111,0000027,2025-03-21 16:56:53,93600,0,93600,0,24.1,26.200000000000003,-2.1,0,10.14,5.0
0008086,0003130,0000020,2025-03-12 08:09:05,88800,0,88800,0,46.3,45.5,0.8,1,0.81,5.0
0008087,0003050,0000085,2025-03-16 07:33:13,15600,500,15100,1,20.1,20.3,-0.2,0,8.35,5.0
0008088,0003072,0000003,2025-03-07 17:23:46,37800,0,37800,0,42.9,38.3,4.6,1,8.03,5.0
0008089,0003162,0000012,2025-03-03 06:34:38,53200,0,53200,0,27.1,30.1,-3.0,0,4.97,5.0
0008090,0003101,0000065,2025-03-13 06:40:12,30300,0,30300,0,25.2,21.0,4.2,1,3.88,5.0
0008091,0003063,0000039,2025-03-20 22:47:57,77900,0,77900,0,28.3,30.9,-2.6,0,4.26,4.0
0008092,0003155,0000077,2025-03-11 11:06:25,7500,0,7500,0,20.3,24.6,-4.3,0,7.88,5.0
0008093,0003125,0000043,2025-03-06 12:42:24,96100,0,96100,0,46.9,51.6,-4.7,0,9.38,4.0
0008094,0003108,0000016,2025-03-05 09:34:34,46100,0,46100,0,40.0,41.4,-1.4,0,10.5,5.0
0008095,0003153,0000006,2025-03-11 17:01:48,78400,0,78400,0,49.8,52.3,-2.5,0,11.62,5.0
0008096,0003174,0000051,2025-03-31 10:05:10,97000,5000,92000,1,38.1,42.5,-4.4,0,12.97,5.0
0008097,0003065,0000024,2025-03-09 08:53:31,33000,0,33000,0,39.4,35.8,3.6,1,3.98,5.0
0008098,0003160,0000017,2025-03-23 14:59:40,66400,5000,61400,1,25.3,26.3,-1.0,0,14.05,5.0
0008099,0003082,0000007,2025-03-14 06:28:17,43200,0,43200,0,21.3,22.2,-0.9,0,10.29,4.0
0008100,0003096,0000033,2025-03-17 05:28:12,72700,0,72700,0,48.3,52.6,-4.3,0,2.2,4.0
0008101,0003059,0000038,2025-03-20 02:51:48,60800,0,60800,0,29.5,26.6,2.9,1,3.39,5.0
0008102,0003185,0000097,2025-03-08 12:05:33,37100,0,37100,0,37.9,40.7,-2.8,0,2.34,5.0
0008103,0003085,0000047,2025-03-07 22:46:23,58200,0,58200,0,35.5,32.7,2.8,1,5.96,5.0
0008104,0003106,0000047,2025-03-29 22:55:53,94600,0,94600,0,41.2,45.8,-4.6,0,11.48,5.0
0008105,0003103,0000066,2025-03-14 10:51:21,60500,0,60500,0,38.8,39.2,-0.4,0,11.34,5.0
0008106,0003091,0000017,2025-03-08 06:39:50,15200,0,15200,0,48.0,51.3,-3.3,0,13.78,5.0
0008107,0003154,0000096,2025-03-31 07:07:00,31200,0,31200,0,23.5,22.5,1.0,1,6.16,5.0
0008108,0003167,0000012,2025-03-21 07:00:19,54800,0,54800,0,34.0,30.3,3.7,1,1.44,5.0
0008109,0003028,0000083,2025-03-04 04:27:45,35000,0,35000,0,49.8,48.0,1.8,1,2.64,5.0
0008110,0003178,0000076,2025-03-24 20:00:03,40100,0,40100,0,21.7,24.9,-3.2,0,11.22,5.0
0008111,0003169,0000019,2025-03-19 17:42:17,91700,0,91700,0,21.0,25.5,-4.5,0,1.22,4.0
0008112,0003100,0000040,2025-03-18 20:56:59,10800,0,10800,0,38.1,38.7,-0.6,0,6.46,5.0
0008113,0003173,0000031,2025-03-12 01:36:50,92200,0,92200,0,25.9,26.1,-0.2,0,14.68,5.0
0008114,0003110,0000042,2025-03-23 09:39:59,64100,0,64100,0,43.2,43.900000000000006,-0.7,0,1.84,5.0
0008115,0003141,0000003,2025-03-10 08:42:02,56300,0,56300,0,49.2,47.6,1.6,1,1.68,4.0
0008116,0003186,0000075,2025-03-20 09:59:58,45600,0,45600,0,21.2,21.3,-0.1,0,13.17,4.0
0008117,0003198,0000007,2025-03-09 21:49:18,42100,0,42100,0,50.0,52.3,-2.3,0,6.64,5.0
0008118,0003134,0000012,2025-03-23 09:11:05,64000,0,64000,0,32.7,30.9,1.8,1,5.7,3.0
0008119,0003143,0000019,2025-03-07 15:39:05,92400,0,92400,0,39.3,40.8,-1.5,0,13.34,5.0
0008120,0003156,0000041,2025-03-04 10:01:10,37800,0,37800,0,36.0,33.2,2.8,1,4.25,4.0
0008121,0003044,0000082,2025-03-08 12:49:59,12500,0,12500,0,24.9,28.7,-3.8,0,10.93,5.0
0008122,0003119,0000023,2025-03-11 19:39:31,32500,0,32500,0,29.6,26.6,3.0,1,6.54,5.0
0008123,0003283,0000008,2025-03-28 23:33:49,58500,2000,56500,1,49.5,45.5,4.0,1,5.73,5.0
0008124,0003331,0000081,2025-03-31 10:21:47,96000,5000,91000,1,20.1,14.5,5.6,1,4.96,5.0
0008125,0003322,0000025,2025-03-31 09:37:46,67900,5000,62900,1,49.4,44.8,4.6,1,12.76,1.0
0008126,0003251,0000005,2025-03-15 21:31:00,7000,500,6500,1,21.6,7.3,14.3,1,5.1,5.0
0008127,0003311,0000060,2025-03-25 19:57:20,75900,5000,70900,1,34.1,29.5,4.6,1,9.61,5.0
0008128,0003271,0000094,2025-03-24 05:28:49,66600,5000,61600,1,34.8,26.4,8.4,1,1.98,5.0
0008129,0003277,0000035,2025-03-23 15:16:51,34500,1000,33500,1,26.8,33.9,-7.1,0,3.9,5.0
0008130,0003208,0000061,2025-03-01 20:23:41,60600,5000,55600,1,26.9,34.8,-7.9,0,13.27,5.0
0008131,0003298,0000023,2025-03-22 01:44:56,45500,2000,43500,1,26.7,31.8,-5.1,0,13.87,5.0
0008132,0003321,0000048,2025-03-28 23:57:29,38100,1000,37100,1,37.6,44.7,-7.1,0,4.91,5.0
0008133,0003272,0000020,2025-03-16 10:29:32,27100,1000,26100,1,46.6,50.7,-4.1,0,5.98,5.0
0008134,0003246,0000004,2025-03-17 02:02:16,82000,5000,77000,1,30.2,34.3,-4.1,0,11.08,5.0
0008135,0003240,0000011,2025-03-13 14:33:55,39800,1000,38800,1,34.3,27.5,6.8,1,10.53,5.0
0008136,0003260,0000045,2025-03-16 08:52:15,68800,5000,63800,1,38.2,30.2,8.0,1,10.36,5.0
0008137,0003274,0000021,2025-03-29 02:05:33,81000,5000,76000,1,35.6,30.2,5.4,1,8.63,4.0
0008138,0003232,0000091,2025-03-14 16:37:15,76800,5000,71800,1,20.9,17.8,3.1,1,11.05,5.0
0008139,0003280,0000088,2025-03-20 23:11:53,69600,5000,64600,1,42.3,28.2,14.1,1,13.13,5.0
0008140,0003320,0000090,2025-03-27 03:00:28,46800,2000,44800,1,27.5,15.0,12.5,1,7.85,5.0
0008141,0003303,0000094,2025-03-25 07:00:51,77100,5000,72100,1,44.3,48.5,-4.2,0,6.78,5.0
0008142,0003209,0000096,2025-03-24 04:27:11,79500,5000,74500,1,45.6,30.7,14.9,1,3.62,4.0
0008143,0003276,0000010,2025-03-19 14:52:52,67900,5000,62900,1,43.5,49.0,-5.5,0,9.06,5.0
0008144,0003292,0000060,2025-03-28 17:26:40,63600,5000,58600,1,27.6,36.5,-8.9,0,10.99,5.0
0008145,0003220,0000080,2025-03-15 12:50:14,23600,1000,22600,1,29.7,15.9,13.8,1,8.25,5.0
0008146,0003333,0000056,2025-03-30 21:42:01,30700,1000,29700,1,41.9,30.6,11.3,1,13.8,5.0
0008147,0003261,0000097,2025-03-20 10:10:21,14300,500,13800,1,48.3,43.0,5.3,1,14.45,5.0
0008148,0003249,0000009,2025-03-16 00:10:18,94400,5000,89400,1,45.2,45.3,-0.1,0,8.82,5.0
0008149,0003310,0000036,2025-03-26 00:51:21,63500,5000,58500,1,48.0,53.0,-5.0,0,8.94,5.0
0008150,0003328,0000099,2025-03-29 02:50:00,48300,2000,46300,1,30.1,23.0,7.1,1,3.14,5.0
0008151,0003248,0000090,2025-03-13 18:31:51,63000,5000,58000,1,35.9,41.1,-5.2,0,5.26,5.0
0008152,0003214,0000077,2025-03-14 23:26:35,50800,2000,48800,1,36.0,44.3,-8.3,0,10.12,5.0
0008153,0003230,0000062,2025-03-18 02:50:08,37400,1000,36400,1,47.0,41.6,5.4,1,10.53,4.0
0008154,0003242,0000096,2025-03-27 06:53:06,71100,5000,66100,1,38.9,46.0,-7.1,0,3.29,5.0
0008155,0003231,0000044,2025-03-29 09:26:34,40100,2000,38100,1,39.2,28.1,11.1,1,14.87,5.0
0008156,0003217,0000005,2025-03-09 20:15:13,92300,5000,87300,1,28.9,30.5,-1.6,0,6.04,5.0
0008157,0003262,0000076,2025-03-27 10:21:26,48800,2000,46800,1,40.6,29.9,10.7,1,0.79,5.0
0008158,0003253,0000043,2025-03-23 11:56:06,9600,500,9100,1,26.4,28.5,-2.1,0,4.35,5.0
0008159,0003273,0000014,2025-03-26 08:18:29,80100,5000,75100,1,41.6,50.9,-9.3,0,12.22,5.0
0008160,0003264,0000017,2025-03-19 08:23:47,52900,2000,50900,1,32.2,36.6,-4.4,0,5.83,5.0
0008161,0003334,0000083,2025-03-30 17:00:51,73900,5000,68900,1,36.2,42.4,-6.2,0,7.73,5.0
0008162,0003227,0000063,2025-03-17 17:40:26,50900,2000,48900,1,21.2,11.3,9.9,1,0.9,5.0
0008163,0003267,0000042,2025-03-15 13:48:50,20800,1000,19800,1,47.8,36.5,11.3,1,1.35,5.0
0008164,0003335,0000073,2025-03-30 11:13:36,42400,2000,40400,1,38.4,27.7,10.7,1,12.92,5.0
0008165,0003286,0000028,2025-03-31 03:43:50,8100,500,7600,1,22.0,23.1,-1.1,0,6.66,5.0
0008166,0003275,0000024,2025-03-28 12:20:22,20200,1000,19200,1,44.4,32.9,11.5,1,2.25,5.0
0008167,0003330,0000026,2025-03-30 05:19:43,33900,1000,32900,1,49.0,34.6,14.4,1,5.45,5.0
0008168,0003245,0000064,2025-03-25 09:20:09,43300,2000,41300,1,48.2,51.3,-3.1,0,7.68,5.0
0008169,0003239,0000017,2025-03-14 21:19:53,86600,5000,81600,1,25.1,13.8,11.3,1,14.11,4.0
0008170,0003229,0000093,2025-03-21 19:25:07,71200,5000,66200,1,36.0,23.6,12.4,1,3.35,4.0
0008171,0003323,0000086,2025-03-31 03:58:24,8900,500,8400,1,25.4,33.3,-7.9,0,2.96,5.0
0008172,0003300,0000010,2025-03-22 20:43:34,41200,2000,39200,1,38.5,47.1,-8.6,0,1.41,5.0
0008173,0003241,0000088,2025-03-13 22:59:02,67900,5000,62900,1,33.9,24.5,9.4,1,3.66,5.0
0008174,0003218,0000039,2025-03-26 19:46:15,48800,2000,46800,1,33.6,22.4,11.2,1,6.76,5.0
0008175,0003279,0000037,2025-03-20 08:47:21,56100,2000,54100,1,39.2,36.7,2.5,1,4.67,5.0
0008176,0003306,0000050,2025-03-26 20:46:18,63900,5000,58900,1,46.8,33.5,13.3,1,3.73,5.0
0008177,0003329,0000045,2025-03-29 06:58:25,96800,5000,91800,1,39.6,35.1,4.5,1,12.53,5.0
0008178,0003221,0000008,2025-03-10 16:37:54,90500,5000,85500,1,27.7,23.4,4.3,1,8.36,5.0
0008179,0003315,0000027,2025-03-31 14:45:57,34700,1000,33700,1,23.2,28.7,-5.5,0,6.1,5.0
0008180,0003207,0000021,2025-03-25 08:17:36,9300,500,8800,1,39.7,42.9,-3.2,0,9.88,5.0
0008181,0003313,0000013,2025-03-31 17:27:43,69200,5000,64200,1,43.1,51.3,-8.2,0,8.39,5.0
0008182,0003204,0000024,2025-03-30 00:58:24,72700,5000,67700,1,45.9,53.1,-7.2,0,1.89,5.0
0008183,0003324,0000025,2025-03-30 06:32:44,46700,2000,44700,1,48.6,53.3,-4.7,0,3.1,5.0
0008184,0003285,0000053,2025-03-28 16:08:18,42000,2000,40000,1,38.7,27.8,10.9,1,12.03,5.0
0008185,0003201,0000004,2025-03-24 15:01:52,34000,1000,33000,1,26.1,28.2,-2.1,0,1.19,5.0
0008186,0003233,0000074,2025-03-20 07:57:31,25300,1000,24300,1,31.3,34.3,-3.0,0,7.66,5.0
0008187,0003297,0000036,2025-03-26 04:34:42,57300,2000,55300,1,48.7,48.9,-0.2,0,7.74,5.0
0008188,0003250,0000099,2025-03-14 15:35:26,29800,1000,28800,1,38.5,33.4,5.1,1,3.05,5.0
0008189,0003263,0000031,2025-03-19 21:46:21,43200,2000,41200,1,28.5,24.4,4.1,1,1.7,4.0
0008190,0003312,0000061,2025-03-27 14:11:57,54300,2000,52300,1,44.5,49.8,-5.3,0,8.39,4.0
0008191,0003293,0000079,2025-03-20 23:18:41,87700,5000,82700,1,41.6,28.6,13.0,1,6.19,4.0
0008192,0003219,0000056,2025-03-22 03:07:54,67700,5000,62700,1,36.3,27.9,8.4,1,9.96,3.0
0008193,0003234,0000073,2025-03-18 22:48:28,65100,5000,60100,1,38.8,30.9,7.9,1,10.33,5.0
0008194,0003228,0000070,2025-03-18 19:23:24,66000,5000,61000,1,43.4,38.0,5.4,1,6.46,5.0
0008195,0003258,0000100,2025-03-24 19:58:46,15300,500,14800,1,20.7,11.5,9.2,1,2.93,5.0
0008196,0003287,0000014,2025-03-27 06:04:00,62200,5000,57200,1,20.9,24.6,-3.7,0,9.14,3.0
0008197,0003309,0000055,2025-03-26 23:31:15,75900,5000,70900,1,32.7,18.4,14.3,1,4.14,5.0
0008198,0003289,0000067,2025-03-21 18:49:10,49400,2000,47400,1,25.2,15.6,9.6,1,5.08,4.0
0008199,0003299,0000049,2025-03-26 11:10:24,53900,2000,51900,1,32.1,41.1,-9.0,0,8.78,5.0
0008200,0003266,0000003,2025-03-20 15:21:42,25500,1000,24500,1,47.8,56.8,-9.0,0,7.35,5.0
0008201,0003247,0000068,2025-03-24 12:32:12,60400,5000,55400,1,20.6,15.3,5.3,1,6.19,5.0
0008202,0003269,0000039,2025-03-20 20:16:11,58100,2000,56100,1,22.2,24.9,-2.7,0,9.87,5.0
0008203,0003265,0000082,2025-03-22 17:00:41,79500,5000,74500,1,30.4,17.5,12.9,1,0.51,5.0
0008204,0003317,0000075,2025-03-29 15:31:31,24600,1000,23600,1,23.8,15.2,8.6,1,5.99,5.0
0008205,0003270,0000086,2025-03-26 05:17:31,9800,500,9300,1,24.1,25.8,-1.7,0,5.29,3.0
0008206,0003256,0000024,2025-03-14 11:06:06,71800,5000,66800,1,31.5,40.8,-9.3,0,0.59,5.0
0008207,0003244,0000093,2025-03-19 06:24:41,75400,5000,70400,1,36.6,40.7,-4.1,0,2.08,5.0
0008208,0003304,0000021,2025-03-24 03:58:10,20800,1000,19800,1,39.9,36.6,3.3,1,8.17,5.0
0008209,0003325,0000051,2025-03-29 10:12:55,8600,500,8100,1,43.0,40.9,2.1,1,1.19,5.0
0008210,0003284,0000086,2025-03-19 12:05:00,56300,2000,54300,1,38.2,32.5,5.7,1,13.73,5.0
0008211,0003225,0000023,2025-03-27 04:38:30,51700,2000,49700,1,48.2,44.4,3.8,1,8.55,5.0
0008212,0003319,0000066,2025-03-30 11:04:19,87500,5000,82500,1,31.9,27.9,4.0,1,2.82,5.0
0008213,0003211,0000064,2025-03-21 17:16:09,40000,2000,38000,1,22.4,19.1,3.3,1,6.4,5.0
0008214,0003318,0000003,2025-03-30 23:13:31,24300,1000,23300,1,42.5,30.9,11.6,1,14.32,5.0
0008215,0003307,0000068,2025-03-26 11:08:11,27700,1000,26700,1,48.6,53.0,-4.4,0,9.13,5.0
0008216,0003282,0000088,2025-03-29 00:04:39,50900,2000,48900,1,36.5,29.9,6.6,1,0.96,5.0
0008217,0003254,0000053,2025-03-23 22:42:02,86000,5000,81000,1,20.7,11.2,9.5,1,6.66,5.0
0008218,0003302,0000076,2025-03-26 22:11:35,38000,1000,37000,1,42.9,39.4,3.5,1,14.61,5.0
0008219,0003238,0000085,2025-03-15 03:08:16,18600,500,18100,1,25.5,20.3,5.2,1,10.74,5.0
0008220,0003237,0000047,2025-03-15 21:13:53,88600,5000,83600,1,47.9,45.4,2.5,1,0.78,5.0
0008221,0003210,0000002,2025-03-08 19:37:27,12000,500,11500,1,45.8,42.1,3.7,1,14.12,5.0
0008222,0003294,0000076,2025-03-24 15:50:54,53100,2000,51100,1,22.3,9.1,13.2,1,3.38,4.0
0008223,0003327,0000091,2025-03-31 23:26:11,81600,5000,76600,1,23.1,13.5,9.6,1,14.87,4.0
0008224,0003290,0000008,2025-03-20 03:41:57,54800,2000,52800,1,45.1,39.5,5.6,1,9.98,5.0
0008225,0003213,0000086,2025-03-05 20:30:37,30300,1000,29300,1,46.8,44.3,2.5,1,14.95,5.0
0008226,0003203,0000034,2025-03-28 21:09:40,54500,2000,52500,1,25.8,29.8,-4.0,0,12.93,5.0
0008227,0003305,0000023,2025-03-30 09:04:51,71500,5000,66500,1,40.6,37.5,3.1,1,3.81,5.0
0008228,0003243,0000086,2025-03-20 00:20:54,90000,5000,85000,1,38.8,42.5,-3.7,0,3.64,5.0
0008229,0003291,0000095,2025-03-26 01:34:21,84300,5000,79300,1,31.2,36.9,-5.7,0,1.25,5.0
0008230,0003336,0000062,2025-03-31 15:38:48,37700,1000,36700,1,27.3,15.9,11.4,1,8.1,5.0
0008231,0003235,0000088,2025-03-20 18:59:34,23400,1000,22400,1,33.1,22.8,10.3,1,3.95,5.0
0008232,0003326,0000017,2025-03-29 06:23:00,89400,5000,84400,1,48.3,49.4,-1.1,0,5.82,5.0
0008233,0003206,0000059,2025-03-03 23:46:20,15300,500,14800,1,30.6,32.7,-2.1,0,1.0,5.0
0008234,0003308,0000064,2025-03-26 15:14:59,14300,500,13800,1,28.7,16.1,12.6,1,12.13,5.0
0008235,0003242,0000096,2025-04-04 19:02:53,19300,0,19300,0,32.6,27.9,4.7,1,0.88,5.0
0008236,0003243,0000033,2025-04-08 04:07:02,79900,0,79900,0,39.4,43.9,-4.5,0,4.75,5.0
0008237,0003272,0000019,2025-04-19 04:35:29,44200,0,44200,0,37.0,37.2,-0.2,0,1.15,5.0
0008238,0003297,0000095,2025-04-30 07:38:33,15800,0,15800,0,46.4,49.6,-3.2,0,5.47,5.0
0008239,0003203,0000014,2025-04-02 23:18:33,79600,0,79600,0,46.8,51.4,-4.6,0,11.51,5.0
0008240,0003224,0000025,2025-04-19 07:41:57,42500,2000,40500,1,35.5,38.8,-3.3,0,11.08,5.0
0008241,0003256,0000011,2025-04-28 04:29:24,83900,0,83900,0,41.9,37.9,4.0,1,4.48,5.0
0008242,0003316,0000075,2025-04-04 05:25:47,60800,5000,55800,1,45.6,55.5,-9.9,0,12.98,5.0
0008243,0003244,0000025,2025-04-28 01:17:01,96500,0,96500,0,43.9,45.3,-1.4,0,2.71,5.0
0008244,0003307,0000006,2025-04-13 00:58:54,94600,0,94600,0,40.8,41.4,-0.6,0,11.15,5.0
0008245,0003298,0000004,2025-04-21 11:49:00,69000,0,69000,0,26.8,23.0,3.8,1,4.12,5.0
0008246,0003249,0000014,2025-04-07 11:49:40,68000,0,68000,0,49.9,48.2,1.7,1,12.53,5.0
0008247,0003270,0000082,2025-04-09 13:22:17,26800,0,26800,0,34.4,33.1,1.3,1,7.79,5.0
0008248,0003310,0000008,2025-04-30 01:46:30,76800,0,76800,0,42.2,46.0,-3.8,0,1.57,5.0
0008249,0003202,0000097,2025-04-12 03:12:33,76100,5000,71100,1,35.4,39.0,-3.6,0,13.3,5.0
0008250,0003201,0000013,2025-04-08 23:15:49,99200,0,99200,0,49.2,45.8,3.4,1,9.44,5.0
0008251,0003306,0000063,2025-04-16 02:59:01,99000,0,99000,0,26.2,24.0,2.2,1,0.81,5.0
0008252,0003292,0000018,2025-04-14 16:54:15,32800,0,32800,0,23.9,21.4,2.5,1,12.78,5.0
0008253,0003295,0000081,2025-04-13 01:14:28,55900,2000,53900,1,25.9,33.6,-7.7,0,9.68,5.0
0008254,0003326,0000061,2025-04-29 09:26:00,12700,0,12700,0,45.9,50.9,-5.0,0,5.82,5.0
0008255,0003214,0000014,2025-04-25 16:36:01,98100,0,98100,0,27.4,29.6,-2.2,0,8.94,5.0
0008256,0003291,0000087,2025-04-02 22:19:26,76600,0,76600,0,25.9,25.9,0.0,0,3.83,5.0
0008257,0003204,0000002,2025-04-10 13:24:36,16400,0,16400,0,38.0,37.7,0.3,1,14.15,5.0
0008258,0003279,0000055,2025-04-26 22:45:33,78800,0,78800,0,32.8,29.8,3.0,1,2.5,5.0
0008259,0003276,0000048,2025-04-26 20:54:08,91700,0,91700,0,47.9,51.4,-3.5,0,14.98,5.0
0008260,0003223,0000012,2025-04-30 20:54:43,64700,5000,59700,1,29.1,20.9,8.2,1,11.2,4.0
0008261,0003281,0000054,2025-04-29 13:08:30,37400,1000,36400,1,24.7,14.8,9.9,1,14.03,5.0
0008262,0003248,0000018,2025-04-07 08:44:09,30800,0,30800,0,40.6,43.5,-2.9,0,13.36,5.0
0008263,0003245,0000043,2025-04-03 08:36:26,88800,0,88800,0,43.8,46.9,-3.1,0,7.85,5.0
0008264,0003253,0000034,2025-04-09 23:02:24,25400,0,25400,0,41.5,37.3,4.2,1,5.77,5.0
0008265,0003257,0000033,2025-04-30 00:15:14,22100,1000,21100,1,42.3,42.6,-0.3,0,1.08,4.0
0008266,0003215,0000037,2025-04-27 09:09:40,59800,2000,57800,1,36.0,38.2,-2.2,0,11.74,5.0
0008267,0003303,0000097,2025-04-14 14:35:20,62200,0,62200,0,24.7,26.9,-2.2,0,0.6,5.0
0008268,0003233,0000022,2025-04-06 15:38:46,18700,0,18700,0,28.4,31.7,-3.3,0,4.25,5.0
0008269,0003296,0000014,2025-04-15 11:18:28,45700,2000,43700,1,37.7,37.8,-0.1,0,0.81,5.0
0008270,0003207,0000026,2025-04-01 22:54:41,92200,0,92200,0,32.8,35.0,-2.2,0,11.99,5.0
0008271,0003277,0000080,2025-04-26 17:53:46,79700,0,79700,0,32.9,37.4,-4.5,0,4.72,5.0
0008272,0003315,0000053,2025-04-04 23:06:09,16900,0,16900,0,32.9,36.4,-3.5,0,6.47,5.0
0008273,0003269,0000001,2025-04-28 09:54:14,26000,0,26000,0,21.1,19.200000000000003,1.9,1,1.37,5.0
0008274,0003299,0000078,2025-04-03 00:19:24,97400,0,97400,0,30.6,26.4,4.2,1,8.38,5.0
0008275,0003332,0000033,2025-04-22 12:36:04,65000,5000,60000,1,22.3,30.9,-8.6,0,4.62,5.0
0008276,0003264,0000024,2025-04-19 10:03:57,39200,0,39200,0,49.9,51.4,-1.5,0,0.66,5.0
0008277,0003334,0000011,2025-04-19 18:23:42,63700,0,63700,0,45.5,44.9,0.6,1,14.69,5.0
0008278,0003300,0000031,2025-04-18 11:25:36,80300,0,80300,0,32.1,30.200000000000003,1.9,1,5.3,5.0
0008279,0003312,0000076,2025-04-24 18:44:01,44000,0,44000,0,26.2,24.8,1.4,1,13.14,5.0
0008280,0003313,0000082,2025-04-29 03:56:45,89000,0,89000,0,32.8,31.0,1.8,1,14.72,5.0
0008281,0003206,0000040,2025-04-05 22:20:27,73300,0,73300,0,46.4,47.5,-1.1,0,0.59,5.0
0008282,0003321,0000014,2025-04-25 12:13:11,98500,0,98500,0,42.0,39.2,2.8,1,3.19,5.0
0008283,0003288,0000080,2025-04-04 02:35:12,38100,1000,37100,1,39.1,46.3,-7.2,0,11.01,5.0
0008284,0003408,0000006,2025-04-19 17:20:31,45500,2000,43500,1,35.7,33.4,2.3,1,13.13,5.0
0008285,0003421,0000053,2025-04-24 17:10:10,31000,1000,30000,1,24.9,32.8,-7.9,0,9.03,5.0
0008286,0003376,0000059,2025-04-29 02:43:18,63700,5000,58700,1,36.7,38.4,-1.7,0,6.38,5.0
0008287,0003360,0000037,2025-04-05 10:59:37,26000,1000,25000,1,48.6,50.8,-2.2,0,13.95,5.0
0008288,0003448,0000094,2025-04-27 00:27:46,35700,1000,34700,1,34.4,26.6,7.8,1,11.81,5.0
0008289,0003370,0000035,2025-04-21 00:17:01,33000,1000,32000,1,45.5,38.7,6.8,1,1.27,5.0
0008290,0003452,0000093,2025-04-30 03:32:02,98700,5000,93700,1,39.0,32.9,6.1,1,12.43,4.0
0008291,0003459,0000076,2025-04-29 19:55:13,73100,5000,68100,1,27.0,15.1,11.9,1,9.08,5.0
0008292,0003423,0000014,2025-04-22 15:19:40,59500,2000,57500,1,32.7,38.6,-5.9,0,12.86,5.0
0008293,0003348,0000054,2025-04-29 04:47:35,24900,1000,23900,1,32.9,27.6,5.3,1,14.89,5.0
0008294,0003466,0000065,2025-04-29 03:32:42,100000,5000,95000,1,43.1,40.5,2.6,1,10.38,5.0
0008295,0003434,0000067,2025-04-26 16:03:33,17300,500,16800,1,24.7,29.3,-4.6,0,1.33,5.0
0008296,0003374,0000034,2025-04-21 15:36:20,43700,2000,41700,1,49.7,52.6,-2.9,0,5.34,1.0
0008297,0003444,0000086,2025-04-27 21:17:42,65500,5000,60500,1,35.5,44.6,-9.1,0,10.93,5.0
0008298,0003447,0000023,2025-04-30 01:49:10,69300,5000,64300,1,37.7,39.2,-1.5,0,13.76,5.0
0008299,0003454,0000024,2025-04-30 03:13:57,43600,2000,41600,1,28.9,18.9,10.0,1,4.22,1.0
0008300,0003470,0000082,2025-04-30 21:13:57,96300,5000,91300,1,39.6,34.3,5.3,1,10.34,5.0
0008301,0003391,0000030,2025-04-22 08:07:32,57200,2000,55200,1,42.3,30.2,12.1,1,3.46,5.0
0008302,0003446,0000003,2025-04-28 10:33:10,32100,1000,31100,1,49.2,56.2,-7.0,0,10.05,5.0
0008303,0003468,0000072,2025-04-30 07:08:15,65600,5000,60600,1,38.4,42.1,-3.7,0,13.27,4.0
0008304,0003451,0000006,2025-04-27 04:43:25,63400,5000,58400,1,37.0,42.5,-5.5,0,13.44,4.0
0008305,0003418,0000032,2025-04-18 04:40:20,53000,2000,51000,1,28.4,25.6,2.8,1,1.29,5.0
0008306,0003368,0000005,2025-04-25 17:41:38,73000,5000,68000,1,35.5,21.3,14.2,1,1.84,5.0
0008307,0003422,0000057,2025-04-30 04:34:18,11000,500,10500,1,46.8,38.5,8.3,1,11.04,5.0
0008308,0003354,0000019,2025-04-09 09:16:45,87600,5000,82600,1,22.7,9.3,13.4,1,12.32,3.0
0008309,0003456,0000095,2025-04-29 22:48:15,52200,2000,50200,1,33.0,25.1,7.9,1,9.68,5.0
0008310,0003351,0000002,2025-04-26 15:19:46,9100,500,8600,1,24.8,29.3,-4.5,0,3.27,5.0
0008311,0003433,0000054,2025-04-29 17:33:29,90600,5000,85600,1,34.4,20.5,13.9,1,4.28,5.0
0008312,0003453,0000079,2025-04-29 09:54:59,48300,2000,46300,1,34.0,28.7,5.3,1,7.44,5.0
0008313,0003425,0000016,2025-04-23 09:41:04,13200,500,12700,1,42.0,29.3,12.7,1,10.72,5.0
0008314,0003424,0000075,2025-04-22 02:48:30,61500,5000,56500,1,20.4,21.7,-1.3,0,11.95,5.0
0008315,0003388,0000041,2025-04-14 00:48:00,20400,1000,19400,1,46.3,39.3,7.0,1,6.36,5.0
0008316,0003399,0000006,2025-04-21 23:05:42,37000,1000,36000,1,43.2,50.7,-7.5,0,10.62,5.0
0008317,0003345,0000099,2025-04-23 08:16:59,18700,500,18200,1,36.7,46.3,-9.6,0,13.71,5.0
0008318,0003344,0000095,2025-04-05 20:08:24,75400,5000,70400,1,41.9,51.0,-9.1,0,12.71,5.0
0008319,0003386,0000010,2025-04-24 20:44:06,12000,500,11500,1,35.5,41.2,-5.7,0,1.81,5.0
0008320,0003385,0000045,2025-04-16 03:51:55,55600,2000,53600,1,33.2,34.0,-0.8,0,14.06,5.0
0008321,0003438,0000020,2025-04-26 04:13:30,34800,1000,33800,1,20.7,28.9,-8.2,0,12.09,5.0
0008322,0003413,0000025,2025-04-24 12:43:20,15800,500,15300,1,38.7,47.7,-9.0,0,8.11,1.0
0008323,0003435,0000053,2025-04-24 09:44:04,57000,2000,55000,1,26.5,17.3,9.2,1,9.22,5.0
0008324,0003405,0000002,2025-04-29 01:56:53,46100,2000,44100,1,24.3,11.3,13.0,1,13.47,5.0
0008325,0003355,0000054,2025-04-15 04:33:23,98600,5000,93600,1,36.6,25.1,11.5,1,1.11,5.0
0008326,0003343,0000023,2025-04-28 05:06:09,90300,5000,85300,1,28.2,15.4,12.8,1,4.04,5.0
0008327,0003378,0000094,2025-04-12 06:25:25,97600,5000,92600,1,35.1,42.2,-7.1,0,1.31,5.0
0008328,0003415,0000097,2025-04-19 01:54:30,58100,2000,56100,1,45.2,35.3,9.9,1,0.94,5.0
0008329,0003398,0000041,2025-04-17 23:21:01,56900,2000,54900,1,27.9,22.8,5.1,1,6.39,5.0
0008330,0003404,0000037,2025-04-24 13:24:57,20500,1000,19500,1,47.8,35.4,12.4,1,13.05,5.0
0008331,0003431,0000015,2025-04-23 16:16:07,54900,2000,52900,1,34.2,26.6,7.6,1,4.91,5.0
0008332,0003389,0000004,2025-04-22 10:03:59,36100,1000,35100,1,34.7,31.1,3.6,1,12.33,5.0
0008333,0003464,0000099,2025-04-29 20:59:32,29100,1000,28100,1,37.3,40.6,-3.3,0,12.14,5.0
0008334,0003440,0000058,2025-04-30 13:02:39,92400,5000,87400,1,30.2,20.4,9.8,1,10.29,5.0
0008335,0003460,0000025,2025-04-30 03:50:10,58200,2000,56200,1,44.6,31.4,13.2,1,9.84,5.0
0008336,0003412,0000071,2025-04-26 10:21:31,85900,5000,80900,1,29.9,23.7,6.2,1,9.22,5.0
0008337,0003373,0000030,2025-04-15 10:20:57,39300,1000,38300,1,36.0,45.0,-9.0,0,7.75,5.0
0008338,0003365,0000079,2025-04-14 15:44:59,41800,2000,39800,1,24.7,11.0,13.7,1,7.37,4.0
0008339,0003341,0000079,2025-04-12 05:24:41,91200,5000,86200,1,41.6,42.5,-0.9,0,14.86,5.0
0008340,0003390,0000098,2025-04-16 11:23:05,16200,500,15700,1,31.6,41.5,-9.9,0,6.84,5.0
0008341,0003428,0000019,2025-04-27 21:12:33,45900,2000,43900,1,23.8,11.2,12.6,1,0.8,5.0
0008342,0003362,0000052,2025-04-25 11:47:18,95100,5000,90100,1,23.1,30.8,-7.7,0,3.57,5.0
0008343,0003380,0000041,2025-04-12 11:30:17,62600,5000,57600,1,24.1,9.8,14.3,1,1.46,5.0
0008344,0003467,0000020,2025-04-30 06:44:45,69000,5000,64000,1,24.5,25.2,-0.7,0,7.88,5.0
0008345,0003420,0000027,2025-04-28 09:06:24,72600,5000,67600,1,38.7,44.9,-6.2,0,2.32,5.0
0008346,0003443,0000035,2025-04-28 00:07:59,21200,1000,20200,1,35.1,32.3,2.8,1,9.47,5.0
0008347,0003458,0000040,2025-04-28 15:29:12,13100,500,12600,1,24.4,13.4,11.0,1,2.12,3.0
0008348,0003411,0000034,2025-04-22 10:50:17,21200,1000,20200,1,49.0,57.3,-8.3,0,7.91,5.0
0008349,0003342,0000047,2025-04-02 03:54:13,87100,5000,82100,1,31.6,23.0,8.6,1,6.76,5.0
0008350,0003383,0000032,2025-04-14 02:41:49,53400,2000,51400,1,28.2,22.5,5.7,1,13.28,5.0
0008351,0003403,0000072,2025-04-27 20:45:32,46800,2000,44800,1,46.9,56.3,-9.4,0,11.08,5.0
0008352,0003387,0000049,2025-04-22 13:23:24,42200,2000,40200,1,28.8,23.4,5.4,1,12.92,5.0
0008353,0003338,0000070,2025-04-26 19:43:35,37900,1000,36900,1,30.1,25.8,4.3,1,3.9,5.0
0008354,0003393,0000049,2025-04-15 14:10:40,57200,2000,55200,1,40.6,42.2,-1.6,0,8.76,5.0
0008355,0003407,0000003,2025-04-16 12:17:54,23300,1000,22300,1,48.4,39.4,9.0,1,12.28,5.0
0008356,0003337,0000021,2025-04-09 03:18:24,42100,2000,40100,1,44.1,46.3,-2.2,0,12.6,5.0
0008357,0003395,0000055,2025-04-17 00:44:03,7100,500,6600,1,23.6,27.6,-4.0,0,12.41,5.0
0008358,0003377,0000061,2025-04-29 08:26:12,30000,1000,29000,1,41.2,41.6,-0.4,0,2.61,5.0
0008359,0003396,0000084,2025-04-26 01:46:21,30800,1000,29800,1,39.5,45.8,-6.3,0,12.57,5.0
0008360,0003449,0000023,2025-04-27 06:16:49,38400,1000,37400,1,24.0,29.5,-5.5,0,13.4,5.0
0008361,0003400,0000029,2025-04-22 07:48:58,54600,2000,52600,1,42.7,40.2,2.5,1,3.71,5.0
0008362,0003463,0000066,2025-04-29 08:20:00,90800,5000,85800,1,42.7,42.8,-0.1,0,3.53,5.0
0008363,0003432,0000026,2025-04-29 15:04:15,80200,5000,75200,1,23.2,14.7,8.5,1,12.79,5.0
0008364,0003457,0000019,2025-04-29 05:53:25,52200,2000,50200,1,33.5,38.5,-5.0,0,5.34,4.0
0008365,0003346,0000073,2025-04-30 18:01:38,30000,1000,29000,1,31.8,40.7,-8.9,0,7.69,5.0
0008366,0003462,0000098,2025-04-29 13:41:38,52900,2000,50900,1,46.8,40.4,6.4,1,11.46,5.0
0008367,0003357,0000078,2025-04-15 18:13:51,17300,500,16800,1,22.9,23.6,-0.7,0,6.64,5.0
0008368,0003409,0000044,2025-04-19 07:58:11,26200,1000,25200,1,40.0,30.8,9.2,1,1.8,5.0
0008369,0003471,0000039,2025-04-30 07:00:58,32300,1000,31300,1,21.2,25.3,-4.1,0,9.89,5.0
0008370,0003347,0000034,2025-04-12 22:44:06,40300,2000,38300,1,32.3,30.1,2.2,1,3.13,5.0
0008371,0003450,0000040,2025-04-27 16:24:40,94300,5000,89300,1,47.3,42.2,5.1,1,11.94,5.0
0008372,0003352,0000084,2025-04-09 07:35:04,23500,1000,22500,1,22.5,13.4,9.1,1,8.89,5.0
0008373,0003427,0000063,2025-04-30 16:24:57,11800,500,11300,1,43.1,28.6,14.5,1,14.47,5.0
0008374,0003406,0000061,2025-04-24 11:42:59,97500,5000,92500,1,22.5,27.1,-4.6,0,2.95,5.0
0008375,0003372,0000057,2025-04-26 04:53:09,34200,1000,33200,1,38.6,28.7,9.9,1,12.52,5.0
0008376,0003366,0000099,2025-04-22 05:54:40,62400,5000,57400,1,23.8,17.8,6.0,1,6.67,5.0
0008377,0003369,0000057,2025-04-23 10:41:20,71200,5000,66200,1,39.9,44.1,-4.2,0,1.61,5.0
0008378,0003350,0000078,2025-04-08 14:43:21,45600,2000,43600,1,45.3,42.0,3.3,1,1.68,4.0
0008379,0003441,0000067,2025-04-25 23:42:38,30900,1000,29900,1,31.5,21.1,10.4,1,7.24,5.0
0008380,0003339,0000016,2025-04-13 04:52:51,91300,5000,86300,1,22.3,18.3,4.0,1,14.11,5.0
0008381,0003426,0000039,2025-04-29 07:30:57,26400,1000,25400,1,46.6,47.6,-1.0,0,4.16,5.0
0008382,0003419,0000049,2025-04-28 10:24:41,96100,5000,91100,1,45.9,39.9,6.0,1,8.24,5.0
0008383,0003358,0000067,2025-04-20 21:00:54,42200,2000,40200,1,31.7,38.2,-6.5,0,5.32,5.0
0008384,0003379,0000085,2025-04-26 15:41:26,92700,5000,87700,1,22.4,23.2,-0.8,0,8.27,5.0
0008385,0003437,0000043,2025-04-28 07:14:22,97300,5000,92300,1,45.3,47.5,-2.2,0,2.9,5.0
0008386,0003375,0000080,2025-04-22 20:22:03,44500,2000,42500,1,25.1,23.1,2.0,1,13.85,5.0
0008387,0003472,0000027,2025-04-30 00:47:38,77400,5000,72400,1,35.0,31.3,3.7,1,10.72,5.0
0008388,0003337,0000075,2025-05-12 08:53:01,81300,0,81300,0,48.1,51.1,-3.0,0,10.92,5.0
0008389,0003360,0000078,2025-05-18 13:34:13,66500,0,66500,0,21.4,19.5,1.9,1,14.5,5.0
0008390,0003392,0000086,2025-05-09 01:03:28,66400,0,66400,0,27.7,31.7,-4.0,0,14.4,5.0
0008391,0003376,0000029,2025-05-15 05:33:20,75500,0,75500,0,35.1,37.0,-1.9,0,13.34,5.0
0008392,0003364,0000053,2025-05-18 18:12:36,83400,5000,78400,1,27.7,34.7,-7.0,0,8.18,5.0
0008393,0003359,0000046,2025-05-03 06:50:45,46100,2000,44100,1,29.7,36.9,-7.2,0,7.74,5.0
0008394,0003412,0000028,2025-05-10 19:10:21,61200,0,61200,0,42.9,47.2,-4.3,0,2.84,3.0
0008395,0003393,0000052,2025-05-03 16:59:09,25300,0,25300,0,43.4,42.7,0.7,1,2.05,5.0
0008396,0003367,0000054,2025-05-12 11:58:02,93100,5000,88100,1,25.3,26.9,-1.6,0,3.78,5.0
0008397,0003453,0000035,2025-05-08 19:07:43,54800,0,54800,0,23.6,23.0,0.6,1,3.03,1.0
0008398,0003401,0000077,2025-05-08 03:04:50,71800,5000,66800,1,33.4,40.5,-7.1,0,9.31,5.0
0008399,0003420,0000073,2025-05-10 18:45:17,70900,0,70900,0,24.3,23.6,0.7,1,0.59,5.0
0008400,0003441,0000030,2025-05-30 19:32:16,14200,0,14200,0,43.7,43.2,0.5,1,8.39,5.0
0008401,0003385,0000052,2025-05-10 15:21:04,92900,0,92900,0,23.9,21.4,2.5,1,8.42,3.0
0008402,0003463,0000032,2025-05-13 01:58:01,8200,0,8200,0,40.4,42.5,-2.1,0,1.6,5.0
0008403,0003349,0000020,2025-05-28 14:11:12,64600,5000,59600,1,44.4,52.7,-8.3,0,6.84,3.0
0008404,0003444,0000089,2025-05-04 01:54:21,48200,0,48200,0,22.2,19.1,3.1,1,11.71,1.0
0008405,0003403,0000046,2025-05-05 02:02:10,83700,0,83700,0,22.0,21.2,0.8,1,11.91,5.0
0008406,0003451,0000061,2025-05-17 17:26:37,28900,0,28900,0,38.3,33.4,4.9,1,2.13,5.0
0008407,0003357,0000042,2025-05-23 14:26:28,39600,0,39600,0,27.6,27.0,0.6,1,10.38,5.0
0008408,0003351,0000016,2025-05-01 12:15:21,92800,0,92800,0,25.4,21.8,3.6,1,3.71,5.0
0008409,0003447,0000068,2025-05-14 08:55:52,68700,0,68700,0,42.5,42.6,-0.1,0,10.06,5.0
0008410,0003395,0000010,2025-05-20 13:36:48,30200,0,30200,0,25.0,25.1,-0.1,0,3.6,5.0
0008411,0003411,0000055,2025-05-09 21:55:02,90000,0,90000,0,20.5,18.4,2.1,1,7.87,5.0
0008412,0003361,0000048,2025-05-17 10:05:28,54400,2000,52400,1,22.2,25.3,-3.1,0,11.96,5.0
0008413,0003461,0000096,2025-05-10 13:53:52,83800,5000,78800,1,44.2,35.2,9.0,1,11.7,5.0
0008414,0003470,0000041,2025-05-24 07:03:27,53800,0,53800,0,33.4,32.8,0.6,1,6.57,5.0
0008415,0003379,0000028,2025-05-06 15:53:38,90900,0,90900,0,40.8,38.6,2.2,1,8.05,5.0
0008416,0003436,0000046,2025-05-31 17:02:01,18200,500,17700,1,20.3,26.3,-6.0,0,4.98,5.0
0008417,0003417,0000088,2025-05-23 10:01:14,14900,500,14400,1,46.1,37.7,8.4,1,1.69,4.0
0008418,0003356,0000046,2025-05-23 00:40:17,35100,1000,34100,1,48.1,49.6,-1.5,0,1.54,5.0
0008419,0003414,0000056,2025-05-13 09:55:42,47700,2000,45700,1,33.2,22.8,10.4,1,1.4,3.0
0008420,0003442,0000030,2025-05-13 14:03:07,66900,5000,61900,1,36.9,39.3,-2.4,0,12.46,5.0
0008421,0003381,0000039,2025-05-27 06:02:37,18900,500,18400,1,36.2,45.9,-9.7,0,8.69,5.0
0008422,0003344,0000027,2025-05-11 15:19:50,66900,0,66900,0,28.5,28.1,0.4,1,6.73,5.0
0008423,0003402,0000004,2025-05-28 08:30:27,7700,500,7200,1,44.0,52.5,-8.5,0,10.23,5.0
0008424,0003362,0000013,2025-05-26 14:36:38,39900,0,39900,0,36.0,38.9,-2.9,0,9.52,5.0
0008425,0003467,0000080,2025-05-30 00:11:29,46600,0,46600,0,22.6,25.1,-2.5,0,8.61,5.0
0008426,0003410,0000058,2025-05-14 21:03:27,73500,5000,68500,1,48.6,56.2,-7.6,0,14.95,5.0
0008427,0003341,0000055,2025-05-10 15:22:54,35700,0,35700,0,40.4,39.9,0.5,1,10.17,5.0
0008428,0003358,0000067,2025-05-14 14:49:44,32200,0,32200,0,32.5,36.5,-4.0,0,5.51,5.0
0008429,0003374,0000020,2025-05-31 14:47:55,99300,0,99300,0,28.9,25.9,3.0,1,6.99,5.0
0008430,0003434,0000047,2025-05-15 12:42:05,72400,0,72400,0,46.4,49.2,-2.8,0,7.04,5.0
0008431,0003377,0000015,2025-05-21 05:30:21,95700,0,95700,0,44.6,42.2,2.4,1,4.47,5.0
0008432,0003449,0000074,2025-05-24 05:56:44,18700,0,18700,0,32.7,31.000000000000004,1.7,1,6.44,5.0
0008433,0003446,0000089,2025-05-21 17:42:34,34200,0,34200,0,40.9,38.3,2.6,1,6.83,5.0
0008434,0003439,0000062,2025-05-25 03:26:59,90300,5000,85300,1,38.3,46.9,-8.6,0,4.35,5.0
0008435,0003457,0000014,2025-05-08 03:17:43,8800,0,8800,0,32.0,34.1,-2.1,0,10.32,5.0
0008436,0003424,0000072,2025-05-25 21:21:15,19200,0,19200,0,43.6,41.9,1.7,1,0.75,5.0
0008437,0003384,0000015,2025-05-22 09:13:45,50500,2000,48500,1,46.6,53.0,-6.4,0,1.58,5.0
0008438,0003406,0000099,2025-05-30 02:55:32,87000,0,87000,0,29.9,31.0,-1.1,0,11.69,1.0
0008439,0003397,0000096,2025-05-29 01:42:33,47500,2000,45500,1,30.6,23.1,7.5,1,9.47,5.0
0008440,0003428,0000001,2025-05-22 22:16:08,79500,0,79500,0,20.2,17.2,3.0,1,6.23,5.0
0008441,0003438,0000097,2025-05-08 12:06:56,41000,0,41000,0,23.8,21.5,2.3,1,6.79,5.0
0008442,0003345,0000001,2025-05-06 05:48:00,76300,0,76300,0,34.7,30.4,4.3,1,7.23,5.0
0008443,0003471,0000006,2025-05-05 11:46:09,43700,0,43700,0,33.6,31.9,1.7,1,1.37,5.0
0008444,0003396,0000076,2025-05-23 07:01:42,42200,0,42200,0,30.7,33.8,-3.1,0,5.83,5.0
0008445,0003369,0000028,2025-05-07 00:48:11,10800,0,10800,0,45.3,47.0,-1.7,0,9.69,5.0
0008446,0003437,0000064,2025-05-31 02:47:45,44700,0,44700,0,40.3,38.9,1.4,1,13.81,3.0
0008447,0003572,0000082,2025-05-29 02:10:32,59400,2000,57400,1,25.5,17.8,7.7,1,0.75,5.0
0008448,0003514,0000046,2025-05-15 10:28:34,61000,5000,56000,1,31.5,34.0,-2.5,0,3.51,5.0
0008449,0003564,0000031,2025-05-28 00:01:25,44800,2000,42800,1,26.0,26.3,-0.3,0,1.17,5.0
0008450,0003567,0000037,2025-05-29 00:30:58,97500,5000,92500,1,21.8,27.1,-5.3,0,13.33,5.0
0008451,0003488,0000071,2025-05-19 11:10:52,42900,2000,40900,1,36.6,27.5,9.1,1,1.66,5.0
0008452,0003496,0000087,2025-05-23 02:15:49,28000,1000,27000,1,32.6,28.1,4.5,1,8.49,5.0
0008453,0003580,0000075,2025-05-29 06:19:34,66100,5000,61100,1,28.1,29.7,-1.6,0,0.72,5.0
0008454,0003562,0000041,2025-05-28 14:04:45,55600,2000,53600,1,25.4,33.3,-7.9,0,12.47,5.0
0008455,0003569,0000026,2025-05-27 08:27:30,49300,2000,47300,1,41.9,30.7,11.2,1,5.28,1.0
0008456,0003497,0000036,2025-05-26 08:22:26,21400,1000,20400,1,25.9,21.0,4.9,1,6.95,5.0
0008457,0003532,0000093,2025-05-24 09:09:03,65200,5000,60200,1,34.0,24.2,9.8,1,4.68,5.0
0008458,0003568,0000068,2025-05-27 11:43:51,44100,2000,42100,1,21.1,21.9,-0.8,0,4.52,4.0
0008459,0003577,0000071,2025-05-31 13:28:45,12400,500,11900,1,24.2,12.5,11.7,1,7.15,5.0
0008460,0003529,0000053,2025-05-19 06:45:03,70400,5000,65400,1,27.8,35.0,-7.2,0,13.97,5.0
0008461,0003501,0000095,2025-05-29 16:06:54,31100,1000,30100,1,40.1,27.3,12.8,1,5.04,5.0
0008462,0003578,0000081,2025-05-31 14:14:20,49700,2000,47700,1,30.0,19.9,10.1,1,9.18,5.0
0008463,0003555,0000008,2025-05-24 15:22:37,69100,5000,64100,1,45.9,34.3,11.6,1,13.37,5.0
0008464,0003493,0000055,2025-05-30 09:49:10,14100,500,13600,1,49.3,53.1,-3.8,0,12.65,5.0
0008465,0003515,0000050,2025-05-25 01:33:10,49800,2000,47800,1,42.8,45.7,-2.9,0,12.27,5.0
0008466,0003485,0000100,2025-05-14 17:15:07,61400,5000,56400,1,46.3,36.3,10.0,1,11.43,5.0
0008467,0003573,0000090,2025-05-29 20:32:50,26600,1000,25600,1,45.3,52.6,-7.3,0,3.32,5.0
0008468,0003498,0000078,2025-05-20 06:02:43,49900,2000,47900,1,38.9,44.8,-5.9,0,5.01,5.0
0008469,0003550,0000035,2025-05-28 12:32:33,90600,5000,85600,1,29.9,25.1,4.8,1,12.0,5.0
0008470,0003503,0000098,2025-05-27 18:35:37,77400,5000,72400,1,44.7,45.4,-0.7,0,3.77,5.0
0008471,0003482,0000072,2025-05-16 19:25:27,45800,2000,43800,1,33.5,28.9,4.6,1,10.91,5.0
0008472,0003524,0000004,2025-05-14 07:51:52,72500,5000,67500,1,23.6,13.7,9.9,1,10.35,5.0
0008473,0003476,0000068,2025-05-04 21:51:41,39000,1000,38000,1,42.2,47.6,-5.4,0,2.31,5.0
0008474,0003543,0000036,2025-05-17 05:58:36,94200,5000,89200,1,24.0,11.5,12.5,1,12.83,5.0
0008475,0003513,0000005,2025-05-28 06:52:31,37700,1000,36700,1,21.5,15.8,5.7,1,14.36,5.0
0008476,0003487,0000050,2025-05-04 10:16:48,70500,5000,65500,1,29.1,22.5,6.6,1,7.01,5.0
0008477,0003583,0000022,2025-05-30 06:32:48,10900,500,10400,1,37.8,25.1,12.7,1,3.55,5.0
0008478,0003479,0000071,2025-05-17 21:24:41,7300,500,6800,1,44.4,42.3,2.1,1,8.05,4.0
0008479,0003541,0000017,2025-05-30 20:39:16,45900,2000,43900,1,24.8,32.6,-7.8,0,14.26,5.0
0008480,0003557,0000095,2025-05-22 00:18:04,82600,5000,77600,1,36.6,44.4,-7.8,0,4.07,5.0
0008481,0003527,0000088,2025-05-29 23:39:06,38000,1000,37000,1,30.5,15.9,14.6,1,13.43,5.0
0008482,0003499,0000080,2025-05-17 17:55:55,81300,5000,76300,1,44.9,41.7,3.2,1,6.42,5.0
0008483,0003504,0000052,2025-05-16 22:52:03,59700,2000,57700,1,28.0,22.1,5.9,1,9.43,5.0
0008484,0003581,0000011,2025-05-28 03:49:12,47000,2000,45000,1,37.3,44.5,-7.2,0,5.42,4.0
0008485,0003478,0000077,2025-05-11 18:16:43,42200,2000,40200,1,47.8,53.7,-5.9,0,7.14,5.0
0008486,0003575,0000029,2025-05-31 10:43:44,84600,5000,79600,1,42.4,38.5,3.9,1,11.45,3.0
0008487,0003523,0000010,2025-05-13 14:08:28,44900,2000,42900,1,34.8,26.9,7.9,1,1.43,3.0
0008488,0003507,0000018,2025-05-31 08:34:36,20000,1000,19000,1,49.0,45.3,3.7,1,0.91,5.0
0008489,0003570,0000092,2025-05-27 06:05:42,78700,5000,73700,1,23.4,12.8,10.6,1,9.43,1.0
0008490,0003508,0000069,2025-05-28 23:45:11,94200,5000,89200,1,36.1,41.8,-5.7,0,7.76,5.0
0008491,0003563,0000038,2025-05-29 07:17:39,35100,1000,34100,1,32.7,22.7,10.0,1,9.97,5.0
0008492,0003502,0000097,2025-05-17 12:29:29,26600,1000,25600,1,37.2,40.5,-3.3,0,0.59,5.0
0008493,0003556,0000056,2025-05-26 11:32:58,33000,1000,32000,1,43.6,30.3,13.3,1,3.66,3.0
0008494,0003592,0000003,2025-05-31 04:06:49,57000,2000,55000,1,41.3,49.4,-8.1,0,2.51,3.0
0008495,0003534,0000013,2025-05-23 10:41:05,82000,5000,77000,1,32.0,30.0,2.0,1,10.89,5.0
0008496,0003525,0000071,2025-05-27 02:57:47,99000,5000,94000,1,40.2,41.3,-1.1,0,9.42,5.0
0008497,0003548,0000018,2025-05-24 14:29:52,80900,5000,75900,1,30.6,38.8,-8.2,0,6.03,5.0
0008498,0003560,0000012,2025-05-31 10:34:01,73300,5000,68300,1,39.0,34.6,4.4,1,10.84,5.0
0008499,0003505,0000018,2025-05-09 16:05:48,88900,5000,83900,1,44.7,29.9,14.8,1,8.07,5.0
0008500,0003574,0000073,2025-05-28 00:36:06,69100,5000,64100,1,38.7,48.6,-9.9,0,8.16,5.0
0008501,0003571,0000055,2025-05-28 11:07:43,79100,5000,74100,1,47.0,43.0,4.0,1,2.57,5.0
0008502,0003544,0000075,2025-05-26 14:01:33,41300,2000,39300,1,22.1,19.7,2.4,1,14.86,4.0
0008503,0003589,0000015,2025-05-31 03:22:35,95600,5000,90600,1,25.5,23.1,2.4,1,9.74,5.0
0008504,0003535,0000066,2025-05-27 15:55:02,38900,1000,37900,1,39.7,25.2,14.5,1,4.63,5.0
0008505,0003537,0000017,2025-05-30 01:27:44,74900,5000,69900,1,42.5,32.6,9.9,1,13.77,5.0
0008506,0003484,0000077,2025-05-11 23:17:05,28900,1000,27900,1,28.5,19.3,9.2,1,9.35,5.0
0008507,0003561,0000006,2025-05-28 18:51:25,85400,5000,80400,1,38.6,41.6,-3.0,0,8.17,5.0
0008508,0003586,0000078,2025-05-30 07:41:25,77100,5000,72100,1,43.9,45.7,-1.8,0,7.65,5.0
0008509,0003538,0000082,2025-05-31 19:57:12,12100,500,11600,1,20.1,16.5,3.6,1,0.92,3.0
0008510,0003585,0000052,2025-05-29 18:07:28,15200,500,14700,1,38.7,39.4,-0.7,0,5.94,5.0
0008511,0003590,0000055,2025-05-30 04:43:29,10600,500,10100,1,47.5,49.8,-2.3,0,9.13,5.0
0008512,0003489,0000061,2025-05-12 18:20:27,20400,1000,19400,1,42.0,37.6,4.4,1,2.02,5.0
0008513,0003547,0000042,2025-05-18 20:51:09,34400,1000,33400,1,49.4,54.1,-4.7,0,14.17,5.0
0008514,0003587,0000028,2025-05-30 07:52:36,34100,1000,33100,1,27.9,14.3,13.6,1,8.12,4.0
0008515,0003506,0000067,2025-05-12 00:55:32,24500,1000,23500,1,31.7,33.2,-1.5,0,2.15,5.0
0008516,0003518,0000032,2025-05-27 21:36:27,53400,2000,51400,1,45.6,40.0,5.6,1,14.93,5.0
0008517,0003552,0000087,2025-05-20 20:36:28,18700,500,18200,1,24.9,11.8,13.1,1,3.34,5.0
0008518,0003490,0000031,2025-05-25 18:45:13,32700,1000,31700,1,41.5,27.7,13.8,1,6.52,5.0
0008519,0003565,0000056,2025-05-28 02:58:04,63700,5000,58700,1,47.2,50.0,-2.8,0,7.84,5.0
0008520,0003474,0000062,2025-05-10 22:03:43,15600,500,15100,1,29.5,35.1,-5.6,0,1.92,5.0
0008521,0003495,0000013,2025-05-23 00:24:07,83400,5000,78400,1,42.5,49.4,-6.9,0,9.64,5.0
0008522,0003566,0000015,2025-05-27 03:59:31,91900,5000,86900,1,26.3,30.3,-4.0,0,3.53,5.0
0008523,0003517,0000086,2025-05-27 18:57:06,96300,5000,91300,1,26.3,18.1,8.2,1,12.04,5.0
0008524,0003510,0000071,2025-05-20 06:02:14,78900,5000,73900,1,29.4,25.3,4.1,1,4.68,5.0
0008525,0003519,0000080,2025-05-31 04:19:52,77400,5000,72400,1,40.3,48.5,-8.2,0,8.75,5.0
0008526,0003576,0000027,2025-05-28 04:09:56,90900,5000,85900,1,41.8,28.1,13.7,1,3.16,5.0
0008527,0003483,0000016,2025-05-29 11:39:14,86500,5000,81500,1,36.4,27.0,9.4,1,3.21,5.0
0008528,0003539,0000048,2025-05-21 13:15:16,27000,1000,26000,1,29.7,16.8,12.9,1,12.29,5.0
0008529,0003520,0000061,2025-05-22 19:20:44,72900,5000,67900,1,24.1,31.1,-7.0,0,5.02,5.0
0008530,0003526,0000003,2025-05-31 03:12:32,21300,1000,20300,1,26.6,20.4,6.2,1,14.49,5.0
0008531,0003509,0000030,2025-05-11 05:56:50,98900,5000,93900,1,31.2,24.8,6.4,1,3.34,4.0
0008532,0003494,0000049,2025-05-13 14:36:53,83700,5000,78700,1,44.4,38.1,6.3,1,14.89,5.0
0008533,0003558,0000011,2025-05-27 18:13:56,74900,5000,69900,1,31.6,32.5,-0.9,0,10.99,1.0
0008534,0003528,0000078,2025-05-15 16:17:45,54800,2000,52800,1,28.2,31.5,-3.3,0,6.89,5.0
0008535,0003542,0000002,2025-05-18 18:55:23,16200,500,15700,1,28.2,20.6,7.6,1,14.38,5.0
0008536,0003553,0000086,2025-05-27 00:07:20,23600,1000,22600,1,38.7,31.0,7.7,1,9.09,5.0
0008537,0003584,0000080,2025-05-29 23:15:07,77900,5000,72900,1,43.4,38.5,4.9,1,10.05,5.0
0008538,0003551,0000024,2025-05-26 07:52:16,56800,2000,54800,1,40.3,47.9,-7.6,0,10.58,5.0
0008539,0003511,0000084,2025-05-30 13:08:01,44900,2000,42900,1,47.2,41.7,5.5,1,11.16,5.0
0008540,0003546,0000023,2025-05-26 21:06:32,52300,2000,50300,1,22.8,18.7,4.1,1,0.69,3.0
0008541,0003521,0000030,2025-05-29 00:24:01,30600,1000,29600,1,49.3,50.4,-1.1,0,8.26,5.0
0008542,0003591,0000094,2025-05-31 20:45:11,27300,1000,26300,1,23.6,32.9,-9.3,0,5.88,5.0
0008543,0003475,0000015,2025-05-28 02:50:08,86200,5000,81200,1,38.4,42.4,-4.0,0,3.42,5.0
0008544,0003536,0000050,2025-05-18 14:44:57,44800,2000,42800,1,42.4,43.3,-0.9,0,14.33,3.0
0008545,0003565,0000038,2025-06-08 02:52:47,14900,0,14900,0,24.1,19.5,4.6,1,12.82,5.0
0008546,0003557,0000001,2025-06-27 02:42:29,65000,0,65000,0,39.0,42.5,-3.5,0,10.6,5.0
0008547,0003545,0000003,2025-06-05 00:27:23,89400,5000,84400,1,35.8,43.6,-7.8,0,13.23,5.0
0008548,0003585,0000001,2025-06-30 23:59:12,43800,0,43800,0,40.0,41.0,-1.0,0,3.29,5.0
0008549,0003564,0000064,2025-06-27 14:01:41,71100,0,71100,0,24.7,29.4,-4.7,0,9.79,4.0
0008550,0003519,0000086,2025-06-28 08:46:32,59500,0,59500,0,32.0,28.2,3.8,1,12.1,5.0
0008551,0003563,0000037,2025-06-20 15:52:38,15600,0,15600,0,46.9,46.9,0.0,0,6.56,3.0
0008552,0003502,0000044,2025-06-04 21:30:55,15100,0,15100,0,42.2,39.7,2.5,1,6.99,5.0
0008553,0003517,0000058,2025-06-08 10:13:42,10300,0,10300,0,38.5,38.0,0.5,1,14.06,5.0
0008554,0003474,0000061,2025-06-10 21:21:58,14600,0,14600,0,49.8,47.6,2.2,1,3.08,5.0
0008555,0003493,0000024,2025-06-09 02:50:08,28000,0,28000,0,25.2,24.0,1.2,1,3.81,5.0
0008556,0003508,0000075,2025-06-12 05:37:08,62400,0,62400,0,47.9,51.7,-3.8,0,12.97,5.0
0008557,0003554,0000009,2025-06-14 08:41:34,39100,1000,38100,1,23.9,25.6,-1.7,0,3.41,3.0
0008558,0003525,0000021,2025-06-29 22:47:50,55800,0,55800,0,44.2,43.2,1.0,1,3.32,5.0
0008559,0003486,0000073,2025-06-14 21:43:18,47300,2000,45300,1,33.3,36.1,-2.8,0,13.28,4.0
0008560,0003562,0000041,2025-06-22 04:14:40,26700,0,26700,0,43.1,41.0,2.1,1,1.38,5.0
0008561,0003520,0000003,2025-06-24 03:39:12,10300,0,10300,0,25.5,26.5,-1.0,0,8.81,5.0
0008562,0003582,0000010,2025-06-20 21:44:46,39200,1000,38200,1,43.1,47.0,-3.9,0,9.04,5.0
0008563,0003567,0000078,2025-06-29 13:12:19,33400,0,33400,0,37.4,41.4,-4.0,0,8.4,5.0
0008564,0003558,0000074,2025-06-07 08:42:47,94800,0,94800,0,41.8,38.0,3.8,1,1.02,5.0
0008565,0003498,0000066,2025-06-27 09:07:41,8300,0,8300,0,30.2,32.5,-2.3,0,3.31,5.0
0008566,0003561,0000008,2025-06-17 04:43:28,65000,0,65000,0,28.7,24.1,4.6,1,9.32,1.0
0008567,0003514,0000068,2025-06-08 23:15:31,59100,0,59100,0,34.0,30.0,4.0,1,8.82,5.0
0008568,0003503,0000033,2025-06-01 06:35:49,83100,0,83100,0,47.6,44.6,3.0,1,13.76,4.0
0008569,0003521,0000039,2025-06-08 11:49:57,10200,0,10200,0,20.2,17.8,2.4,1,10.56,5.0
0008570,0003495,0000026,2025-06-17 18:44:40,54000,0,54000,0,25.0,26.0,-1.0,0,13.41,5.0
0008571,0003547,0000080,2025-06-22 03:23:22,95700,0,95700,0,42.1,38.9,3.2,1,6.73,5.0
0008572,0003473,0000067,2025-06-12 23:13:09,22400,1000,21400,1,40.9,36.3,4.6,1,13.55,5.0
0008573,0003579,0000058,2025-06-03 23:46:52,95400,5000,90400,1,22.9,25.2,-2.3,0,10.38,5.0
0008574,0003568,0000072,2025-06-22 05:16:31,35800,0,35800,0,35.8,33.2,2.6,1,1.9,5.0
0008575,0003476,0000049,2025-06-24 00:11:00,66800,0,66800,0,45.0,47.8,-2.8,0,11.69,5.0
0008576,0003506,0000095,2025-06-12 04:56:23,99900,0,99900,0,25.7,24.2,1.5,1,11.3,5.0
0008577,0003491,0000031,2025-06-15 18:06:24,46900,2000,44900,1,39.0,42.0,-3.0,0,3.44,5.0
0008578,0003574,0000057,2025-06-10 03:48:48,92700,0,92700,0,34.9,34.3,0.6,1,13.11,5.0
0008579,0003580,0000085,2025-06-11 15:19:40,11500,0,11500,0,24.1,25.700000000000003,-1.6,0,14.2,5.0
0008580,0003528,0000018,2025-06-14 05:46:15,78600,0,78600,0,43.3,45.9,-2.6,0,11.17,4.0
0008581,0003569,0000038,2025-06-30 03:19:50,53100,0,53100,0,46.0,43.0,3.0,1,5.4,5.0
0008582,0003531,0000065,2025-06-24 12:54:06,51200,2000,49200,1,44.5,45.0,-0.5,0,11.26,5.0
0008583,0003559,0000024,2025-06-23 08:49:34,7300,500,6800,1,48.1,54.0,-5.9,0,2.54,5.0
0008584,0003541,0000033,2025-06-16 19:09:20,91400,0,91400,0,26.9,25.9,1.0,1,6.73,4.0
0008585,0003507,0000020,2025-06-10 11:58:54,11600,0,11600,0,40.0,37.9,2.1,1,3.1,5.0
0008586,0003590,0000032,2025-06-06 19:44:27,33000,0,33000,0,30.4,30.0,0.4,1,4.12,5.0
0008587,0003588,0000004,2025-06-16 05:35:38,30800,1000,29800,1,47.2,54.6,-7.4,0,10.11,4.0
0008588,0003586,0000098,2025-06-18 04:56:53,34100,0,34100,0,20.1,17.3,2.8,1,9.65,5.0
0008589,0003604,0000071,2025-06-21 07:44:16,26600,1000,25600,1,42.6,43.8,-1.2,0,9.63,5.0
0008590,0003607,0000047,2025-06-26 04:53:06,62600,5000,57600,1,35.6,27.9,7.7,1,11.64,5.0
0008591,0003603,0000089,2025-06-29 11:28:08,76600,5000,71600,1,30.0,38.8,-8.8,0,2.13,5.0
0008592,0003675,0000041,2025-06-25 08:30:14,42200,2000,40200,1,34.7,26.2,8.5,1,13.8,5.0
0008593,0003708,0000047,2025-06-27 04:56:46,88600,5000,83600,1,35.4,22.2,13.2,1,5.03,4.0
0008594,0003605,0000063,2025-06-28 03:32:30,36500,1000,35500,1,36.2,45.0,-8.8,0,13.06,5.0
0008595,0003598,0000025,2025-06-26 23:03:28,54000,2000,52000,1,21.7,19.1,2.6,1,8.89,5.0
0008596,0003654,0000085,2025-06-23 16:08:04,13700,500,13200,1,42.6,28.3,14.3,1,2.1,5.0
0008597,0003627,0000046,2025-06-10 00:49:03,20600,1000,19600,1,30.2,35.3,-5.1,0,7.84,5.0
0008598,0003663,0000009,2025-06-25 03:45:02,43300,2000,41300,1,23.6,29.3,-5.7,0,2.59,5.0
0008599,0003625,0000030,2025-06-24 16:48:35,77700,5000,72700,1,27.0,19.9,7.1,1,4.78,5.0
0008600,0003619,0000018,2025-06-17 12:17:26,81500,5000,76500,1,32.3,21.0,11.3,1,5.34,1.0
0008601,0003714,0000025,2025-06-30 02:03:59,67300,5000,62300,1,43.8,30.3,13.5,1,11.76,5.0
0008602,0003636,0000100,2025-06-16 12:26:27,7800,500,7300,1,25.1,17.7,7.4,1,1.39,5.0
0008603,0003600,0000004,2025-06-09 10:19:07,74500,5000,69500,1,48.5,54.8,-6.3,0,12.2,5.0
0008604,0003650,0000098,2025-06-25 02:42:12,51700,2000,49700,1,35.2,26.9,8.3,1,4.11,4.0
0008605,0003701,0000060,2025-06-29 20:39:56,80400,5000,75400,1,35.2,33.1,2.1,1,13.64,5.0
0008606,0003730,0000048,2025-06-29 22:04:52,95500,5000,90500,1,37.1,39.5,-2.4,0,4.9,5.0
0008607,0003622,0000075,2025-06-08 03:39:54,86700,5000,81700,1,21.4,13.4,8.0,1,2.29,4.0
0008608,0003610,0000063,2025-06-26 23:18:10,38100,1000,37100,1,20.8,21.3,-0.5,0,0.94,1.0
0008609,0003683,0000007,2025-06-25 15:16:30,41500,2000,39500,1,42.3,50.3,-8.0,0,8.78,5.0
0008610,0003736,0000094,2025-06-30 01:42:48,49200,2000,47200,1,38.0,34.6,3.4,1,9.63,5.0
0008611,0003644,0000021,2025-06-26 22:35:13,78300,5000,73300,1,29.5,21.3,8.2,1,9.52,5.0
0008612,0003599,0000006,2025-06-29 19:42:14,45800,2000,43800,1,27.4,16.9,10.5,1,14.18,5.0
0008613,0003648,0000018,2025-06-17 02:02:33,80200,5000,75200,1,37.6,39.3,-1.7,0,6.1,5.0
0008614,0003724,0000093,2025-06-30 11:14:43,20200,1000,19200,1,39.9,48.5,-8.6,0,9.03,5.0
0008615,0003702,0000011,2025-06-24 06:04:50,79400,5000,74400,1,34.4,35.5,-1.1,0,8.19,4.0
0008616,0003609,0000048,2025-06-23 15:09:41,78000,5000,73000,1,45.2,34.0,11.2,1,1.18,1.0
0008617,0003695,0000054,2025-06-28 16:04:46,58500,2000,56500,1,29.7,22.2,7.5,1,14.27,5.0
0008618,0003716,0000043,2025-06-30 18:00:10,34800,1000,33800,1,48.4,42.3,6.1,1,2.67,5.0
0008619,0003617,0000088,2025-06-20 03:52:55,61700,5000,56700,1,29.8,39.2,-9.4,0,3.1,4.0
0008620,0003608,0000066,2025-06-27 11:28:30,68400,5000,63400,1,24.0,15.0,9.0,1,11.61,5.0
0008621,0003735,0000035,2025-06-30 17:48:05,29300,1000,28300,1,32.1,33.8,-1.7,0,1.28,4.0
0008622,0003652,0000061,2025-06-19 04:11:42,12800,500,12300,1,47.5,37.4,10.1,1,2.5,5.0
0008623,0003704,0000006,2025-06-28 02:13:14,69200,5000,64200,1,48.6,34.2,14.4,1,6.39,5.0
0008624,0003649,0000093,2025-06-18 11:53:01,26800,1000,25800,1,40.2,46.2,-6.0,0,14.82,5.0
0008625,0003660,0000023,2025-06-15 15:51:29,25700,1000,24700,1,20.4,27.2,-6.8,0,5.09,5.0
0008626,0003638,0000037,2025-06-30 01:40:01,37800,1000,36800,1,41.9,38.8,3.1,1,11.13,5.0
0008627,0003628,0000042,2025-06-26 02:35:15,76400,5000,71400,1,30.3,22.1,8.2,1,4.15,5.0
0008628,0003692,0000074,2025-06-23 07:40:14,11700,500,11200,1,41.0,44.4,-3.4,0,12.56,5.0
0008629,0003717,0000055,2025-06-26 05:19:56,55100,2000,53100,1,26.8,18.9,7.9,1,10.45,5.0
0008630,0003639,0000065,2025-06-15 14:49:39,76400,5000,71400,1,42.8,40.6,2.2,1,2.85,4.0
0008631,0003689,0000095,2025-06-25 04:45:20,91100,5000,86100,1,35.7,23.7,12.0,1,6.44,5.0
0008632,0003718,0000014,2025-06-26 06:40:20,29700,1000,28700,1,47.7,39.1,8.6,1,1.13,5.0
0008633,0003615,0000002,2025-06-18 19:05:04,60000,5000,55000,1,21.4,29.2,-7.8,0,8.65,5.0
0008634,0003632,0000026,2025-06-10 16:10:40,60600,5000,55600,1,42.5,35.1,7.4,1,0.64,5.0
0008635,0003703,0000083,2025-06-30 06:17:28,68100,5000,63100,1,27.6,21.1,6.5,1,13.51,5.0
0008636,0003595,0000009,2025-06-04 08:53:52,49400,2000,47400,1,41.2,50.6,-9.4,0,11.65,5.0
0008637,0003614,0000091,2025-06-11 21:48:24,51900,2000,49900,1,49.1,44.2,4.9,1,1.92,4.0
0008638,0003710,0000098,2025-06-27 17:51:31,9800,500,9300,1,47.9,44.7,3.2,1,14.62,5.0
0008639,0003694,0000079,2025-06-27 18:16:06,63000,5000,58000,1,36.1,42.6,-6.5,0,1.15,5.0
0008640,0003662,0000071,2025-06-25 22:18:35,8000,500,7500,1,21.3,23.9,-2.6,0,7.97,3.0
0008641,0003596,0000089,2025-06-19 04:39:21,91200,5000,86200,1,39.3,41.8,-2.5,0,10.71,5.0
0008642,0003679,0000092,2025-06-28 18:09:59,16400,500,15900,1,39.2,32.9,6.3,1,13.23,5.0
0008643,0003723,0000011,2025-06-30 18:52:45,50900,2000,48900,1,33.1,38.6,-5.5,0,14.54,5.0
0008644,0003680,0000021,2025-06-27 14:34:15,22000,1000,21000,1,22.1,24.0,-1.9,0,12.49,5.0
0008645,0003720,0000084,2025-06-30 04:26:24,20400,1000,19400,1,38.8,25.4,13.4,1,7.74,5.0
0008646,0003626,0000067,2025-06-21 19:29:03,17900,500,17400,1,23.0,30.3,-7.3,0,7.06,5.0
0008647,0003713,0000082,2025-06-25 01:55:37,56200,2000,54200,1,32.8,35.9,-3.1,0,12.07,5.0
0008648,0003693,0000089,2025-06-25 23:42:35,60200,5000,55200,1,35.5,35.6,-0.1,0,12.14,5.0
0008649,0003707,0000027,2025-06-26 19:13:25,96800,5000,91800,1,34.2,21.5,12.7,1,13.89,1.0
0008650,0003631,0000003,2025-06-15 04:41:34,23200,1000,22200,1,21.6,30.7,-9.1,0,14.58,5.0
0008651,0003661,0000077,2025-06-28 18:14:04,84600,5000,79600,1,48.1,40.5,7.6,1,5.19,5.0
0008652,0003705,0000063,2025-06-25 14:45:29,8100,500,7600,1,28.5,31.7,-3.2,0,4.0,5.0
0008653,0003594,0000094,2025-06-02 17:36:45,74700,5000,69700,1,49.6,51.1,-1.5,0,10.43,4.0
0008654,0003725,0000092,2025-06-28 20:20:08,35600,1000,34600,1,35.6,27.2,8.4,1,10.19,5.0
0008655,0003691,0000055,2025-06-23 13:08:10,36300,1000,35300,1,33.3,25.6,7.7,1,10.11,5.0
0008656,0003696,0000064,2025-06-26 01:43:47,91100,5000,86100,1,47.2,54.0,-6.8,0,8.0,5.0
0008657,0003674,0000057,2025-06-23 20:52:58,82400,5000,77400,1,44.4,46.5,-2.1,0,4.2,5.0
0008658,0003642,0000007,2025-06-20 08:22:51,18600,500,18100,1,35.6,22.7,12.9,1,11.71,5.0
0008659,0003658,0000004,2025-06-25 05:54:34,40500,2000,38500,1,23.5,31.8,-8.3,0,1.94,5.0
0008660,0003700,0000077,2025-06-29 11:41:50,62200,5000,57200,1,22.2,16.2,6.0,1,0.82,5.0
0008661,0003676,0000058,2025-06-25 01:09:06,90700,5000,85700,1,35.5,45.0,-9.5,0,5.27,5.0
0008662,0003657,0000065,2025-06-28 22:23:39,28000,1000,27000,1,42.5,48.0,-5.5,0,2.02,5.0
0008663,0003671,0000038,2025-06-21 19:16:11,21100,1000,20100,1,44.9,33.3,11.6,1,1.58,5.0
0008664,0003667,0000057,2025-06-19 05:00:38,47500,2000,45500,1,42.1,35.9,6.2,1,8.44,5.0
0008665,0003686,0000072,2025-06-27 07:46:01,35200,1000,34200,1,45.4,41.5,3.9,1,8.27,5.0
0008666,0003656,0000046,2025-06-14 16:20:51,58300,2000,56300,1,44.3,34.8,9.5,1,14.48,5.0
0008667,0003668,0000002,2025-06-29 21:39:43,57800,2000,55800,1,36.5,44.7,-8.2,0,12.96,5.0
0008668,0003624,0000054,2025-06-29 17:22:19,97200,5000,92200,1,20.4,21.3,-0.9,0,12.39,4.0
0008669,0003733,0000056,2025-06-30 06:05:25,66600,5000,61600,1,40.8,41.5,-0.7,0,9.46,5.0
0008670,0003726,0000084,2025-06-29 22:03:21,25600,1000,24600,1,25.8,35.8,-10.0,0,7.29,5.0
0008671,0003645,0000040,2025-06-12 02:39:55,78400,5000,73400,1,43.2,47.0,-3.8,0,1.94,5.0
0008672,0003712,0000038,2025-06-30 20:37:28,59700,2000,57700,1,39.2,39.4,-0.2,0,7.61,5.0
0008673,0003698,0000048,2025-06-26 17:23:20,39600,1000,38600,1,49.5,41.0,8.5,1,9.09,5.0
0008674,0003602,0000098,2025-06-07 07:00:50,36700,1000,35700,1,25.5,30.1,-4.6,0,10.18,5.0
0008675,0003655,0000050,2025-06-28 17:22:03,99900,5000,94900,1,20.6,15.5,5.1,1,10.59,5.0
0008676,0003697,0000062,2025-06-27 05:54:21,70600,5000,65600,1,34.8,44.7,-9.9,0,2.21,5.0
0008677,0003734,0000070,2025-06-30 06:14:27,44700,2000,42700,1,22.3,10.7,11.6,1,6.02,5.0
0008678,0003646,0000001,2025-06-22 12:14:56,24500,1000,23500,1,33.1,22.2,10.9,1,4.54,5.0
0008679,0003618,0000029,2025-06-25 17:38:49,67400,5000,62400,1,43.4,30.4,13.0,1,3.89,1.0
0008680,0003731,0000064,2025-06-30 00:29:07,26500,1000,25500,1,32.9,38.3,-5.4,0,12.98,5.0
0008681,0003620,0000016,2025-06-15 20:30:17,13600,500,13100,1,43.1,40.5,2.6,1,11.14,5.0
0008682,0003670,0000084,2025-06-27 06:20:53,89700,5000,84700,1,23.6,30.3,-6.7,0,11.59,5.0
0008683,0003721,0000058,2025-06-29 08:11:21,18300,500,17800,1,23.9,20.8,3.1,1,5.02,5.0
0008684,0003593,0000056,2025-06-25 06:46:55,22900,1000,21900,1,48.2,56.8,-8.6,0,3.48,5.0
0008685,0003597,0000099,2025-06-18 14:38:07,77600,5000,72600,1,33.9,31.5,2.4,1,13.25,5.0
0008686,0003685,0000005,2025-06-19 03:23:35,91600,5000,86600,1,22.1,8.4,13.7,1,1.86,1.0
0008687,0003669,0000041,2025-06-23 15:58:07,74200,5000,69200,1,31.7,29.2,2.5,1,7.56,5.0
0008688,0003634,0000087,2025-06-26 19:02:08,93600,5000,88600,1,41.9,48.5,-6.6,0,9.35,5.0
0008689,0003678,0000081,2025-06-28 18:48:17,17400,500,16900,1,38.2,30.8,7.4,1,2.04,4.0
0008690,0003666,0000097,2025-06-16 17:29:36,81300,5000,76300,1,21.4,22.8,-1.4,0,11.12,5.0
0008691,0003601,0000029,2025-06-25 12:43:09,41200,2000,39200,1,26.5,23.2,3.3,1,3.78,5.0
0008692,0003684,0000019,2025-06-24 03:27:19,59900,2000,57900,1,28.9,33.6,-4.7,0,9.56,5.0
0008693,0003635,0000009,2025-06-16 22:07:00,91600,5000,86600,1,29.5,16.0,13.5,1,6.13,5.0
0008694,0003711,0000011,2025-06-27 09:08:29,28200,1000,27200,1,37.5,42.0,-4.5,0,4.47,5.0
0008695,0003681,0000017,2025-06-22 08:55:15,85200,5000,80200,1,29.3,35.9,-6.6,0,3.79,5.0
0008696,0003637,0000014,2025-06-17 11:27:27,40000,2000,38000,1,37.3,41.3,-4.0,0,14.09,5.0
0008697,0003659,0000017,2025-06-15 22:24:16,60200,5000,55200,1,22.9,9.8,13.1,1,5.6,5.0
0008698,0003629,0000099,2025-06-29 21:38:56,85800,5000,80800,1,27.5,12.6,14.9,1,6.05,5.0
0008699,0003630,0000089,2025-06-24 11:33:55,77600,5000,72600,1,47.3,51.5,-4.2,0,3.06,3.0
0008700,0003688,0000063,2025-06-29 00:50:40,37200,1000,36200,1,42.3,39.5,2.8,1,3.1,4.0
0008701,0003672,0000032,2025-06-17 06:26:20,88700,5000,83700,1,49.8,59.0,-9.2,0,12.39,5.0
0008702,0003715,0000056,2025-06-27 01:23:44,52300,2000,50300,1,29.8,37.3,-7.5,0,0.92,5.0
0008703,0003722,0000098,2025-06-27 08:27:02,69900,5000,64900,1,49.1,34.1,15.0,1,5.12,3.0
0008704,0003709,0000029,2025-06-25 12:26:31,41200,2000,39200,1,40.7,32.0,8.7,1,14.68,5.0
0008705,0003732,0000028,2025-07-22 07:47:08,62300,5000,57300,1,28.0,30.9,-2.9,0,12.99,5.0
0008706,0003693,0000040,2025-07-19 04:06:57,59200,0,59200,0,42.2,37.900000000000006,4.3,1,2.0,5.0
0008707,0003692,0000099,2025-07-06 05:27:53,64100,0,64100,0,38.1,42.0,-3.9,0,2.32,5.0
0008708,0003705,0000060,2025-07-05 17:42:15,57600,0,57600,0,25.3,23.4,1.9,1,9.42,1.0
0008709,0003596,0000049,2025-07-22 13:54:19,63500,0,63500,0,45.2,41.1,4.1,1,13.1,5.0
0008710,0003616,0000054,2025-07-07 04:40:06,30400,1000,29400,1,21.1,29.9,-8.8,0,10.93,5.0
0008711,0003660,0000003,2025-07-29 23:07:28,90900,0,90900,0,48.9,51.0,-2.1,0,10.96,4.0
0008712,0003604,0000044,2025-07-06 16:23:06,58500,0,58500,0,23.1,25.0,-1.9,0,13.48,5.0
0008713,0003617,0000062,2025-07-20 12:01:36,70600,0,70600,0,48.8,47.0,1.8,1,13.14,5.0
0008714,0003627,0000030,2025-07-19 18:08:35,15900,0,15900,0,25.2,24.8,0.4,1,4.35,4.0
0008715,0003719,0000072,2025-07-19 23:04:36,26000,1000,25000,1,30.1,32.8,-2.7,0,8.4,1.0
0008716,0003647,0000045,2025-07-31 14:33:42,63100,5000,58100,1,40.3,43.7,-3.4,0,3.71,5.0
0008717,0003635,0000047,2025-07-02 02:25:15,52100,0,52100,0,42.3,37.9,4.4,1,11.82,5.0
0008718,0003633,0000041,2025-07-25 09:23:15,32400,1000,31400,1,46.3,47.7,-1.4,0,13.2,5.0
0008719,0003624,0000096,2025-07-01 06:52:00,52100,0,52100,0,22.9,22.0,0.9,1,2.47,5.0
0008720,0003595,0000068,2025-07-24 04:44:33,59900,0,59900,0,31.8,27.3,4.5,1,10.97,5.0
0008721,0003713,0000013,2025-07-11 08:15:39,27600,0,27600,0,28.5,29.8,-1.3,0,10.49,5.0
0008722,0003677,0000051,2025-07-09 20:40:10,24200,0,24200,0,49.1,51.5,-2.4,0,2.95,5.0
0008723,0003724,0000087,2025-07-07 12:50:46,12100,0,12100,0,35.1,37.9,-2.8,0,8.15,3.0
0008724,0003602,0000053,2025-07-19 05:26:13,20200,0,20200,0,44.6,45.8,-1.2,0,1.44,5.0
0008725,0003615,0000038,2025-07-21 07:18:18,41100,0,41100,0,32.2,28.1,4.1,1,14.46,5.0
0008726,0003680,0000087,2025-07-03 21:26:50,59600,0,59600,0,31.8,31.3,0.5,1,7.06,5.0
0008727,0003699,0000052,2025-07-02 06:16:51,9200,500,8700,1,25.3,25.7,-0.4,0,1.76,5.0
0008728,0003648,0000034,2025-07-30 09:34:03,60500,0,60500,0,28.6,24.700000000000003,3.9,1,10.71,5.0
0008729,0003603,0000095,2025-07-06 19:32:39,23600,0,23600,0,34.4,31.7,2.7,1,12.22,5.0
0008730,0003723,0000015,2025-07-10 11:26:41,85400,0,85400,0,22.3,23.7,-1.4,0,7.71,5.0
0008731,0003690,0000034,2025-07-26 17:44:03,57100,2000,55100,1,22.5,26.2,-3.7,0,13.48,5.0
0008732,0003666,0000068,2025-07-04 02:03:14,63900,0,63900,0,40.5,39.0,1.5,1,10.74,5.0
0008733,0003631,0000036,2025-07-15 23:44:40,49300,0,49300,0,34.2,32.400000000000006,1.8,1,1.18,5.0
0008734,0003726,0000055,2025-07-10 06:39:23,62900,0,62900,0,38.1,38.4,-0.3,0,12.09,1.0
0008735,0003605,0000029,2025-07-18 09:03:49,92100,0,92100,0,42.4,46.0,-3.6,0,11.54,5.0
0008736,0003735,0000015,2025-07-24 08:36:38,77500,0,77500,0,25.3,22.6,2.7,1,14.01,3.0
0008737,0003652,0000073,2025-07-02 09:39:45,9800,0,9800,0,28.0,31.7,-3.7,0,3.78,5.0
0008738,0003649,0000038,2025-07-26 02:07:16,60400,0,60400,0,31.1,35.2,-4.1,0,9.95,4.0
0008739,0003614,0000047,2025-07-25 09:13:02,79400,0,79400,0,42.0,39.9,2.1,1,12.1,5.0
0008740,0003694,0000028,2025-07-12 00:01:20,97700,0,97700,0,31.8,30.6,1.2,1,10.75,5.0
0008741,0003728,0000056,2025-07-03 14:34:40,90700,5000,85700,1,48.7,58.3,-9.6,0,12.34,5.0
0008742,0003688,0000019,2025-07-28 08:35:00,90300,0,90300,0,25.1,20.3,4.8,1,8.64,3.0
0008743,0003715,0000014,2025-07-02 19:30:00,90800,0,90800,0,47.1,46.9,0.2,1,14.72,1.0
0008744,0003684,0000077,2025-07-07 03:24:59,93800,0,93800,0,43.2,43.6,-0.4,0,6.42,5.0
0008745,0003676,0000010,2025-07-19 22:13:58,55600,0,55600,0,49.7,51.3,-1.6,0,4.88,5.0
0008746,0003681,0000100,2025-07-25 02:52:57,81400,0,81400,0,33.7,29.1,4.6,1,4.38,1.0
0008747,0003657,0000017,2025-07-04 22:55:24,53400,0,53400,0,24.4,25.9,-1.5,0,12.7,5.0
0008748,0003683,0000097,2025-07-01 15:05:52,49400,0,49400,0,44.5,45.0,-0.5,0,6.38,5.0
0008749,0003626,0000046,2025-07-24 19:38:04,39800,0,39800,0,41.0,39.4,1.6,1,6.16,5.0
0008750,0003611,0000014,2025-07-07 11:17:11,97600,0,97600,0,31.8,32.6,-0.8,0,11.68,5.0
0008751,0003612,0000069,2025-07-26 03:05:26,79500,0,79500,0,41.2,39.0,2.2,1,4.16,5.0
0008752,0003658,0000007,2025-07-14 07:14:50,46700,0,46700,0,26.5,24.6,1.9,1,8.85,5.0
0008753,0003736,0000049,2025-07-28 03:46:34,73700,0,73700,0,39.0,42.3,-3.3,0,13.05,5.0
0008754,0003663,0000049,2025-07-04 01:15:25,43100,0,43100,0,26.1,28.6,-2.5,0,5.15,5.0
0008755,0003634,0000022,2025-07-11 21:45:28,12400,0,12400,0,30.1,30.6,-0.5,0,2.25,5.0
0008756,0003702,0000021,2025-07-15 21:41:16,96200,0,96200,0,28.6,29.3,-0.7,0,7.93,5.0
0008757,0003637,0000027,2025-07-27 22:45:27,89500,0,89500,0,23.4,26.3,-2.9,0,6.3,5.0
0008758,0003630,0000059,2025-07-31 23:11:02,64900,0,64900,0,44.2,48.0,-3.8,0,14.85,5.0
0008759,0003712,0000045,2025-07-06 21:26:07,8800,0,8800,0,36.9,38.1,-1.2,0,12.08,5.0
0008760,0003673,0000085,2025-07-25 22:03:06,55300,0,55300,0,28.3,26.8,1.5,1,10.35,5.0
0008761,0003600,0000011,2025-07-14 07:54:50,57100,0,57100,0,42.6,39.8,2.8,1,13.66,5.0
0008762,0003682,0000085,2025-07-17 02:41:38,98700,5000,93700,1,41.3,48.2,-6.9,0,5.34,5.0
0008763,0003594,0000010,2025-07-12 18:48:16,86800,0,86800,0,20.5,19.6,0.9,1,13.61,5.0
0008764,0003765,0000011,2025-07-10 23:50:35,19100,500,18600,1,34.6,43.9,-9.3,0,11.23,5.0
0008765,0003813,0000015,2025-07-31 07:07:40,79400,5000,74400,1,45.1,34.9,10.2,1,4.36,5.0
0008766,0003831,0000002,2025-07-26 16:36:46,66300,5000,61300,1,42.9,38.5,4.4,1,11.92,5.0
0008767,0003764,0000056,2025-07-12 13:55:07,60000,5000,55000,1,22.5,22.8,-0.3,0,1.9,5.0
0008768,0003841,0000048,2025-07-30 01:02:54,80500,5000,75500,1,45.8,46.2,-0.4,0,11.94,5.0
0008769,0003825,0000049,2025-07-26 20:28:31,10900,500,10400,1,45.4,54.3,-8.9,0,1.62,4.0
0008770,0003740,0000096,2025-07-13 08:42:49,58000,2000,56000,1,25.3,34.2,-8.9,0,9.57,5.0
0008771,0003772,0000009,2025-07-13 22:05:05,23600,1000,22600,1,47.8,45.5,2.3,1,1.4,5.0
0008772,0003794,0000011,2025-07-17 03:04:55,36800,1000,35800,1,23.3,23.7,-0.4,0,7.5,5.0
0008773,0003834,0000016,2025-07-29 20:53:56,65500,5000,60500,1,49.9,38.9,11.0,1,8.65,5.0
0008774,0003767,0000083,2025-07-22 10:00:38,58300,2000,56300,1,43.3,38.2,5.1,1,1.08,3.0
0008775,0003785,0000043,2025-07-31 14:06:43,70300,5000,65300,1,32.8,40.4,-7.6,0,4.07,5.0
0008776,0003739,0000045,2025-07-02 23:34:44,54200,2000,52200,1,44.8,47.6,-2.8,0,5.86,5.0
0008777,0003833,0000061,2025-07-29 23:39:34,87200,5000,82200,1,45.1,32.4,12.7,1,11.2,5.0
0008778,0003754,0000068,2025-07-27 04:44:26,46800,2000,44800,1,25.7,31.9,-6.2,0,1.09,5.0
0008779,0003836,0000005,2025-07-29 00:27:13,10900,500,10400,1,36.7,25.5,11.2,1,1.75,5.0
0008780,0003775,0000100,2025-07-14 16:44:01,73300,5000,68300,1,28.2,26.0,2.2,1,9.98,5.0
0008781,0003843,0000008,2025-07-31 07:40:42,54900,2000,52900,1,23.1,26.5,-3.4,0,9.02,5.0
0008782,0003790,0000080,2025-07-26 13:26:52,83700,5000,78700,1,45.8,52.7,-6.9,0,14.13,5.0
0008783,0003795,0000093,2025-07-17 15:30:15,22900,1000,21900,1,49.3,52.7,-3.4,0,10.78,5.0
0008784,0003737,0000018,2025-07-11 21:56:06,80200,5000,75200,1,44.4,30.1,14.3,1,5.32,5.0
0008785,0003828,0000098,2025-07-31 06:09:44,15800,500,15300,1,48.3,45.2,3.1,1,6.28,5.0
0008786,0003770,0000091,2025-07-08 04:10:49,65400,5000,60400,1,25.7,27.5,-1.8,0,12.44,5.0
0008787,0003755,0000033,2025-07-10 03:43:10,44100,2000,42100,1,29.0,18.5,10.5,1,7.15,5.0
0008788,0003842,0000072,2025-07-31 02:19:13,80900,5000,75900,1,44.0,44.0,-0.0,0,7.76,5.0
0008789,0003753,0000092,2025-07-22 08:38:51,31400,1000,30400,1,49.7,55.7,-6.0,0,10.85,5.0
0008790,0003745,0000078,2025-07-24 16:23:07,92900,5000,87900,1,41.8,49.2,-7.4,0,1.81,3.0
0008791,0003780,0000063,2025-07-17 11:02:46,64800,5000,59800,1,29.2,14.9,14.3,1,8.18,5.0
0008792,0003784,0000087,2025-07-31 10:34:38,37900,1000,36900,1,31.0,23.1,7.9,1,1.58,5.0
0008793,0003814,0000089,2025-07-27 21:07:28,58700,2000,56700,1,31.9,17.2,14.7,1,9.18,5.0
0008794,0003812,0000045,2025-07-28 08:06:28,97600,5000,92600,1,25.6,31.2,-5.6,0,12.43,4.0
0008795,0003844,0000014,2025-07-31 06:10:41,22000,1000,21000,1,40.5,31.2,9.3,1,0.96,5.0
0008796,0003791,0000043,2025-07-18 15:09:21,92000,5000,87000,1,41.1,35.0,6.1,1,5.09,5.0
0008797,0003752,0000094,2025-07-15 03:17:18,32800,1000,31800,1,43.9,50.4,-6.5,0,8.24,5.0
0008798,0003756,0000021,2025-07-30 03:25:03,98200,5000,93200,1,35.5,40.4,-4.9,0,4.57,5.0
0008799,0003830,0000039,2025-07-30 17:02:40,41200,2000,39200,1,45.4,31.3,14.1,1,2.32,5.0
0008800,0003829,0000093,2025-07-27 19:17:08,15100,500,14600,1,37.0,38.3,-1.3,0,7.67,5.0
0008801,0003788,0000006,2025-07-19 09:15:15,95800,5000,90800,1,45.4,42.4,3.0,1,5.08,4.0
0008802,0003748,0000006,2025-07-18 14:35:05,89600,5000,84600,1,21.1,28.7,-7.6,0,14.26,5.0
0008803,0003803,0000067,2025-07-31 04:21:57,28600,1000,27600,1,21.1,13.4,7.7,1,3.3,5.0
0008804,0003811,0000078,2025-07-31 04:48:14,49800,2000,47800,1,37.4,35.0,2.4,1,8.87,5.0
0008805,0003766,0000001,2025-07-12 00:38:34,22100,1000,21100,1,38.9,47.2,-8.3,0,13.28,5.0
0008806,0003760,0000051,2025-07-28 00:57:05,74600,5000,69600,1,42.0,28.8,13.2,1,10.86,5.0
0008807,0003810,0000065,2025-07-30 23:07:07,14300,500,13800,1,37.9,27.4,10.5,1,7.01,5.0
0008808,0003838,0000093,2025-07-31 01:29:07,51100,2000,49100,1,30.3,15.4,14.9,1,9.47,5.0
0008809,0003769,0000036,2025-07-28 03:17:09,65300,5000,60300,1,41.5,29.7,11.8,1,4.0,5.0
0008810,0003839,0000081,2025-07-31 12:52:12,95800,5000,90800,1,38.3,43.0,-4.7,0,5.96,3.0
0008811,0003827,0000077,2025-07-30 17:35:09,68000,5000,63000,1,37.3,32.3,5.0,1,12.02,5.0
0008812,0003802,0000031,2025-07-31 18:20:27,88800,5000,83800,1,41.4,38.7,2.7,1,12.39,4.0
0008813,0003837,0000047,2025-07-31 06:45:49,90200,5000,85200,1,37.2,29.7,7.5,1,8.33,5.0
0008814,0003779,0000096,2025-07-22 17:31:47,98000,5000,93000,1,25.4,28.2,-2.8,0,5.84,5.0
0008815,0003759,0000041,2025-07-18 18:34:51,29200,1000,28200,1,43.3,40.8,2.5,1,10.97,5.0
0008816,0003809,0000021,2025-07-27 15:15:27,13500,500,13000,1,21.2,13.7,7.5,1,6.11,5.0
0008817,0003804,0000019,2025-07-22 01:25:12,91100,5000,86100,1,38.2,39.4,-1.2,0,5.87,5.0
0008818,0003738,0000084,2025-07-24 06:26:55,51600,2000,49600,1,46.5,47.0,-0.5,0,9.6,5.0
0008819,0003823,0000048,2025-07-29 07:08:08,49000,2000,47000,1,39.7,44.3,-4.6,0,7.12,5.0
0008820,0003819,0000009,2025-07-25 20:35:50,27900,1000,26900,1,34.6,28.8,5.8,1,8.33,5.0
0008821,0003751,0000078,2025-07-17 23:20:20,33500,1000,32500,1,36.0,24.8,11.2,1,0.87,5.0
0008822,0003743,0000085,2025-07-07 09:31:27,44100,2000,42100,1,41.6,32.7,8.9,1,13.09,5.0
0008823,0003808,0000086,2025-07-31 03:35:20,19700,500,19200,1,35.3,35.7,-0.4,0,7.48,5.0
0008824,0003782,0000051,2025-07-19 08:07:33,51200,2000,49200,1,45.7,46.9,-1.2,0,11.91,5.0
0008825,0003786,0000042,2025-07-26 08:04:36,96400,5000,91400,1,38.4,44.2,-5.8,0,7.17,5.0
0008826,0003768,0000065,2025-07-17 03:06:13,30600,1000,29600,1,35.0,20.4,14.6,1,11.85,5.0
0008827,0003777,0000033,2025-07-14 16:43:25,23100,1000,22100,1,23.6,14.8,8.8,1,8.35,5.0
0008828,0003741,0000033,2025-07-25 17:58:29,10700,500,10200,1,36.2,25.8,10.4,1,7.06,5.0
0008829,0003798,0000091,2025-07-30 17:23:33,70100,5000,65100,1,27.9,25.3,2.6,1,3.78,4.0
0008830,0003747,0000023,2025-07-29 04:21:31,75100,5000,70100,1,37.7,43.3,-5.6,0,7.88,5.0
0008831,0003750,0000086,2025-07-24 08:29:57,66400,5000,61400,1,42.9,45.7,-2.8,0,14.67,5.0
0008832,0003799,0000005,2025-07-20 01:31:43,8100,500,7600,1,47.8,54.8,-7.0,0,10.83,5.0
0008833,0003792,0000018,2025-07-22 00:56:15,97400,5000,92400,1,45.3,36.9,8.4,1,8.21,5.0
0008834,0003845,0000075,2025-07-31 19:31:10,33300,1000,32300,1,45.5,54.1,-8.6,0,9.96,4.0
0008835,0003757,0000063,2025-07-21 11:07:55,7900,500,7400,1,24.6,18.4,6.2,1,2.42,5.0
0008836,0003797,0000056,2025-07-18 23:22:11,14000,500,13500,1,28.1,34.7,-6.6,0,9.49,4.0
0008837,0003787,0000093,2025-07-21 03:21:10,88900,5000,83900,1,27.4,25.2,2.2,1,9.07,5.0
0008838,0003746,0000073,2025-07-24 14:08:11,40400,2000,38400,1,36.7,38.3,-1.6,0,11.17,5.0
0008839,0003800,0000054,2025-07-26 17:38:35,73400,5000,68400,1,42.1,34.1,8.0,1,14.83,5.0
0008840,0003815,0000048,2025-07-26 20:26:32,77500,5000,72500,1,30.0,15.5,14.5,1,14.79,5.0
0008841,0003776,0000044,2025-07-13 00:58:04,10600,500,10100,1,21.0,10.1,10.9,1,13.14,5.0
0008842,0003820,0000095,2025-07-26 19:15:11,75300,5000,70300,1,35.4,28.9,6.5,1,10.98,5.0
0008843,0003822,0000044,2025-07-26 00:34:59,12200,500,11700,1,22.2,12.1,10.1,1,4.66,5.0
0008844,0003763,0000008,2025-07-22 19:31:00,87000,5000,82000,1,34.4,20.8,13.6,1,10.55,5.0
0008845,0003801,0000015,2025-07-20 22:41:29,23100,1000,22100,1,39.2,41.9,-2.7,0,4.24,5.0
0008846,0003796,0000079,2025-07-29 20:18:24,97200,5000,92200,1,37.3,32.7,4.6,1,5.0,3.0
0008847,0003762,0000024,2025-07-26 02:32:54,41600,2000,39600,1,23.7,27.7,-4.0,0,3.29,5.0
0008848,0003806,0000063,2025-07-30 19:35:47,33100,1000,32100,1,36.5,25.7,10.8,1,9.8,5.0
0008849,0003774,0000058,2025-07-10 07:41:47,68900,5000,63900,1,32.4,26.0,6.4,1,14.71,5.0
0008850,0003801,0000062,2025-08-19 12:09:01,26700,0,26700,0,38.9,41.4,-2.5,0,11.6,5.0
0008851,0003770,0000100,2025-08-01 04:35:58,83200,0,83200,0,33.7,29.300000000000004,4.4,1,1.03,5.0
0008852,0003795,0000067,2025-08-08 02:26:36,17600,0,17600,0,36.8,36.7,0.1,1,0.84,5.0
0008853,0003762,0000011,2025-08-14 16:37:56,56200,0,56200,0,43.3,38.7,4.6,1,9.44,5.0
0008854,0003841,0000094,2025-08-03 05:51:54,43100,0,43100,0,45.6,43.3,2.3,1,10.84,5.0
0008855,0003821,0000014,2025-08-05 17:33:24,15500,500,15000,1,30.0,30.0,-0.0,0,10.65,5.0
0008856,0003799,0000029,2025-08-20 12:06:51,81300,0,81300,0,30.4,30.8,-0.4,0,13.05,5.0
0008857,0003840,0000075,2025-08-21 04:43:40,38400,1000,37400,1,33.8,35.6,-1.8,0,8.65,5.0
0008858,0003794,0000073,2025-08-09 23:53:12,46000,0,46000,0,28.3,26.4,1.9,1,2.21,5.0
0008859,0003818,0000038,2025-08-12 23:33:29,34800,1000,33800,1,23.8,24.6,-0.8,0,0.55,5.0
0008860,0003781,0000076,2025-08-11 03:08:01,10900,0,10900,0,47.4,44.1,3.3,1,7.18,4.0
0008861,0003817,0000065,2025-08-02 23:20:05,88600,5000,83600,1,26.3,31.0,-4.7,0,8.5,5.0
0008862,0003738,0000033,2025-08-01 01:22:44,22900,0,22900,0,24.0,28.2,-4.2,0,1.25,5.0
0008863,0003790,0000069,2025-08-25 11:13:09,83000,0,83000,0,36.4,33.0,3.4,1,11.82,5.0
0008864,0003842,0000043,2025-08-17 13:37:50,67700,0,67700,0,42.2,46.5,-4.3,0,10.41,5.0
0008865,0003745,0000084,2025-08-25 12:53:58,57600,0,57600,0,41.0,42.7,-1.7,0,14.98,5.0
0008866,0003750,0000067,2025-08-21 05:29:23,80500,0,80500,0,39.9,43.5,-3.6,0,10.94,5.0
0008867,0003793,0000059,2025-08-28 22:57:30,21000,1000,20000,1,33.2,35.7,-2.5,0,10.51,5.0
0008868,0003771,0000073,2025-08-29 06:40:08,69900,5000,64900,1,26.4,27.4,-1.0,0,9.95,5.0
0008869,0003756,0000063,2025-08-11 11:28:22,31700,0,31700,0,33.6,31.6,2.0,1,13.7,4.0
0008870,0003829,0000092,2025-08-18 21:55:56,44500,0,44500,0,34.6,37.6,-3.0,0,7.76,5.0
0008871,0003748,0000096,2025-08-06 06:21:21,50200,0,50200,0,44.5,48.4,-3.9,0,13.43,5.0
0008872,0003805,0000061,2025-08-10 22:55:02,98500,5000,93500,1,24.5,30.3,-5.8,0,14.22,5.0
0008873,0003816,0000008,2025-08-01 06:47:55,97400,5000,92400,1,41.3,46.7,-5.4,0,12.53,3.0
0008874,0003766,0000034,2025-08-12 12:32:10,86800,0,86800,0,41.4,45.9,-4.5,0,9.72,5.0
0008875,0003797,0000085,2025-08-04 04:06:35,10000,0,10000,0,31.9,34.2,-2.3,0,4.05,5.0
0008876,0003779,0000025,2025-08-24 15:30:16,61700,0,61700,0,31.0,32.9,-1.9,0,0.98,5.0
0008877,0003747,0000060,2025-08-07 02:14:30,63400,0,63400,0,32.8,35.599999999999994,-2.8,0,1.97,5.0
0008878,0003753,0000030,2025-08-07 11:46:24,32600,0,32600,0,40.9,36.6,4.3,1,1.3,1.0
0008879,0003807,0000045,2025-08-11 18:09:14,90300,5000,85300,1,30.3,39.6,-9.3,0,5.11,5.0
0008880,0003742,0000028,2025-08-30 09:28:17,20300,0,20300,0,46.2,46.400000000000006,-0.2,0,7.56,5.0
0008881,0003754,0000046,2025-08-06 10:12:24,58600,0,58600,0,42.8,45.8,-3.0,0,1.29,5.0
0008882,0003825,0000021,2025-08-13 23:49:09,7300,0,7300,0,48.6,49.9,-1.3,0,5.7,5.0
0008883,0003812,0000055,2025-08-12 17:51:59,68300,0,68300,0,45.8,41.5,4.3,1,6.12,5.0
0008884,0003740,0000075,2025-08-15 22:45:28,7100,0,7100,0,23.3,23.8,-0.5,0,12.95,5.0
0008885,0003739,0000050,2025-08-23 14:46:07,69800,0,69800,0,40.6,36.1,4.5,1,5.54,5.0
0008886,0003880,0000015,2025-08-29 18:40:20,74700,5000,69700,1,25.3,16.0,9.3,1,2.4,5.0
0008887,0003849,0000057,2025-08-08 17:39:44,28800,1000,27800,1,45.3,35.3,10.0,1,14.25,5.0
0008888,0003909,0000062,2025-08-29 13:18:23,28200,1000,27200,1,43.8,37.8,6.0,1,3.56,5.0
0008889,0003858,0000034,2025-08-05 22:30:34,72900,5000,67900,1,28.6,25.0,3.6,1,9.0,5.0
0008890,0003875,0000004,2025-08-27 23:57:00,24800,1000,23800,1,43.7,46.5,-2.8,0,14.05,5.0
0008891,0003894,0000024,2025-08-14 23:18:44,90600,5000,85600,1,21.0,9.0,12.0,1,3.15,5.0
0008892,0003853,0000064,2025-08-06 10:30:33,39500,1000,38500,1,24.5,28.1,-3.6,0,11.29,5.0
0008893,0003886,0000005,2025-08-11 21:09:27,24100,1000,23100,1,49.4,50.0,-0.6,0,6.12,5.0
0008894,0003890,0000011,2025-08-30 05:35:31,12500,500,12000,1,25.4,19.0,6.4,1,12.89,5.0
0008895,0003868,0000050,2025-08-22 22:05:31,54000,2000,52000,1,20.6,23.7,-3.1,0,3.56,5.0
0008896,0003869,0000044,2025-08-15 14:29:19,50600,2000,48600,1,39.4,30.9,8.5,1,6.69,5.0
0008897,0003862,0000092,2025-08-13 11:58:49,69600,5000,64600,1,20.2,9.1,11.1,1,10.37,5.0
0008898,0003910,0000067,2025-08-19 00:48:06,38800,1000,37800,1,22.8,13.6,9.2,1,7.72,5.0
0008899,0003893,0000045,2025-08-16 11:28:12,9600,500,9100,1,32.5,30.1,2.4,1,11.69,5.0
0008900,0003926,0000065,2025-08-22 18:45:08,37300,1000,36300,1,25.8,20.3,5.5,1,8.53,5.0
0008901,0003952,0000003,2025-08-31 11:49:58,29400,1000,28400,1,31.1,38.3,-7.2,0,1.95,5.0
0008902,0003877,0000086,2025-08-16 15:57:26,49400,2000,47400,1,31.5,36.5,-5.0,0,2.2,3.0
0008903,0003924,0000064,2025-08-22 14:52:36,30300,1000,29300,1,47.5,32.9,14.6,1,7.3,5.0
0008904,0003870,0000086,2025-08-27 12:39:27,67000,5000,62000,1,23.4,27.0,-3.6,0,9.23,5.0
0008905,0003888,0000063,2025-08-15 13:39:16,27400,1000,26400,1,25.8,21.2,4.6,1,12.26,5.0
0008906,0003896,0000015,2025-08-28 10:24:56,98600,5000,93600,1,38.4,41.9,-3.5,0,2.6,5.0
0008907,0003938,0000058,2025-08-28 15:47:42,89400,5000,84400,1,48.2,54.8,-6.6,0,12.94,5.0
0008908,0003923,0000043,2025-08-23 06:28:51,44600,2000,42600,1,21.3,18.1,3.2,1,1.39,5.0
0008909,0003906,0000028,2025-08-22 06:10:38,77200,5000,72200,1,32.1,18.1,14.0,1,11.76,5.0
0008910,0003881,0000002,2025-08-31 03:07:04,50400,2000,48400,1,28.1,36.6,-8.5,0,12.63,5.0
0008911,0003871,0000077,2025-08-28 01:34:25,90400,5000,85400,1,25.2,26.3,-1.1,0,12.7,5.0
0008912,0003876,0000031,2025-08-24 10:09:34,54400,2000,52400,1,20.1,16.9,3.2,1,0.53,4.0
0008913,0003931,0000032,2025-08-27 21:41:42,39600,1000,38600,1,47.2,57.1,-9.9,0,14.75,4.0
0008914,0003895,0000049,2025-08-14 20:25:16,23500,1000,22500,1,23.0,12.1,10.9,1,5.15,5.0
0008915,0003948,0000097,2025-08-29 22:27:43,11900,500,11400,1,38.4,31.4,7.0,1,12.8,5.0
0008916,0003919,0000002,2025-08-23 21:15:47,9500,500,9000,1,40.5,37.8,2.7,1,11.07,4.0
0008917,0003902,0000077,2025-08-31 14:46:18,27400,1000,26400,1,24.6,19.5,5.1,1,5.9,5.0
0008918,0003884,0000078,2025-08-27 22:22:44,79500,5000,74500,1,45.6,40.3,5.3,1,11.05,5.0
0008919,0003856,0000080,2025-08-10 13:04:10,55800,2000,53800,1,20.2,7.0,13.2,1,6.83,5.0
0008920,0003927,0000091,2025-08-31 20:37:04,37700,1000,36700,1,39.8,28.5,11.3,1,14.06,5.0
0008921,0003930,0000057,2025-08-28 20:15:17,73200,5000,68200,1,21.8,19.6,2.2,1,14.94,4.0
0008922,0003851,0000098,2025-08-13 12:02:08,11300,500,10800,1,41.7,29.7,12.0,1,14.92,5.0
0008923,0003903,0000097,2025-08-31 01:45:13,84400,5000,79400,1,41.8,27.2,14.6,1,13.05,5.0
0008924,0003863,0000034,2025-08-09 04:55:57,14800,500,14300,1,36.5,38.8,-2.3,0,3.69,5.0
0008925,0003934,0000053,2025-08-24 02:57:17,13600,500,13100,1,30.3,39.5,-9.2,0,6.41,5.0
0008926,0003898,0000016,2025-08-30 19:21:54,34500,1000,33500,1,38.1,30.7,7.4,1,9.75,5.0
0008927,0003920,0000041,2025-08-19 10:13:00,11300,500,10800,1,43.8,35.6,8.2,1,6.17,5.0
0008928,0003936,0000052,2025-08-27 02:23:19,86800,5000,81800,1,30.6,39.9,-9.3,0,3.34,5.0
0008929,0003925,0000011,2025-08-22 16:56:14,80800,5000,75800,1,32.8,18.2,14.6,1,14.01,5.0
0008930,0003937,0000028,2025-08-27 19:10:49,87200,5000,82200,1,40.2,26.9,13.3,1,1.83,4.0
0008931,0003951,0000097,2025-08-30 13:11:17,51500,2000,49500,1,33.1,38.7,-5.6,0,4.76,4.0
0008932,0003944,0000023,2025-08-31 23:26:01,84300,5000,79300,1,36.7,39.9,-3.2,0,6.02,5.0
0008933,0003848,0000069,2025-08-06 08:12:12,56600,2000,54600,1,27.3,15.2,12.1,1,9.29,5.0
0008934,0003929,0000051,2025-08-22 20:21:58,82200,5000,77200,1,20.2,7.1,13.1,1,9.12,5.0
0008935,0003899,0000038,2025-08-14 05:49:08,85100,5000,80100,1,29.0,37.4,-8.4,0,2.28,5.0
0008936,0003872,0000043,2025-08-22 14:15:12,72600,5000,67600,1,49.8,55.8,-6.0,0,0.84,5.0
0008937,0003932,0000042,2025-08-28 01:29:52,88800,5000,83800,1,23.4,16.6,6.8,1,2.0,4.0
0008938,0003941,0000048,2025-08-27 03:41:58,59800,2000,57800,1,26.2,30.1,-3.9,0,5.56,5.0
0008939,0003850,0000009,2025-08-14 04:02:56,95600,5000,90600,1,37.4,24.7,12.7,1,12.39,5.0
0008940,0003939,0000064,2025-08-30 15:11:06,59200,2000,57200,1,40.4,48.4,-8.0,0,11.03,4.0
0008941,0003928,0000068,2025-08-22 16:11:21,11900,500,11400,1,32.7,26.2,6.5,1,2.94,5.0
0008942,0003873,0000060,2025-08-10 13:56:30,98200,5000,93200,1,37.0,43.5,-6.5,0,4.09,4.0
0008943,0003940,0000028,2025-08-30 01:14:21,7400,500,6900,1,20.7,30.5,-9.8,0,3.09,5.0
0008944,0003846,0000096,2025-08-02 15:45:06,83500,5000,78500,1,23.6,17.1,6.5,1,4.35,5.0
0008945,0003918,0000045,2025-08-22 15:45:28,29500,1000,28500,1,37.2,28.7,8.5,1,11.45,1.0
0008946,0003933,0000077,2025-08-27 00:41:22,40600,2000,38600,1,29.8,37.1,-7.3,0,6.85,1.0
0008947,0003912,0000041,2025-08-27 17:18:49,53300,2000,51300,1,25.1,17.4,7.7,1,10.45,5.0
0008948,0003942,0000066,2025-08-31 00:40:12,84800,5000,79800,1,46.1,38.8,7.3,1,1.05,5.0
0008949,0003878,0000033,2025-08-29 19:47:09,59800,2000,57800,1,31.2,32.1,-0.9,0,2.7,5.0
0008950,0003950,0000041,2025-08-30 23:32:30,69100,5000,64100,1,45.3,46.5,-1.2,0,1.22,5.0
0008951,0003949,0000016,2025-08-30 15:44:41,92700,5000,87700,1,36.3,36.4,-0.1,0,11.41,5.0
0008952,0003852,0000045,2025-08-23 04:25:15,93100,5000,88100,1,23.4,25.6,-2.2,0,11.56,5.0
0008953,0003887,0000002,2025-08-11 07:11:25,19200,500,18700,1,45.3,33.9,11.4,1,6.43,4.0
0008954,0003911,0000044,2025-08-27 11:49:18,65900,5000,60900,1,22.8,16.8,6.0,1,5.97,5.0
0008955,0003904,0000035,2025-08-31 05:43:40,66200,5000,61200,1,21.1,26.1,-5.0,0,7.69,5.0
0008956,0003885,0000008,2025-08-31 17:48:08,9100,500,8600,1,36.3,34.0,2.3,1,6.79,3.0
0008957,0003916,0000022,2025-08-20 13:12:18,11400,500,10900,1,38.4,38.9,-0.5,0,5.55,5.0
0008958,0003861,0000049,2025-08-25 03:46:51,55900,2000,53900,1,32.0,19.9,12.1,1,7.67,4.0
0008959,0003901,0000087,2025-08-23 23:58:52,83200,5000,78200,1,40.8,42.8,-2.0,0,0.98,5.0
0008960,0003917,0000052,2025-08-29 02:28:57,75800,5000,70800,1,35.1,22.9,12.2,1,8.02,1.0
0008961,0003900,0000064,2025-08-31 22:12:05,11600,500,11100,1,33.6,23.2,10.4,1,8.04,4.0
0008962,0003905,0000002,2025-08-18 13:49:09,66900,5000,61900,1,37.8,28.6,9.2,1,5.09,5.0
0008963,0003867,0000061,2025-08-08 01:25:31,32400,1000,31400,1,34.6,26.6,8.0,1,8.2,5.0
0008964,0003947,0000063,2025-08-30 11:54:39,91100,5000,86100,1,29.5,32.0,-2.5,0,5.92,5.0
0008965,0003891,0000074,2025-08-31 19:57:47,15000,500,14500,1,32.0,28.4,3.6,1,9.7,5.0
0008966,0003892,0000042,2025-08-29 21:28:09,7500,500,7000,1,21.4,23.0,-1.6,0,0.97,5.0
0008967,0003901,0000096,2025-09-28 12:54:17,8200,0,8200,0,31.8,34.0,-2.2,0,4.26,5.0
0008968,0003949,0000092,2025-09-27 10:39:09,69400,0,69400,0,41.7,38.2,3.5,1,13.79,1.0
0008969,0003912,0000049,2025-09-24 12:10:34,67100,0,67100,0,50.0,53.1,-3.1,0,2.95,5.0
0008970,0003936,0000060,2025-09-29 00:52:10,83600,0,83600,0,26.4,23.3,3.1,1,9.56,5.0
0008971,0003951,0000035,2025-09-16 07:27:26,68800,0,68800,0,38.5,41.0,-2.5,0,1.57,5.0
0008972,0003872,0000016,2025-09-11 05:56:09,58700,0,58700,0,42.6,43.1,-0.5,0,2.81,4.0
0008973,0003886,0000058,2025-09-28 22:29:15,12200,0,12200,0,24.3,27.9,-3.6,0,11.02,5.0
0008974,0003908,0000018,2025-09-22 01:25:30,14000,0,14000,0,37.9,33.9,4.0,1,0.72,5.0
0008975,0003913,0000099,2025-09-02 03:47:32,31100,1000,30100,1,48.7,52.5,-3.8,0,8.98,3.0
0008976,0003889,0000020,2025-09-17 13:23:02,95400,5000,90400,1,33.7,33.9,-0.2,0,1.72,5.0
0008977,0003943,0000077,2025-09-23 16:28:58,43400,2000,41400,1,38.2,46.3,-8.1,0,0.9,5.0
0008978,0003854,0000045,2025-09-10 10:23:57,21100,1000,20100,1,41.2,42.2,-1.0,0,8.56,5.0
0008979,0003914,0000083,2025-09-09 14:14:16,34700,1000,33700,1,46.3,42.1,4.2,1,12.21,5.0
0008980,0003935,0000026,2025-09-28 14:58:04,11600,500,11100,1,43.0,44.1,-1.1,0,7.74,5.0
0008981,0003944,0000008,2025-09-22 10:41:14,26200,0,26200,0,29.5,34.4,-4.9,0,8.06,5.0
0008982,0003916,0000044,2025-09-06 02:10:15,27800,0,27800,0,48.6,52.5,-3.9,0,7.91,5.0
0008983,0003852,0000006,2025-09-18 15:07:27,79600,0,79600,0,49.6,51.5,-1.9,0,11.37,5.0
0008984,0003910,0000077,2025-09-01 20:40:54,13000,0,13000,0,22.1,25.9,-3.8,0,3.36,5.0
0008985,0003950,0000010,2025-09-04 16:19:23,19800,0,19800,0,39.2,38.900000000000006,0.3,1,4.69,5.0
0008986,0003904,0000003,2025-09-12 04:13:32,25500,0,25500,0,38.3,37.4,0.9,1,11.6,5.0
0008987,0003931,0000082,2025-09-24 09:25:34,43700,0,43700,0,43.4,45.8,-2.4,0,9.37,5.0
0008988,0003938,0000015,2025-09-10 22:16:20,49700,0,49700,0,25.4,24.6,0.8,1,6.45,5.0
0008989,0003859,0000063,2025-09-08 14:28:24,31100,1000,30100,1,37.8,42.8,-5.0,0,2.44,5.0
0008990,0003891,0000066,2025-09-30 08:08:36,87400,0,87400,0,31.9,31.4,0.5,1,9.51,5.0
0008991,0003863,0000025,2025-09-19 11:17:09,27100,0,27100,0,38.9,39.1,-0.2,0,6.69,4.0
0008992,0003896,0000036,2025-09-18 18:07:24,38500,0,38500,0,24.0,27.6,-3.6,0,12.08,1.0
0008993,0003875,0000014,2025-09-18 22:09:58,84800,0,84800,0,27.8,29.3,-1.5,0,12.14,5.0
0008994,0003892,0000068,2025-09-03 03:05:17,82200,0,82200,0,43.0,47.9,-4.9,0,3.09,5.0
0008995,0003946,0000035,2025-09-12 15:35:56,68700,5000,63700,1,31.6,31.8,-0.2,0,4.15,5.0
0008996,0003953,0000033,2025-09-03 00:11:28,21700,1000,20700,1,25.0,29.6,-4.6,0,7.18,5.0
0008997,0003902,0000064,2025-09-24 16:13:56,51200,0,51200,0,30.3,28.5,1.8,1,4.16,5.0
0008998,0003952,0000055,2025-09-20 10:14:54,13500,0,13500,0,21.9,23.3,-1.4,0,6.0,5.0
0008999,0003879,0000021,2025-09-07 06:36:15,38800,1000,37800,1,39.8,43.3,-3.5,0,8.71,4.0
0009000,0003870,0000041,2025-09-28 17:17:00,74800,0,74800,0,38.7,38.0,0.7,1,11.83,5.0
0009001,0003947,0000089,2025-09-19 13:41:21,72600,0,72600,0,34.8,35.099999999999994,-0.3,0,14.99,5.0
0009002,0003899,0000021,2025-09-12 01:05:22,79200,0,79200,0,34.5,37.6,-3.1,0,4.36,5.0
0009003,0003860,0000001,2025-09-22 00:05:31,18800,500,18300,1,31.1,26.6,4.5,1,1.61,5.0
0009004,0003871,0000060,2025-09-18 16:51:03,74800,0,74800,0,49.3,44.7,4.6,1,11.98,5.0
0009005,0003873,0000092,2025-09-04 22:05:48,73200,0,73200,0,38.0,35.1,2.9,1,12.24,1.0
0009006,0003907,0000066,2025-09-07 06:18:50,74400,5000,69400,1,24.7,33.3,-8.6,0,13.78,3.0
0009007,0003993,0000083,2025-09-12 09:51:35,71600,5000,66600,1,28.6,34.6,-6.0,0,12.82,5.0
0009008,0003997,0000019,2025-09-30 18:59:32,82000,5000,77000,1,29.1,23.4,5.7,1,6.61,5.0
0009009,0003969,0000044,2025-09-12 07:36:31,53200,2000,51200,1,28.0,34.4,-6.4,0,10.21,4.0
0009010,0003978,0000093,2025-09-04 04:25:09,12000,500,11500,1,27.8,34.5,-6.7,0,8.89,5.0
0009011,0004031,0000024,2025-09-18 16:28:02,92300,5000,87300,1,43.3,53.1,-9.8,0,5.89,5.0
0009012,0004024,0000023,2025-09-24 10:30:23,41600,2000,39600,1,49.3,57.0,-7.7,0,14.69,5.0
0009013,0004100,0000009,2025-09-28 22:04:24,33400,1000,32400,1,43.7,50.8,-7.1,0,9.84,5.0
0009014,0004089,0000089,2025-09-28 18:35:11,12700,500,12200,1,46.3,42.6,3.7,1,4.39,4.0
0009015,0004085,0000068,2025-09-27 03:26:48,25900,1000,24900,1,22.1,30.4,-8.3,0,8.07,3.0
0009016,0003960,0000071,2025-09-30 03:11:12,29100,1000,28100,1,21.6,19.2,2.4,1,12.61,5.0
0009017,0004011,0000039,2025-09-14 01:12:50,68300,5000,63300,1,26.8,36.3,-9.5,0,6.31,5.0
0009018,0004057,0000037,2025-09-21 10:49:17,19800,500,19300,1,34.0,35.9,-1.9,0,9.87,3.0
0009019,0004052,0000099,2025-09-22 06:01:44,62400,5000,57400,1,46.1,37.8,8.3,1,3.58,5.0
0009020,0003996,0000044,2025-09-30 13:35:02,11000,500,10500,1,24.7,32.9,-8.2,0,2.67,5.0
0009021,0004016,0000019,2025-09-30 00:25:23,33600,1000,32600,1,24.4,13.4,11.0,1,9.29,5.0
0009022,0004058,0000065,2025-09-22 17:32:30,41100,2000,39100,1,40.5,46.9,-6.4,0,8.07,5.0
0009023,0004021,0000077,2025-09-29 19:09:13,61800,5000,56800,1,37.2,24.9,12.3,1,7.09,5.0
0009024,0003963,0000042,2025-09-03 10:51:41,99400,5000,94400,1,47.2,42.7,4.5,1,12.2,5.0
0009025,0004064,0000090,2025-09-25 21:50:32,64500,5000,59500,1,30.6,39.0,-8.4,0,8.87,5.0
0009026,0004067,0000038,2025-09-26 21:11:05,22700,1000,21700,1,33.0,28.6,4.4,1,13.58,5.0
0009027,0004010,0000059,2025-09-16 05:51:18,31000,1000,30000,1,28.7,32.0,-3.3,0,8.49,5.0
0009028,0003988,0000098,2025-09-13 10:52:41,92600,5000,87600,1,46.9,39.0,7.9,1,8.14,5.0
0009029,0004013,0000051,2025-09-20 03:55:05,12900,500,12400,1,24.0,13.1,10.9,1,9.05,5.0
0009030,0004062,0000098,2025-09-22 14:29:10,42600,2000,40600,1,35.9,28.3,7.6,1,13.52,5.0
0009031,0004036,0000060,2025-09-24 00:20:27,62600,5000,57600,1,46.7,35.7,11.0,1,14.58,5.0
0009032,0004068,0000042,2025-09-24 02:01:47,81500,5000,76500,1,26.5,35.9,-9.4,0,8.07,5.0
0009033,0004108,0000013,2025-09-30 20:40:15,20800,1000,19800,1,35.0,22.8,12.2,1,14.05,5.0
0009034,0004102,0000065,2025-09-30 14:50:09,34400,1000,33400,1,49.7,51.6,-1.9,0,14.08,5.0
0009035,0004082,0000004,2025-09-30 13:41:01,91600,5000,86600,1,26.0,31.6,-5.6,0,5.76,4.0
0009036,0004099,0000032,2025-09-28 04:07:27,86500,5000,81500,1,23.3,14.0,9.3,1,1.85,5.0
0009037,0003962,0000070,2025-09-07 15:21:09,29700,1000,28700,1,47.0,52.7,-5.7,0,10.84,5.0
0009038,0004084,0000072,2025-09-25 23:59:26,30800,1000,29800,1,46.0,40.3,5.7,1,13.92,4.0
0009039,0004004,0000098,2025-09-26 22:27:21,91600,5000,86600,1,24.2,10.4,13.8,1,2.79,5.0
0009040,0003954,0000080,2025-09-19 06:25:48,60600,5000,55600,1,37.7,38.7,-1.0,0,2.76,5.0
0009041,0004023,0000066,2025-09-14 22:48:17,95700,5000,90700,1,27.2,27.3,-0.1,0,6.74,5.0
0009042,0003999,0000049,2025-09-24 20:25:37,31100,1000,30100,1,35.4,28.9,6.5,1,5.98,5.0
0009043,0004007,0000019,2025-09-30 06:07:52,23400,1000,22400,1,48.1,49.1,-1.0,0,5.37,5.0
0009044,0004037,0000073,2025-09-18 23:23:23,34700,1000,33700,1,40.0,47.9,-7.9,0,6.3,5.0
0009045,0003966,0000096,2025-09-29 01:48:46,24200,1000,23200,1,47.9,34.1,13.8,1,11.55,5.0
0009046,0004003,0000010,2025-09-12 15:18:54,54000,2000,52000,1,37.2,42.7,-5.5,0,4.27,4.0
0009047,0004076,0000056,2025-09-28 19:34:48,81400,5000,76400,1,41.4,42.6,-1.2,0,7.74,5.0
0009048,0004060,0000079,2025-09-28 19:41:10,81500,5000,76500,1,38.1,42.5,-4.4,0,14.21,5.0
0009049,0004110,0000022,2025-09-30 20:08:30,10500,500,10000,1,24.9,11.4,13.5,1,13.95,5.0
0009050,0004043,0000017,2025-09-18 03:20:39,75500,5000,70500,1,21.4,29.6,-8.2,0,2.78,5.0
0009051,0004075,0000017,2025-09-24 13:34:53,54700,2000,52700,1,34.0,43.6,-9.6,0,3.71,5.0
0009052,0004055,0000026,2025-09-23 13:45:12,65600,5000,60600,1,50.0,58.1,-8.1,0,1.86,5.0
0009053,0004033,0000019,2025-09-15 01:55:45,55700,2000,53700,1,28.3,37.4,-9.1,0,12.71,5.0
0009054,0004091,0000080,2025-09-30 11:08:07,58800,2000,56800,1,31.7,19.4,12.3,1,1.87,5.0
0009055,0003998,0000007,2025-09-23 13:01:04,77300,5000,72300,1,36.6,39.9,-3.3,0,13.3,1.0
0009056,0004022,0000047,2025-09-14 07:11:08,37800,1000,36800,1,38.8,29.2,9.6,1,13.35,5.0
0009057,0004054,0000091,2025-09-23 22:28:39,74500,5000,69500,1,47.0,38.6,8.4,1,14.93,5.0
0009058,0004029,0000099,2025-09-20 18:57:39,29100,1000,28100,1,38.7,40.8,-2.1,0,7.72,5.0
0009059,0004071,0000048,2025-09-26 03:50:57,53700,2000,51700,1,48.9,37.1,11.8,1,9.04,5.0
0009060,0004088,0000023,2025-09-28 17:31:11,22700,1000,21700,1,39.7,25.1,14.6,1,11.68,5.0
0009061,0003994,0000061,2025-09-15 12:53:00,85600,5000,80600,1,37.2,31.9,5.3,1,12.88,4.0
0009062,0004040,0000008,2025-09-16 16:38:21,41900,2000,39900,1,41.1,27.4,13.7,1,7.5,5.0
0009063,0004046,0000096,2025-09-21 05:39:17,70200,5000,65200,1,23.7,14.5,9.2,1,3.53,5.0
0009064,0004039,0000024,2025-09-17 03:52:43,51800,2000,49800,1,20.8,24.6,-3.8,0,3.26,5.0
0009065,0003957,0000063,2025-09-02 09:42:55,90900,5000,85900,1,43.9,48.5,-4.6,0,14.98,5.0
0009066,0004066,0000081,2025-09-28 06:24:48,54600,2000,52600,1,24.0,10.9,13.1,1,9.59,5.0
0009067,0003991,0000064,2025-09-13 07:08:06,80600,5000,75600,1,46.6,31.7,14.9,1,14.71,5.0
0009068,0004001,0000052,2025-09-15 13:01:07,10400,500,9900,1,26.6,15.5,11.1,1,11.58,4.0
0009069,0004035,0000027,2025-09-22 16:23:02,88200,5000,83200,1,22.8,26.3,-3.5,0,14.5,5.0
0009070,0003982,0000028,2025-09-25 16:39:44,61800,5000,56800,1,42.0,28.9,13.1,1,13.26,5.0
0009071,0004094,0000074,2025-09-29 16:56:25,99800,5000,94800,1,37.3,25.6,11.7,1,4.48,5.0
0009072,0003990,0000017,2025-09-22 00:37:23,79400,5000,74400,1,25.9,34.8,-8.9,0,13.71,5.0
0009073,0004032,0000056,2025-09-25 08:35:43,93700,5000,88700,1,22.7,19.9,2.8,1,4.26,5.0
0009074,0003973,0000028,2025-09-27 18:42:52,7500,500,7000,1,28.7,15.0,13.7,1,3.8,1.0
0009075,0004053,0000035,2025-09-30 03:37:29,79300,5000,74300,1,32.8,36.7,-3.9,0,13.27,5.0
0009076,0004086,0000038,2025-09-28 20:33:04,41000,2000,39000,1,44.7,30.2,14.5,1,10.44,5.0
0009077,0003979,0000040,2025-09-14 00:20:54,52800,2000,50800,1,46.8,41.7,5.1,1,8.33,5.0
0009078,0004005,0000023,2025-09-14 00:17:42,20600,1000,19600,1,22.4,7.4,15.0,1,9.52,5.0
0009079,0004028,0000028,2025-09-26 17:34:32,9900,500,9400,1,21.0,27.5,-6.5,0,2.5,5.0
0009080,0004059,0000077,2025-09-27 23:40:07,61000,5000,56000,1,25.2,15.9,9.3,1,8.41,5.0
0009081,0003989,0000022,2025-09-14 13:53:21,13500,500,13000,1,41.6,43.0,-1.4,0,7.86,5.0
0009082,0003976,0000039,2025-09-04 14:19:25,26100,1000,25100,1,43.0,51.7,-8.7,0,11.61,5.0
0009083,0004103,0000047,2025-09-28 03:58:25,25400,1000,24400,1,49.9,40.7,9.2,1,3.51,4.0
0009084,0004095,0000055,2025-09-30 07:20:20,61900,5000,56900,1,33.9,30.6,3.3,1,7.95,5.0
0009085,0004074,0000099,2025-09-29 04:37:22,33700,1000,32700,1,23.3,9.8,13.5,1,9.77,5.0
0009086,0003956,0000024,2025-09-02 11:03:09,18200,500,17700,1,46.7,36.1,10.6,1,7.92,5.0
0009087,0004015,0000028,2025-09-18 05:57:25,80900,5000,75900,1,35.1,23.5,11.6,1,1.95,5.0
0009088,0004030,0000097,2025-09-30 22:51:05,64600,5000,59600,1,42.5,33.8,8.7,1,12.0,4.0
0009089,0004048,0000096,2025-09-25 03:52:43,32500,1000,31500,1,34.2,39.6,-5.4,0,5.83,5.0
0009090,0004111,0000055,2025-09-30 02:49:42,22900,1000,21900,1,37.6,27.7,9.9,1,2.46,5.0
0009091,0003961,0000037,2025-09-05 19:04:08,60000,5000,55000,1,34.2,42.5,-8.3,0,6.13,5.0
0009092,0004112,0000045,2025-09-30 08:58:36,80600,5000,75600,1,23.9,31.0,-7.1,0,7.39,5.0
0009093,0004047,0000067,2025-09-29 10:41:21,90100,5000,85100,1,31.5,24.9,6.6,1,2.95,5.0
0009094,0004044,0000054,2025-09-26 20:26:48,74900,5000,69900,1,46.2,34.3,11.9,1,1.74,5.0
0009095,0004042,0000021,2025-09-30 02:14:05,98200,5000,93200,1,37.0,30.6,6.4,1,13.68,5.0
0009096,0004097,0000030,2025-09-28 15:12:50,56500,2000,54500,1,37.0,25.8,11.2,1,13.64,5.0
0009097,0004109,0000013,2025-09-30 00:37:36,86800,5000,81800,1,21.0,18.3,2.7,1,1.27,5.0
0009098,0004045,0000014,2025-09-24 09:09:45,94200,5000,89200,1,25.9,35.8,-9.9,0,12.45,5.0
0009099,0004106,0000092,2025-09-30 17:39:35,27600,1000,26600,1,41.6,50.9,-9.3,0,3.11,5.0
0009100,0004104,0000092,2025-09-29 23:17:03,20000,1000,19000,1,20.3,12.6,7.7,1,11.28,5.0
0009101,0004019,0000089,2025-09-15 09:43:13,8500,500,8000,1,41.7,38.6,3.1,1,11.86,5.0
0009102,0003980,0000087,2025-09-16 02:26:04,80100,5000,75100,1,48.4,56.0,-7.6,0,4.88,5.0
0009103,0003983,0000087,2025-09-25 07:56:24,29300,1000,28300,1,36.7,30.8,5.9,1,7.56,5.0
0009104,0004078,0000069,2025-09-27 04:36:44,91600,5000,86600,1,40.6,29.9,10.7,1,6.82,5.0
0009105,0003984,0000088,2025-09-23 10:28:20,77700,5000,72700,1,23.2,9.7,13.5,1,10.69,5.0
0009106,0004065,0000017,2025-09-25 09:28:18,60800,5000,55800,1,48.4,38.3,10.1,1,1.14,5.0
0009107,0003968,0000035,2025-09-12 15:25:08,10100,500,9600,1,42.1,32.8,9.3,1,7.28,5.0
0009108,0004038,0000092,2025-09-24 11:48:11,55800,2000,53800,1,31.9,34.4,-2.5,0,2.9,5.0
0009109,0004101,0000092,2025-09-30 12:51:15,73900,5000,68900,1,33.5,37.5,-4.0,0,7.16,5.0
0009110,0004096,0000087,2025-09-28 04:25:16,60600,5000,55600,1,21.0,8.7,12.3,1,8.79,5.0
0009111,0004061,0000038,2025-09-30 20:00:25,41600,2000,39600,1,33.5,34.0,-0.5,0,13.85,5.0
0009112,0004073,0000048,2025-09-26 12:06:39,74000,5000,69000,1,35.4,21.0,14.4,1,7.91,5.0
0009113,0003986,0000087,2025-09-21 21:51:46,95800,5000,90800,1,38.1,43.5,-5.4,0,7.34,5.0
0009114,0004049,0000051,2025-09-29 10:59:02,41800,2000,39800,1,43.5,34.4,9.1,1,14.14,5.0
0009115,0004070,0000081,2025-09-28 04:20:27,15700,500,15200,1,37.2,37.4,-0.2,0,0.51,5.0
0009116,0004025,0000068,2025-09-29 21:14:27,53300,2000,51300,1,20.8,15.3,5.5,1,10.86,5.0
0009117,0004063,0000081,2025-09-29 18:16:35,49500,2000,47500,1,21.7,7.0,14.7,1,11.24,5.0
0009118,0003959,0000003,2025-09-12 12:58:50,95900,5000,90900,1,29.7,18.2,11.5,1,4.41,5.0
0009119,0003974,0000020,2025-09-29 09:15:23,93200,5000,88200,1,32.8,22.3,10.5,1,3.49,5.0
0009120,0004087,0000018,2025-09-30 02:10:47,94000,5000,89000,1,30.2,37.6,-7.4,0,11.83,5.0
0009121,0004056,0000014,2025-09-23 11:28:34,37100,1000,36100,1,38.3,40.3,-2.0,0,2.51,5.0
0009122,0004034,0000062,2025-09-16 07:26:12,55000,2000,53000,1,22.8,25.7,-2.9,0,10.69,5.0
0009123,0003967,0000002,2025-09-03 00:38:35,21600,1000,20600,1,43.6,46.9,-3.3,0,14.74,4.0
0009124,0003995,0000062,2025-09-26 18:24:27,54900,2000,52900,1,47.7,49.1,-1.4,0,11.39,4.0
0009125,0004006,0000095,2025-09-19 16:46:12,22300,1000,21300,1,26.3,28.7,-2.4,0,4.78,5.0
0009126,0004026,0000088,2025-09-26 15:38:36,18700,500,18200,1,34.0,30.1,3.9,1,13.95,5.0
0009127,0003965,0000077,2025-09-22 16:59:26,9800,500,9300,1,25.8,17.5,8.3,1,13.26,5.0
0009128,0003977,0000037,2025-09-13 16:28:48,96400,5000,91400,1,20.0,13.4,6.6,1,12.73,5.0
0009129,0003975,0000087,2025-09-23 02:27:29,22900,1000,21900,1,21.5,7.3,14.2,1,10.62,5.0
0009130,0004080,0000060,2025-09-29 19:20:12,13900,500,13400,1,48.6,41.3,7.3,1,7.23,5.0
0009131,0003971,0000029,2025-09-17 14:46:33,50500,2000,48500,1,21.1,11.8,9.3,1,0.95,5.0
0009132,0004107,0000074,2025-09-30 14:55:34,57600,2000,55600,1,40.2,26.9,13.3,1,12.9,5.0
0009133,0003992,0000042,2025-09-21 21:52:28,88300,5000,83300,1,44.3,46.3,-2.0,0,14.93,3.0
0009134,0003985,0000005,2025-09-18 11:12:10,36700,1000,35700,1,35.7,42.5,-6.8,0,3.26,5.0
0009135,0004075,0000026,2025-10-03 02:25:53,26500,0,26500,0,28.3,27.6,0.7,1,8.94,5.0
0009136,0003990,0000068,2025-10-30 11:28:55,31100,0,31100,0,44.2,48.3,-4.1,0,13.83,5.0
0009137,0004043,0000018,2025-10-15 11:25:30,20800,0,20800,0,42.7,42.0,0.7,1,5.51,5.0
0009138,0004053,0000091,2025-10-06 05:54:32,57300,0,57300,0,27.1,30.1,-3.0,0,3.59,5.0
0009139,0004037,0000018,2025-10-04 20:11:09,94600,0,94600,0,35.5,37.9,-2.4,0,11.55,5.0
0009140,0003995,0000046,2025-10-12 14:52:01,16500,0,16500,0,33.1,33.2,-0.1,0,2.61,5.0
0009141,0004051,0000093,2025-10-08 15:05:38,66400,5000,61400,1,48.1,56.1,-8.0,0,3.79,3.0
0009142,0004024,0000073,2025-10-03 00:07:51,79400,0,79400,0,20.7,22.3,-1.6,0,7.76,5.0
0009143,0004027,0000040,2025-10-24 19:40:13,79800,5000,74800,1,46.8,51.9,-5.1,0,10.15,1.0
0009144,0004102,0000003,2025-10-27 16:25:36,13800,0,13800,0,40.8,41.4,-0.6,0,10.26,5.0
0009145,0004035,0000013,2025-10-17 01:14:29,68700,0,68700,0,49.0,52.3,-3.3,0,8.72,5.0
0009146,0004098,0000051,2025-10-31 12:50:36,90900,5000,85900,1,43.3,46.8,-3.5,0,6.61,5.0
0009147,0004031,0000021,2025-10-09 16:32:51,92300,0,92300,0,45.9,48.6,-2.7,0,6.19,5.0
0009148,0003970,0000064,2025-10-26 07:42:39,79700,5000,74700,1,30.3,39.2,-8.9,0,11.05,5.0
0009149,0004068,0000083,2025-10-14 08:12:13,70500,0,70500,0,33.8,30.6,3.2,1,3.93,5.0
0009150,0003985,0000053,2025-10-29 20:58:58,30100,0,30100,0,46.1,49.7,-3.6,0,8.09,5.0
0009151,0003969,0000071,2025-10-06 11:22:03,59500,0,59500,0,36.2,35.0,1.2,1,6.45,5.0
0009152,0004076,0000063,2025-10-13 12:22:40,87500,0,87500,0,48.5,48.3,0.2,1,5.85,5.0
0009153,0004089,0000003,2025-10-06 06:02:59,93900,0,93900,0,23.3,21.7,1.6,1,13.58,5.0
0009154,0004023,0000018,2025-10-21 04:19:05,17400,0,17400,0,41.9,40.6,1.3,1,5.71,5.0
0009155,0004084,0000012,2025-10-29 19:23:09,85200,0,85200,0,26.0,26.4,-0.4,0,14.29,3.0
0009156,0004083,0000011,2025-10-11 16:52:41,70300,5000,65300,1,44.9,31.5,13.4,1,6.62,5.0
0009157,0004045,0000049,2025-10-21 09:35:55,14200,0,14200,0,37.7,42.6,-4.9,0,9.02,3.0
0009158,0003957,0000064,2025-10-22 23:42:48,96600,0,96600,0,40.5,45.2,-4.7,0,5.1,5.0
0009159,0004107,0000054,2025-10-23 03:07:21,27500,0,27500,0,22.0,24.8,-2.8,0,0.8,5.0
0009160,0004028,0000024,2025-10-26 22:28:31,19700,0,19700,0,47.7,43.7,4.0,1,11.63,4.0
0009161,0004090,0000039,2025-10-22 03:10:15,18300,500,17800,1,43.7,50.8,-7.1,0,4.01,5.0
0009162,0004038,0000041,2025-10-30 03:48:13,44700,0,44700,0,28.2,30.4,-2.2,0,10.11,5.0
0009163,0004003,0000083,2025-10-27 22:42:35,76500,0,76500,0,24.6,21.5,3.1,1,9.2,5.0
0009164,0004101,0000064,2025-10-11 23:30:51,75900,0,75900,0,35.7,32.800000000000004,2.9,1,3.96,5.0
0009165,0003972,0000050,2025-10-31 10:50:30,10600,0,10600,0,40.9,43.0,-2.1,0,12.81,5.0
0009166,0004085,0000089,2025-10-06 14:06:18,74100,0,74100,0,22.3,19.3,3.0,1,14.21,5.0
0009167,0004106,0000026,2025-10-23 06:36:53,35600,0,35600,0,30.0,32.6,-2.6,0,12.25,4.0
0009168,0003986,0000030,2025-10-24 11:33:36,42900,0,42900,0,22.4,26.7,-4.3,0,0.65,5.0
0009169,0004048,0000051,2025-10-30 09:16:13,16100,0,16100,0,47.1,50.4,-3.3,0,10.58,5.0
0009170,0004096,0000096,2025-10-26 07:58:39,65600,0,65600,0,26.5,24.0,2.5,1,10.87,4.0
0009171,0004080,0000096,2025-10-19 10:47:34,57700,0,57700,0,29.9,34.7,-4.8,0,10.83,5.0
0009172,0004029,0000046,2025-10-31 07:51:52,27300,0,27300,0,20.2,17.099999999999998,3.1,1,3.46,5.0
0009173,0004006,0000011,2025-10-19 02:20:23,87300,0,87300,0,26.8,25.3,1.5,1,9.74,5.0
0009174,0003992,0000074,2025-10-20 11:42:09,52900,0,52900,0,36.7,36.2,0.5,1,7.27,5.0
0009175,0004072,0000048,2025-10-12 19:32:13,66000,5000,61000,1,44.0,53.6,-9.6,0,4.76,5.0
0009176,0004082,0000044,2025-10-23 14:51:26,15700,0,15700,0,42.3,39.4,2.9,1,3.67,5.0
0009177,0004030,0000008,2025-10-15 23:01:32,93900,0,93900,0,35.7,32.0,3.7,1,4.47,5.0
0009178,0004069,0000043,2025-10-23 08:31:58,41600,2000,39600,1,29.9,17.1,12.8,1,8.63,5.0
0009179,0004012,0000040,2025-10-29 13:37:55,39100,1000,38100,1,38.7,41.8,-3.1,0,5.47,5.0
0009180,0004018,0000015,2025-10-07 10:49:19,89300,5000,84300,1,37.0,45.3,-8.3,0,11.88,5.0
0009181,0004056,0000025,2025-10-27 23:46:08,11600,0,11600,0,42.1,46.7,-4.6,0,7.33,5.0
0009182,0003954,0000062,2025-10-15 12:45:22,66100,0,66100,0,43.4,46.9,-3.5,0,10.53,4.0
0009183,0004052,0000054,2025-10-13 11:11:11,59500,0,59500,0,31.1,36.1,-5.0,0,13.49,5.0
0009184,0004039,0000002,2025-10-05 00:54:16,48800,0,48800,0,30.3,27.6,2.7,1,14.98,5.0
0009185,0004100,0000052,2025-10-02 01:13:22,43300,0,43300,0,21.0,17.4,3.6,1,12.42,5.0
0009186,0004064,0000024,2025-10-18 04:40:56,41700,0,41700,0,27.7,24.9,2.8,1,2.49,5.0
0009187,0004007,0000042,2025-10-21 12:10:45,25200,0,25200,0,40.0,44.4,-4.4,0,6.91,5.0
0009188,0004002,0000052,2025-10-15 00:33:06,60100,5000,55100,1,27.9,31.5,-3.6,0,7.52,5.0
0009189,0003967,0000019,2025-10-28 00:55:36,54600,0,54600,0,29.4,27.0,2.4,1,6.45,5.0
0009190,0003962,0000091,2025-10-15 03:29:01,81100,0,81100,0,25.7,21.4,4.3,1,14.44,5.0
0009191,0003993,0000076,2025-10-01 13:56:10,90600,0,90600,0,47.6,43.8,3.8,1,1.43,5.0
0009192,0004060,0000085,2025-10-21 02:53:27,60600,0,60600,0,23.9,23.1,0.8,1,5.69,4.0
0009193,0004017,0000025,2025-10-15 05:24:00,66400,5000,61400,1,26.0,31.3,-5.3,0,13.94,5.0
0009194,0004011,0000035,2025-10-07 22:50:29,27500,0,27500,0,27.0,26.5,0.5,1,5.7,5.0
0009195,0004290,0000007,2025-10-29 02:05:56,83500,5000,78500,1,42.0,33.5,8.5,1,8.37,1.0
0009196,0004230,0000042,2025-10-31 09:13:10,14600,500,14100,1,34.4,37.1,-2.7,0,4.64,5.0
0009197,0004303,0000065,2025-10-31 12:53:07,61500,5000,56500,1,29.2,34.3,-5.1,0,3.43,5.0
0009198,0004284,0000055,2025-10-31 16:18:58,46100,2000,44100,1,39.3,28.4,10.9,1,3.24,5.0
0009199,0004148,0000041,2025-10-16 11:58:28,53600,2000,51600,1,34.5,31.4,3.1,1,14.54,5.0
0009200,0004243,0000092,2025-10-21 10:47:18,59000,2000,57000,1,29.5,27.4,2.1,1,10.95,5.0
0009201,0004280,0000051,2025-10-27 14:41:56,33400,1000,32400,1,30.6,37.2,-6.6,0,12.72,5.0
0009202,0004152,0000036,2025-10-24 19:40:25,97000,5000,92000,1,34.2,28.4,5.8,1,7.02,5.0
0009203,0004119,0000039,2025-10-11 22:35:22,18900,500,18400,1,36.0,23.5,12.5,1,13.2,5.0
0009204,0004254,0000100,2025-10-30 17:28:15,45700,2000,43700,1,33.5,24.0,9.5,1,14.33,5.0
0009205,0004195,0000026,2025-10-26 10:44:03,67800,5000,62800,1,36.0,40.5,-4.5,0,2.73,5.0
0009206,0004270,0000029,2025-10-29 02:33:41,51600,2000,49600,1,31.8,20.4,11.4,1,4.83,5.0
0009207,0004240,0000092,2025-10-22 18:08:16,91500,5000,86500,1,37.0,23.7,13.3,1,2.08,4.0
0009208,0004131,0000035,2025-10-28 01:51:10,15600,500,15100,1,42.6,27.7,14.9,1,13.28,5.0
0009209,0004298,0000019,2025-10-31 10:10:28,78400,5000,73400,1,38.3,41.3,-3.0,0,3.57,5.0
0009210,0004205,0000039,2025-10-19 04:38:07,67300,5000,62300,1,39.6,26.6,13.0,1,6.54,5.0
0009211,0004307,0000005,2025-10-31 09:16:56,65200,5000,60200,1,27.7,31.8,-4.1,0,13.46,5.0
0009212,0004287,0000092,2025-10-31 12:56:53,57100,2000,55100,1,31.5,23.7,7.8,1,11.11,5.0
0009213,0004269,0000078,2025-10-31 17:39:52,68100,5000,63100,1,31.4,41.1,-9.7,0,5.46,5.0
0009214,0004140,0000035,2025-10-10 13:11:55,48800,2000,46800,1,35.7,24.9,10.8,1,1.77,5.0
0009215,0004249,0000080,2025-10-27 17:07:01,43800,2000,41800,1,37.2,33.4,3.8,1,6.36,3.0
0009216,0004169,0000031,2025-10-28 07:09:38,78100,5000,73100,1,25.4,15.3,10.1,1,10.18,5.0
0009217,0004132,0000016,2025-10-05 00:07:02,63900,5000,58900,1,38.7,48.6,-9.9,0,11.06,5.0
0009218,0004192,0000064,2025-10-18 05:11:45,22300,1000,21300,1,48.3,38.7,9.6,1,9.93,5.0
0009219,0004191,0000004,2025-10-14 13:38:48,8000,500,7500,1,45.8,48.5,-2.7,0,12.07,5.0
0009220,0004128,0000039,2025-10-23 11:39:09,53500,2000,51500,1,38.1,27.1,11.0,1,4.75,5.0
0009221,0004256,0000042,2025-10-23 00:16:33,11800,500,11300,1,31.2,33.2,-2.0,0,0.95,5.0
0009222,0004225,0000059,2025-10-19 00:52:37,24600,1000,23600,1,49.9,38.1,11.8,1,13.85,5.0
0009223,0004266,0000035,2025-10-29 19:30:42,88100,5000,83100,1,43.6,47.0,-3.4,0,12.9,3.0
0009224,0004234,0000043,2025-10-20 05:55:35,86400,5000,81400,1,49.4,59.4,-10.0,0,4.3,5.0
0009225,0004207,0000061,2025-10-19 00:47:52,61500,5000,56500,1,45.9,47.3,-1.4,0,14.28,5.0
0009226,0004208,0000028,2025-10-25 09:10:07,17900,500,17400,1,37.1,30.5,6.6,1,13.94,5.0
0009227,0004143,0000062,2025-10-24 23:13:01,59200,2000,57200,1,36.3,32.1,4.2,1,1.54,5.0
0009228,0004209,0000071,2025-10-30 21:46:28,16600,500,16100,1,35.3,30.5,4.8,1,1.98,5.0
0009229,0004281,0000080,2025-10-28 13:43:30,74100,5000,69100,1,29.2,18.3,10.9,1,3.67,5.0
0009230,0004189,0000004,2025-10-22 00:14:31,69100,5000,64100,1,47.6,55.9,-8.3,0,3.71,1.0
0009231,0004166,0000004,2025-10-31 07:58:16,98800,5000,93800,1,36.2,33.5,2.7,1,9.64,5.0
0009232,0004283,0000062,2025-10-31 12:14:58,37000,1000,36000,1,29.2,24.2,5.0,1,6.59,5.0
0009233,0004187,0000040,2025-10-30 21:44:35,17700,500,17200,1,44.3,48.3,-4.0,0,9.8,5.0
0009234,0004179,0000036,2025-10-20 20:26:33,24100,1000,23100,1,48.0,57.0,-9.0,0,3.16,5.0
0009235,0004144,0000013,2025-10-16 14:48:11,62000,5000,57000,1,44.5,46.8,-2.3,0,3.29,5.0
0009236,0004217,0000091,2025-10-28 14:15:56,91700,5000,86700,1,35.8,38.9,-3.1,0,7.29,5.0
0009237,0004223,0000010,2025-10-27 00:28:03,91800,5000,86800,1,43.0,33.8,9.2,1,9.65,5.0
0009238,0004295,0000003,2025-10-30 10:39:26,23600,1000,22600,1,24.6,26.9,-2.3,0,3.34,5.0
0009239,0004186,0000090,2025-10-31 17:36:07,92900,5000,87900,1,27.3,29.6,-2.3,0,6.22,4.0
0009240,0004165,0000032,2025-10-31 00:53:45,99400,5000,94400,1,35.1,31.2,3.9,1,2.79,4.0
0009241,0004297,0000075,2025-10-29 16:32:47,83600,5000,78600,1,31.5,22.7,8.8,1,11.22,5.0
0009242,0004159,0000038,2025-10-13 04:54:07,97000,5000,92000,1,46.4,32.8,13.6,1,14.73,5.0
0009243,0004210,0000022,2025-10-21 07:32:11,11800,500,11300,1,43.6,44.9,-1.3,0,8.62,5.0
0009244,0004201,0000016,2025-10-24 21:16:17,91200,5000,86200,1,49.1,58.6,-9.5,0,1.19,5.0
0009245,0004259,0000003,2025-10-25 04:01:01,16200,500,15700,1,31.0,18.8,12.2,1,12.66,5.0
0009246,0004304,0000075,2025-10-31 14:27:56,55100,2000,53100,1,37.7,46.7,-9.0,0,3.57,4.0
0009247,0004162,0000067,2025-10-20 20:23:14,56200,2000,54200,1,21.2,8.3,12.9,1,12.59,5.0
0009248,0004294,0000059,2025-10-29 21:52:23,9900,500,9400,1,41.6,27.2,14.4,1,8.11,5.0
0009249,0004212,0000005,2025-10-22 22:24:44,77500,5000,72500,1,27.5,31.4,-3.9,0,5.18,4.0
0009250,0004124,0000004,2025-10-30 11:03:18,68900,5000,63900,1,35.4,38.2,-2.8,0,5.69,5.0
0009251,0004193,0000054,2025-10-20 02:58:22,79300,5000,74300,1,21.2,29.7,-8.5,0,10.81,5.0
0009252,0004200,0000014,2025-10-17 08:56:23,88600,5000,83600,1,27.6,22.6,5.0,1,11.2,5.0
0009253,0004177,0000072,2025-10-22 10:05:32,59200,2000,57200,1,44.5,42.4,2.1,1,4.94,3.0
0009254,0004247,0000076,2025-10-29 13:44:31,52000,2000,50000,1,34.4,25.7,8.7,1,10.58,5.0
0009255,0004273,0000036,2025-10-29 09:04:30,8000,500,7500,1,36.7,39.8,-3.1,0,3.7,5.0
0009256,0004180,0000086,2025-10-25 09:34:36,27900,1000,26900,1,47.5,54.7,-7.2,0,1.08,5.0
0009257,0004145,0000016,2025-10-16 19:14:41,74600,5000,69600,1,43.8,35.0,8.8,1,13.04,4.0
0009258,0004114,0000100,2025-10-06 13:11:05,80100,5000,75100,1,34.9,25.1,9.8,1,12.04,4.0
0009259,0004231,0000075,2025-10-27 04:52:29,50800,2000,48800,1,42.7,33.1,9.6,1,14.98,5.0
0009260,0004232,0000015,2025-10-22 03:24:10,64500,5000,59500,1,28.0,25.1,2.9,1,2.7,5.0
0009261,0004219,0000072,2025-10-21 16:28:11,75000,5000,70000,1,29.7,33.1,-3.4,0,2.76,5.0
0009262,0004261,0000005,2025-10-24 05:48:32,76700,5000,71700,1,47.4,48.2,-0.8,0,0.76,5.0
0009263,0004244,0000006,2025-10-30 19:03:20,94100,5000,89100,1,37.2,25.6,11.6,1,3.54,5.0
0009264,0004175,0000087,2025-10-27 12:04:26,85300,5000,80300,1,29.4,20.9,8.5,1,13.38,1.0
0009265,0004274,0000027,2025-10-31 14:31:38,89200,5000,84200,1,23.0,32.7,-9.7,0,11.99,4.0
0009266,0004286,0000064,2025-10-30 17:54:39,27500,1000,26500,1,31.4,19.5,11.9,1,8.45,5.0
0009267,0004121,0000061,2025-10-11 18:13:37,43200,2000,41200,1,36.8,38.9,-2.1,0,8.8,5.0
0009268,0004260,0000049,2025-10-26 04:51:01,79900,5000,74900,1,42.6,31.4,11.2,1,5.56,5.0
0009269,0004262,0000053,2025-10-29 17:14:24,45800,2000,43800,1,27.3,27.5,-0.2,0,10.31,4.0
0009270,0004174,0000096,2025-10-24 22:23:24,46600,2000,44600,1,24.8,13.7,11.1,1,5.64,4.0
0009271,0004278,0000088,2025-10-31 23:56:36,68600,5000,63600,1,36.1,41.2,-5.1,0,3.7,5.0
0009272,0004246,0000034,2025-10-29 10:43:02,35800,1000,34800,1,32.1,18.8,13.3,1,13.88,5.0
0009273,0004129,0000007,2025-10-29 08:44:37,13700,500,13200,1,28.3,37.1,-8.8,0,2.21,5.0
0009274,0004258,0000076,2025-10-27 10:30:48,95100,5000,90100,1,38.4,30.4,8.0,1,4.97,5.0
0009275,0004282,0000015,2025-10-29 11:36:55,48400,2000,46400,1,42.2,39.9,2.3,1,2.58,5.0
0009276,0004137,0000097,2025-10-20 10:08:14,96900,5000,91900,1,40.6,29.3,11.3,1,6.07,4.0
0009277,0004122,0000056,2025-10-10 01:09:07,51000,2000,49000,1,20.5,30.5,-10.0,0,9.44,5.0
0009278,0004268,0000002,2025-10-24 21:54:55,9000,500,8500,1,48.9,37.6,11.3,1,9.16,5.0
0009279,0004163,0000037,2025-10-17 02:11:26,7700,500,7200,1,22.6,8.1,14.5,1,7.67,5.0
0009280,0004301,0000097,2025-10-30 20:24:31,61700,5000,56700,1,27.1,22.6,4.5,1,0.56,5.0
0009281,0004296,0000010,2025-10-29 22:44:57,41000,2000,39000,1,45.4,35.5,9.9,1,11.77,5.0
0009282,0004216,0000021,2025-10-17 02:47:42,67800,5000,62800,1,24.5,17.0,7.5,1,10.58,5.0
0009283,0004117,0000001,2025-10-14 15:04:51,90400,5000,85400,1,36.8,23.5,13.3,1,8.17,5.0
0009284,0004147,0000071,2025-10-09 09:54:21,75700,5000,70700,1,38.1,24.7,13.4,1,3.3,5.0
0009285,0004251,0000089,2025-10-30 12:49:56,36500,1000,35500,1,23.7,26.0,-2.3,0,2.5,5.0
0009286,0004233,0000044,2025-10-22 22:51:29,34400,1000,33400,1,33.0,37.8,-4.8,0,13.0,5.0
0009287,0004227,0000011,2025-10-25 13:00:52,36200,1000,35200,1,36.2,37.8,-1.6,0,13.91,5.0
0009288,0004142,0000012,2025-10-31 23:15:26,28900,1000,27900,1,37.6,42.4,-4.8,0,12.42,4.0
0009289,0004155,0000054,2025-10-27 03:12:41,51100,2000,49100,1,42.6,32.0,10.6,1,7.55,5.0
0009290,0004288,0000007,2025-10-28 00:49:20,44300,2000,42300,1,43.0,30.4,12.6,1,4.86,5.0
0009291,0004146,0000044,2025-10-11 01:46:07,41400,2000,39400,1,40.0,37.9,2.1,1,2.24,5.0
0009292,0004135,0000057,2025-10-27 03:53:52,40000,2000,38000,1,31.7,35.1,-3.4,0,9.5,5.0
0009293,0004300,0000070,2025-10-30 21:04:03,39000,1000,38000,1,23.4,17.1,6.3,1,11.59,5.0
0009294,0004229,0000024,2025-10-23 08:25:33,74100,5000,69100,1,43.2,51.9,-8.7,0,3.07,5.0
0009295,0004164,0000094,2025-10-14 03:58:43,66300,5000,61300,1,26.8,29.1,-2.3,0,2.8,5.0
0009296,0004257,0000031,2025-10-27 01:38:26,87900,5000,82900,1,40.3,47.7,-7.4,0,5.86,5.0
0009297,0004248,0000092,2025-10-21 03:47:53,68300,5000,63300,1,31.0,33.6,-2.6,0,7.57,5.0
0009298,0004141,0000090,2025-10-05 06:39:40,44300,2000,42300,1,41.1,37.4,3.7,1,14.35,5.0
0009299,0004277,0000078,2025-10-28 13:10:47,77500,5000,72500,1,45.7,42.7,3.0,1,6.13,4.0
0009300,0004167,0000052,2025-10-24 09:30:36,59900,2000,57900,1,49.1,50.1,-1.0,0,3.38,5.0
0009301,0004252,0000030,2025-10-23 15:45:49,43600,2000,41600,1,45.8,32.9,12.9,1,3.06,5.0
0009302,0004172,0000002,2025-10-28 08:48:19,76300,5000,71300,1,35.7,23.8,11.9,1,12.6,5.0
0009303,0004226,0000096,2025-10-26 22:06:27,76500,5000,71500,1,47.2,50.2,-3.0,0,8.58,5.0
0009304,0004194,0000009,2025-10-28 08:46:08,28600,1000,27600,1,40.3,36.9,3.4,1,6.17,5.0
0009305,0004255,0000057,2025-10-22 12:28:30,48700,2000,46700,1,26.1,35.4,-9.3,0,2.1,4.0
0009306,0004299,0000002,2025-10-31 08:26:22,12200,500,11700,1,42.3,32.2,10.1,1,13.57,5.0
0009307,0004133,0000092,2025-10-06 04:28:56,26100,1000,25100,1,45.8,46.3,-0.5,0,8.36,5.0
0009308,0004139,0000038,2025-10-11 07:18:58,45000,2000,43000,1,35.6,28.6,7.0,1,0.52,5.0
0009309,0004238,0000028,2025-10-28 15:20:27,82800,5000,77800,1,36.1,37.0,-0.9,0,1.1,5.0
0009310,0004242,0000006,2025-10-23 20:38:43,18200,500,17700,1,21.0,14.6,6.4,1,7.52,3.0
0009311,0004291,0000069,2025-10-29 07:18:00,97600,5000,92600,1,37.5,40.1,-2.6,0,12.91,1.0
0009312,0004224,0000064,2025-10-20 11:59:48,27200,1000,26200,1,35.5,32.0,3.5,1,8.77,5.0
0009313,0004184,0000088,2025-10-28 00:59:34,51800,2000,49800,1,32.6,32.9,-0.3,0,4.89,5.0
0009314,0004302,0000008,2025-10-31 22:36:11,38600,1000,37600,1,34.0,39.2,-5.2,0,9.47,5.0
0009315,0004199,0000054,2025-10-29 14:32:41,76700,5000,71700,1,47.4,52.2,-4.8,0,7.64,5.0
0009316,0004153,0000074,2025-10-19 14:08:45,70200,5000,65200,1,43.8,48.0,-4.2,0,6.35,5.0
0009317,0004213,0000062,2025-10-26 10:08:41,98900,5000,93900,1,47.8,49.5,-1.7,0,14.97,4.0
0009318,0004276,0000005,2025-10-30 16:47:09,77900,5000,72900,1,37.7,26.7,11.0,1,2.05,5.0
0009319,0004178,0000093,2025-10-15 11:14:04,48200,2000,46200,1,44.4,38.8,5.6,1,2.55,4.0
0009320,0004292,0000065,2025-10-29 17:33:21,45300,2000,43300,1,44.5,32.6,11.9,1,5.05,4.0
0009321,0004264,0000045,2025-10-30 20:01:48,22000,1000,21000,1,39.1,29.2,9.9,1,8.9,3.0
0009322,0004185,0000035,2025-10-18 03:54:44,64300,5000,59300,1,47.8,49.2,-1.4,0,6.72,5.0
0009323,0004293,0000056,2025-10-29 15:08:07,32800,1000,31800,1,24.0,15.1,8.9,1,7.96,5.0
0009324,0004157,0000027,2025-10-21 21:23:37,70900,5000,65900,1,41.1,35.7,5.4,1,0.8,5.0
0009325,0004116,0000027,2025-10-03 13:22:20,88100,5000,83100,1,41.2,45.7,-4.5,0,1.14,5.0
0009326,0004196,0000028,2025-10-30 21:38:26,12800,500,12300,1,41.3,45.9,-4.6,0,1.01,5.0
0009327,0004271,0000011,2025-10-31 19:32:29,29000,1000,28000,1,45.0,50.2,-5.2,0,8.54,5.0
0009328,0004237,0000091,2025-10-22 22:48:17,17500,500,17000,1,44.8,31.8,13.0,1,14.01,5.0
0009329,0004235,0000089,2025-10-23 07:44:59,53600,2000,51600,1,24.0,14.4,9.6,1,1.11,5.0
0009330,0004182,0000049,2025-10-23 09:59:14,100000,5000,95000,1,47.7,34.8,12.9,1,9.72,5.0
0009331,0004173,0000084,2025-10-12 02:00:01,9400,500,8900,1,48.3,41.2,7.1,1,13.87,5.0
0009332,0004250,0000048,2025-10-26 20:07:58,37700,1000,36700,1,21.3,26.8,-5.5,0,9.57,4.0
0009333,0004245,0000045,2025-10-27 19:06:38,97600,5000,92600,1,28.9,19.8,9.1,1,1.98,5.0
0009334,0004275,0000042,2025-10-31 05:59:45,27000,1000,26000,1,47.0,38.6,8.4,1,10.07,4.0
0009335,0004150,0000056,2025-10-27 18:37:59,12100,500,11600,1,45.5,55.2,-9.7,0,7.08,5.0
0009336,0004149,0000076,2025-10-23 08:51:20,65900,5000,60900,1,37.5,42.2,-4.7,0,13.27,5.0
0009337,0004272,0000084,2025-10-26 08:06:26,59100,2000,57100,1,38.0,40.1,-2.1,0,5.2,5.0
0009338,0004263,0000011,2025-10-28 23:03:11,10800,500,10300,1,21.8,12.1,9.7,1,6.17,5.0
0009339,0004151,0000011,2025-10-16 18:33:51,26000,1000,25000,1,33.4,28.2,5.2,1,1.73,5.0
0009340,0004156,0000020,2025-10-31 17:48:17,49300,2000,47300,1,24.1,24.8,-0.7,0,12.76,5.0
0009341,0004158,0000009,2025-10-30 02:00:37,38000,1000,37000,1,23.0,12.5,10.5,1,5.07,5.0
0009342,0004181,0000084,2025-10-12 05:34:46,64400,5000,59400,1,22.3,30.5,-8.2,0,12.62,5.0
0009343,0004306,0000075,2025-10-31 05:10:37,96000,5000,91000,1,46.0,40.1,5.9,1,11.49,5.0
0009344,0004220,0000081,2025-10-18 09:21:04,100000,5000,95000,1,41.4,31.1,10.3,1,14.52,5.0
0009345,0004265,0000009,2025-10-26 09:41:03,61700,5000,56700,1,24.5,31.2,-6.7,0,9.74,5.0
0009346,0004168,0000079,2025-10-10 13:18:03,60300,5000,55300,1,26.2,28.0,-1.8,0,14.71,5.0
0009347,0004285,0000062,2025-10-29 05:23:42,36000,1000,35000,1,47.1,50.8,-3.7,0,10.96,5.0
0009348,0004198,0000094,2025-10-19 17:08:52,89200,5000,84200,1,48.3,56.9,-8.6,0,12.0,5.0
0009349,0004113,0000025,2025-10-21 18:38:06,89300,5000,84300,1,29.3,35.6,-6.3,0,7.58,5.0
0009350,0004160,0000082,2025-10-24 14:07:01,51700,2000,49700,1,32.1,24.4,7.7,1,0.67,5.0
0009351,0004190,0000066,2025-10-30 20:40:48,43300,2000,41300,1,35.2,36.3,-1.1,0,5.25,4.0
0009352,0004241,0000048,2025-10-29 00:40:08,39600,1000,38600,1,27.2,18.3,8.9,1,14.61,5.0
0009353,0004185,0000022,2025-11-18 23:33:25,20800,0,20800,0,49.5,47.4,2.1,1,4.96,5.0
0009354,0004211,0000075,2025-11-12 19:58:22,41100,2000,39100,1,42.1,51.4,-9.3,0,5.72,4.0
0009355,0004189,0000094,2025-11-08 13:48:44,73000,0,73000,0,45.6,46.2,-0.6,0,11.83,5.0
0009356,0004180,0000089,2025-11-30 20:51:37,90800,0,90800,0,42.5,39.9,2.6,1,12.75,5.0
0009357,0004149,0000087,2025-11-06 18:41:14,66200,0,66200,0,49.9,48.9,1.0,1,2.88,4.0
0009358,0004164,0000057,2025-11-30 10:37:22,76000,0,76000,0,22.0,20.1,1.9,1,8.36,5.0
0009359,0004254,0000040,2025-11-16 00:53:24,15200,0,15200,0,27.2,28.5,-1.3,0,3.05,5.0
0009360,0004198,0000076,2025-11-04 23:25:57,68800,0,68800,0,39.6,35.1,4.5,1,12.12,5.0
0009361,0004220,0000059,2025-11-27 17:04:12,21800,0,21800,0,43.1,47.6,-4.5,0,1.14,5.0
0009362,0004269,0000080,2025-11-22 11:29:00,17100,0,17100,0,23.7,27.4,-3.7,0,13.18,5.0
0009363,0004298,0000030,2025-11-18 13:04:13,29700,0,29700,0,23.6,22.3,1.3,1,1.69,5.0
0009364,0004167,0000034,2025-11-29 03:56:49,88500,0,88500,0,23.8,18.9,4.9,1,9.02,5.0
0009365,0004191,0000087,2025-11-23 04:45:45,63000,0,63000,0,29.3,29.3,0.0,0,7.4,5.0
0009366,0004214,0000041,2025-11-02 01:04:26,82800,5000,77800,1,43.2,51.2,-8.0,0,13.79,3.0
0009367,0004118,0000027,2025-11-22 17:48:31,87000,5000,82000,1,43.8,51.1,-7.3,0,3.76,5.0
0009368,0004217,0000056,2025-11-08 10:55:21,46600,0,46600,0,37.7,39.2,-1.5,0,4.88,5.0
0009369,0004184,0000079,2025-11-10 11:47:23,14000,0,14000,0,40.1,43.7,-3.6,0,5.15,5.0
0009370,0004251,0000078,2025-11-09 13:16:20,75300,0,75300,0,34.2,38.3,-4.1,0,10.47,5.0
0009371,0004303,0000025,2025-11-03 10:18:30,35500,0,35500,0,32.2,36.1,-3.9,0,11.99,4.0
0009372,0004122,0000025,2025-11-04 17:15:22,60900,0,60900,0,49.7,48.8,0.9,1,8.71,5.0
0009373,0004203,0000022,2025-11-01 18:59:59,18300,500,17800,1,21.2,11.6,9.6,1,1.29,5.0
0009374,0004272,0000055,2025-11-29 12:15:13,98500,0,98500,0,39.9,38.6,1.3,1,2.47,1.0
0009375,0004219,0000070,2025-11-02 05:24:13,18000,0,18000,0,39.9,36.5,3.4,1,8.25,1.0
0009376,0004238,0000056,2025-11-13 20:31:12,8200,0,8200,0,40.8,38.7,2.1,1,11.34,5.0
0009377,0004302,0000026,2025-11-13 08:07:08,55400,0,55400,0,48.1,47.8,0.3,1,9.62,5.0
0009378,0004273,0000078,2025-11-11 23:43:16,59400,0,59400,0,26.9,25.2,1.7,1,8.46,5.0
0009379,0004307,0000029,2025-11-25 21:19:54,85300,0,85300,0,44.2,46.2,-2.0,0,8.29,5.0
0009380,0004133,0000047,2025-11-18 01:04:01,75300,0,75300,0,41.7,42.1,-0.4,0,6.46,3.0
0009381,0004179,0000013,2025-11-05 20:14:26,32100,0,32100,0,42.4,39.1,3.3,1,5.27,5.0
0009382,0004305,0000094,2025-11-15 03:43:51,84500,5000,79500,1,39.4,33.0,6.4,1,12.89,5.0
0009383,0004225,0000068,2025-11-14 03:19:01,30100,0,30100,0,33.3,30.8,2.5,1,13.0,5.0
0009384,0004236,0000037,2025-11-21 14:40:12,63100,5000,58100,1,42.8,49.4,-6.6,0,4.41,5.0
0009385,0004150,0000024,2025-11-02 01:49:46,93700,0,93700,0,44.8,49.8,-5.0,0,6.59,4.0
0009386,0004196,0000046,2025-11-17 19:46:04,35800,0,35800,0,36.3,31.8,4.5,1,1.58,4.0
0009387,0004227,0000072,2025-11-16 09:05:20,86400,0,86400,0,44.0,47.8,-3.8,0,12.36,5.0
0009388,0004250,0000058,2025-11-16 01:45:17,57600,0,57600,0,22.4,22.6,-0.2,0,14.97,5.0
0009389,0004278,0000016,2025-11-25 04:20:33,74400,0,74400,0,46.4,50.5,-4.1,0,10.17,5.0
0009390,0004115,0000087,2025-11-25 11:13:55,91000,0,91000,0,31.1,36.1,-5.0,0,7.57,5.0
0009391,0004197,0000049,2025-11-01 15:51:16,98400,5000,93400,1,32.0,35.8,-3.8,0,13.22,5.0
0009392,0004201,0000087,2025-11-24 14:15:57,32100,0,32100,0,39.7,37.900000000000006,1.8,1,5.71,5.0
0009393,0004129,0000076,2025-11-08 10:07:42,83200,0,83200,0,47.8,46.7,1.1,1,14.94,5.0
0009394,0004193,0000066,2025-11-05 18:16:30,58800,0,58800,0,38.5,33.9,4.6,1,13.7,4.0
0009395,0004135,0000036,2025-11-11 01:13:30,21300,0,21300,0,35.2,40.0,-4.8,0,7.64,5.0
0009396,0004210,0000024,2025-11-13 05:22:18,26600,0,26600,0,49.1,46.2,2.9,1,14.4,5.0
0009397,0004295,0000056,2025-11-02 16:55:09,57300,0,57300,0,43.9,42.5,1.4,1,12.93,5.0
0009398,0004156,0000069,2025-11-14 15:05:24,57100,0,57100,0,36.0,32.8,3.2,1,2.83,5.0
0009399,0004262,0000032,2025-11-24 18:51:02,64500,0,64500,0,21.1,19.5,1.6,1,10.22,1.0
0009400,0004130,0000089,2025-11-30 14:05:09,89600,5000,84600,1,27.8,32.1,-4.3,0,12.05,5.0
0009401,0004186,0000062,2025-11-23 02:40:27,48700,0,48700,0,22.7,25.6,-2.9,0,5.26,5.0
0009402,0004153,0000052,2025-11-14 09:17:17,58200,0,58200,0,39.4,36.4,3.0,1,12.84,3.0
0009403,0004212,0000054,2025-11-18 19:17:44,10900,0,10900,0,38.8,40.1,-1.3,0,9.21,5.0
0009404,0004116,0000056,2025-11-22 12:42:12,28400,0,28400,0,45.4,46.5,-1.1,0,11.97,5.0
0009405,0004128,0000091,2025-11-14 02:36:02,66500,0,66500,0,27.5,23.8,3.7,1,5.11,5.0
0009406,0004291,0000082,2025-11-01 20:46:27,57300,0,57300,0,48.7,49.0,-0.3,0,8.35,5.0
0009407,0004267,0000065,2025-11-12 05:45:01,67600,5000,62600,1,43.1,45.1,-2.0,0,12.84,5.0
0009408,0004233,0000056,2025-11-24 06:57:45,99800,0,99800,0,43.7,43.6,0.1,1,9.58,1.0
0009409,0004188,0000062,2025-11-21 15:34:29,52200,2000,50200,1,25.8,32.8,-7.0,0,7.78,5.0
0009410,0004183,0000090,2025-11-18 09:27:38,50900,2000,48900,1,22.4,31.6,-9.2,0,10.41,4.0
0009411,0004121,0000007,2025-11-13 21:05:50,34900,0,34900,0,33.7,28.800000000000004,4.9,1,8.25,5.0
0009412,0004215,0000002,2025-11-18 11:45:59,86800,5000,81800,1,24.3,31.5,-7.2,0,8.29,5.0
0009413,0004200,0000049,2025-11-03 02:16:14,93800,0,93800,0,41.3,37.4,3.9,1,7.04,5.0
0009414,0004213,0000038,2025-11-05 16:49:16,82400,0,82400,0,32.9,30.9,2.0,1,14.57,5.0
0009415,0004261,0000061,2025-11-29 15:13:01,37700,0,37700,0,23.0,22.7,0.3,1,2.4,1.0
0009416,0004124,0000024,2025-11-18 06:50:03,8100,0,8100,0,24.5,20.1,4.4,1,14.54,5.0
0009417,0004125,0000080,2025-11-23 10:51:14,46400,2000,44400,1,49.3,50.6,-1.3,0,2.61,3.0
0009418,0004142,0000075,2025-11-26 22:02:46,75900,0,75900,0,30.8,33.5,-2.7,0,7.58,4.0
0009419,0004256,0000028,2025-11-20 16:57:40,68800,0,68800,0,24.8,25.7,-0.9,0,10.09,5.0
0009420,0004171,0000100,2025-11-07 11:34:59,10300,0,10300,0,38.4,36.4,2.0,1,11.33,5.0
0009421,0004229,0000096,2025-11-27 13:28:31,60500,0,60500,0,37.1,34.6,2.5,1,11.46,5.0
0009422,0004274,0000066,2025-11-03 06:05:03,64800,0,64800,0,40.9,40.6,0.3,1,6.34,5.0
0009423,0004423,0000054,2025-11-27 04:54:30,78600,5000,73600,1,38.6,41.9,-3.3,0,4.02,5.0
0009424,0004334,0000027,2025-11-12 00:18:52,52100,2000,50100,1,24.4,31.2,-6.8,0,6.15,5.0
0009425,0004392,0000063,2025-11-30 22:14:16,83900,5000,78900,1,22.9,17.1,5.8,1,0.66,5.0
0009426,0004379,0000051,2025-11-23 00:47:31,42900,2000,40900,1,41.8,51.1,-9.3,0,6.21,5.0
0009427,0004402,0000041,2025-11-30 09:01:16,50800,2000,48800,1,39.1,44.5,-5.4,0,9.86,5.0
0009428,0004315,0000037,2025-11-11 05:45:09,17000,500,16500,1,23.7,27.6,-3.9,0,7.37,5.0
0009429,0004337,0000069,2025-11-08 19:35:35,74200,5000,69200,1,38.1,47.5,-9.4,0,4.33,5.0
0009430,0004432,0000085,2025-11-29 16:07:47,20800,1000,19800,1,27.9,33.5,-5.6,0,10.93,5.0
0009431,0004341,0000014,2025-11-30 08:10:30,86200,5000,81200,1,37.3,38.8,-1.5,0,5.21,4.0
0009432,0004355,0000004,2025-11-21 12:04:49,17400,500,16900,1,42.8,48.4,-5.6,0,6.44,5.0
0009433,0004395,0000050,2025-11-27 01:19:53,58000,2000,56000,1,39.6,35.4,4.2,1,4.35,5.0
0009434,0004351,0000016,2025-11-23 09:07:18,96100,5000,91100,1,22.4,27.1,-4.7,0,5.88,5.0
0009435,0004354,0000095,2025-11-25 05:23:39,88500,5000,83500,1,47.2,53.6,-6.4,0,8.71,5.0
0009436,0004350,0000060,2025-11-21 22:34:18,84000,5000,79000,1,21.8,17.8,4.0,1,7.92,5.0
0009437,0004406,0000081,2025-11-22 17:36:06,52800,2000,50800,1,26.0,31.7,-5.7,0,2.18,5.0
0009438,0004419,0000075,2025-11-28 09:35:55,54600,2000,52600,1,20.1,8.2,11.9,1,1.18,5.0
0009439,0004348,0000050,2025-11-18 10:03:54,26100,1000,25100,1,47.2,44.8,2.4,1,10.64,5.0
0009440,0004338,0000004,2025-11-30 11:35:15,59500,2000,57500,1,29.9,21.9,8.0,1,5.06,5.0
0009441,0004333,0000088,2025-11-14 07:47:28,80600,5000,75600,1,45.3,35.5,9.8,1,1.47,5.0
0009442,0004342,0000029,2025-11-26 06:09:59,33500,1000,32500,1,41.4,38.1,3.3,1,9.62,5.0
0009443,0004399,0000021,2025-11-29 17:02:27,33800,1000,32800,1,22.2,28.6,-6.4,0,10.87,5.0
0009444,0004420,0000033,2025-11-27 20:11:48,61500,5000,56500,1,40.2,47.9,-7.7,0,10.21,1.0
0009445,0004374,0000051,2025-11-20 01:43:50,73900,5000,68900,1,45.5,45.8,-0.3,0,1.58,4.0
0009446,0004352,0000079,2025-11-24 09:48:02,89400,5000,84400,1,28.7,38.2,-9.5,0,4.53,5.0
0009447,0004372,0000006,2025-11-25 12:05:35,61400,5000,56400,1,27.4,35.5,-8.1,0,4.09,5.0
0009448,0004430,0000012,2025-11-27 08:43:44,37200,1000,36200,1,26.1,16.3,9.8,1,9.82,5.0
0009449,0004358,0000098,2025-11-25 10:09:35,83600,5000,78600,1,34.4,20.3,14.1,1,3.4,5.0
0009450,0004421,0000027,2025-11-27 20:27:08,32000,1000,31000,1,47.3,51.5,-4.2,0,14.91,3.0
0009451,0004441,0000021,2025-11-29 14:58:35,47800,2000,45800,1,34.0,29.2,4.8,1,11.65,5.0
0009452,0004329,0000018,2025-11-26 13:00:32,47000,2000,45000,1,44.7,31.2,13.5,1,3.18,5.0
0009453,0004387,0000068,2025-11-29 17:05:29,47200,2000,45200,1,35.4,24.6,10.8,1,9.39,5.0
0009454,0004327,0000061,2025-11-25 00:28:15,66200,5000,61200,1,48.9,46.1,2.8,1,6.83,5.0
0009455,0004385,0000088,2025-11-29 18:31:19,30600,1000,29600,1,28.5,20.2,8.3,1,6.89,5.0
0009456,0004361,0000083,2025-11-25 11:37:36,37900,1000,36900,1,25.3,27.9,-2.6,0,14.2,5.0
0009457,0004388,0000070,2025-11-27 05:17:10,78000,5000,73000,1,20.1,6.0,14.1,1,1.35,1.0
0009458,0004367,0000089,2025-11-17 06:32:07,45000,2000,43000,1,42.3,46.9,-4.6,0,8.07,5.0
0009459,0004373,0000026,2025-11-16 21:33:47,13300,500,12800,1,24.5,16.7,7.8,1,0.71,5.0
0009460,0004446,0000015,2025-11-30 23:20:55,56200,2000,54200,1,25.9,35.5,-9.6,0,11.39,5.0
0009461,0004331,0000006,2025-11-07 14:04:56,40900,2000,38900,1,30.8,34.4,-3.6,0,12.15,5.0
0009462,0004347,0000084,2025-11-15 21:53:51,9100,500,8600,1,40.9,31.4,9.5,1,8.08,5.0
0009463,0004318,0000091,2025-11-13 10:32:20,8400,500,7900,1,36.9,42.5,-5.6,0,11.96,5.0
0009464,0004371,0000016,2025-11-30 15:21:09,65400,5000,60400,1,46.0,36.4,9.6,1,1.17,5.0
0009465,0004394,0000008,2025-11-24 10:42:38,15200,500,14700,1,43.2,52.5,-9.3,0,10.38,5.0
0009466,0004434,0000076,2025-11-28 16:51:24,32300,1000,31300,1,45.6,55.0,-9.4,0,12.97,5.0
0009467,0004366,0000025,2025-11-21 00:40:54,89200,5000,84200,1,48.0,41.6,6.4,1,13.31,5.0
0009468,0004418,0000017,2025-11-28 00:46:41,92600,5000,87600,1,23.6,20.2,3.4,1,7.26,5.0
0009469,0004321,0000090,2025-11-05 15:31:06,92300,5000,87300,1,36.9,46.7,-9.8,0,14.9,5.0
0009470,0004339,0000096,2025-11-27 22:58:12,66000,5000,61000,1,28.6,14.9,13.7,1,8.07,5.0
0009471,0004411,0000010,2025-11-30 00:37:40,58900,2000,56900,1,41.1,35.1,6.0,1,1.2,5.0
0009472,0004335,0000049,2025-11-20 08:30:09,42400,2000,40400,1,49.5,49.9,-0.4,0,10.84,5.0
0009473,0004439,0000061,2025-11-30 18:34:51,29700,1000,28700,1,39.7,37.4,2.3,1,6.73,5.0
0009474,0004328,0000010,2025-11-09 15:35:51,74200,5000,69200,1,35.4,26.8,8.6,1,2.34,5.0
0009475,0004415,0000052,2025-11-25 15:01:10,58800,2000,56800,1,47.7,49.9,-2.2,0,4.14,5.0
0009476,0004376,0000049,2025-11-28 20:25:44,94500,5000,89500,1,46.7,52.4,-5.7,0,3.44,5.0
0009477,0004390,0000008,2025-11-20 16:32:13,82700,5000,77700,1,39.6,31.1,8.5,1,7.09,5.0
0009478,0004324,0000075,2025-11-24 08:47:28,22200,1000,21200,1,32.1,39.6,-7.5,0,6.16,5.0
0009479,0004401,0000054,2025-11-24 19:48:48,83200,5000,78200,1,30.8,31.5,-0.7,0,6.0,5.0
0009480,0004407,0000037,2025-11-23 05:31:36,7300,500,6800,1,36.6,42.0,-5.4,0,6.2,5.0
0009481,0004378,0000073,2025-11-25 19:33:07,59000,2000,57000,1,47.1,54.5,-7.4,0,9.51,5.0
0009482,0004400,0000082,2025-11-29 17:30:46,96900,5000,91900,1,31.2,39.7,-8.5,0,13.43,5.0
0009483,0004320,0000071,2025-11-09 20:13:19,39500,1000,38500,1,42.8,29.2,13.6,1,9.52,5.0
0009484,0004397,0000007,2025-11-29 11:35:50,74500,5000,69500,1,33.0,33.1,-0.1,0,12.91,5.0
0009485,0004353,0000030,2025-11-24 23:44:23,68900,5000,63900,1,26.7,15.8,10.9,1,4.5,5.0
0009486,0004427,0000090,2025-11-28 08:39:21,11800,500,11300,1,26.2,32.6,-6.4,0,2.59,5.0
0009487,0004414,0000042,2025-11-26 22:43:43,51400,2000,49400,1,39.3,32.4,6.9,1,10.73,5.0
0009488,0004343,0000073,2025-11-27 15:39:39,53000,2000,51000,1,46.2,36.5,9.7,1,11.21,5.0
0009489,0004314,0000055,2025-11-04 04:20:05,29100,1000,28100,1,45.1,47.6,-2.5,0,10.06,5.0
0009490,0004381,0000029,2025-11-19 09:16:04,28200,1000,27200,1,39.0,45.3,-6.3,0,13.88,5.0
0009491,0004369,0000001,2025-11-18 01:06:11,17900,500,17400,1,44.5,33.7,10.8,1,5.51,5.0
0009492,0004383,0000064,2025-11-20 06:09:39,39700,1000,38700,1,25.8,28.8,-3.0,0,2.44,5.0
0009493,0004380,0000035,2025-11-30 12:46:13,81300,5000,76300,1,45.6,48.4,-2.8,0,11.91,5.0
0009494,0004308,0000043,2025-11-27 22:15:23,73200,5000,68200,1,44.1,30.0,14.1,1,14.14,5.0
0009495,0004332,0000038,2025-11-30 00:49:33,31800,1000,30800,1,45.5,36.0,9.5,1,13.24,5.0
0009496,0004445,0000091,2025-11-30 10:04:38,67700,5000,62700,1,33.8,27.6,6.2,1,2.85,1.0
0009497,0004384,0000036,2025-11-20 17:53:47,74000,5000,69000,1,32.4,34.4,-2.0,0,8.89,5.0
0009498,0004362,0000062,2025-11-23 22:44:14,61700,5000,56700,1,33.8,27.4,6.4,1,1.69,5.0
0009499,0004365,0000060,2025-11-26 01:45:11,59700,2000,57700,1,35.7,33.5,2.2,1,6.83,5.0
0009500,0004382,0000094,2025-11-17 18:28:27,97100,5000,92100,1,21.1,23.5,-2.4,0,0.92,5.0
0009501,0004364,0000023,2025-11-23 09:21:21,53400,2000,51400,1,38.3,36.0,2.3,1,1.91,5.0
0009502,0004443,0000098,2025-11-29 21:47:01,9200,500,8700,1,23.6,26.6,-3.0,0,9.57,5.0
0009503,0004344,0000069,2025-11-12 22:49:30,70500,5000,65500,1,38.5,47.8,-9.3,0,8.78,4.0
0009504,0004356,0000050,2025-11-26 03:17:27,32800,1000,31800,1,35.9,44.5,-8.6,0,7.35,5.0
0009505,0004440,0000020,2025-11-28 08:26:15,16700,500,16200,1,42.3,46.7,-4.4,0,6.74,3.0
0009506,0004319,0000050,2025-11-25 19:03:08,61400,5000,56400,1,22.8,30.1,-7.3,0,12.94,5.0
0009507,0004316,0000028,2025-11-29 14:05:15,83400,5000,78400,1,30.4,25.4,5.0,1,10.45,5.0
0009508,0004426,0000065,2025-11-29 18:31:18,19200,500,18700,1,42.0,38.0,4.0,1,5.14,5.0
0009509,0004340,0000076,2025-11-23 02:37:28,87000,5000,82000,1,24.2,32.2,-8.0,0,9.42,5.0
0009510,0004349,0000048,2025-11-10 12:13:11,76000,5000,71000,1,30.9,27.6,3.3,1,4.89,5.0
0009511,0004322,0000079,2025-11-10 11:42:42,82000,5000,77000,1,24.5,13.6,10.9,1,9.23,5.0
0009512,0004422,0000095,2025-11-28 10:40:03,25600,1000,24600,1,41.8,33.1,8.7,1,8.76,4.0
0009513,0004317,0000012,2025-11-18 22:31:09,18600,500,18100,1,48.1,43.0,5.1,1,11.98,5.0
0009514,0004311,0000001,2025-11-21 03:50:03,30800,1000,29800,1,33.0,30.8,2.2,1,4.19,5.0
0009515,0004391,0000087,2025-11-27 14:50:48,52800,2000,50800,1,32.1,26.5,5.6,1,4.14,5.0
0009516,0004336,0000094,2025-11-08 23:35:42,67800,5000,62800,1,27.3,34.9,-7.6,0,10.49,4.0
0009517,0004435,0000087,2025-11-28 02:28:37,58800,2000,56800,1,44.3,40.8,3.5,1,14.24,5.0
0009518,0004375,0000020,2025-11-27 05:59:11,23700,1000,22700,1,45.8,53.0,-7.2,0,10.15,5.0
0009519,0004386,0000086,2025-11-20 22:35:35,70300,5000,65300,1,20.6,27.9,-7.3,0,14.59,5.0
0009520,0004368,0000077,2025-11-17 20:30:25,84700,5000,79700,1,21.4,10.6,10.8,1,7.22,5.0
0009521,0004345,0000071,2025-11-16 22:08:34,85300,5000,80300,1,42.4,36.4,6.0,1,7.75,5.0
0009522,0004359,0000001,2025-11-18 22:34:58,19800,500,19300,1,48.9,39.6,9.3,1,1.89,5.0
0009523,0004408,0000099,2025-11-28 03:48:05,31900,1000,30900,1,44.9,46.0,-1.1,0,11.04,3.0
0009524,0004431,0000044,2025-11-28 20:43:26,79200,5000,74200,1,38.0,39.1,-1.1,0,5.13,5.0
0009525,0004429,0000028,2025-11-28 08:55:46,85700,5000,80700,1,21.6,31.5,-9.9,0,1.88,1.0
0009526,0004363,0000072,2025-11-23 01:16:09,51300,2000,49300,1,30.6,36.4,-5.8,0,6.55,5.0
0009527,0004436,0000026,2025-11-28 05:58:35,33100,1000,32100,1,37.4,35.2,2.2,1,2.27,5.0
0009528,0004325,0000007,2025-11-10 09:21:26,16100,500,15600,1,44.0,29.0,15.0,1,9.66,5.0
0009529,0004394,0000024,2025-12-04 20:33:46,21100,0,21100,0,41.1,40.0,1.1,1,14.55,5.0
0009530,0004424,0000043,2025-12-03 15:38:43,67900,5000,62900,1,31.4,37.4,-6.0,0,7.94,5.0
0009531,0004431,0000010,2025-12-16 14:53:31,65400,0,65400,0,27.5,23.3,4.2,1,9.33,3.0
0009532,0004384,0000073,2025-12-18 20:05:07,10600,0,10600,0,37.6,35.5,2.1,1,4.62,3.0
0009533,0004406,0000084,2025-12-03 10:08:55,90800,0,90800,0,33.4,30.2,3.2,1,8.94,5.0
0009534,0004376,0000042,2025-12-24 19:46:08,98600,0,98600,0,46.4,44.7,1.7,1,5.42,4.0
0009535,0004382,0000043,2025-12-09 12:08:47,95900,0,95900,0,32.3,28.6,3.7,1,0.67,5.0
0009536,0004324,0000022,2025-12-16 03:57:53,57200,0,57200,0,35.0,36.9,-1.9,0,1.14,5.0
0009537,0004420,0000081,2025-12-03 06:39:59,15500,0,15500,0,45.7,43.400000000000006,2.3,1,1.81,5.0
0009538,0004397,0000004,2025-12-04 15:11:37,28700,0,28700,0,42.3,42.4,-0.1,0,4.13,5.0
0009539,0004408,0000025,2025-12-07 07:24:09,84800,0,84800,0,47.0,44.0,3.0,1,2.27,5.0
0009540,0004315,0000002,2025-12-13 10:19:12,15300,0,15300,0,36.3,35.0,1.3,1,4.83,5.0
0009541,0004314,0000049,2025-12-19 15:03:39,27100,0,27100,0,28.9,28.9,0.0,0,8.03,5.0
0009542,0004446,0000081,2025-12-15 06:29:29,64400,0,64400,0,20.6,23.5,-2.9,0,2.97,5.0
0009543,0004407,0000029,2025-12-10 05:32:42,90000,0,90000,0,49.6,48.1,1.5,1,6.7,3.0
0009544,0004404,0000067,2025-12-22 03:42:25,46300,2000,44300,1,49.2,54.2,-5.0,0,14.63,5.0
0009545,0004337,0000053,2025-12-23 08:37:22,87400,0,87400,0,30.0,29.6,0.4,1,1.75,5.0
0009546,0004367,0000029,2025-12-30 12:55:09,45900,0,45900,0,43.8,48.3,-4.5,0,1.01,5.0
0009547,0004330,0000008,2025-12-29 12:08:37,99400,0,99400,0,28.5,33.4,-4.9,0,3.99,5.0
0009548,0004381,0000048,2025-12-31 00:54:10,81200,0,81200,0,34.3,35.4,-1.1,0,9.48,5.0
0009549,0004421,0000061,2025-12-09 13:04:08,79200,0,79200,0,29.8,29.3,0.5,1,4.43,3.0
0009550,0004432,0000043,2025-12-24 04:52:01,48000,0,48000,0,33.1,33.800000000000004,-0.7,0,2.34,5.0
0009551,0004405,0000083,2025-12-03 06:59:46,7000,500,6500,1,37.7,32.9,4.8,1,1.79,5.0
0009552,0004319,0000022,2025-12-09 06:33:41,55900,0,55900,0,35.0,36.8,-1.8,0,2.75,5.0
0009553,0004378,0000034,2025-12-09 00:25:39,45800,0,45800,0,21.5,20.7,0.8,1,5.05,5.0
0009554,0004401,0000076,2025-12-09 14:38:39,57200,0,57200,0,34.4,30.2,4.2,1,11.05,5.0
0009555,0004351,0000083,2025-12-05 06:48:35,45600,0,45600,0,32.9,30.3,2.6,1,10.05,5.0
0009556,0004443,0000005,2025-12-28 15:07:56,20600,0,20600,0,33.4,34.8,-1.4,0,12.35,4.0
0009557,0004331,0000061,2025-12-12 02:23:01,49600,0,49600,0,28.1,28.1,0.0,0,2.49,4.0
0009558,0004341,0000077,2025-12-03 22:32:33,43700,0,43700,0,37.3,38.8,-1.5,0,7.22,5.0
0009559,0004360,0000093,2025-12-26 10:18:29,11900,500,11400,1,21.0,26.9,-5.9,0,8.21,4.0
0009560,0004334,0000018,2025-12-14 17:29:27,91200,0,91200,0,37.2,35.0,2.2,1,2.72,5.0
0009561,0004385,0000043,2025-12-12 04:30:51,24200,0,24200,0,37.3,42.0,-4.7,0,12.76,5.0
0009562,0004429,0000065,2025-12-30 05:28:30,51400,0,51400,0,40.4,41.4,-1.0,0,2.08,5.0
0009563,0004400,0000011,2025-12-06 12:01:23,83900,0,83900,0,33.3,31.9,1.4,1,9.14,5.0
0009564,0004318,0000013,2025-12-24 08:09:18,48900,0,48900,0,47.6,43.0,4.6,1,14.33,5.0
0009565,0004416,0000093,2025-12-27 04:47:49,34200,1000,33200,1,26.5,31.8,-5.3,0,4.65,5.0
0009566,0004442,0000012,2025-12-16 20:30:38,74400,5000,69400,1,33.9,39.8,-5.9,0,2.5,5.0
0009567,0004409,0000046,2025-12-03 15:05:38,76400,5000,71400,1,31.6,38.4,-6.8,0,8.56,5.0
0009568,0004396,0000100,2025-12-23 19:19:01,88700,0,88700,0,31.0,32.2,-1.2,0,8.09,5.0
0009569,0004372,0000020,2025-12-01 23:59:20,55400,0,55400,0,38.4,37.0,1.4,1,14.82,5.0
0009570,0004357,0000092,2025-12-09 15:20:20,81700,5000,76700,1,41.9,42.2,-0.3,0,7.75,5.0
0009571,0004411,0000024,2025-12-25 17:54:05,20600,0,20600,0,35.2,38.7,-3.5,0,4.59,5.0
0009572,0004363,0000041,2025-12-03 07:47:38,52700,0,52700,0,38.4,37.1,1.3,1,12.91,5.0
0009573,0004423,0000011,2025-12-03 13:44:52,47000,0,47000,0,49.1,49.4,-0.3,0,6.0,5.0
0009574,0004377,0000019,2025-12-13 04:02:12,92100,5000,87100,1,25.5,26.6,-1.1,0,13.64,5.0
0009575,0004355,0000087,2025-12-07 16:22:04,42100,0,42100,0,36.5,40.3,-3.8,0,9.97,5.0
0009576,0004402,0000016,2025-12-10 02:44:46,12000,0,12000,0,36.3,38.5,-2.2,0,2.19,5.0
0009577,0004379,0000087,2025-12-26 09:38:32,52800,0,52800,0,27.2,28.3,-1.1,0,2.53,5.0
0009578,0004352,0000012,2025-12-10 07:05:15,35300,0,35300,0,33.4,29.8,3.6,1,14.78,5.0
0009579,0004399,0000054,2025-12-23 12:32:48,14600,0,14600,0,29.7,34.2,-4.5,0,3.28,5.0
0009580,0004361,0000021,2025-12-18 07:03:16,81400,0,81400,0,37.1,39.4,-2.3,0,3.4,5.0
0009581,0004364,0000062,2025-12-18 05:37:38,75500,0,75500,0,43.9,42.3,1.6,1,4.07,5.0
0009582,0004403,0000086,2025-12-22 06:06:06,70200,5000,65200,1,20.5,26.7,-6.2,0,10.29,5.0
0009583,0004380,0000039,2025-12-04 06:51:19,15800,0,15800,0,43.6,44.4,-0.8,0,9.78,5.0
0009584,0004417,0000026,2025-12-08 02:35:16,15400,500,14900,1,30.6,34.3,-3.7,0,2.2,5.0
0009585,0004335,0000092,2025-12-05 12:32:25,71300,0,71300,0,27.2,31.7,-4.5,0,14.25,5.0
0009586,0004614,0000032,2025-12-28 23:46:09,64600,5000,59600,1,46.3,36.0,10.3,1,12.91,5.0
0009587,0004580,0000078,2025-12-28 12:37:17,49500,2000,47500,1,28.8,31.0,-2.2,0,3.39,5.0
0009588,0004574,0000081,2025-12-22 09:42:38,32600,1000,31600,1,22.7,27.6,-4.9,0,6.76,1.0
0009589,0004537,0000027,2025-12-26 17:25:54,43700,2000,41700,1,32.0,34.7,-2.7,0,8.39,5.0
0009590,0004520,0000031,2025-12-29 17:02:49,69400,5000,64400,1,30.9,40.7,-9.8,0,13.96,5.0
0009591,0004528,0000011,2025-12-29 07:15:02,52400,2000,50400,1,43.7,39.3,4.4,1,13.33,5.0
0009592,0004555,0000051,2025-12-23 11:12:03,25200,1000,24200,1,25.4,19.7,5.7,1,11.27,5.0
0009593,0004505,0000046,2025-12-15 22:10:31,12100,500,11600,1,39.7,48.3,-8.6,0,7.68,5.0
0009594,0004633,0000055,2025-12-31 12:14:13,45400,2000,43400,1,21.8,24.3,-2.5,0,6.33,5.0
0009595,0004627,0000100,2025-12-31 04:27:31,17800,500,17300,1,36.7,34.0,2.7,1,10.51,5.0
0009596,0004619,0000043,2025-12-29 14:58:09,59300,2000,57300,1,37.2,32.8,4.4,1,4.83,5.0
0009597,0004601,0000085,2025-12-31 15:22:27,51300,2000,49300,1,37.6,28.4,9.2,1,10.97,5.0
0009598,0004533,0000028,2025-12-22 14:58:42,84400,5000,79400,1,33.6,18.8,14.8,1,10.04,5.0
0009599,0004511,0000016,2025-12-13 05:51:18,62900,5000,57900,1,44.7,46.2,-1.5,0,8.91,5.0
0009600,0004538,0000050,2025-12-22 11:24:13,74200,5000,69200,1,20.0,27.7,-7.7,0,5.73,5.0
0009601,0004577,0000066,2025-12-23 15:52:43,51700,2000,49700,1,24.8,16.8,8.0,1,0.68,5.0
0009602,0004598,0000059,2025-12-29 09:32:19,50700,2000,48700,1,44.2,45.9,-1.7,0,6.78,5.0
0009603,0004476,0000018,2025-12-22 22:32:05,8800,500,8300,1,39.3,27.9,11.4,1,12.98,5.0
0009604,0004495,0000069,2025-12-27 20:01:23,96300,5000,91300,1,36.1,27.7,8.4,1,11.3,1.0
0009605,0004501,0000022,2025-12-10 10:55:43,30900,1000,29900,1,38.7,47.9,-9.2,0,13.08,5.0
0009606,0004480,0000033,2025-12-19 22:37:31,83300,5000,78300,1,43.2,47.5,-4.3,0,10.35,5.0
0009607,0004582,0000059,2025-12-28 18:22:39,30600,1000,29600,1,24.7,29.7,-5.0,0,5.09,5.0
0009608,0004486,0000073,2025-12-17 00:45:02,95300,5000,90300,1,29.9,32.2,-2.3,0,8.91,5.0
0009609,0004559,0000069,2025-12-26 04:22:13,41600,2000,39600,1,39.7,36.9,2.8,1,4.45,5.0
0009610,0004596,0000013,2025-12-28 23:49:49,58300,2000,56300,1,45.2,41.8,3.4,1,5.33,5.0
0009611,0004540,0000067,2025-12-25 20:41:53,95500,5000,90500,1,43.2,36.9,6.3,1,1.84,3.0
0009612,0004568,0000092,2025-12-26 18:50:25,94100,5000,89100,1,25.8,11.0,14.8,1,8.64,5.0
0009613,0004583,0000058,2025-12-27 06:02:42,57400,2000,55400,1,46.3,31.7,14.6,1,12.4,3.0
0009614,0004535,0000006,2025-12-17 14:20:19,41900,2000,39900,1,40.3,44.3,-4.0,0,7.79,5.0
0009615,0004636,0000002,2025-12-31 18:32:29,90100,5000,85100,1,48.6,38.7,9.9,1,13.87,5.0
0009616,0004550,0000085,2025-12-19 04:18:34,68200,5000,63200,1,47.5,36.5,11.0,1,13.61,5.0
0009617,0004529,0000086,2025-12-25 05:40:28,50900,2000,48900,1,29.7,22.1,7.6,1,3.45,5.0
0009618,0004581,0000070,2025-12-27 17:07:00,42600,2000,40600,1,44.6,35.6,9.0,1,14.84,5.0
0009619,0004467,0000026,2025-12-14 07:10:14,48600,2000,46600,1,38.9,26.3,12.6,1,13.89,5.0
0009620,0004578,0000009,2025-12-23 16:19:03,51400,2000,49400,1,41.6,31.6,10.0,1,9.91,5.0
0009621,0004553,0000028,2025-12-23 04:09:17,58300,2000,56300,1,24.9,12.0,12.9,1,3.19,5.0
0009622,0004545,0000074,2025-12-23 04:24:21,44300,2000,42300,1,36.4,32.2,4.2,1,9.81,5.0
0009623,0004556,0000091,2025-12-22 04:01:20,24300,1000,23300,1,45.2,39.4,5.8,1,13.35,5.0
0009624,0004630,0000093,2025-12-31 18:55:40,56700,2000,54700,1,44.3,38.5,5.8,1,6.1,3.0
0009625,0004563,0000042,2025-12-21 21:47:46,49200,2000,47200,1,30.4,17.1,13.3,1,11.28,1.0
0009626,0004631,0000023,2025-12-31 19:05:08,25500,1000,24500,1,36.1,21.2,14.9,1,7.7,5.0
0009627,0004587,0000058,2025-12-31 04:06:50,89500,5000,84500,1,35.5,32.3,3.2,1,10.78,5.0
0009628,0004515,0000018,2025-12-19 06:15:14,93200,5000,88200,1,25.8,18.3,7.5,1,13.27,5.0
0009629,0004483,0000059,2025-12-16 22:31:17,31500,1000,30500,1,21.5,28.1,-6.6,0,9.34,5.0
0009630,0004604,0000039,2025-12-28 17:49:01,51500,2000,49500,1,20.8,5.8,15.0,1,4.55,5.0
0009631,0004456,0000050,2025-12-16 07:49:52,72300,5000,67300,1,27.9,23.3,4.6,1,1.63,5.0
0009632,0004588,0000064,2025-12-30 02:51:59,29100,1000,28100,1,41.3,44.1,-2.8,0,6.51,5.0
0009633,0004548,0000094,2025-12-28 17:35:55,33200,1000,32200,1,30.3,23.8,6.5,1,12.06,4.0
0009634,0004532,0000006,2025-12-17 17:53:51,37800,1000,36800,1,24.2,9.2,15.0,1,13.86,5.0
0009635,0004625,0000026,2025-12-31 18:42:22,13500,500,13000,1,49.3,57.5,-8.2,0,3.24,5.0
0009636,0004591,0000063,2025-12-31 18:24:31,58800,2000,56800,1,33.6,31.2,2.4,1,14.65,5.0
0009637,0004488,0000024,2025-12-13 01:37:50,53600,2000,51600,1,35.9,26.5,9.4,1,8.16,5.0
0009638,0004461,0000005,2025-12-31 05:44:34,49400,2000,47400,1,38.4,46.5,-8.1,0,11.04,5.0
0009639,0004626,0000009,2025-12-31 13:39:25,83100,5000,78100,1,34.1,35.3,-1.2,0,10.06,5.0
0009640,0004534,0000033,2025-12-31 07:59:30,41400,2000,39400,1,44.8,47.1,-2.3,0,7.71,5.0
0009641,0004615,0000010,2025-12-28 06:52:36,89000,5000,84000,1,26.5,35.0,-8.5,0,13.31,5.0
0009642,0004517,0000001,2025-12-20 06:34:40,24600,1000,23600,1,26.6,32.9,-6.3,0,5.81,5.0
0009643,0004613,0000067,2025-12-28 12:33:07,42100,2000,40100,1,42.7,27.8,14.9,1,13.3,5.0
0009644,0004546,0000015,2025-12-18 22:56:02,33700,1000,32700,1,27.7,21.9,5.8,1,7.99,5.0
0009645,0004586,0000047,2025-12-27 05:03:25,84600,5000,79600,1,31.6,39.4,-7.8,0,6.66,5.0
0009646,0004609,0000059,2025-12-27 17:59:32,33300,1000,32300,1,35.7,29.5,6.2,1,11.76,5.0
0009647,0004513,0000047,2025-12-27 21:04:39,92600,5000,87600,1,21.7,12.0,9.7,1,8.09,1.0
0009648,0004634,0000093,2025-12-31 21:23:46,71000,5000,66000,1,31.0,22.4,8.6,1,3.13,5.0
0009649,0004448,0000074,2025-12-26 22:36:05,63300,5000,58300,1,30.5,16.2,14.3,1,5.23,4.0
0009650,0004623,0000023,2025-12-30 09:25:35,69100,5000,64100,1,39.8,43.4,-3.6,0,6.72,5.0
0009651,0004569,0000070,2025-12-25 17:25:50,66400,5000,61400,1,35.8,30.9,4.9,1,6.59,5.0
0009652,0004530,0000065,2025-12-25 17:30:10,86800,5000,81800,1,48.4,52.3,-3.9,0,13.19,5.0
0009653,0004527,0000078,2025-12-21 13:25:55,15000,500,14500,1,27.4,32.2,-4.8,0,12.05,5.0
0009654,0004525,0000075,2025-12-28 14:39:03,10200,500,9700,1,32.7,42.4,-9.7,0,13.44,5.0
0009655,0004576,0000062,2025-12-30 05:53:28,33900,1000,32900,1,29.6,32.6,-3.0,0,7.39,4.0
0009656,0004611,0000055,2025-12-27 20:01:13,45700,2000,43700,1,34.1,37.0,-2.9,0,7.08,5.0
0009657,0004464,0000053,2025-12-29 23:45:49,81800,5000,76800,1,46.5,34.4,12.1,1,3.01,5.0
0009658,0004543,0000092,2025-12-22 04:37:47,13000,500,12500,1,31.8,32.5,-0.7,0,10.83,5.0
0009659,0004549,0000063,2025-12-28 06:45:17,42300,2000,40300,1,36.4,36.6,-0.2,0,0.55,5.0
0009660,0004481,0000018,2025-12-18 20:37:54,59900,2000,57900,1,43.6,48.1,-4.5,0,0.98,5.0
0009661,0004482,0000007,2025-12-15 21:59:45,85400,5000,80400,1,39.9,40.3,-0.4,0,14.3,5.0
0009662,0004572,0000035,2025-12-23 02:26:27,51600,2000,49600,1,28.6,32.8,-4.2,0,3.96,5.0
0009663,0004472,0000044,2025-12-12 18:59:35,80700,5000,75700,1,27.4,15.1,12.3,1,3.47,5.0
0009664,0004564,0000077,2025-12-31 04:23:54,18900,500,18400,1,20.8,26.3,-5.5,0,13.44,5.0
0009665,0004484,0000060,2025-12-26 03:59:51,57400,2000,55400,1,45.4,31.7,13.7,1,12.89,5.0
0009666,0004450,0000050,2025-12-22 02:57:02,62400,5000,57400,1,21.4,15.7,5.7,1,14.44,5.0
0009667,0004485,0000064,2025-12-30 21:42:34,51000,2000,49000,1,30.9,33.1,-2.2,0,13.7,5.0
0009668,0004500,0000044,2025-12-11 00:08:02,17600,500,17100,1,26.7,28.5,-1.8,0,5.68,5.0
0009669,0004610,0000030,2025-12-28 09:25:42,71300,5000,66300,1,39.9,41.1,-1.2,0,1.98,5.0
0009670,0004489,0000012,2025-12-13 22:01:13,63300,5000,58300,1,21.7,30.4,-8.7,0,2.85,5.0
0009671,0004503,0000052,2025-12-17 18:04:33,28500,1000,27500,1,20.3,5.4,14.9,1,11.06,5.0
0009672,0004460,0000081,2025-12-19 20:53:00,95300,5000,90300,1,48.6,57.3,-8.7,0,6.47,5.0
0009673,0004531,0000040,2025-12-28 00:11:03,33200,1000,32200,1,22.7,29.2,-6.5,0,14.93,5.0
0009674,0004567,0000014,2025-12-29 11:31:36,76800,5000,71800,1,47.7,56.1,-8.4,0,10.1,4.0
0009675,0004624,0000041,2025-12-30 09:07:23,27400,1000,26400,1,30.5,34.3,-3.8,0,10.2,5.0
0009676,0004477,0000054,2025-12-16 12:15:17,73600,5000,68600,1,34.0,36.1,-2.1,0,14.62,5.0
0009677,0004620,0000057,2025-12-30 20:33:00,23200,1000,22200,1,21.7,10.8,10.9,1,3.94,5.0
0009678,0004579,0000073,2025-12-29 02:27:34,89200,5000,84200,1,29.5,18.7,10.8,1,8.9,5.0
0009679,0004479,0000043,2025-12-10 21:52:24,14600,500,14100,1,38.1,46.2,-8.1,0,7.67,3.0
0009680,0004522,0000045,2025-12-29 10:41:26,82200,5000,77200,1,44.3,39.2,5.1,1,10.71,5.0
0009681,0004536,0000077,2025-12-31 11:05:42,35100,1000,34100,1,47.8,50.3,-2.5,0,1.0,5.0
0009682,0004457,0000083,2025-12-18 20:41:53,75500,5000,70500,1,36.5,28.3,8.2,1,9.02,5.0
0009683,0004494,0000064,2025-12-29 12:20:00,48800,2000,46800,1,39.2,44.6,-5.4,0,2.11,5.0
0009684,0004560,0000058,2025-12-24 08:22:02,35300,1000,34300,1,44.2,49.8,-5.6,0,6.43,5.0
0009685,0004449,0000025,2025-12-27 10:25:06,7700,500,7200,1,28.3,20.5,7.8,1,10.02,5.0
0009686,0004475,0000069,2025-12-23 01:12:04,11800,500,11300,1,31.7,38.2,-6.5,0,2.46,5.0
0009687,0004473,0000073,2025-12-20 12:22:15,33800,1000,32800,1,29.6,24.7,4.9,1,10.93,5.0
0009688,0004493,0000089,2025-12-18 22:35:02,46400,2000,44400,1,45.8,42.5,3.3,1,13.6,5.0
0009689,0004602,0000065,2025-12-28 07:25:36,33500,1000,32500,1,20.4,21.7,-1.3,0,5.8,5.0
0009690,0004462,0000045,2025-12-07 10:00:09,25100,1000,24100,1,33.5,41.5,-8.0,0,8.29,5.0
0009691,0004514,0000070,2025-12-18 11:22:16,23900,1000,22900,1,21.2,30.8,-9.6,0,8.49,5.0
0009692,0004552,0000023,2025-12-19 05:00:45,77000,5000,72000,1,29.5,25.9,3.6,1,14.54,5.0
0009693,0004566,0000032,2025-12-27 21:22:55,46700,2000,44700,1,44.0,45.9,-1.9,0,2.34,5.0
0009694,0004612,0000040,2025-12-30 09:16:18,95800,5000,90800,1,22.3,12.2,10.1,1,13.08,3.0
0009695,0004498,0000068,2025-12-16 12:18:58,59600,2000,57600,1,39.9,35.5,4.4,1,0.95,5.0
0009696,0004471,0000092,2025-12-25 03:50:07,60500,5000,55500,1,40.2,46.9,-6.7,0,3.49,5.0
0009697,0004547,0000085,2025-12-22 21:41:33,49300,2000,47300,1,28.8,35.9,-7.1,0,3.84,5.0
0009698,0004595,0000041,2025-12-28 02:25:49,53400,2000,51400,1,35.4,41.0,-5.6,0,5.5,5.0
0009699,0004558,0000067,2025-12-26 10:05:42,75800,5000,70800,1,23.3,25.1,-1.8,0,2.36,5.0
0009700,0004594,0000054,2025-12-29 13:26:15,76500,5000,71500,1,25.5,21.4,4.1,1,7.55,5.0
0009701,0004492,0000075,2025-12-22 10:06:45,37100,1000,36100,1,40.3,41.6,-1.3,0,6.59,4.0
0009702,0004518,0000076,2025-12-25 19:41:08,48200,2000,46200,1,40.1,41.1,-1.0,0,2.12,5.0
0009703,0004452,0000061,2025-12-04 19:09:01,73300,5000,68300,1,20.5,11.7,8.8,1,2.53,3.0
0009704,0004618,0000035,2025-12-31 02:43:39,43400,2000,41400,1,24.2,17.0,7.2,1,12.57,5.0
0009705,0004474,0000090,2025-12-21 10:48:27,19600,500,19100,1,39.3,46.7,-7.4,0,14.43,5.0
0009706,0004617,0000068,2025-12-31 00:02:15,25700,1000,24700,1,46.6,31.8,14.8,1,0.96,5.0
0009707,0004635,0000083,2025-12-31 07:11:34,57600,2000,55600,1,26.3,24.3,2.0,1,2.59,5.0
0009708,0004451,0000078,2025-12-24 12:23:52,81400,5000,76400,1,47.4,49.6,-2.2,0,1.08,5.0
0009709,0004524,0000079,2025-12-27 19:36:49,59800,2000,57800,1,20.7,24.1,-3.4,0,7.34,5.0
0009710,0004526,0000035,2025-12-29 21:29:37,38000,1000,37000,1,39.6,32.2,7.4,1,10.74,5.0
0009711,0004551,0000012,2025-12-25 23:17:15,93800,5000,88800,1,20.1,24.4,-4.3,0,14.8,5.0
0009712,0004496,0000036,2025-12-19 03:15:38,67900,5000,62900,1,23.4,20.6,2.8,1,4.26,1.0
0009713,0004557,0000043,2025-12-22 08:56:08,30300,1000,29300,1,22.1,12.2,9.9,1,3.76,5.0
0009714,0004589,0000053,2025-12-28 16:18:48,31600,1000,30600,1,49.5,58.6,-9.1,0,9.01,5.0
0009715,0004628,0000008,2025-12-31 02:41:10,75300,5000,70300,1,34.0,25.2,8.8,1,7.97,5.0
0009716,0004512,0000097,2025-12-12 16:41:45,14900,500,14400,1,43.2,31.9,11.3,1,11.2,4.0
0009717,0004466,0000076,2025-12-11 23:57:58,83400,5000,78400,1,46.3,43.5,2.8,1,10.95,5.0
0009718,0004621,0000074,2025-12-29 16:26:36,71800,5000,66800,1,25.7,22.7,3.0,1,2.6,5.0
0009719,0004506,0000020,2025-12-12 14:13:26,61100,5000,56100,1,45.4,46.3,-0.9,0,9.35,5.0
0009720,0004519,0000002,2025-12-21 15:59:41,11400,500,10900,1,37.3,44.2,-6.9,0,14.88,5.0
0009721,0004585,0000034,2025-12-28 15:45:29,40500,2000,38500,1,25.7,30.5,-4.8,0,10.28,5.0
0009722,0004504,0000015,2025-12-18 01:35:46,90800,5000,85800,1,31.5,19.3,12.2,1,4.85,3.0
0009723,0004605,0000043,2025-12-31 18:36:39,26900,1000,25900,1,20.3,6.9,13.4,1,8.18,5.0
0009724,0004463,0000036,2025-12-15 20:25:29,99600,5000,94600,1,23.6,20.5,3.1,1,6.95,5.0
0009725,0004592,0000060,2025-12-29 23:15:09,81300,5000,76300,1,23.3,9.4,13.9,1,10.83,5.0
0009726,0004465,0000085,2025-12-15 21:22:05,82800,5000,77800,1,25.1,16.8,8.3,1,12.71,5.0
0009727,0004521,0000075,2025-12-28 11:49:16,58800,2000,56800,1,47.2,43.9,3.3,1,4.42,5.0
0009728,0004455,0000027,2025-12-12 17:16:20,32500,1000,31500,1,40.2,45.7,-5.5,0,5.06,5.0
0009729,0004458,0000024,2025-12-25 04:40:55,46200,2000,44200,1,41.6,34.3,7.3,1,14.59,5.0
0009730,0004552,0000058,2026-01-18 06:09:05,52400,0,52400,0,21.6,21.4,0.2,1,7.04,5.0
0009731,0004452,0000029,2026-01-18 14:07:59,98900,0,98900,0,35.0,39.1,-4.1,0,2.25,5.0
0009732,0004531,0000002,2026-01-15 05:49:32,94100,0,94100,0,25.6,30.200000000000003,-4.6,0,3.2,5.0
0009733,0004475,0000049,2026-01-14 03:22:35,37500,0,37500,0,38.3,33.4,4.9,1,13.16,5.0
0009734,0004494,0000010,2026-01-13 23:26:50,27300,0,27300,0,24.1,27.1,-3.0,0,1.13,5.0
0009735,0004451,0000037,2026-01-03 01:20:55,60200,0,60200,0,31.5,27.1,4.4,1,6.69,4.0
0009736,0004505,0000037,2026-01-03 11:41:10,34700,0,34700,0,40.9,40.2,0.7,1,4.82,5.0
0009737,0004486,0000074,2026-01-08 23:13:05,66800,0,66800,0,22.6,18.6,4.0,1,2.97,5.0
0009738,0004582,0000016,2026-01-16 15:08:59,71700,0,71700,0,40.3,41.1,-0.8,0,8.01,3.0
0009739,0004474,0000033,2026-01-31 11:21:51,45500,0,45500,0,20.3,22.2,-1.9,0,8.81,5.0
0009740,0004527,0000090,2026-01-26 19:58:32,48900,0,48900,0,34.7,33.6,1.1,1,10.46,5.0
0009741,0004479,0000047,2026-01-29 12:25:30,58800,0,58800,0,42.4,40.3,2.1,1,5.97,5.0
0009742,0004465,0000006,2026-01-29 10:38:54,82400,0,82400,0,39.1,40.4,-1.3,0,6.41,5.0
0009743,0004623,0000091,2026-01-17 22:00:26,15300,0,15300,0,43.2,42.0,1.2,1,0.89,4.0
0009744,0004543,0000088,2026-01-02 03:58:37,80100,0,80100,0,21.2,19.4,1.8,1,11.86,5.0
0009745,0004483,0000076,2026-01-15 23:53:39,9800,0,9800,0,37.0,38.3,-1.3,0,4.76,5.0
0009746,0004567,0000007,2026-01-31 11:27:18,68000,0,68000,0,26.4,26.0,0.4,1,14.36,5.0
0009747,0004514,0000055,2026-01-05 16:08:55,18900,0,18900,0,39.6,35.6,4.0,1,8.45,4.0
0009748,0004478,0000050,2026-01-01 17:51:34,67900,5000,62900,1,28.0,29.0,-1.0,0,9.03,5.0
0009749,0004574,0000035,2026-01-23 04:46:06,18300,0,18300,0,24.1,27.4,-3.3,0,7.38,5.0
0009750,0004482,0000049,2026-01-07 02:04:57,22000,0,22000,0,44.7,49.3,-4.6,0,6.81,5.0
0009751,0004480,0000084,2026-01-07 19:40:42,63100,0,63100,0,42.0,42.2,-0.2,0,8.55,5.0
0009752,0004518,0000059,2026-01-15 05:00:24,94000,0,94000,0,45.7,43.8,1.9,1,13.71,5.0
0009753,0004492,0000047,2026-01-06 09:52:22,45800,0,45800,0,27.9,29.4,-1.5,0,11.21,3.0
0009754,0004565,0000015,2026-01-14 21:55:14,43500,2000,41500,1,20.7,27.6,-6.9,0,13.78,5.0
0009755,0004589,0000039,2026-01-20 17:05:41,64100,0,64100,0,36.5,33.6,2.9,1,10.83,5.0
0009756,0004500,0000039,2026-01-29 00:31:01,96900,0,96900,0,46.6,49.7,-3.1,0,2.09,5.0
0009757,0004556,0000075,2026-01-25 12:19:56,83000,0,83000,0,32.5,34.0,-1.5,0,5.26,1.0
0009758,0004613,0000078,2026-01-01 21:53:52,49900,0,49900,0,35.9,32.2,3.7,1,13.23,5.0
0009759,0004539,0000086,2026-01-27 11:25:57,79900,5000,74900,1,23.7,32.3,-8.6,0,12.57,5.0
0009760,0004561,0000039,2026-01-07 23:47:20,29000,1000,28000,1,42.2,48.3,-6.1,0,6.32,5.0
0009761,0004629,0000060,2026-01-02 22:17:24,87000,5000,82000,1,21.0,24.2,-3.2,0,10.82,4.0
0009762,0004615,0000065,2026-01-03 19:51:52,62400,0,62400,0,23.1,25.0,-1.9,0,0.97,5.0
0009763,0004549,0000044,2026-01-30 10:45:40,26500,0,26500,0,43.9,45.0,-1.1,0,3.44,5.0
0009764,0004509,0000013,2026-01-29 15:17:52,28200,1000,27200,1,43.6,53.1,-9.5,0,14.62,5.0
0009765,0004461,0000080,2026-01-24 08:34:56,95400,0,95400,0,21.4,22.8,-1.4,0,2.21,5.0
0009766,0004523,0000065,2026-01-27 05:19:12,39000,0,39000,0,30.6,32.2,-1.6,0,7.97,5.0
0009767,0004525,0000085,2026-01-02 15:35:31,33300,0,33300,0,45.2,48.2,-3.0,0,5.06,5.0
0009768,0004560,0000036,2026-01-27 08:57:03,34100,0,34100,0,28.7,29.6,-0.9,0,0.92,5.0
0009769,0004600,0000009,2026-01-08 14:29:08,98900,5000,93900,1,36.1,45.1,-9.0,0,3.31,5.0
0009770,0004537,0000066,2026-01-06 16:48:19,30500,0,30500,0,20.2,16.9,3.3,1,7.3,5.0
0009771,0004580,0000019,2026-01-03 19:09:29,30600,0,30600,0,24.4,28.6,-4.2,0,7.89,5.0
0009772,0004507,0000095,2026-01-17 00:20:14,66500,5000,61500,1,30.3,33.7,-3.4,0,2.16,5.0
0009773,0004455,0000025,2026-01-03 05:29:49,32000,0,32000,0,34.7,33.400000000000006,1.3,1,11.76,5.0
0009774,0004586,0000092,2026-01-29 23:40:45,20100,0,20100,0,23.5,28.5,-5.0,0,9.33,1.0
0009775,0004497,0000065,2026-01-05 18:23:22,63800,5000,58800,1,24.8,30.4,-5.6,0,12.08,5.0
0009776,0004633,0000009,2026-01-26 01:53:17,79200,0,79200,0,33.7,28.9,4.8,1,6.59,5.0
0009777,0004499,0000073,2026-01-09 10:17:33,14400,500,13900,1,36.6,37.5,-0.9,0,14.08,5.0
0009778,0004536,0000069,2026-01-10 20:58:04,96300,0,96300,0,47.4,44.4,3.0,1,11.81,5.0
0009779,0004516,0000087,2026-01-22 08:32:53,28300,1000,27300,1,25.4,34.5,-9.1,0,2.22,5.0
0009780,0004551,0000057,2026-01-07 14:47:18,32200,0,32200,0,27.5,28.2,-0.7,0,13.88,5.0
0009781,0004453,0000050,2026-01-20 04:09:27,92200,5000,87200,1,27.3,29.1,-1.8,0,3.65,5.0
0009782,0004489,0000086,2026-01-28 13:30:33,52100,0,52100,0,33.3,33.099999999999994,0.2,1,6.85,5.0
0009783,0004485,0000025,2026-01-07 02:59:51,66900,0,66900,0,33.9,34.2,-0.3,0,10.42,4.0
0009784,0004570,0000079,2026-01-22 17:48:32,72100,5000,67100,1,41.3,49.3,-8.0,0,8.99,5.0
0009785,0004462,0000078,2026-01-29 06:09:13,28800,0,28800,0,25.5,26.5,-1.0,0,13.84,5.0
0009786,0004584,0000005,2026-01-23 23:21:05,36800,1000,35800,1,45.9,53.9,-8.0,0,9.04,5.0
0009787,0004487,0000062,2026-01-18 05:53:06,79600,5000,74600,1,42.3,51.8,-9.5,0,9.22,5.0
0009788,0004595,0000011,2026-01-12 11:22:40,64500,0,64500,0,45.1,43.6,1.5,1,9.75,5.0
0009789,0004456,0000016,2026-01-25 04:05:20,34900,0,34900,0,33.5,32.5,1.0,1,3.53,5.0
0009790,0004501,0000015,2026-01-10 09:59:06,93300,0,93300,0,27.0,28.7,-1.7,0,10.81,5.0
0009791,0004599,0000079,2026-01-14 00:18:19,54600,0,54600,0,30.1,34.1,-4.0,0,6.72,5.0
0009792,0004534,0000041,2026-01-06 03:02:41,25700,0,25700,0,47.6,44.9,2.7,1,12.55,5.0
0009793,0004541,0000035,2026-01-05 06:21:39,45300,2000,43300,1,33.4,36.4,-3.0,0,9.14,5.0
0009794,0004618,0000078,2026-01-08 10:30:53,66000,0,66000,0,33.2,33.0,0.2,1,8.53,5.0
0009795,0004573,0000033,2026-01-30 02:31:52,35300,1000,34300,1,26.7,35.0,-8.3,0,14.42,5.0
0009796,0004524,0000042,2026-01-01 02:26:47,15600,0,15600,0,29.1,28.200000000000003,0.9,1,11.8,5.0
0009797,0004554,0000032,2026-01-10 00:26:14,94400,5000,89400,1,42.6,50.6,-8.0,0,12.14,3.0
0009798,0004566,0000007,2026-01-24 03:20:11,45200,0,45200,0,47.4,46.3,1.1,1,13.0,5.0
0009799,0004477,0000066,2026-01-05 10:14:50,23300,0,23300,0,24.2,22.0,2.2,1,9.26,5.0
0009800,0004590,0000075,2026-01-18 08:57:33,64000,5000,59000,1,42.5,51.4,-8.9,0,9.53,5.0
0009801,0004624,0000012,2026-01-08 20:11:00,84700,0,84700,0,22.5,22.6,-0.1,0,8.52,5.0
0009802,0004520,0000065,2026-01-10 07:47:54,70500,0,70500,0,30.4,27.4,3.0,1,1.0,4.0
0009803,0004490,0000082,2026-01-22 04:15:10,19000,500,18500,1,27.1,29.9,-2.8,0,7.98,5.0
0009804,0004625,0000005,2026-01-25 07:34:56,83700,0,83700,0,38.1,36.2,1.9,1,4.16,5.0
0009805,0004712,0000075,2026-01-25 04:04:41,23400,1000,22400,1,28.0,20.5,7.5,1,8.83,5.0
0009806,0004659,0000010,2026-01-14 13:00:55,13400,500,12900,1,40.9,27.4,13.5,1,11.95,5.0
0009807,0004741,0000001,2026-01-28 22:54:54,20300,1000,19300,1,47.9,52.1,-4.2,0,11.84,5.0
0009808,0004765,0000073,2026-01-30 21:18:09,95900,5000,90900,1,40.8,41.9,-1.1,0,3.68,5.0
0009809,0004738,0000079,2026-01-24 07:19:32,86700,5000,81700,1,36.0,45.1,-9.1,0,9.1,5.0
0009810,0004679,0000056,2026-01-19 06:20:11,67300,5000,62300,1,47.4,52.5,-5.1,0,10.36,5.0
0009811,0004764,0000066,2026-01-29 04:43:49,95700,5000,90700,1,41.5,26.5,15.0,1,2.23,5.0
0009812,0004655,0000015,2026-01-13 19:24:19,14000,500,13500,1,49.6,53.3,-3.7,0,6.55,5.0
0009813,0004768,0000096,2026-01-31 19:46:14,78300,5000,73300,1,42.5,52.5,-10.0,0,12.81,5.0
0009814,0004664,0000019,2026-01-28 13:00:04,79000,5000,74000,1,46.7,56.6,-9.9,0,14.73,5.0
0009815,0004642,0000027,2026-01-25 12:06:57,74700,5000,69700,1,26.3,15.7,10.6,1,11.23,5.0
0009816,0004758,0000032,2026-01-31 20:44:32,22300,1000,21300,1,42.2,35.8,6.4,1,5.69,5.0
0009817,0004653,0000078,2026-01-30 09:21:39,47100,2000,45100,1,44.4,47.0,-2.6,0,12.46,5.0
0009818,0004681,0000009,2026-01-31 07:58:09,25600,1000,24600,1,45.5,35.8,9.7,1,5.27,5.0
0009819,0004654,0000084,2026-01-05 08:46:29,18400,500,17900,1,37.6,33.3,4.3,1,12.93,5.0
0009820,0004742,0000012,2026-01-28 21:14:05,50000,2000,48000,1,39.1,40.8,-1.7,0,6.73,5.0
0009821,0004733,0000062,2026-01-23 16:36:43,18800,500,18300,1,49.2,57.8,-8.6,0,0.77,5.0
0009822,0004744,0000029,2026-01-25 13:32:49,53500,2000,51500,1,46.5,52.7,-6.2,0,0.69,5.0
0009823,0004740,0000030,2026-01-28 17:59:58,64500,5000,59500,1,45.4,31.9,13.5,1,0.53,5.0
0009824,0004689,0000037,2026-01-24 00:40:41,67100,5000,62100,1,41.0,37.9,3.1,1,4.79,5.0
0009825,0004667,0000067,2026-01-20 18:45:18,73700,5000,68700,1,42.0,38.1,3.9,1,3.75,5.0
0009826,0004657,0000022,2026-01-18 16:09:26,9700,500,9200,1,38.0,25.6,12.4,1,12.42,5.0
0009827,0004673,0000046,2026-01-11 20:05:24,86500,5000,81500,1,23.6,11.9,11.7,1,2.62,5.0
0009828,0004650,0000053,2026-01-09 01:27:08,62100,5000,57100,1,45.2,38.8,6.4,1,3.3,4.0
0009829,0004717,0000026,2026-01-28 14:38:10,59500,2000,57500,1,40.0,49.3,-9.3,0,13.89,5.0
0009830,0004721,0000012,2026-01-26 13:52:17,22200,1000,21200,1,30.3,31.0,-0.7,0,6.18,5.0
0009831,0004701,0000071,2026-01-21 21:56:14,23700,1000,22700,1,22.0,9.1,12.9,1,9.78,5.0
0009832,0004776,0000031,2026-01-31 05:12:04,78300,5000,73300,1,33.7,31.7,2.0,1,14.52,5.0
0009833,0004651,0000094,2026-01-22 22:33:16,41600,2000,39600,1,46.7,33.7,13.0,1,10.21,3.0
0009834,0004705,0000011,2026-01-29 03:25:33,95800,5000,90800,1,23.9,17.8,6.1,1,1.9,4.0
0009835,0004680,0000013,2026-01-25 20:27:18,57500,2000,55500,1,25.4,11.0,14.4,1,10.11,5.0
0009836,0004704,0000098,2026-01-19 02:56:26,48900,2000,46900,1,21.0,14.3,6.7,1,8.45,4.0
0009837,0004750,0000098,2026-01-26 05:07:31,89500,5000,84500,1,25.8,15.4,10.4,1,2.16,5.0
0009838,0004688,0000018,2026-01-13 00:48:04,35000,1000,34000,1,22.2,9.2,13.0,1,9.86,5.0
0009839,0004730,0000023,2026-01-31 20:37:08,12600,500,12100,1,47.1,37.9,9.2,1,2.61,5.0
0009840,0004773,0000071,2026-01-31 10:34:48,43300,2000,41300,1,29.5,21.4,8.1,1,10.2,1.0
0009841,0004731,0000030,2026-01-26 14:36:48,66000,5000,61000,1,35.9,37.5,-1.6,0,2.47,5.0
0009842,0004677,0000055,2026-01-25 06:25:17,23200,1000,22200,1,38.6,32.7,5.9,1,1.11,5.0
0009843,0004774,0000096,2026-01-31 00:20:02,52300,2000,50300,1,42.8,51.7,-8.9,0,4.88,5.0
0009844,0004726,0000040,2026-01-23 18:37:51,27000,1000,26000,1,33.4,25.4,8.0,1,14.02,5.0
0009845,0004652,0000045,2026-01-20 14:44:22,31500,1000,30500,1,24.6,25.0,-0.4,0,8.72,4.0
0009846,0004675,0000098,2026-01-23 09:05:20,49700,2000,47700,1,31.0,33.2,-2.2,0,6.16,5.0
0009847,0004709,0000024,2026-01-20 07:31:34,75100,5000,70100,1,49.1,50.1,-1.0,0,13.87,5.0
0009848,0004728,0000091,2026-01-29 00:27:37,97400,5000,92400,1,31.9,33.3,-1.4,0,3.37,5.0
0009849,0004671,0000090,2026-01-29 11:30:56,60700,5000,55700,1,38.4,33.1,5.3,1,7.18,1.0
0009850,0004685,0000034,2026-01-31 22:31:28,66500,5000,61500,1,31.6,17.7,13.9,1,3.41,5.0
0009851,0004638,0000042,2026-01-07 04:18:41,24700,1000,23700,1,45.0,49.8,-4.8,0,9.76,5.0
0009852,0004735,0000009,2026-01-31 09:39:34,25800,1000,24800,1,47.8,50.2,-2.4,0,6.8,5.0
0009853,0004644,0000045,2026-01-31 09:37:39,59000,2000,57000,1,48.6,49.3,-0.7,0,7.11,5.0
0009854,0004686,0000071,2026-01-14 15:41:28,99300,5000,94300,1,35.6,43.4,-7.8,0,4.07,5.0
0009855,0004769,0000087,2026-01-31 14:09:16,22400,1000,21400,1,41.6,42.4,-0.8,0,6.1,5.0
0009856,0004670,0000029,2026-01-23 11:56:56,86000,5000,81000,1,36.7,25.3,11.4,1,12.25,5.0
0009857,0004708,0000014,2026-01-25 17:25:56,15900,500,15400,1,38.1,45.8,-7.7,0,7.47,5.0
0009858,0004752,0000079,2026-01-31 04:26:24,90300,5000,85300,1,28.5,23.1,5.4,1,12.56,5.0
0009859,0004703,0000046,2026-01-16 05:36:56,44200,2000,42200,1,25.9,19.9,6.0,1,10.93,5.0
0009860,0004751,0000030,2026-01-31 08:55:46,85800,5000,80800,1,30.6,39.9,-9.3,0,14.15,4.0
0009861,0004727,0000028,2026-01-30 05:44:34,12600,500,12100,1,43.2,36.3,6.9,1,6.87,5.0
0009862,0004697,0000072,2026-01-29 06:14:45,27100,1000,26100,1,24.3,28.8,-4.5,0,2.8,5.0
0009863,0004643,0000054,2026-01-02 06:46:48,40600,2000,38600,1,20.4,5.9,14.5,1,12.63,5.0
0009864,0004771,0000097,2026-01-31 02:49:28,11300,500,10800,1,28.1,37.9,-9.8,0,10.83,5.0
0009865,0004706,0000043,2026-01-16 01:57:13,86900,5000,81900,1,22.5,11.8,10.7,1,5.04,5.0
0009866,0004755,0000008,2026-01-31 01:34:10,94100,5000,89100,1,24.0,13.3,10.7,1,1.86,5.0
0009867,0004676,0000067,2026-01-20 11:46:49,77200,5000,72200,1,26.9,17.1,9.8,1,8.12,5.0
0009868,0004732,0000068,2026-01-24 20:43:58,90100,5000,85100,1,34.4,25.0,9.4,1,8.46,5.0
0009869,0004760,0000036,2026-01-31 15:18:08,85100,5000,80100,1,35.0,42.6,-7.6,0,2.14,5.0
0009870,0004749,0000090,2026-01-26 05:22:53,14400,500,13900,1,36.4,24.7,11.7,1,13.75,5.0
0009871,0004682,0000088,2026-01-11 07:34:12,54800,2000,52800,1,48.5,38.6,9.9,1,8.27,5.0
0009872,0004637,0000070,2026-01-23 20:31:27,7300,500,6800,1,34.0,36.3,-2.3,0,2.4,5.0
0009873,0004649,0000004,2026-01-31 16:59:59,83800,5000,78800,1,34.7,39.0,-4.3,0,10.1,5.0
0009874,0004763,0000017,2026-01-29 09:26:31,58700,2000,56700,1,48.0,33.5,14.5,1,13.42,5.0
0009875,0004719,0000081,2026-01-22 06:54:58,85100,5000,80100,1,26.1,28.9,-2.8,0,12.38,5.0
0009876,0004672,0000068,2026-01-30 00:27:19,16600,500,16100,1,44.1,48.6,-4.5,0,9.62,5.0
0009877,0004766,0000019,2026-01-29 14:22:20,26100,1000,25100,1,30.8,33.1,-2.3,0,2.22,5.0
0009878,0004674,0000044,2026-01-09 02:09:14,95500,5000,90500,1,49.3,40.8,8.5,1,1.62,5.0
0009879,0004723,0000009,2026-01-29 05:40:01,91600,5000,86600,1,24.0,9.4,14.6,1,11.49,5.0
0009880,0004684,0000053,2026-01-28 09:03:05,53200,2000,51200,1,25.1,28.8,-3.7,0,2.61,3.0
0009881,0004668,0000067,2026-01-14 18:08:51,40700,2000,38700,1,23.0,28.3,-5.3,0,13.36,5.0
0009882,0004770,0000051,2026-01-30 13:56:28,59400,2000,57400,1,43.8,46.7,-2.9,0,7.16,5.0
0009883,0004646,0000098,2026-01-10 17:50:27,92300,5000,87300,1,36.4,42.1,-5.7,0,13.77,5.0
0009884,0004693,0000087,2026-01-31 22:13:51,84300,5000,79300,1,38.5,35.4,3.1,1,6.79,5.0
0009885,0004747,0000085,2026-01-30 07:22:24,50800,2000,48800,1,45.7,48.2,-2.5,0,1.66,5.0
0009886,0004762,0000011,2026-01-31 14:30:25,55700,2000,53700,1,45.9,49.0,-3.1,0,2.65,5.0
0009887,0004678,0000094,2026-01-21 09:09:56,98400,5000,93400,1,22.6,10.9,11.7,1,12.42,5.0
0009888,0004718,0000052,2026-01-25 12:07:52,24800,1000,23800,1,30.8,38.2,-7.4,0,13.05,5.0
0009889,0004662,0000057,2026-01-16 21:18:13,52600,2000,50600,1,32.6,37.6,-5.0,0,5.53,5.0
0009890,0004690,0000045,2026-01-30 01:26:28,9300,500,8800,1,27.7,36.3,-8.6,0,5.95,3.0
0009891,0004775,0000051,2026-01-31 16:15:15,83500,5000,78500,1,25.9,22.6,3.3,1,5.33,5.0
0009892,0004698,0000047,2026-01-22 02:53:21,30800,1000,29800,1,23.8,19.9,3.9,1,3.52,5.0
0009893,0004715,0000006,2026-01-25 17:41:15,12300,500,11800,1,39.4,34.5,4.9,1,10.77,5.0
0009894,0004761,0000027,2026-01-30 03:48:18,64100,5000,59100,1,47.3,38.5,8.8,1,13.36,5.0
0009895,0004725,0000082,2026-01-31 06:30:00,71100,5000,66100,1,37.8,30.6,7.2,1,10.25,5.0
0009896,0004777,0000050,2026-01-31 17:05:47,87900,5000,82900,1,33.1,25.5,7.6,1,4.03,5.0
0009897,0004687,0000011,2026-01-29 18:11:09,53900,2000,51900,1,42.2,51.8,-9.6,0,5.45,5.0
0009898,0004645,0000087,2026-01-05 07:38:51,78100,5000,73100,1,42.1,50.3,-8.2,0,13.86,5.0
0009899,0004722,0000016,2026-01-25 23:20:16,59400,2000,57400,1,30.5,32.6,-2.1,0,7.07,5.0
0009900,0004745,0000056,2026-01-29 22:09:39,15700,500,15200,1,38.0,25.6,12.4,1,5.88,5.0
0009901,0004716,0000049,2026-01-29 14:42:32,77900,5000,72900,1,22.5,20.3,2.2,1,8.64,3.0
0009902,0004691,0000082,2026-01-16 11:46:11,42900,2000,40900,1,43.7,49.1,-5.4,0,14.67,5.0
0009903,0004656,0000011,2026-01-19 04:14:14,70300,5000,65300,1,42.5,31.9,10.6,1,12.45,5.0
0009904,0004767,0000095,2026-01-31 02:30:36,88500,5000,83500,1,39.1,34.1,5.0,1,14.16,5.0
0009905,0004753,0000080,2026-01-29 18:26:18,46500,2000,44500,1,38.6,24.3,14.3,1,4.95,5.0
0009906,0004757,0000001,2026-01-31 13:49:10,64000,5000,59000,1,32.1,23.9,8.2,1,13.19,5.0
0009907,0004666,0000034,2026-01-28 23:03:42,73600,5000,68600,1,32.2,19.8,12.4,1,11.56,5.0
0009908,0004692,0000016,2026-01-20 23:13:22,38600,1000,37600,1,20.7,17.1,3.6,1,12.53,5.0
0009909,0004699,0000056,2026-01-18 05:53:34,34800,1000,33800,1,31.8,21.9,9.9,1,5.72,5.0
0009910,0004647,0000001,2026-01-16 21:18:49,64200,5000,59200,1,49.3,49.9,-0.6,0,7.94,5.0
0009911,0004669,0000061,2026-01-11 12:49:53,28400,1000,27400,1,24.4,17.8,6.6,1,14.39,5.0
0009912,0004754,0000095,2026-01-27 22:38:04,79800,5000,74800,1,38.2,47.7,-9.5,0,5.55,5.0
0009913,0004696,0000023,2026-01-18 14:27:36,19200,500,18700,1,49.3,57.1,-7.8,0,8.24,4.0
0009914,0004756,0000004,2026-01-31 09:10:20,43000,2000,41000,1,41.2,32.3,8.9,1,4.09,4.0
0009915,0004665,0000017,2026-01-22 08:35:30,26500,1000,25500,1,30.7,36.6,-5.9,0,13.29,5.0
0009916,0004748,0000035,2026-01-29 06:10:53,95600,5000,90600,1,30.7,20.6,10.1,1,4.84,5.0
0009917,0004707,0000034,2026-01-28 19:15:48,7300,500,6800,1,26.1,32.3,-6.2,0,3.27,5.0
0009918,0004736,0000058,2026-01-30 07:28:56,22100,1000,21100,1,39.6,40.9,-1.3,0,3.68,5.0
0009919,0004714,0000070,2026-01-19 14:29:07,96900,5000,91900,1,25.0,21.6,3.4,1,10.58,5.0
0009920,0004720,0000065,2026-01-30 22:14:58,24500,1000,23500,1,29.6,15.3,14.3,1,10.49,5.0
0009921,0004648,0000054,2026-01-27 11:14:31,16600,500,16100,1,40.0,30.4,9.6,1,10.47,5.0
0009922,0004742,0000014,2026-02-04 09:10:16,98300,0,98300,0,34.7,34.300000000000004,0.4,1,5.41,4.0
0009923,0004659,0000050,2026-02-18 10:38:18,85100,0,85100,0,32.7,34.300000000000004,-1.6,0,9.97,5.0
0009924,0004760,0000034,2026-02-10 14:11:36,18600,0,18600,0,46.5,50.0,-3.5,0,5.87,1.0
0009925,0004638,0000085,2026-02-16 08:47:27,70500,0,70500,0,46.3,48.4,-2.1,0,2.27,5.0
0009926,0004721,0000044,2026-02-28 06:43:36,29900,0,29900,0,25.4,21.9,3.5,1,10.98,5.0
0009927,0004713,0000043,2026-02-22 21:07:40,57900,2000,55900,1,38.3,42.7,-4.4,0,7.12,5.0
0009928,0004756,0000046,2026-02-17 23:40:37,90600,0,90600,0,31.3,33.6,-2.3,0,7.57,4.0
0009929,0004660,0000006,2026-02-04 13:48:20,66000,5000,61000,1,24.1,32.4,-8.3,0,12.5,5.0
0009930,0004693,0000052,2026-02-14 10:21:04,86500,0,86500,0,25.4,21.9,3.5,1,10.43,1.0
0009931,0004741,0000036,2026-02-23 10:13:30,92700,0,92700,0,30.5,29.7,0.8,1,5.68,5.0
0009932,0004655,0000015,2026-02-21 05:14:25,64300,0,64300,0,43.0,44.9,-1.9,0,3.47,5.0
0009933,0004696,0000074,2026-02-23 21:10:28,97200,0,97200,0,49.2,51.400000000000006,-2.2,0,3.62,3.0
0009934,0004694,0000053,2026-02-20 16:30:26,75600,0,75600,0,31.7,34.1,-2.4,0,13.44,5.0
0009935,0004686,0000073,2026-02-03 08:34:09,61500,0,61500,0,49.8,49.0,0.8,1,10.12,5.0
0009936,0004687,0000034,2026-02-07 15:36:53,30200,0,30200,0,35.9,33.8,2.1,1,14.86,3.0
0009937,0004738,0000071,2026-02-28 20:51:46,87900,0,87900,0,27.9,32.1,-4.2,0,4.14,5.0
0009938,0004769,0000065,2026-02-06 22:56:30,62100,0,62100,0,21.8,21.3,0.5,1,10.32,5.0
0009939,0004644,0000070,2026-02-20 05:04:39,53700,0,53700,0,38.2,36.900000000000006,1.3,1,8.47,5.0
0009940,0004731,0000023,2026-02-09 06:06:29,69600,0,69600,0,36.0,36.8,-0.8,0,2.23,5.0
0009941,0004709,0000093,2026-02-21 05:48:12,79300,0,79300,0,40.5,37.5,3.0,1,10.65,5.0
0009942,0004708,0000086,2026-02-13 12:45:57,94200,0,94200,0,24.8,27.8,-3.0,0,5.63,5.0
0009943,0004668,0000062,2026-02-11 18:01:41,85000,0,85000,0,24.7,20.0,4.7,1,10.8,5.0
0009944,0004706,0000041,2026-02-09 04:33:50,92000,0,92000,0,34.5,29.6,4.9,1,5.55,5.0
0009945,0004661,0000060,2026-02-22 22:03:35,43900,2000,41900,1,31.5,31.6,-0.1,0,5.17,5.0
0009946,0004744,0000066,2026-02-21 05:14:58,99100,0,99100,0,32.5,34.5,-2.0,0,1.35,4.0
0009947,0004736,0000029,2026-02-15 03:04:49,64900,0,64900,0,34.9,31.1,3.8,1,5.66,5.0
0009948,0004665,0000038,2026-02-20 23:04:52,68300,0,68300,0,24.4,26.3,-1.9,0,4.11,5.0
0009949,0004645,0000059,2026-02-13 04:34:25,18000,0,18000,0,39.6,38.4,1.2,1,4.04,5.0
0009950,0004637,0000025,2026-02-28 05:39:59,44600,0,44600,0,39.8,35.3,4.5,1,5.97,5.0
0009951,0004697,0000097,2026-02-07 12:19:09,75600,0,75600,0,25.3,30.3,-5.0,0,10.26,5.0
0009952,0004684,0000056,2026-02-23 20:45:35,37300,0,37300,0,49.2,50.5,-1.3,0,4.07,5.0
0009953,0004639,0000039,2026-02-25 02:52:21,75900,5000,70900,1,39.6,43.2,-3.6,0,8.17,3.0
0009954,0004651,0000086,2026-02-02 20:32:31,25600,0,25600,0,48.0,47.9,0.1,1,4.85,5.0
0009955,0004765,0000048,2026-02-28 19:50:53,90000,0,90000,0,40.9,44.8,-3.9,0,14.92,5.0
0009956,0004762,0000057,2026-02-14 02:03:53,11100,0,11100,0,31.8,27.1,4.7,1,11.85,5.0
0009957,0004662,0000032,2026-02-24 05:26:53,35000,0,35000,0,33.7,32.300000000000004,1.4,1,12.87,5.0
0009958,0004646,0000029,2026-02-06 08:00:57,53000,0,53000,0,39.3,42.1,-2.8,0,11.6,5.0
0009959,0004707,0000001,2026-02-14 13:49:32,46100,0,46100,0,21.0,16.2,4.8,1,12.28,1.0
0009960,0004664,0000007,2026-02-22 04:41:24,11900,0,11900,0,41.8,46.5,-4.7,0,11.47,5.0
0009961,0004675,0000066,2026-02-11 00:17:13,48100,0,48100,0,42.1,45.8,-3.7,0,2.92,5.0
0009962,0004767,0000009,2026-02-10 13:30:22,83900,0,83900,0,31.1,31.200000000000003,-0.1,0,14.4,5.0
0009963,0004649,0000051,2026-02-25 03:27:53,84700,0,84700,0,33.6,36.2,-2.6,0,8.68,5.0
0009964,0004722,0000059,2026-02-16 07:51:34,22000,0,22000,0,25.0,22.0,3.0,1,1.71,1.0
0009965,0004728,0000027,2026-02-25 11:41:47,78200,0,78200,0,31.0,29.8,1.2,1,14.18,5.0
0009966,0004733,0000012,2026-02-20 04:07:16,98500,0,98500,0,27.7,25.1,2.6,1,8.54,3.0
0009967,0004700,0000042,2026-02-15 15:24:06,96400,5000,91400,1,37.8,38.4,-0.6,0,4.72,5.0
0009968,0004718,0000022,2026-02-20 14:29:34,15600,0,15600,0,36.5,33.6,2.9,1,8.01,5.0
0009969,0004677,0000023,2026-02-08 14:50:55,83400,0,83400,0,37.2,32.400000000000006,4.8,1,4.8,5.0
0009970,0004695,0000001,2026-02-18 16:39:04,54800,2000,52800,1,37.5,44.2,-6.7,0,0.62,5.0
0009971,0004770,0000073,2026-02-25 02:48:56,26100,0,26100,0,43.8,48.1,-4.3,0,7.63,5.0
0009972,0004717,0000023,2026-02-14 02:06:33,63800,0,63800,0,36.0,33.9,2.1,1,13.85,5.0
0009973,0004754,0000073,2026-02-26 05:49:21,35600,0,35600,0,45.8,49.2,-3.4,0,2.08,5.0
0009974,0004689,0000007,2026-02-26 11:32:49,49800,0,49800,0,41.8,40.1,1.7,1,9.85,5.0
0009975,0004719,0000011,2026-02-08 18:57:45,92500,0,92500,0,40.6,39.3,1.3,1,12.04,5.0
0009976,0004772,0000050,2026-02-22 05:14:05,15600,500,15100,1,32.7,35.1,-2.4,0,11.1,5.0
0009977,0004679,0000045,2026-02-19 02:55:42,58300,0,58300,0,32.4,30.6,1.8,1,8.54,5.0
0009978,0004672,0000047,2026-02-25 00:24:57,65200,0,65200,0,48.5,47.1,1.4,1,6.08,5.0
0009979,0004751,0000054,2026-02-21 06:21:55,72100,0,72100,0,27.8,23.3,4.5,1,6.64,5.0
0009980,0004652,0000064,2026-02-06 01:44:52,23000,0,23000,0,34.6,37.2,-2.6,0,7.97,5.0
0009981,0004640,0000069,2026-02-08 19:35:13,76600,5000,71600,1,31.1,31.5,-0.4,0,13.06,5.0
0009982,0004653,0000011,2026-02-24 14:14:31,20700,0,20700,0,22.2,19.7,2.5,1,3.33,5.0
0009983,0004766,0000071,2026-02-02 01:28:27,94200,0,94200,0,44.7,41.0,3.7,1,14.03,4.0
0009984,0004934,0000100,2026-02-28 14:48:15,79600,5000,74600,1,49.9,54.2,-4.3,0,1.53,5.0
0009985,0004832,0000050,2026-02-20 16:25:54,47700,2000,45700,1,28.3,13.4,14.9,1,6.66,5.0
0009986,0004929,0000012,2026-02-27 14:37:19,87900,5000,82900,1,46.5,33.7,12.8,1,5.97,5.0
0009987,0004893,0000097,2026-02-27 03:00:22,45700,2000,43700,1,36.2,38.7,-2.5,0,0.74,5.0
0009988,0004822,0000058,2026-02-25 11:33:35,20500,1000,19500,1,41.4,44.2,-2.8,0,10.4,5.0
0009989,0004786,0000062,2026-02-26 02:24:29,27900,1000,26900,1,48.4,40.8,7.6,1,9.64,4.0
0009990,0004914,0000013,2026-02-28 04:24:17,70500,5000,65500,1,23.9,29.5,-5.6,0,10.41,5.0
0009991,0004935,0000058,2026-02-28 02:44:12,16300,500,15800,1,40.6,25.6,15.0,1,9.01,5.0
0009992,0004880,0000100,2026-02-28 19:47:14,11700,500,11200,1,33.7,23.1,10.6,1,8.1,5.0
0009993,0004804,0000051,2026-02-15 10:31:23,72400,5000,67400,1,27.3,22.7,4.6,1,2.96,5.0
0009994,0004869,0000011,2026-02-23 00:19:28,91500,5000,86500,1,32.7,29.9,2.8,1,7.35,5.0
0009995,0004910,0000057,2026-02-27 21:02:16,80200,5000,75200,1,23.9,31.6,-7.7,0,6.28,5.0
0009996,0004838,0000036,2026-02-24 20:53:17,59900,2000,57900,1,20.8,5.8,15.0,1,3.93,5.0
0009997,0004870,0000028,2026-02-27 12:01:24,82000,5000,77000,1,28.4,18.9,9.5,1,7.95,4.0
0009998,0004856,0000087,2026-02-27 16:08:25,86400,5000,81400,1,49.2,35.5,13.7,1,8.01,5.0
0009999,0004783,0000022,2026-02-04 08:50:29,45700,2000,43700,1,38.4,45.6,-7.2,0,6.6,4.0
0010000,0004881,0000067,2026-02-25 23:50:42,59700,2000,57700,1,32.0,28.4,3.6,1,10.23,5.0
0010001,0004885,0000099,2026-02-24 20:28:27,37800,1000,36800,1,49.3,36.6,12.7,1,8.78,1.0
0010002,0004784,0000029,2026-02-15 21:13:18,62900,5000,57900,1,36.4,33.0,3.4,1,7.5,5.0
0010003,0004841,0000010,2026-02-28 18:04:40,21000,1000,20000,1,43.3,46.5,-3.2,0,6.39,4.0
0010004,0004883,0000040,2026-02-22 00:31:33,61200,5000,56200,1,40.3,46.4,-6.1,0,6.94,5.0
0010005,0004931,0000070,2026-02-28 09:02:54,83600,5000,78600,1,21.7,16.0,5.7,1,11.64,5.0
0010006,0004892,0000076,2026-02-24 23:59:32,40000,2000,38000,1,21.6,22.2,-0.6,0,11.25,5.0
0010007,0004809,0000072,2026-02-06 15:38:42,25000,1000,24000,1,25.4,10.4,15.0,1,5.13,5.0
0010008,0004840,0000084,2026-02-23 19:54:11,37700,1000,36700,1,24.1,28.6,-4.5,0,12.88,5.0
0010009,0004821,0000093,2026-02-16 08:57:51,21100,1000,20100,1,40.4,29.9,10.5,1,11.85,5.0
0010010,0004896,0000017,2026-02-26 16:57:09,8000,500,7500,1,45.5,55.2,-9.7,0,14.32,1.0
0010011,0004834,0000044,2026-02-16 04:40:15,17800,500,17300,1,21.0,17.3,3.7,1,6.18,5.0
0010012,0004785,0000071,2026-02-11 17:59:31,32000,1000,31000,1,27.0,18.1,8.9,1,3.47,5.0
0010013,0004847,0000034,2026-02-24 00:55:32,64300,5000,59300,1,22.3,8.4,13.9,1,9.42,5.0
0010014,0004895,0000023,2026-02-24 16:17:16,39200,1000,38200,1,20.5,16.8,3.7,1,10.61,5.0
0010015,0004862,0000032,2026-02-28 10:05:21,24400,1000,23400,1,31.8,24.9,6.9,1,9.4,5.0
0010016,0004795,0000051,2026-02-26 22:21:52,14200,500,13700,1,27.6,28.9,-1.3,0,11.87,4.0
0010017,0004831,0000026,2026-02-12 05:53:34,21900,1000,20900,1,20.8,16.1,4.7,1,14.62,5.0
0010018,0004923,0000012,2026-02-27 22:58:48,98500,5000,93500,1,46.8,47.9,-1.1,0,8.73,5.0
0010019,0004823,0000067,2026-02-16 22:19:34,70200,5000,65200,1,47.7,39.2,8.5,1,7.15,5.0
0010020,0004898,0000004,2026-02-23 11:46:07,11300,500,10800,1,37.8,38.0,-0.2,0,7.57,5.0
0010021,0004778,0000029,2026-02-01 16:15:52,77500,5000,72500,1,30.1,20.3,9.8,1,7.84,5.0
0010022,0004833,0000050,2026-02-13 18:43:23,40100,2000,38100,1,32.9,30.5,2.4,1,5.97,5.0
0010023,0004805,0000036,2026-02-21 18:20:27,50600,2000,48600,1,28.3,31.3,-3.0,0,3.45,5.0
0010024,0004815,0000021,2026-02-25 12:03:46,52200,2000,50200,1,36.1,36.5,-0.4,0,2.09,1.0
0010025,0004819,0000010,2026-02-20 14:04:31,32400,1000,31400,1,37.9,27.9,10.0,1,1.26,5.0
0010026,0004861,0000036,2026-02-28 16:21:41,23200,1000,22200,1,24.2,25.3,-1.1,0,1.7,5.0
0010027,0004845,0000074,2026-02-23 18:47:40,44000,2000,42000,1,45.3,43.1,2.2,1,10.63,5.0
0010028,0004922,0000090,2026-02-28 01:35:17,11000,500,10500,1,23.3,16.7,6.6,1,10.43,1.0
0010029,0004916,0000001,2026-02-28 05:06:38,85500,5000,80500,1,26.1,20.0,6.1,1,11.35,5.0
0010030,0004899,0000007,2026-02-23 18:08:51,67200,5000,62200,1,33.4,42.2,-8.8,0,6.75,5.0
0010031,0004794,0000029,2026-02-10 14:38:12,30600,1000,29600,1,25.4,29.1,-3.7,0,8.46,5.0
0010032,0004824,0000033,2026-02-25 20:04:21,63300,5000,58300,1,30.4,17.9,12.5,1,14.73,4.0
0010033,0004857,0000052,2026-02-20 04:21:26,96000,5000,91000,1,33.8,38.6,-4.8,0,10.42,5.0
0010034,0004818,0000013,2026-02-23 18:30:20,25200,1000,24200,1,27.1,24.6,2.5,1,4.41,5.0
0010035,0004937,0000086,2026-02-28 02:59:06,55500,2000,53500,1,25.1,17.8,7.3,1,6.07,5.0
0010036,0004938,0000052,2026-02-28 16:18:29,61800,5000,56800,1,28.8,16.3,12.5,1,12.47,4.0
0010037,0004886,0000010,2026-02-25 04:46:32,14600,500,14100,1,39.5,27.1,12.4,1,6.81,5.0
0010038,0004790,0000046,2026-02-14 10:53:51,8300,500,7800,1,48.8,40.0,8.8,1,8.79,5.0
0010039,0004789,0000052,2026-02-08 04:08:38,67100,5000,62100,1,41.0,42.6,-1.6,0,9.46,5.0
0010040,0004865,0000095,2026-02-22 10:53:42,79500,5000,74500,1,36.0,37.8,-1.8,0,9.01,5.0
0010041,0004876,0000018,2026-02-27 09:55:31,80100,5000,75100,1,47.0,35.0,12.0,1,14.56,3.0
0010042,0004901,0000032,2026-02-27 01:05:14,84800,5000,79800,1,31.6,40.0,-8.4,0,1.07,5.0
0010043,0004792,0000001,2026-02-03 05:11:50,57500,2000,55500,1,34.2,37.2,-3.0,0,9.23,5.0
0010044,0004888,0000003,2026-02-28 09:10:27,48400,2000,46400,1,44.6,30.3,14.3,1,4.44,5.0
0010045,0004868,0000016,2026-02-28 04:41:07,71600,5000,66600,1,45.3,43.0,2.3,1,5.54,5.0
0010046,0004812,0000073,2026-02-11 05:47:00,85400,5000,80400,1,20.8,14.8,6.0,1,14.84,5.0
0010047,0004932,0000008,2026-02-28 01:47:18,18200,500,17700,1,25.1,27.6,-2.5,0,3.36,4.0
0010048,0004867,0000032,2026-02-23 17:08:43,55600,2000,53600,1,43.6,36.1,7.5,1,1.04,5.0
0010049,0004806,0000085,2026-02-19 12:11:50,13700,500,13200,1,38.1,45.6,-7.5,0,2.8,5.0
0010050,0004871,0000061,2026-02-27 22:26:37,73700,5000,68700,1,36.8,46.0,-9.2,0,13.06,5.0
0010051,0004913,0000044,2026-02-28 01:48:12,93900,5000,88900,1,44.5,50.5,-6.0,0,2.63,4.0
0010052,0004878,0000099,2026-02-21 05:29:02,15700,500,15200,1,31.7,39.7,-8.0,0,14.64,5.0
0010053,0004842,0000013,2026-02-14 14:02:43,40800,2000,38800,1,33.5,37.8,-4.3,0,10.22,5.0
0010054,0004837,0000010,2026-02-26 23:46:02,26100,1000,25100,1,45.7,41.0,4.7,1,8.09,5.0
0010055,0004808,0000086,2026-02-18 02:46:12,76700,5000,71700,1,31.7,35.2,-3.5,0,1.69,5.0
0010056,0004925,0000100,2026-02-28 06:26:41,66700,5000,61700,1,39.8,36.6,3.2,1,7.64,5.0
0010057,0004909,0000041,2026-02-28 22:35:31,50700,2000,48700,1,32.8,27.3,5.5,1,10.1,5.0
0010058,0004889,0000077,2026-02-28 10:53:07,12100,500,11600,1,49.5,56.3,-6.8,0,8.51,5.0
0010059,0004850,0000027,2026-02-23 08:09:22,87600,5000,82600,1,34.1,21.0,13.1,1,6.15,5.0
0010060,0004803,0000013,2026-02-15 10:39:18,30800,1000,29800,1,40.1,44.8,-4.7,0,6.67,5.0
0010061,0004826,0000068,2026-02-16 02:32:05,19300,500,18800,1,21.7,23.0,-1.3,0,4.9,5.0
0010062,0004802,0000065,2026-02-16 05:45:00,89100,5000,84100,1,41.1,34.3,6.8,1,1.29,3.0
0010063,0004817,0000086,2026-02-19 08:27:44,30700,1000,29700,1,28.0,19.0,9.0,1,11.34,5.0
0010064,0004829,0000015,2026-02-09 00:20:12,19700,500,19200,1,39.7,35.4,4.3,1,2.36,5.0
0010065,0004907,0000006,2026-02-27 05:47:36,60400,5000,55400,1,39.1,39.6,-0.5,0,9.91,5.0
0010066,0004814,0000057,2026-02-09 12:07:18,43400,2000,41400,1,20.3,10.1,10.2,1,5.64,5.0
0010067,0004872,0000076,2026-02-20 23:47:04,47100,2000,45100,1,37.9,44.2,-6.3,0,5.29,5.0
0010068,0004905,0000040,2026-02-24 17:02:01,38400,1000,37400,1,22.2,11.7,10.5,1,11.61,5.0
0010069,0004902,0000002,2026-02-28 02:16:56,26600,1000,25600,1,42.1,45.0,-2.9,0,10.92,5.0
0010070,0004835,0000052,2026-02-18 23:06:00,15500,500,15000,1,28.6,18.2,10.4,1,10.68,5.0
0010071,0004839,0000090,2026-02-25 16:52:34,56900,2000,54900,1,42.4,43.1,-0.7,0,7.98,5.0
0010072,0004836,0000087,2026-02-20 07:04:28,82800,5000,77800,1,48.6,55.7,-7.1,0,12.9,5.0
0010073,0004864,0000018,2026-02-17 13:31:28,49400,2000,47400,1,47.5,52.6,-5.1,0,1.17,5.0
0010074,0004848,0000058,2026-02-28 22:42:03,38700,1000,37700,1,39.6,42.1,-2.5,0,7.12,5.0
0010075,0004779,0000062,2026-02-19 06:25:45,97300,5000,92300,1,42.6,48.7,-6.1,0,6.31,4.0
0010076,0004904,0000079,2026-02-26 21:38:59,32700,1000,31700,1,47.7,47.9,-0.2,0,10.77,5.0
0010077,0004858,0000015,2026-02-21 07:20:52,92000,5000,87000,1,38.3,31.3,7.0,1,1.52,5.0
0010078,0004936,0000057,2026-02-28 11:44:21,75200,5000,70200,1,37.2,38.4,-1.2,0,4.09,5.0
0010079,0004825,0000038,2026-02-24 06:30:40,45300,2000,43300,1,36.6,39.8,-3.2,0,9.85,5.0
0010080,0004911,0000028,2026-02-27 22:27:49,35500,1000,34500,1,33.0,41.1,-8.1,0,12.87,4.0
0010081,0004787,0000099,2026-02-03 10:51:56,17400,500,16900,1,31.8,17.3,14.5,1,12.95,5.0
0010082,0004811,0000093,2026-02-15 02:28:43,13800,500,13300,1,23.1,31.9,-8.8,0,11.76,5.0
0010083,0004782,0000042,2026-02-16 18:48:09,81500,5000,76500,1,27.6,14.4,13.2,1,11.81,5.0
0010084,0004900,0000010,2026-02-28 14:39:31,10100,500,9600,1,43.6,45.3,-1.7,0,7.45,5.0
0010085,0004894,0000057,2026-02-26 16:53:41,36700,1000,35700,1,27.7,23.4,4.3,1,11.79,1.0
0010086,0004799,0000002,2026-02-21 17:04:17,98400,5000,93400,1,22.6,16.5,6.1,1,11.6,5.0
0010087,0004801,0000006,2026-02-15 19:53:53,84400,5000,79400,1,47.2,34.2,13.0,1,9.25,5.0
0010088,0004781,0000065,2026-02-02 19:47:04,23200,1000,22200,1,41.2,45.3,-4.1,0,8.42,5.0
0010089,0004827,0000066,2026-02-18 07:17:35,13500,500,13000,1,26.1,35.5,-9.4,0,10.02,5.0
0010090,0004927,0000013,2026-02-28 21:36:13,37400,1000,36400,1,37.2,41.1,-3.9,0,8.21,5.0
0010091,0004830,0000019,2026-02-27 15:47:25,55100,2000,53100,1,25.5,23.4,2.1,1,7.8,5.0
0010092,0004855,0000030,2026-02-15 11:57:34,94000,5000,89000,1,31.4,22.2,9.2,1,10.47,5.0
0010093,0004879,0000015,2026-02-24 05:40:55,14600,500,14100,1,33.1,39.3,-6.2,0,12.73,4.0
0010094,0004887,0000037,2026-02-27 05:54:55,48200,2000,46200,1,37.7,47.4,-9.7,0,11.17,4.0
0010095,0004807,0000025,2026-02-07 15:00:41,83200,5000,78200,1,46.1,33.2,12.9,1,4.52,5.0
0010096,0004921,0000082,2026-02-28 14:10:17,26900,1000,25900,1,49.4,41.9,7.5,1,5.44,5.0
0010097,0004918,0000054,2026-02-28 05:54:03,28900,1000,27900,1,47.8,45.0,2.8,1,11.3,5.0
0010098,0004906,0000022,2026-02-27 13:17:31,83200,5000,78200,1,40.3,29.4,10.9,1,8.73,5.0
0010099,0004820,0000027,2026-02-27 17:58:27,71000,5000,66000,1,39.7,26.0,13.7,1,13.34,4.0
0010100,0004863,0000030,2026-02-25 13:42:47,89200,5000,84200,1,40.1,31.8,8.3,1,12.72,5.0
0010101,0004908,0000058,2026-02-25 05:11:07,71600,5000,66600,1,36.7,38.0,-1.3,0,8.94,5.0
0010102,0004866,0000069,2026-02-27 08:09:16,44600,2000,42600,1,44.0,34.4,9.6,1,8.0,5.0
0010103,0004917,0000048,2026-02-26 03:52:26,65500,5000,60500,1,35.3,22.2,13.1,1,7.56,5.0
0010104,0004939,0000060,2026-02-28 14:00:46,61800,5000,56800,1,35.1,28.7,6.4,1,11.33,5.0
0010105,0004797,0000098,2026-02-28 08:35:55,50000,2000,48000,1,31.0,33.2,-2.2,0,5.56,1.0
0010106,0004852,0000066,2026-02-21 08:51:51,92900,5000,87900,1,43.4,31.8,11.6,1,10.3,5.0
0010107,0004860,0000037,2026-02-21 15:10:17,73000,5000,68000,1,29.2,39.2,-10.0,0,8.08,5.0
0010108,0004828,0000030,2026-02-14 10:28:51,59200,2000,57200,1,39.9,45.2,-5.3,0,0.51,1.0
0010109,0004926,0000017,2026-02-28 09:49:23,77900,5000,72900,1,34.9,44.1,-9.2,0,7.44,5.0
0010110,0004890,0000006,2026-02-28 21:11:03,85000,5000,80000,1,24.0,26.1,-2.1,0,11.83,5.0
0010111,0004828,0000042,2026-03-21 21:04:43,59300,0,59300,0,47.6,50.5,-2.9,0,2.78,5.0
0010112,0004893,0000017,2026-03-24 20:11:59,16300,0,16300,0,27.9,32.0,-4.1,0,9.05,3.0
0010113,0004896,0000026,2026-03-30 04:12:45,67500,0,67500,0,24.1,19.3,4.8,1,4.6,5.0
0010114,0004860,0000066,2026-03-16 06:27:18,12500,0,12500,0,20.6,18.1,2.5,1,2.25,5.0
0010115,0004859,0000024,2026-03-23 03:51:55,58400,2000,56400,1,34.2,37.2,-3.0,0,12.77,5.0
0010116,0004839,0000033,2026-03-10 23:35:46,59400,0,59400,0,34.9,31.2,3.7,1,2.22,5.0
0010117,0004864,0000047,2026-03-13 05:18:39,99700,0,99700,0,31.4,27.1,4.3,1,14.29,5.0
0010118,0004816,0000019,2026-03-24 11:53:39,23700,1000,22700,1,49.8,52.9,-3.1,0,14.54,5.0
0010119,0004897,0000030,2026-03-08 01:36:05,59900,2000,57900,1,24.9,30.9,-6.0,0,8.13,5.0
0010120,0004841,0000088,2026-03-29 09:00:26,69400,0,69400,0,30.6,28.5,2.1,1,9.04,5.0
0010121,0004805,0000013,2026-03-14 07:53:42,58800,0,58800,0,34.5,38.1,-3.6,0,2.26,5.0
0010122,0004823,0000015,2026-03-17 04:18:02,88700,0,88700,0,31.4,32.7,-1.3,0,6.49,5.0
0010123,0004889,0000078,2026-03-08 07:38:04,42400,0,42400,0,21.7,24.8,-3.1,0,6.27,5.0
0010124,0004851,0000036,2026-03-25 23:48:08,43700,2000,41700,1,26.7,32.7,-6.0,0,7.85,5.0
0010125,0004789,0000021,2026-03-22 09:03:03,33200,0,33200,0,44.4,39.6,4.8,1,1.61,5.0
0010126,0004878,0000100,2026-03-10 07:17:17,74400,0,74400,0,39.0,34.9,4.1,1,3.39,5.0
0010127,0004797,0000030,2026-03-18 08:11:19,53000,0,53000,0,49.6,52.1,-2.5,0,0.87,5.0
0010128,0004792,0000038,2026-03-03 05:03:46,61500,0,61500,0,41.2,43.900000000000006,-2.7,0,12.99,5.0
0010129,0004900,0000033,2026-03-23 00:42:38,37000,0,37000,0,40.5,44.3,-3.8,0,6.8,5.0
0010130,0004800,0000013,2026-03-07 18:41:26,27000,1000,26000,1,49.1,58.9,-9.8,0,12.95,5.0
0010131,0004815,0000024,2026-03-07 11:57:28,93100,0,93100,0,47.6,45.2,2.4,1,10.15,5.0
0010132,0004901,0000026,2026-03-22 08:31:22,8200,0,8200,0,45.3,45.8,-0.5,0,11.25,5.0
0010133,0004908,0000086,2026-03-24 20:59:34,65600,0,65600,0,28.6,31.200000000000003,-2.6,0,6.18,5.0
0010134,0004883,0000030,2026-03-14 20:43:03,25600,0,25600,0,23.6,23.8,-0.2,0,2.75,5.0
0010135,0004936,0000007,2026-03-11 20:25:54,20200,0,20200,0,31.4,29.6,1.8,1,13.67,5.0
0010136,0004919,0000096,2026-03-05 23:34:32,23700,1000,22700,1,23.0,30.8,-7.8,0,7.76,4.0
0010137,0004913,0000004,2026-03-15 13:53:40,11500,0,11500,0,44.4,46.1,-1.7,0,9.69,5.0
0010138,0004795,0000098,2026-03-27 03:41:22,90200,0,90200,0,42.9,43.9,-1.0,0,13.21,5.0
0010139,0004811,0000088,2026-03-12 08:30:26,26700,0,26700,0,40.5,36.9,3.6,1,10.4,5.0
0010140,0004806,0000092,2026-03-27 18:00:10,46100,0,46100,0,24.1,23.9,0.2,1,12.15,5.0
0010141,0004793,0000083,2026-03-01 17:13:52,83400,5000,78400,1,49.7,50.6,-0.9,0,4.8,5.0
0010142,0004842,0000099,2026-03-15 11:33:08,88800,0,88800,0,37.9,42.3,-4.4,0,14.89,4.0
0010143,0004825,0000078,2026-03-09 01:15:50,28300,0,28300,0,32.8,37.4,-4.6,0,4.11,5.0
0010144,0004808,0000081,2026-03-05 17:55:23,81600,0,81600,0,25.4,24.2,1.2,1,12.74,4.0
0010145,0004903,0000003,2026-03-12 15:55:52,23100,1000,22100,1,23.2,24.1,-0.9,0,14.9,5.0
0010146,0004934,0000094,2026-03-11 02:56:36,95100,0,95100,0,48.0,50.4,-2.4,0,3.33,5.0
0010147,0004865,0000068,2026-03-23 10:54:33,63400,0,63400,0,23.8,24.7,-0.9,0,6.33,5.0
0010148,0004844,0000002,2026-03-02 06:11:14,7100,0,7100,0,32.0,34.2,-2.2,0,7.11,5.0
0010149,0004822,0000097,2026-03-20 13:48:00,49600,0,49600,0,38.4,34.6,3.8,1,6.04,5.0
0010150,0004904,0000061,2026-03-28 12:15:51,14900,0,14900,0,44.2,41.6,2.6,1,3.92,5.0
0010151,0004882,0000072,2026-03-07 05:32:40,88100,0,88100,0,25.7,26.7,-1.0,0,8.59,1.0
0010152,0004836,0000081,2026-03-04 11:47:12,64000,0,64000,0,39.1,42.8,-3.7,0,9.91,5.0
0010153,0004875,0000031,2026-03-18 23:26:11,49100,2000,47100,1,27.8,34.4,-6.6,0,2.25,5.0
0010154,0004802,0000053,2026-03-09 12:30:19,79300,0,79300,0,36.4,33.3,3.1,1,8.4,5.0
0010155,0004783,0000093,2026-03-08 20:00:43,95400,0,95400,0,29.5,29.8,-0.3,0,0.55,5.0
0010156,0004788,0000014,2026-03-04 02:46:41,64100,5000,59100,1,20.2,30.0,-9.8,0,9.87,5.0
0010157,0004810,0000057,2026-03-13 03:30:52,90400,5000,85400,1,49.0,56.1,-7.1,0,8.06,5.0
0010158,0004932,0000018,2026-03-28 01:25:11,10300,0,10300,0,32.4,35.1,-2.7,0,5.11,5.0
0010159,0004791,0000059,2026-03-12 03:58:33,95000,5000,90000,1,26.6,34.6,-8.0,0,4.58,5.0
0010160,0004887,0000042,2026-03-09 07:29:40,80800,0,80800,0,39.2,36.5,2.7,1,7.62,5.0
0010161,0004912,0000074,2026-03-17 10:30:38,23900,1000,22900,1,43.5,48.1,-4.6,0,14.94,4.0
0010162,0004924,0000074,2026-03-21 06:41:54,96600,5000,91600,1,42.3,44.9,-2.6,0,13.87,5.0
0010163,0004899,0000084,2026-03-17 07:30:08,48700,0,48700,0,39.0,37.0,2.0,1,2.64,4.0
0010164,0004840,0000083,2026-03-05 05:40:25,39200,0,39200,0,28.5,32.9,-4.4,0,2.4,3.0
0010165,0004898,0000039,2026-03-23 02:57:51,85600,0,85600,0,33.8,31.2,2.6,1,4.18,5.0
0010166,0004923,0000003,2026-03-25 09:13:17,99800,0,99800,0,45.2,48.8,-3.6,0,4.54,5.0
0010167,0004826,0000058,2026-03-19 22:32:21,57900,0,57900,0,32.5,30.4,2.1,1,3.17,5.0
0010168,0004879,0000096,2026-03-28 15:10:44,99000,0,99000,0,39.8,42.4,-2.6,0,9.29,5.0
0010169,0004926,0000090,2026-03-27 19:37:51,26100,0,26100,0,35.2,32.300000000000004,2.9,1,4.69,5.0
0010170,0004927,0000082,2026-03-03 15:42:26,95400,0,95400,0,49.3,46.7,2.6,1,6.98,5.0
0010171,0004779,0000006,2026-03-14 07:13:29,42700,0,42700,0,36.9,35.2,1.7,1,2.52,5.0
0010172,0004857,0000070,2026-03-22 00:19:51,42500,0,42500,0,26.1,23.700000000000003,2.4,1,12.17,5.0
0010173,0004861,0000076,2026-03-20 12:34:59,72000,0,72000,0,44.4,41.0,3.4,1,3.53,5.0
0010174,0004798,0000034,2026-03-11 04:47:45,79900,5000,74900,1,35.3,37.2,-1.9,0,13.69,5.0
0010175,0004892,0000065,2026-03-08 00:18:18,52700,0,52700,0,26.2,26.6,-0.4,0,8.91,5.0
0010176,0004803,0000087,2026-03-16 01:30:07,74200,0,74200,0,37.3,34.9,2.4,1,14.16,5.0
0010177,0005080,0000052,2026-03-30 23:35:26,13700,500,13200,1,27.9,19.4,8.5,1,5.97,5.0
0010178,0004947,0000087,2026-03-26 04:00:51,72800,5000,67800,1,45.2,40.3,4.9,1,9.83,5.0
0010179,0004978,0000014,2026-03-30 22:32:37,24900,1000,23900,1,23.9,12.7,11.2,1,10.01,4.0
0010180,0004963,0000093,2026-03-27 17:20:47,50600,2000,48600,1,32.1,29.8,2.3,1,8.69,5.0
0010181,0004999,0000011,2026-03-19 07:25:04,85500,5000,80500,1,41.7,30.8,10.9,1,9.75,5.0
0010182,0004956,0000086,2026-03-06 12:13:35,77500,5000,72500,1,23.9,15.3,8.6,1,4.75,5.0
0010183,0005072,0000003,2026-03-27 08:18:30,90400,5000,85400,1,34.9,25.7,9.2,1,4.61,3.0
0010184,0005008,0000029,2026-03-28 17:23:21,86100,5000,81100,1,39.9,35.4,4.5,1,5.69,5.0
0010185,0005090,0000025,2026-03-31 03:04:00,86200,5000,81200,1,44.5,33.9,10.6,1,11.3,5.0
0010186,0005061,0000058,2026-03-30 11:50:30,90100,5000,85100,1,33.5,33.5,-0.0,0,4.78,5.0
0010187,0004942,0000097,2026-03-14 00:01:49,95700,5000,90700,1,38.0,23.5,14.5,1,3.5,5.0
0010188,0005007,0000004,2026-03-14 01:44:52,75900,5000,70900,1,33.2,29.5,3.7,1,12.07,5.0
0010189,0005005,0000003,2026-03-29 16:39:25,24600,1000,23600,1,24.9,19.1,5.8,1,4.78,4.0
0010190,0005050,0000013,2026-03-31 17:43:13,15900,500,15400,1,28.9,21.9,7.0,1,8.28,5.0
0010191,0005051,0000047,2026-03-29 03:26:17,27100,1000,26100,1,35.1,38.1,-3.0,0,2.86,5.0
0010192,0004996,0000075,2026-03-30 17:29:26,19700,500,19200,1,34.8,24.6,10.2,1,1.03,5.0
0010193,0004967,0000008,2026-03-31 12:32:15,38200,1000,37200,1,40.8,37.3,3.5,1,13.54,5.0
0010194,0005067,0000034,2026-03-31 08:33:26,67600,5000,62600,1,46.4,40.0,6.4,1,10.4,5.0
0010195,0005064,0000072,2026-03-28 11:19:13,94600,5000,89600,1,33.3,33.8,-0.5,0,2.89,5.0
0010196,0004981,0000057,2026-03-12 18:07:45,70000,5000,65000,1,33.4,41.4,-8.0,0,14.17,5.0
0010197,0004944,0000020,2026-03-10 12:40:27,79300,5000,74300,1,26.9,36.9,-10.0,0,7.98,5.0
0010198,0004972,0000098,2026-03-22 08:31:16,99900,5000,94900,1,46.0,52.9,-6.9,0,7.52,5.0
0010199,0004970,0000013,2026-03-29 19:18:42,18700,500,18200,1,37.9,31.8,6.1,1,10.72,5.0
0010200,0005000,0000002,2026-03-29 11:04:04,13200,500,12700,1,48.7,51.3,-2.6,0,7.6,5.0
0010201,0005016,0000099,2026-03-16 02:59:08,12400,500,11900,1,45.1,37.0,8.1,1,7.62,4.0
0010202,0005017,0000081,2026-03-25 23:29:57,41400,2000,39400,1,36.7,22.4,14.3,1,10.06,5.0
0010203,0005087,0000013,2026-03-31 11:13:10,42900,2000,40900,1,46.8,47.3,-0.5,0,7.62,5.0
0010204,0005034,0000077,2026-03-22 16:17:19,86700,5000,81700,1,28.4,33.5,-5.1,0,11.18,5.0
0010205,0004995,0000057,2026-03-21 02:37:07,89000,5000,84000,1,35.9,29.1,6.8,1,3.04,5.0
0010206,0005078,0000013,2026-03-30 12:58:10,70900,5000,65900,1,26.5,14.3,12.2,1,0.76,5.0
0010207,0004965,0000041,2026-03-16 03:06:12,77200,5000,72200,1,37.2,22.6,14.6,1,3.31,5.0
0010208,0004992,0000034,2026-03-27 17:12:51,73400,5000,68400,1,36.4,25.3,11.1,1,5.84,1.0
0010209,0005028,0000007,2026-03-31 02:32:02,84400,5000,79400,1,45.5,30.6,14.9,1,5.47,4.0
0010210,0005027,0000014,2026-03-24 09:15:13,12700,500,12200,1,25.9,35.1,-9.2,0,13.62,4.0
0010211,0004959,0000072,2026-03-08 13:58:48,80200,5000,75200,1,49.9,43.0,6.9,1,8.48,5.0
0010212,0004968,0000044,2026-03-23 09:32:55,25500,1000,24500,1,21.1,22.0,-0.9,0,3.02,5.0
0010213,0004975,0000050,2026-03-09 20:17:15,82100,5000,77100,1,43.1,30.5,12.6,1,7.84,5.0
0010214,0005011,0000081,2026-03-20 01:57:15,9200,500,8700,1,48.2,41.6,6.6,1,12.27,5.0
0010215,0005047,0000077,2026-03-26 15:25:45,57600,2000,55600,1,29.0,15.5,13.5,1,13.45,5.0
0010216,0005031,0000007,2026-03-18 22:33:49,40000,2000,38000,1,45.8,48.8,-3.0,0,8.21,5.0
0010217,0004994,0000064,2026-03-16 15:27:39,96800,5000,91800,1,39.3,47.9,-8.6,0,2.09,4.0
0010218,0004990,0000094,2026-03-19 08:10:48,22300,1000,21300,1,48.3,38.1,10.2,1,11.38,1.0
0010219,0005037,0000062,2026-03-21 23:44:30,74600,5000,69600,1,49.0,43.6,5.4,1,9.62,5.0
0010220,0005057,0000034,2026-03-25 01:17:36,8300,500,7800,1,22.8,11.1,11.7,1,8.96,5.0
0010221,0005073,0000039,2026-03-31 12:17:18,69200,5000,64200,1,42.4,40.1,2.3,1,4.85,5.0
0010222,0005033,0000004,2026-03-29 10:07:55,48900,2000,46900,1,41.5,49.9,-8.4,0,5.96,5.0
0010223,0005013,0000003,2026-03-29 18:07:05,98600,5000,93600,1,42.6,31.8,10.8,1,12.1,5.0
0010224,0005066,0000034,2026-03-26 07:40:30,90700,5000,85700,1,25.4,17.2,8.2,1,3.43,5.0
0010225,0005004,0000020,2026-03-28 10:46:15,90300,5000,85300,1,47.5,54.0,-6.5,0,5.99,5.0
0010226,0005002,0000036,2026-03-31 00:48:01,67800,5000,62800,1,40.8,36.4,4.4,1,13.41,5.0
0010227,0004948,0000048,2026-03-04 22:15:47,82000,5000,77000,1,40.2,43.8,-3.6,0,1.18,5.0
0010228,0004991,0000075,2026-03-13 16:38:16,9300,500,8800,1,42.6,34.4,8.2,1,12.37,5.0
0010229,0005070,0000020,2026-03-30 23:23:08,58700,2000,56700,1,45.0,51.0,-6.0,0,8.16,5.0
0010230,0005006,0000021,2026-03-18 12:40:17,54500,2000,52500,1,27.9,18.9,9.0,1,13.35,5.0
0010231,0005060,0000043,2026-03-28 01:06:09,8500,500,8000,1,24.6,9.8,14.8,1,8.64,5.0
0010232,0005089,0000049,2026-03-31 21:31:53,64800,5000,59800,1,33.5,42.2,-8.7,0,13.35,5.0
0010233,0005019,0000048,2026-03-19 20:03:56,95300,5000,90300,1,37.3,46.1,-8.8,0,0.67,5.0
0010234,0004941,0000075,2026-03-12 18:56:22,76200,5000,71200,1,32.3,34.1,-1.8,0,1.3,5.0
0010235,0005083,0000018,2026-03-30 11:57:37,60600,5000,55600,1,46.8,42.5,4.3,1,10.85,5.0
0010236,0005082,0000029,2026-03-29 02:30:52,48000,2000,46000,1,42.4,45.3,-2.9,0,11.78,5.0
0010237,0005071,0000024,2026-03-27 20:59:52,38200,1000,37200,1,39.3,46.1,-6.8,0,10.87,5.0
0010238,0005065,0000048,2026-03-31 18:31:26,65100,5000,60100,1,26.4,12.8,13.6,1,4.64,5.0
0010239,0005018,0000042,2026-03-27 05:33:24,18900,500,18400,1,41.0,44.1,-3.1,0,7.08,5.0
0010240,0004943,0000066,2026-03-20 15:14:58,77800,5000,72800,1,35.2,44.3,-9.1,0,9.05,5.0
0010241,0005036,0000059,2026-03-20 12:51:38,13500,500,13000,1,36.2,32.5,3.7,1,3.13,5.0
0010242,0004979,0000019,2026-03-18 17:31:41,88500,5000,83500,1,44.0,44.1,-0.1,0,13.75,5.0
0010243,0005079,0000002,2026-03-30 03:50:16,21600,1000,20600,1,39.6,43.2,-3.6,0,5.74,1.0
0010244,0005045,0000016,2026-03-28 00:15:53,85000,5000,80000,1,44.4,33.6,10.8,1,14.47,5.0
0010245,0005012,0000092,2026-03-25 08:13:41,51100,2000,49100,1,29.4,33.7,-4.3,0,3.3,5.0
0010246,0005029,0000077,2026-03-25 12:11:18,77500,5000,72500,1,24.5,18.0,6.5,1,14.02,5.0
0010247,0005068,0000037,2026-03-28 22:20:17,56300,2000,54300,1,43.3,37.4,5.9,1,2.94,5.0
0010248,0005026,0000028,2026-03-20 01:17:32,51900,2000,49900,1,21.7,12.5,9.2,1,9.47,5.0
0010249,0005059,0000017,2026-03-24 05:52:36,10100,500,9600,1,39.5,35.6,3.9,1,9.46,5.0
0010250,0004949,0000010,2026-03-23 08:50:00,86700,5000,81700,1,29.9,31.5,-1.6,0,11.24,5.0
0010251,0005044,0000069,2026-03-26 16:24:01,26600,1000,25600,1,23.8,32.2,-8.4,0,6.33,3.0
0010252,0005074,0000003,2026-03-31 17:41:11,45100,2000,43100,1,35.0,26.5,8.5,1,8.23,5.0
0010253,0005076,0000046,2026-03-30 23:24:06,18800,500,18300,1,20.9,30.5,-9.6,0,9.12,5.0
0010254,0005048,0000014,2026-03-31 08:19:18,38900,1000,37900,1,22.1,26.6,-4.5,0,13.59,4.0
0010255,0005052,0000012,2026-03-23 02:44:29,63100,5000,58100,1,45.7,31.1,14.6,1,4.37,5.0
0010256,0005039,0000015,2026-03-21 12:10:05,72600,5000,67600,1,33.8,26.5,7.3,1,10.24,5.0
0010257,0005084,0000069,2026-03-31 19:33:52,10200,500,9700,1,36.4,31.3,5.1,1,8.16,4.0
0010258,0005086,0000004,2026-03-30 11:43:36,71100,5000,66100,1,43.1,35.7,7.4,1,6.56,1.0
0010259,0004997,0000032,2026-03-27 12:43:22,70400,5000,65400,1,37.4,37.9,-0.5,0,13.19,5.0
0010260,0005023,0000011,2026-03-21 14:36:14,28100,1000,27100,1,47.4,37.0,10.4,1,14.73,5.0
0010261,0005038,0000011,2026-03-28 07:00:13,55800,2000,53800,1,48.7,48.7,-0.0,0,5.41,5.0
0010262,0005091,0000087,2026-03-31 17:36:46,28300,1000,27300,1,47.5,51.1,-3.6,0,10.1,5.0
0010263,0005035,0000096,2026-03-31 06:12:22,58700,2000,56700,1,41.1,46.2,-5.1,0,5.63,5.0
0010264,0004973,0000079,2026-03-14 12:17:47,51300,2000,49300,1,41.5,41.7,-0.2,0,12.86,5.0
0010265,0004976,0000040,2026-03-31 00:00:22,15600,500,15100,1,47.0,48.8,-1.8,0,6.48,1.0
0010266,0004982,0000041,2026-03-18 21:44:39,25800,1000,24800,1,28.0,15.0,13.0,1,6.97,5.0
0010267,0005030,0000031,2026-03-29 15:02:48,80800,5000,75800,1,28.0,19.4,8.6,1,2.61,5.0
0010268,0005010,0000008,2026-03-16 11:03:42,93500,5000,88500,1,37.9,23.4,14.5,1,3.63,5.0
0010269,0004989,0000040,2026-03-16 16:17:00,47900,2000,45900,1,40.9,36.5,4.4,1,8.46,5.0
0010270,0005054,0000063,2026-03-23 07:08:53,49600,2000,47600,1,32.8,26.3,6.5,1,7.81,5.0
0010271,0004971,0000021,2026-03-19 18:16:03,47500,2000,45500,1,42.2,44.9,-2.7,0,8.66,5.0
0010272,0005046,0000066,2026-03-21 14:35:42,83200,5000,78200,1,41.8,35.0,6.8,1,1.27,5.0
0010273,0004977,0000049,2026-03-19 09:03:28,73100,5000,68100,1,22.9,16.6,6.3,1,7.21,5.0
0010274,0005058,0000010,2026-03-28 08:10:59,98800,5000,93800,1,46.0,49.9,-3.9,0,8.69,5.0
0010275,0005081,0000016,2026-03-30 10:05:45,30300,1000,29300,1,49.0,34.5,14.5,1,9.84,1.0
0010276,0004958,0000002,2026-03-07 11:05:45,98600,5000,93600,1,22.3,27.3,-5.0,0,13.02,5.0
0010277,0004984,0000056,2026-03-14 02:38:20,53800,2000,51800,1,33.3,39.1,-5.8,0,6.18,5.0
0010278,0004983,0000003,2026-03-30 01:54:31,25100,1000,24100,1,34.7,44.0,-9.3,0,3.07,5.0
0010279,0005022,0000011,2026-03-24 20:13:16,76900,5000,71900,1,35.4,43.9,-8.5,0,2.9,4.0
0010280,0005077,0000031,2026-03-28 23:06:06,17900,500,17400,1,38.7,24.5,14.2,1,12.53,5.0
0010281,0004955,0000021,2026-03-16 21:56:38,34400,1000,33400,1,41.1,38.8,2.3,1,5.73,5.0
0010282,0005041,0000067,2026-03-27 00:04:39,20200,1000,19200,1,49.9,40.3,9.6,1,0.66,5.0
0010283,0005088,0000038,2026-03-31 23:10:47,44800,2000,42800,1,23.3,27.1,-3.8,0,14.84,5.0
0010284,0004974,0000070,2026-03-12 03:50:16,28700,1000,27700,1,28.7,26.1,2.6,1,11.11,5.0
0010285,0005040,0000075,2026-03-24 18:35:09,26300,1000,25300,1,40.7,32.0,8.7,1,11.96,5.0
0010286,0004985,0000064,2026-03-24 21:39:08,31500,1000,30500,1,44.6,47.4,-2.8,0,2.89,5.0
0010287,0004966,0000012,2026-03-09 05:46:36,69300,5000,64300,1,38.0,35.5,2.5,1,1.69,5.0
0010288,0005003,0000065,2026-03-28 13:44:05,25400,1000,24400,1,42.9,31.2,11.7,1,10.17,5.0
0010289,0004952,0000002,2026-03-03 07:36:26,48300,2000,46300,1,43.9,40.2,3.7,1,12.82,5.0
0010290,0004954,0000099,2026-03-12 18:16:39,22200,1000,21200,1,35.3,43.6,-8.3,0,9.09,5.0
0010291,0004962,0000096,2026-03-14 09:12:53,57200,2000,55200,1,48.2,44.7,3.5,1,0.8,5.0
0010292,0004998,0000049,2026-03-19 06:40:11,53100,2000,51100,1,49.4,42.5,6.9,1,3.22,5.0
0010293,0005014,0000029,2026-03-21 04:38:00,44800,2000,42800,1,33.5,41.1,-7.6,0,13.45,5.0
0010294,0005063,0000068,2026-03-24 05:45:52,44800,2000,42800,1,27.9,17.0,10.9,1,6.44,5.0
0010295,0005056,0000093,2026-03-25 01:20:29,17600,500,17100,1,21.6,22.7,-1.1,0,8.3,1.0
0010296,0004987,0000062,2026-03-14 07:10:06,26500,1000,25500,1,33.2,19.4,13.8,1,8.01,5.0
0010297,0004946,0000082,2026-03-18 00:58:47,74400,5000,69400,1,41.7,39.4,2.3,1,9.04,5.0
0010298,0005025,0000068,2026-03-21 19:47:56,35100,1000,34100,1,26.0,16.9,9.1,1,13.86,5.0
0010299,0005009,0000094,2026-03-25 11:24:09,68200,5000,63200,1,27.0,32.1,-5.1,0,4.78,5.0
0010300,0005021,0000002,2026-03-26 06:02:43,42300,2000,40300,1,37.7,42.8,-5.1,0,8.42,5.0
0010301,0005043,0000094,2026-03-21 16:54:37,62600,5000,57600,1,36.9,46.0,-9.1,0,8.12,5.0
0010302,0004941,0000089,2026-04-05 23:37:06,67100,0,67100,0,34.5,33.3,1.2,1,8.78,5.0
0010303,0005071,0000050,2026-04-15 08:47:36,38800,0,38800,0,26.5,25.9,0.6,1,2.44,3.0
0010304,0005009,0000077,2026-04-22 00:07:13,66800,0,66800,0,21.2,25.7,-4.5,0,6.04,5.0
0010305,0005076,0000027,2026-04-01 14:52:33,25700,0,25700,0,44.4,44.4,0.0,0,2.13,3.0
0010306,0005000,0000054,2026-04-26 06:56:45,49600,0,49600,0,39.2,42.8,-3.6,0,14.77,5.0
0010307,0005001,0000097,2026-04-25 01:33:15,27700,1000,26700,1,49.3,56.6,-7.3,0,5.74,5.0
0010308,0005021,0000048,2026-04-04 15:02:00,62200,0,62200,0,36.2,36.8,-0.6,0,3.86,5.0
0010309,0005005,0000090,2026-04-18 16:52:43,62400,0,62400,0,33.5,29.7,3.8,1,3.11,5.0
0010310,0005069,0000076,2026-04-24 10:44:38,64600,5000,59600,1,37.0,23.9,13.1,1,14.79,4.0
0010311,0005089,0000080,2026-04-18 09:35:28,85900,0,85900,0,36.5,37.1,-0.6,0,6.54,5.0
0010312,0004940,0000046,2026-04-16 07:50:15,65600,5000,60600,1,44.1,30.2,13.9,1,14.61,5.0
0010313,0005024,0000007,2026-04-08 20:17:00,65500,5000,60500,1,47.6,51.7,-4.1,0,10.16,5.0
0010314,0004954,0000061,2026-04-25 09:14:04,41700,0,41700,0,39.1,43.4,-4.3,0,11.46,5.0
0010315,0004958,0000065,2026-04-14 05:09:25,99800,0,99800,0,22.1,23.8,-1.7,0,10.01,5.0
0010316,0005062,0000012,2026-04-17 18:49:06,32400,1000,31400,1,20.7,26.3,-5.6,0,4.93,5.0
0010317,0004971,0000084,2026-04-15 02:06:23,71500,0,71500,0,33.4,33.3,0.1,1,10.76,3.0
0010318,0005035,0000046,2026-04-05 21:50:46,84100,0,84100,0,45.0,40.6,4.4,1,4.64,5.0
0010319,0005004,0000036,2026-04-05 00:31:03,67200,0,67200,0,24.0,24.1,-0.1,0,1.8,5.0
0010320,0004949,0000023,2026-04-16 15:27:17,51500,0,51500,0,20.7,25.6,-4.9,0,9.64,5.0
0010321,0005051,0000091,2026-04-01 12:13:41,88800,0,88800,0,23.3,26.1,-2.8,0,1.55,5.0
0010322,0005038,0000003,2026-04-26 12:57:17,35000,0,35000,0,22.3,22.1,0.2,1,5.16,5.0
0010323,0004972,0000017,2026-04-24 12:12:20,43400,0,43400,0,25.4,25.1,0.3,1,4.91,5.0
0010324,0005082,0000099,2026-04-23 16:07:12,87200,0,87200,0,43.2,42.6,0.6,1,1.47,5.0
0010325,0005044,0000081,2026-04-16 03:05:50,15200,0,15200,0,30.1,30.4,-0.3,0,9.28,5.0
0010326,0005087,0000077,2026-04-13 19:33:25,34000,0,34000,0,34.4,36.8,-2.4,0,7.08,5.0
0010327,0005072,0000074,2026-04-02 20:52:11,86800,0,86800,0,32.2,35.2,-3.0,0,4.37,5.0
0010328,0004950,0000077,2026-04-13 11:04:17,26300,1000,25300,1,44.2,53.6,-9.4,0,6.3,5.0
0010329,0004969,0000067,2026-04-07 21:52:44,24400,1000,23400,1,34.2,42.2,-8.0,0,8.07,5.0
0010330,0005027,0000062,2026-04-29 03:39:43,75800,0,75800,0,45.6,49.1,-3.5,0,10.1,5.0
0010331,0004948,0000058,2026-04-09 06:56:04,73000,0,73000,0,40.1,38.6,1.5,1,13.89,1.0
0010332,0005075,0000093,2026-04-03 10:59:09,40700,2000,38700,1,21.9,24.1,-2.2,0,5.99,5.0
0010333,0005015,0000087,2026-04-11 18:33:36,55500,2000,53500,1,26.7,29.2,-2.5,0,8.83,5.0
0010334,0004979,0000048,2026-04-09 11:41:02,25800,0,25800,0,32.1,36.0,-3.9,0,12.73,5.0
0010335,0004993,0000086,2026-04-23 10:14:41,21100,1000,20100,1,43.5,43.6,-0.1,0,13.08,1.0
0010336,0005088,0000038,2026-04-19 05:29:39,98100,0,98100,0,40.6,41.5,-0.9,0,2.33,5.0
0010337,0005064,0000042,2026-04-22 12:48:41,35700,0,35700,0,35.8,35.2,0.6,1,14.88,4.0
0010338,0005019,0000099,2026-04-07 23:06:48,50600,0,50600,0,30.4,31.6,-1.2,0,3.65,5.0
0010339,0005048,0000093,2026-04-19 21:18:48,30100,0,30100,0,40.8,40.7,0.1,1,2.05,5.0
0010340,0004944,0000047,2026-04-20 02:10:05,50700,0,50700,0,36.5,37.5,-1.0,0,7.03,5.0
0010341,0004976,0000034,2026-04-22 05:18:53,90300,0,90300,0,20.3,23.8,-3.5,0,3.76,5.0
0010342,0004960,0000090,2026-04-28 23:36:30,12300,500,11800,1,24.6,30.4,-5.8,0,6.82,5.0
0010343,0005034,0000028,2026-04-12 17:50:39,47100,0,47100,0,42.5,43.7,-1.2,0,10.51,5.0
0010344,0005012,0000092,2026-04-11 06:07:53,82300,0,82300,0,27.7,27.0,0.7,1,6.03,3.0
0010345,0005031,0000033,2026-04-13 06:52:13,59000,0,59000,0,23.5,24.7,-1.2,0,10.81,5.0
0010346,0005061,0000038,2026-04-01 07:38:45,34600,0,34600,0,48.7,48.3,0.4,1,3.35,5.0
0010347,0005056,0000027,2026-04-19 09:30:04,59100,0,59100,0,39.0,38.2,0.8,1,14.99,4.0
0010348,0004968,0000008,2026-04-12 06:17:11,62000,0,62000,0,33.9,34.1,-0.2,0,11.24,5.0
0010349,0005043,0000016,2026-04-09 01:58:38,50400,0,50400,0,47.0,48.5,-1.5,0,12.26,5.0
0010350,0005070,0000004,2026-04-22 16:52:08,60900,0,60900,0,42.5,46.2,-3.7,0,4.48,5.0
0010351,0005022,0000050,2026-04-15 22:22:59,80100,0,80100,0,33.1,32.4,0.7,1,8.62,5.0
0010352,0005077,0000020,2026-04-02 13:23:14,37300,0,37300,0,20.3,22.3,-2.0,0,7.39,5.0
0010353,0005091,0000036,2026-04-03 06:35:14,82300,0,82300,0,29.7,28.7,1.0,1,5.07,5.0
0010354,0005085,0000043,2026-04-25 12:04:34,45100,2000,43100,1,27.0,31.0,-4.0,0,7.62,5.0
0010355,0004985,0000059,2026-04-26 16:29:44,71900,0,71900,0,40.7,36.8,3.9,1,5.33,5.0
0010356,0005033,0000008,2026-04-16 19:05:02,81300,0,81300,0,27.9,26.3,1.6,1,6.67,5.0
0010357,0004997,0000066,2026-04-09 18:59:08,24500,0,24500,0,39.8,43.1,-3.3,0,12.12,5.0
0010358,0005046,0000058,2026-04-22 09:08:17,80200,0,80200,0,48.8,51.8,-3.0,0,11.29,3.0
0010359,0005079,0000052,2026-04-19 05:19:44,39500,0,39500,0,47.4,50.3,-2.9,0,2.52,5.0
0010360,0005113,0000093,2026-04-27 21:25:32,80900,5000,75900,1,33.9,39.1,-5.2,0,4.99,5.0
0010361,0005147,0000070,2026-04-15 04:10:41,53100,2000,51100,1,21.3,11.5,9.8,1,13.86,5.0
0010362,0005165,0000039,2026-04-27 07:32:51,71500,5000,66500,1,20.7,29.2,-8.5,0,2.15,5.0
0010363,0005177,0000024,2026-04-24 01:50:25,68300,5000,63300,1,41.8,48.7,-6.9,0,5.76,5.0
0010364,0005184,0000088,2026-04-29 00:00:49,30600,1000,29600,1,30.2,23.8,6.4,1,12.36,5.0
0010365,0005117,0000099,2026-04-22 23:29:34,88700,5000,83700,1,49.1,58.8,-9.7,0,9.62,5.0
0010366,0005176,0000029,2026-04-23 05:57:57,85900,5000,80900,1,42.3,51.1,-8.8,0,8.33,5.0
0010367,0005190,0000005,2026-04-30 08:35:04,25500,1000,24500,1,33.5,27.8,5.7,1,2.69,5.0
0010368,0005116,0000015,2026-04-25 12:46:55,9800,500,9300,1,46.5,49.3,-2.8,0,9.06,5.0
0010369,0005198,0000015,2026-04-29 06:44:08,89800,5000,84800,1,31.4,32.1,-0.7,0,13.1,5.0
0010370,0005172,0000016,2026-04-28 23:03:01,13400,500,12900,1,45.1,47.9,-2.8,0,6.24,3.0
0010371,0005154,0000084,2026-04-16 01:25:29,20500,1000,19500,1,25.4,18.8,6.6,1,3.58,3.0
0010372,0005178,0000041,2026-04-25 21:07:47,99100,5000,94100,1,29.8,20.6,9.2,1,1.55,5.0
0010373,0005200,0000067,2026-04-30 16:07:07,7200,500,6700,1,50.0,55.5,-5.5,0,12.28,5.0
0010374,0005124,0000087,2026-04-14 09:12:32,70100,5000,65100,1,25.3,10.7,14.6,1,11.55,5.0
0010375,0005182,0000066,2026-04-26 02:16:06,36000,1000,35000,1,23.9,18.9,5.0,1,14.39,5.0
0010376,0005096,0000036,2026-04-05 06:18:14,7800,500,7300,1,32.1,26.3,5.8,1,10.34,5.0
0010377,0005187,0000010,2026-04-27 07:35:27,14400,500,13900,1,47.4,54.7,-7.3,0,14.42,4.0
0010378,0005183,0000025,2026-04-26 14:58:47,25000,1000,24000,1,34.0,25.7,8.3,1,5.48,5.0
0010379,0005140,0000090,2026-04-28 06:23:24,81400,5000,76400,1,30.6,19.0,11.6,1,9.35,5.0
0010380,0005130,0000085,2026-04-24 23:19:30,27300,1000,26300,1,21.9,13.9,8.0,1,4.8,4.0
0010381,0005137,0000078,2026-04-13 11:19:09,53500,2000,51500,1,25.7,25.7,-0.0,0,6.18,1.0
0010382,0005106,0000016,2026-04-07 17:39:54,7000,500,6500,1,29.3,35.3,-6.0,0,4.11,5.0
0010383,0005170,0000042,2026-04-24 02:55:50,39900,1000,38900,1,38.3,39.3,-1.0,0,5.06,5.0
0010384,0005206,0000070,2026-04-30 15:00:11,24400,1000,23400,1,26.8,32.2,-5.4,0,8.92,5.0
0010385,0005141,0000097,2026-04-28 00:04:05,22800,1000,21800,1,40.8,40.9,-0.1,0,11.84,5.0
0010386,0005095,0000072,2026-04-21 07:35:59,43600,2000,41600,1,38.8,35.2,3.6,1,2.97,5.0
0010387,0005163,0000026,2026-04-19 02:43:46,18600,500,18100,1,21.9,12.3,9.6,1,1.82,5.0
0010388,0005160,0000076,2026-04-21 02:59:02,79300,5000,74300,1,21.2,6.9,14.3,1,4.96,5.0
0010389,0005145,0000009,2026-04-19 03:18:45,39000,1000,38000,1,35.0,26.1,8.9,1,8.21,5.0
0010390,0005204,0000073,2026-04-30 13:41:11,89300,5000,84300,1,40.4,28.3,12.1,1,14.54,5.0
0010391,0005150,0000097,2026-04-26 05:01:47,41300,2000,39300,1,29.8,38.5,-8.7,0,14.03,5.0
0010392,0005132,0000019,2026-04-27 19:45:20,66300,5000,61300,1,34.4,30.1,4.3,1,11.66,5.0
0010393,0005122,0000055,2026-04-13 10:33:38,75700,5000,70700,1,34.6,27.3,7.3,1,9.07,5.0
0010394,0005161,0000082,2026-04-22 14:31:26,19500,500,19000,1,24.2,17.2,7.0,1,2.87,3.0
0010395,0005138,0000012,2026-04-25 13:37:53,52100,2000,50100,1,25.9,11.4,14.5,1,1.4,5.0
0010396,0005157,0000035,2026-04-26 21:59:03,44500,2000,42500,1,33.8,20.8,13.0,1,14.1,5.0
0010397,0005148,0000094,2026-04-25 08:53:59,26000,1000,25000,1,30.4,40.1,-9.7,0,11.28,5.0
0010398,0005175,0000031,2026-04-27 15:51:01,16500,500,16000,1,40.5,33.8,6.7,1,10.87,4.0
0010399,0005144,0000018,2026-04-28 13:35:22,40600,2000,38600,1,29.6,15.6,14.0,1,3.81,5.0
0010400,0005143,0000003,2026-04-26 19:26:48,36400,1000,35400,1,23.2,23.7,-0.5,0,4.53,5.0
0010401,0005191,0000079,2026-04-28 16:21:39,51300,2000,49300,1,38.0,27.9,10.1,1,2.17,5.0
0010402,0005199,0000031,2026-04-29 12:40:15,32300,1000,31300,1,28.2,23.8,4.4,1,2.02,5.0
0010403,0005126,0000071,2026-04-18 01:28:34,99800,5000,94800,1,35.9,42.7,-6.8,0,8.3,5.0
0010404,0005099,0000076,2026-04-25 09:49:09,64000,5000,59000,1,47.4,33.3,14.1,1,2.62,4.0
0010405,0005186,0000003,2026-04-28 07:54:39,49900,2000,47900,1,34.2,25.9,8.3,1,7.62,5.0
0010406,0005108,0000089,2026-04-24 01:36:35,66400,5000,61400,1,23.2,31.7,-8.5,0,1.51,5.0
0010407,0005136,0000020,2026-04-26 23:45:18,98100,5000,93100,1,29.6,36.9,-7.3,0,4.79,5.0
0010408,0005118,0000077,2026-04-29 19:43:27,30900,1000,29900,1,46.4,47.1,-0.7,0,2.09,5.0
0010409,0005109,0000050,2026-04-20 21:29:34,82800,5000,77800,1,38.7,46.1,-7.4,0,1.31,5.0
0010410,0005196,0000044,2026-04-30 11:53:48,41300,2000,39300,1,48.7,52.2,-3.5,0,2.81,5.0
0010411,0005167,0000007,2026-04-27 15:05:42,9200,500,8700,1,31.1,34.7,-3.6,0,13.91,5.0
0010412,0005110,0000022,2026-04-26 07:59:58,48400,2000,46400,1,20.0,21.2,-1.2,0,2.49,5.0
0010413,0005105,0000009,2026-04-24 14:43:54,50500,2000,48500,1,36.1,26.5,9.6,1,5.04,5.0
0010414,0005101,0000004,2026-04-22 04:53:31,90800,5000,85800,1,38.1,42.7,-4.6,0,1.1,3.0
0010415,0005142,0000030,2026-04-28 04:44:00,36500,1000,35500,1,30.5,38.6,-8.1,0,5.49,3.0
0010416,0005134,0000038,2026-04-16 20:33:28,57600,2000,55600,1,32.2,20.2,12.0,1,11.32,5.0
0010417,0005188,0000047,2026-04-28 05:49:29,78300,5000,73300,1,27.6,33.3,-5.7,0,9.64,3.0
0010418,0005092,0000013,2026-04-15 17:40:34,46200,2000,44200,1,45.4,34.1,11.3,1,4.41,5.0
0010419,0005120,0000056,2026-04-18 17:59:09,36300,1000,35300,1,29.0,26.1,2.9,1,4.48,5.0
0010420,0005094,0000070,2026-04-27 01:55:00,62500,5000,57500,1,27.0,34.8,-7.8,0,3.37,4.0
0010421,0005104,0000071,2026-04-24 18:58:57,74400,5000,69400,1,32.6,35.2,-2.6,0,7.91,5.0
0010422,0005193,0000005,2026-04-27 21:52:48,98700,5000,93700,1,45.1,53.9,-8.8,0,14.73,5.0
0010423,0005107,0000074,2026-04-16 12:13:22,19400,500,18900,1,31.7,37.0,-5.3,0,14.17,5.0
0010424,0005202,0000051,2026-04-30 04:33:48,30000,1000,29000,1,47.6,34.3,13.3,1,14.83,5.0
0010425,0005205,0000003,2026-04-30 07:41:53,8900,500,8400,1,37.1,37.4,-0.3,0,13.28,5.0
0010426,0005098,0000061,2026-04-16 00:37:40,26700,1000,25700,1,35.5,42.2,-6.7,0,9.87,5.0
0010427,0005119,0000026,2026-04-24 23:08:33,26600,1000,25600,1,35.2,38.8,-3.6,0,12.09,5.0
0010428,0005127,0000030,2026-04-25 19:05:35,70200,5000,65200,1,20.6,17.9,2.7,1,0.66,5.0
0010429,0005128,0000035,2026-04-13 01:05:23,45400,2000,43400,1,29.5,15.0,14.5,1,13.78,1.0
0010430,0005179,0000044,2026-04-27 00:29:21,78000,5000,73000,1,44.4,31.4,13.0,1,1.06,5.0
0010431,0005097,0000081,2026-04-23 06:45:36,8300,500,7800,1,20.7,8.3,12.4,1,14.98,5.0
0010432,0005121,0000100,2026-04-21 09:57:49,52700,2000,50700,1,48.2,52.5,-4.3,0,5.03,5.0
0010433,0005102,0000079,2026-04-26 17:39:16,13700,500,13200,1,27.6,23.8,3.8,1,9.69,5.0
0010434,0005180,0000092,2026-04-30 19:24:19,72500,5000,67500,1,30.8,38.0,-7.2,0,2.75,1.0
0010435,0005131,0000058,2026-04-20 08:27:54,49400,2000,47400,1,23.3,26.8,-3.5,0,1.91,5.0
0010436,0005111,0000091,2026-04-17 22:00:21,89200,5000,84200,1,46.3,32.5,13.8,1,14.8,5.0
0010437,0005155,0000046,2026-04-16 01:03:15,44200,2000,42200,1,27.6,15.9,11.7,1,13.9,5.0
0010438,0005125,0000014,2026-04-29 02:45:05,93900,5000,88900,1,31.6,18.9,12.7,1,10.52,5.0
0010439,0005093,0000080,2026-04-28 01:42:23,85200,5000,80200,1,45.3,53.2,-7.9,0,6.25,5.0
0010440,0005156,0000047,2026-04-21 06:49:09,20300,1000,19300,1,37.1,39.2,-2.1,0,1.1,5.0
0010441,0005152,0000074,2026-04-28 08:26:30,45800,2000,43800,1,39.7,29.9,9.8,1,13.29,5.0
0010442,0005203,0000090,2026-04-30 22:28:26,81200,5000,76200,1,49.5,52.7,-3.2,0,10.79,5.0
0010443,0005103,0000050,2026-04-13 20:45:46,97300,5000,92300,1,36.3,32.5,3.8,1,9.63,5.0
0010444,0005151,0000068,2026-04-26 08:43:19,87700,5000,82700,1,22.4,7.8,14.6,1,8.34,5.0
0010445,0005135,0000039,2026-04-19 17:18:52,99000,5000,94000,1,28.9,26.4,2.5,1,4.36,5.0
0010446,0005169,0000059,2026-04-22 12:27:44,92100,5000,87100,1,49.2,46.2,3.0,1,5.22,5.0
0010447,0005171,0000038,2026-04-21 03:19:52,85200,5000,80200,1,27.6,24.1,3.5,1,8.59,5.0
0010448,0005164,0000028,2026-04-20 22:58:27,64200,5000,59200,1,40.0,31.7,8.3,1,14.95,5.0
0010449,0005173,0000018,2026-04-25 02:39:26,92700,5000,87700,1,49.6,59.5,-9.9,0,4.05,5.0
0010450,0005181,0000080,2026-04-26 17:07:09,72300,5000,67300,1,38.1,48.1,-10.0,0,13.86,5.0
0010451,0005168,0000044,2026-04-21 07:08:22,91500,5000,86500,1,31.7,33.0,-1.3,0,3.19,4.0
0010452,0005123,0000020,2026-04-18 18:36:14,89500,5000,84500,1,26.4,19.7,6.7,1,9.99,5.0
0010453,0005159,0000080,2026-04-22 16:23:41,82100,5000,77100,1,32.8,19.9,12.9,1,1.87,5.0
0010454,0005162,0000039,2026-04-19 17:35:30,50400,2000,48400,1,46.8,40.1,6.7,1,4.76,5.0
0010455,0005113,0000008,2026-05-12 21:40:12,30200,0,30200,0,36.3,39.4,-3.1,0,0.91,5.0
0010456,0005153,0000013,2026-05-21 04:16:55,93800,5000,88800,1,46.9,50.6,-3.7,0,13.28,5.0
0010457,0005110,0000065,2026-05-11 18:01:06,31700,0,31700,0,39.2,35.0,4.2,1,14.05,5.0
0010458,0005168,0000043,2026-05-21 06:28:51,46000,0,46000,0,26.2,30.5,-4.3,0,14.09,5.0
0010459,0005108,0000069,2026-05-12 18:39:05,52500,0,52500,0,41.7,45.900000000000006,-4.2,0,5.81,5.0
0010460,0005148,0000058,2026-05-28 23:21:55,71200,0,71200,0,30.8,27.8,3.0,1,2.26,5.0
0010461,0005177,0000075,2026-05-19 14:26:42,89400,0,89400,0,25.3,28.2,-2.9,0,14.53,5.0
0010462,0005118,0000059,2026-05-04 21:59:31,80000,0,80000,0,40.9,36.2,4.7,1,6.1,1.0
0010463,0005116,0000009,2026-05-03 02:08:37,61200,0,61200,0,33.8,29.2,4.6,1,14.85,4.0
0010464,0005196,0000082,2026-05-14 05:06:25,72600,0,72600,0,28.2,30.9,-2.7,0,10.87,5.0
0010465,0005109,0000085,2026-05-08 09:16:41,14100,0,14100,0,43.6,44.4,-0.8,0,9.59,5.0
0010466,0005188,0000035,2026-05-14 21:16:01,45300,0,45300,0,23.9,24.5,-0.6,0,6.22,1.0
0010467,0005137,0000043,2026-05-20 13:42:00,61700,0,61700,0,24.0,19.9,4.1,1,3.26,5.0
0010468,0005206,0000061,2026-05-31 10:01:22,21400,0,21400,0,46.9,43.6,3.3,1,12.59,4.0
0010469,0005181,0000085,2026-05-20 03:57:59,44500,0,44500,0,43.3,47.3,-4.0,0,3.62,5.0
0010470,0005126,0000033,2026-05-28 01:01:59,13100,0,13100,0,35.0,39.7,-4.7,0,7.93,5.0
0010471,0005155,0000055,2026-05-23 01:42:55,88400,0,88400,0,46.8,46.6,0.2,1,10.02,5.0
0010472,0005131,0000013,2026-05-12 17:27:44,99400,0,99400,0,27.2,32.0,-4.8,0,13.88,5.0
0010473,0005095,0000007,2026-05-16 19:21:14,58100,0,58100,0,48.9,48.7,0.2,1,9.01,5.0
0010474,0005162,0000012,2026-05-07 00:20:54,35300,0,35300,0,40.0,39.7,0.3,1,12.27,5.0
0010475,0005176,0000010,2026-05-16 07:39:48,89600,0,89600,0,45.3,45.7,-0.4,0,13.59,5.0
0010476,0005104,0000063,2026-05-16 18:20:05,13500,0,13500,0,20.6,17.200000000000003,3.4,1,6.12,5.0
0010477,0005093,0000085,2026-05-13 12:11:20,37600,0,37600,0,22.0,21.6,0.4,1,13.8,5.0
0010478,0005165,0000017,2026-05-11 01:17:10,56200,0,56200,0,44.2,42.5,1.7,1,10.29,5.0
0010479,0005117,0000084,2026-05-01 15:50:00,42700,0,42700,0,49.1,48.8,0.3,1,14.08,5.0
0010480,0005197,0000013,2026-05-18 00:05:15,82200,5000,77200,1,45.2,55.1,-9.9,0,7.43,5.0
0010481,0005174,0000002,2026-05-12 15:36:35,87100,5000,82100,1,49.3,57.6,-8.3,0,0.68,5.0
0010482,0005100,0000054,2026-05-07 09:14:14,56000,2000,54000,1,49.7,36.2,13.5,1,1.53,4.0
0010483,0005158,0000078,2026-05-05 06:02:05,39300,1000,38300,1,43.7,46.9,-3.2,0,8.89,5.0
0010484,0005150,0000006,2026-05-26 07:56:22,79900,0,79900,0,35.5,33.7,1.8,1,9.07,3.0
0010485,0005170,0000068,2026-05-27 14:04:10,73800,0,73800,0,36.0,39.9,-3.9,0,7.69,5.0
0010486,0005156,0000068,2026-05-07 00:52:18,41400,0,41400,0,26.4,24.2,2.2,1,8.38,5.0
0010487,0005098,0000075,2026-05-04 16:48:06,17600,0,17600,0,36.6,35.4,1.2,1,14.05,5.0
0010488,0005180,0000054,2026-05-21 12:42:02,65900,0,65900,0,34.4,31.3,3.1,1,12.49,5.0
0010489,0005187,0000080,2026-05-30 14:39:29,81000,0,81000,0,42.0,41.7,0.3,1,6.39,5.0
0010490,0005136,0000099,2026-05-03 04:33:02,45900,0,45900,0,32.0,36.8,-4.8,0,5.42,5.0
0010491,0005203,0000074,2026-05-07 19:55:38,81800,0,81800,0,25.0,25.8,-0.8,0,5.58,5.0
0010492,0005135,0000052,2026-05-06 12:50:53,76500,0,76500,0,36.7,36.2,0.5,1,1.36,3.0
0010493,0005121,0000072,2026-05-27 05:13:38,76800,0,76800,0,43.5,38.6,4.9,1,13.35,5.0
0010494,0005142,0000031,2026-05-01 05:45:56,85700,0,85700,0,43.8,38.8,5.0,1,9.55,5.0
0010495,0005173,0000079,2026-05-16 10:19:19,37800,0,37800,0,36.2,36.400000000000006,-0.2,0,10.62,5.0
0010496,0005163,0000081,2026-05-28 18:58:31,52900,0,52900,0,35.4,34.3,1.1,1,6.29,5.0
0010497,0005195,0000081,2026-05-07 14:20:38,66100,5000,61100,1,45.1,45.9,-0.8,0,1.19,5.0
0010498,0005385,0000005,2026-05-31 10:47:55,27900,1000,26900,1,20.4,10.7,9.7,1,2.06,5.0
0010499,0005279,0000011,2026-05-12 16:54:34,39800,1000,38800,1,38.4,31.0,7.4,1,7.66,5.0
0010500,0005392,0000028,2026-05-31 12:24:39,46300,2000,44300,1,45.8,45.8,-0.0,0,9.49,5.0
0010501,0005338,0000015,2026-05-22 02:18:31,73600,5000,68600,1,49.4,45.5,3.9,1,2.54,5.0
0010502,0005304,0000044,2026-05-22 13:10:16,32300,1000,31300,1,27.1,30.9,-3.8,0,5.97,5.0
0010503,0005343,0000030,2026-05-26 10:52:01,58000,2000,56000,1,46.9,40.1,6.8,1,0.67,5.0
0010504,0005386,0000024,2026-05-31 05:30:38,64000,5000,59000,1,22.7,24.5,-1.8,0,13.2,5.0
0010505,0005326,0000067,2026-05-24 19:06:58,63100,5000,58100,1,40.5,48.5,-8.0,0,14.74,5.0
0010506,0005216,0000011,2026-05-14 16:17:24,27600,1000,26600,1,26.3,24.0,2.3,1,8.01,5.0
0010507,0005320,0000054,2026-05-19 10:53:12,16600,500,16100,1,36.2,40.9,-4.7,0,4.67,5.0
0010508,0005254,0000097,2026-05-18 13:47:31,97000,5000,92000,1,42.7,29.7,13.0,1,9.42,5.0
0010509,0005284,0000017,2026-05-20 18:04:11,68500,5000,63500,1,35.0,42.3,-7.3,0,0.81,4.0
0010510,0005369,0000097,2026-05-27 18:09:19,29400,1000,28400,1,44.9,42.4,2.5,1,3.77,5.0
0010511,0005236,0000024,2026-05-26 05:06:59,95900,5000,90900,1,36.1,42.1,-6.0,0,8.23,5.0
0010512,0005381,0000093,2026-05-30 16:54:40,75900,5000,70900,1,25.6,10.7,14.9,1,9.73,5.0
0010513,0005311,0000010,2026-05-22 20:43:04,87800,5000,82800,1,26.1,20.1,6.0,1,14.1,5.0
0010514,0005393,0000008,2026-05-31 06:57:57,34100,1000,33100,1,23.1,8.8,14.3,1,3.27,5.0
0010515,0005296,0000081,2026-05-14 21:09:55,45000,2000,43000,1,21.1,30.0,-8.9,0,2.79,5.0
0010516,0005274,0000061,2026-05-26 21:48:37,24200,1000,23200,1,49.1,57.2,-8.1,0,1.61,5.0
0010517,0005277,0000049,2026-05-31 06:38:05,15300,500,14800,1,49.7,58.5,-8.8,0,7.28,5.0
0010518,0005387,0000071,2026-05-30 16:06:06,91500,5000,86500,1,35.3,23.4,11.9,1,12.39,5.0
0010519,0005346,0000092,2026-05-28 17:15:11,37000,1000,36000,1,30.2,34.9,-4.7,0,1.61,5.0
0010520,0005228,0000039,2026-05-19 19:29:43,89600,5000,84600,1,29.6,16.4,13.2,1,9.17,4.0
0010521,0005268,0000091,2026-05-31 09:00:43,10200,500,9700,1,43.9,52.2,-8.3,0,6.23,5.0
0010522,0005359,0000077,2026-05-29 20:44:11,74700,5000,69700,1,49.0,36.5,12.5,1,7.33,5.0
0010523,0005207,0000023,2026-05-31 00:41:22,93800,5000,88800,1,21.4,10.6,10.8,1,3.67,5.0
0010524,0005231,0000001,2026-05-31 23:24:16,27800,1000,26800,1,27.6,22.2,5.4,1,7.7,1.0
0010525,0005263,0000050,2026-05-19 17:49:58,28900,1000,27900,1,25.5,27.5,-2.0,0,3.22,5.0
0010526,0005305,0000065,2026-05-24 17:06:20,91300,5000,86300,1,21.2,27.9,-6.7,0,8.68,5.0
0010527,0005247,0000055,2026-05-13 14:35:30,36400,1000,35400,1,28.2,25.5,2.7,1,10.27,5.0
0010528,0005341,0000071,2026-05-30 13:13:29,45100,2000,43100,1,33.5,36.9,-3.4,0,14.14,5.0
0010529,0005364,0000012,2026-05-26 04:21:57,87600,5000,82600,1,36.3,38.1,-1.8,0,3.59,5.0
0010530,0005283,0000094,2026-05-30 12:35:06,18600,500,18100,1,33.8,39.2,-5.4,0,10.5,5.0
0010531,0005264,0000083,2026-05-30 15:04:15,38200,1000,37200,1,35.0,29.2,5.8,1,12.29,5.0
0010532,0005262,0000034,2026-05-31 20:00:48,17000,500,16500,1,22.1,17.3,4.8,1,4.87,5.0
0010533,0005361,0000074,2026-05-27 01:38:33,38900,1000,37900,1,42.5,35.3,7.2,1,2.26,5.0
0010534,0005345,0000029,2026-05-22 05:42:12,36800,1000,35800,1,21.3,13.5,7.8,1,4.17,5.0
0010535,0005218,0000093,2026-05-26 08:40:35,30900,1000,29900,1,31.2,17.9,13.3,1,6.55,5.0
0010536,0005373,0000089,2026-05-30 18:16:28,37000,1000,36000,1,42.2,40.0,2.2,1,12.57,5.0
0010537,0005334,0000026,2026-05-30 17:27:41,80500,5000,75500,1,26.1,31.1,-5.0,0,4.36,5.0
0010538,0005248,0000042,2026-05-28 13:06:56,68000,5000,63000,1,45.1,52.9,-7.8,0,3.36,5.0
0010539,0005360,0000020,2026-05-31 10:32:45,62900,5000,57900,1,30.1,37.3,-7.2,0,8.35,5.0
0010540,0005230,0000042,2026-05-12 03:49:16,78400,5000,73400,1,39.9,48.2,-8.3,0,5.34,5.0
0010541,0005213,0000032,2026-05-23 16:25:19,81200,5000,76200,1,44.3,44.6,-0.3,0,3.61,5.0
0010542,0005271,0000052,2026-05-16 13:11:47,17200,500,16700,1,31.0,31.6,-0.6,0,13.24,5.0
0010543,0005243,0000054,2026-05-24 05:19:52,98800,5000,93800,1,38.5,24.3,14.2,1,13.54,3.0
0010544,0005241,0000025,2026-05-26 23:33:33,69700,5000,64700,1,46.4,53.4,-7.0,0,14.01,5.0
0010545,0005291,0000018,2026-05-27 14:09:16,84500,5000,79500,1,48.1,51.1,-3.0,0,0.81,5.0
0010546,0005372,0000068,2026-05-28 09:00:47,53900,2000,51900,1,22.9,16.4,6.5,1,4.64,5.0
0010547,0005318,0000097,2026-05-22 04:33:00,32100,1000,31100,1,31.2,25.7,5.5,1,7.38,5.0
0010548,0005265,0000086,2026-05-31 10:48:22,98900,5000,93900,1,21.0,9.6,11.4,1,11.62,5.0
0010549,0005365,0000098,2026-05-30 05:47:04,20300,1000,19300,1,33.2,20.3,12.9,1,0.89,5.0
0010550,0005322,0000094,2026-05-19 12:20:16,80800,5000,75800,1,47.0,53.7,-6.7,0,14.81,5.0
0010551,0005246,0000032,2026-05-14 15:33:07,58500,2000,56500,1,31.6,19.3,12.3,1,10.65,4.0
0010552,0005211,0000044,2026-05-10 20:02:45,77700,5000,72700,1,30.8,36.3,-5.5,0,11.27,5.0
0010553,0005273,0000033,2026-05-12 23:17:16,15900,500,15400,1,23.0,28.5,-5.5,0,14.93,5.0
0010554,0005226,0000072,2026-05-15 11:32:54,9800,500,9300,1,44.5,40.0,4.5,1,10.16,5.0
0010555,0005336,0000002,2026-05-21 12:33:49,72700,5000,67700,1,42.9,28.2,14.7,1,11.44,5.0
0010556,0005383,0000031,2026-05-31 11:23:31,98000,5000,93000,1,23.5,17.0,6.5,1,5.59,5.0
0010557,0005327,0000012,2026-05-20 23:25:57,25900,1000,24900,1,31.2,38.3,-7.1,0,2.53,3.0
0010558,0005261,0000054,2026-05-12 15:21:11,83200,5000,78200,1,24.5,32.8,-8.3,0,14.12,5.0
0010559,0005376,0000087,2026-05-28 02:11:49,30000,1000,29000,1,21.7,19.2,2.5,1,10.1,5.0
0010560,0005355,0000002,2026-05-28 04:12:29,94600,5000,89600,1,47.8,51.3,-3.5,0,8.5,5.0
0010561,0005275,0000087,2026-05-26 08:39:36,24100,1000,23100,1,28.9,15.9,13.0,1,9.4,5.0
0010562,0005332,0000041,2026-05-31 16:08:11,89200,5000,84200,1,41.6,27.6,14.0,1,10.79,5.0
0010563,0005224,0000082,2026-05-20 18:08:54,38600,1000,37600,1,41.0,27.6,13.4,1,7.23,4.0
0010564,0005390,0000055,2026-05-30 11:02:14,91900,5000,86900,1,49.4,46.7,2.7,1,6.09,5.0
0010565,0005314,0000048,2026-05-31 19:42:24,52800,2000,50800,1,24.8,29.9,-5.1,0,9.53,5.0
0010566,0005249,0000043,2026-05-25 16:17:46,46100,2000,44100,1,20.6,30.4,-9.8,0,6.23,5.0
0010567,0005278,0000051,2026-05-15 16:21:20,81600,5000,76600,1,37.1,28.4,8.7,1,1.4,5.0
0010568,0005286,0000022,2026-05-30 10:59:07,65700,5000,60700,1,20.9,25.8,-4.9,0,4.86,1.0
0010569,0005339,0000065,2026-05-26 18:20:30,29800,1000,28800,1,25.0,10.8,14.2,1,8.02,5.0
0010570,0005391,0000010,2026-05-31 12:54:52,81500,5000,76500,1,35.4,22.6,12.8,1,10.33,5.0
0010571,0005245,0000051,2026-05-23 22:15:18,48800,2000,46800,1,46.5,42.5,4.0,1,13.26,3.0
0010572,0005307,0000048,2026-05-25 12:29:13,25500,1000,24500,1,47.1,34.8,12.3,1,11.27,5.0
0010573,0005292,0000061,2026-05-17 18:23:39,68700,5000,63700,1,46.9,33.2,13.7,1,5.63,4.0
0010574,0005362,0000072,2026-05-31 19:51:13,52700,2000,50700,1,36.9,45.0,-8.1,0,5.56,4.0
0010575,0005253,0000073,2026-05-12 08:25:55,41500,2000,39500,1,48.7,48.8,-0.1,0,12.25,5.0
0010576,0005368,0000049,2026-05-26 03:03:51,26700,1000,25700,1,21.5,22.4,-0.9,0,12.45,5.0
0010577,0005308,0000042,2026-05-24 16:46:28,95100,5000,90100,1,31.2,31.2,-0.0,0,11.56,5.0
0010578,0005395,0000047,2026-05-31 22:30:08,74300,5000,69300,1,27.4,13.9,13.5,1,13.91,5.0
0010579,0005328,0000049,2026-05-30 16:41:27,60600,5000,55600,1,45.5,38.4,7.1,1,14.12,4.0
0010580,0005290,0000069,2026-05-27 09:58:04,63100,5000,58100,1,30.6,16.0,14.6,1,4.69,5.0
0010581,0005330,0000084,2026-05-24 03:02:51,71800,5000,66800,1,30.3,36.3,-6.0,0,10.04,4.0
0010582,0005349,0000037,2026-05-25 04:12:10,20800,1000,19800,1,49.5,58.5,-9.0,0,5.75,4.0
0010583,0005234,0000004,2026-05-29 07:32:52,64800,5000,59800,1,41.0,45.9,-4.9,0,8.96,5.0
0010584,0005222,0000047,2026-05-10 15:40:32,66700,5000,61700,1,24.9,31.8,-6.9,0,7.59,5.0
0010585,0005272,0000078,2026-05-19 02:21:58,50700,2000,48700,1,39.1,36.6,2.5,1,14.56,4.0
0010586,0005258,0000069,2026-05-26 06:16:48,25100,1000,24100,1,28.8,32.6,-3.8,0,14.6,5.0
0010587,0005310,0000031,2026-05-23 19:34:31,18000,500,17500,1,48.5,58.4,-9.9,0,7.61,5.0
0010588,0005380,0000074,2026-05-29 19:15:52,32500,1000,31500,1,27.7,15.2,12.5,1,9.33,5.0
0010589,0005374,0000040,2026-05-30 16:01:20,70700,5000,65700,1,29.3,14.5,14.8,1,13.35,5.0
0010590,0005240,0000053,2026-05-26 22:54:38,28800,1000,27800,1,48.7,41.7,7.0,1,2.78,5.0
0010591,0005350,0000008,2026-05-31 23:14:09,34400,1000,33400,1,33.3,26.2,7.1,1,3.84,3.0
0010592,0005225,0000086,2026-05-15 13:52:55,83900,5000,78900,1,39.1,28.7,10.4,1,9.7,5.0
0010593,0005251,0000092,2026-05-22 04:40:59,63100,5000,58100,1,35.6,27.5,8.1,1,4.07,5.0
0010594,0005239,0000098,2026-05-29 19:20:39,40000,2000,38000,1,26.2,16.2,10.0,1,0.73,5.0
0010595,0005321,0000055,2026-05-23 17:25:16,86200,5000,81200,1,41.2,44.4,-3.2,0,13.08,5.0
0010596,0005375,0000058,2026-05-31 05:46:56,56300,2000,54300,1,37.1,27.9,9.2,1,13.38,3.0
0010597,0005256,0000047,2026-05-09 15:26:04,29800,1000,28800,1,20.1,8.0,12.1,1,10.38,5.0
0010598,0005315,0000099,2026-05-30 07:38:33,23900,1000,22900,1,25.1,33.6,-8.5,0,12.6,3.0
0010599,0005237,0000069,2026-05-23 18:40:08,83400,5000,78400,1,41.5,50.0,-8.5,0,4.28,5.0
0010600,0005294,0000100,2026-05-26 12:29:23,78700,5000,73700,1,41.7,49.9,-8.2,0,14.49,5.0
0010601,0005208,0000048,2026-05-10 07:44:02,25400,1000,24400,1,28.1,13.9,14.2,1,9.12,5.0
0010602,0005344,0000095,2026-05-28 18:12:49,62500,5000,57500,1,23.4,11.9,11.5,1,4.95,1.0
0010603,0005329,0000075,2026-05-20 00:11:43,30100,1000,29100,1,29.3,35.6,-6.3,0,10.17,1.0
0010604,0005232,0000093,2026-05-26 04:45:42,89200,5000,84200,1,49.8,36.8,13.0,1,8.49,5.0
0010605,0005356,0000016,2026-05-24 03:27:35,14900,500,14400,1,29.5,32.7,-3.2,0,9.45,3.0
0010606,0005266,0000050,2026-05-20 02:51:07,71800,5000,66800,1,38.6,45.8,-7.2,0,14.32,5.0
0010607,0005293,0000100,2026-05-19 15:45:24,38500,1000,37500,1,43.3,37.7,5.6,1,0.57,5.0
0010608,0005313,0000011,2026-05-21 00:25:25,97300,5000,92300,1,42.0,30.8,11.2,1,14.07,4.0
0010609,0005337,0000038,2026-05-25 13:44:31,36700,1000,35700,1,36.2,28.5,7.7,1,0.92,5.0
0010610,0005378,0000065,2026-05-30 02:35:50,98000,5000,93000,1,42.3,29.6,12.7,1,3.94,3.0
0010611,0005317,0000034,2026-05-19 13:29:47,94900,5000,89900,1,20.4,17.0,3.4,1,12.19,5.0
0010612,0005388,0000037,2026-05-30 06:22:29,95800,5000,90800,1,32.1,38.0,-5.9,0,7.11,3.0
0010613,0005382,0000085,2026-05-30 09:45:23,44400,2000,42400,1,49.7,36.4,13.3,1,5.32,5.0
0010614,0005354,0000095,2026-05-26 02:19:31,24000,1000,23000,1,37.2,26.7,10.5,1,6.21,5.0
0010615,0005370,0000037,2026-05-30 12:23:02,31900,1000,30900,1,20.6,16.6,4.0,1,13.55,5.0
0010616,0005389,0000008,2026-05-30 21:15:29,92700,5000,87700,1,44.7,47.5,-2.8,0,13.21,5.0
0010617,0005257,0000027,2026-05-10 04:54:14,83100,5000,78100,1,22.0,15.0,7.0,1,11.33,5.0
0010618,0005285,0000051,2026-05-21 16:48:04,19400,500,18900,1,25.5,15.1,10.4,1,7.59,5.0
0010619,0005260,0000059,2026-05-09 21:21:00,86000,5000,81000,1,48.4,54.8,-6.4,0,6.23,5.0
0010620,0005335,0000025,2026-05-31 13:24:16,25900,1000,24900,1,29.7,36.9,-7.2,0,8.06,4.0
0010621,0005217,0000070,2026-05-04 10:52:40,56400,2000,54400,1,23.1,9.8,13.3,1,10.66,5.0
0010622,0005220,0000071,2026-05-29 10:14:14,47800,2000,45800,1,43.7,35.4,8.3,1,10.82,5.0
0010623,0005303,0000025,2026-05-26 03:51:48,75500,5000,70500,1,27.7,21.6,6.1,1,2.27,5.0
0010624,0005244,0000005,2026-05-22 12:54:41,67700,5000,62700,1,49.2,57.5,-8.3,0,3.53,5.0
0010625,0005233,0000059,2026-05-22 12:12:08,17900,500,17400,1,29.7,34.2,-4.5,0,0.64,5.0
0010626,0005351,0000003,2026-05-27 11:28:36,46200,2000,44200,1,30.9,33.8,-2.9,0,8.48,5.0
0010627,0005250,0000004,2026-05-22 05:58:01,32000,1000,31000,1,31.4,24.6,6.8,1,9.94,5.0
0010628,0005319,0000020,2026-05-19 19:04:34,81700,5000,76700,1,40.9,34.6,6.3,1,9.45,5.0
0010629,0005255,0000047,2026-05-15 06:57:07,28100,1000,27100,1,47.2,38.9,8.3,1,9.17,5.0
0010630,0005347,0000029,2026-05-24 17:25:27,33400,1000,32400,1,46.3,32.6,13.7,1,11.99,5.0
0010631,0005379,0000047,2026-05-31 03:10:31,50000,2000,48000,1,34.3,31.4,2.9,1,13.51,4.0
0010632,0005219,0000055,2026-05-19 03:10:30,10500,500,10000,1,25.8,13.3,12.5,1,11.7,5.0
0010633,0005267,0000009,2026-05-20 18:33:52,16900,500,16400,1,40.2,42.4,-2.2,0,9.63,5.0
0010634,0005316,0000047,2026-05-31 10:56:46,11900,500,11400,1,36.8,33.7,3.1,1,2.3,5.0
0010635,0005295,0000013,2026-05-28 19:36:16,84700,5000,79700,1,42.7,43.0,-0.3,0,7.86,5.0
0010636,0005302,0000035,2026-05-28 23:13:32,74500,5000,69500,1,24.9,15.9,9.0,1,12.43,5.0
0010637,0005259,0000018,2026-05-28 05:11:52,90100,5000,85100,1,33.3,18.5,14.8,1,1.2,4.0
0010638,0005367,0000038,2026-05-30 00:52:15,78000,5000,73000,1,49.0,49.0,-0.0,0,5.34,5.0
0010639,0005371,0000079,2026-05-26 18:32:02,14900,500,14400,1,25.4,29.4,-4.0,0,7.71,5.0
0010640,0005242,0000044,2026-05-19 17:50:02,88000,5000,83000,1,29.9,34.6,-4.7,0,3.03,5.0
0010641,0005301,0000048,2026-05-16 13:38:52,82200,5000,77200,1,32.3,28.0,4.3,1,0.68,5.0
0010642,0005384,0000043,2026-05-29 23:51:34,30200,1000,29200,1,35.0,44.8,-9.8,0,4.72,5.0
0010643,0005309,0000044,2026-05-17 21:27:21,11700,500,11200,1,47.6,56.0,-8.4,0,1.5,5.0
0010644,0005212,0000003,2026-05-11 20:08:54,39400,1000,38400,1,46.2,49.8,-3.6,0,12.58,5.0
0010645,0005300,0000026,2026-05-15 11:19:27,50900,2000,48900,1,25.2,18.6,6.6,1,1.05,5.0
0010646,0005394,0000081,2026-05-31 23:13:51,28500,1000,27500,1,36.8,40.2,-3.4,0,9.8,5.0
0010647,0005358,0000097,2026-05-25 21:17:05,86800,5000,81800,1,48.1,36.4,11.7,1,11.41,5.0
0010648,0005287,0000088,2026-05-14 00:15:12,57500,2000,55500,1,36.4,41.9,-5.5,0,1.3,5.0
0010649,0005214,0000008,2026-05-30 19:36:20,36700,1000,35700,1,40.2,33.2,7.0,1,6.05,5.0
0010650,0005312,0000004,2026-05-21 14:30:03,87800,5000,82800,1,37.5,31.3,6.2,1,5.81,5.0
0010651,0005298,0000015,2026-05-20 09:47:53,35900,1000,34900,1,44.4,53.6,-9.2,0,8.31,5.0
0010652,0005357,0000096,2026-05-30 08:56:51,83500,5000,78500,1,46.3,47.3,-1.0,0,5.28,5.0
0010653,0005238,0000059,2026-05-08 17:58:28,81400,5000,76400,1,31.4,31.6,-0.2,0,11.86,5.0
0010654,0005221,0000061,2026-05-20 02:50:02,58000,2000,56000,1,27.0,12.9,14.1,1,5.25,5.0
0010655,0005309,0000080,2026-06-09 15:34:10,28900,0,28900,0,29.9,29.7,0.2,1,9.01,5.0
0010656,0005269,0000079,2026-06-03 09:22:59,78500,5000,73500,1,40.0,49.4,-9.4,0,2.65,5.0
0010657,0005302,0000088,2026-06-08 10:38:29,75900,0,75900,0,41.8,43.8,-2.0,0,12.33,5.0
0010658,0005238,0000051,2026-06-07 08:40:58,58200,0,58200,0,40.3,39.2,1.1,1,4.56,5.0
0010659,0005234,0000031,2026-06-09 15:10:11,54100,0,54100,0,22.0,25.3,-3.3,0,9.98,5.0
0010660,0005213,0000058,2026-06-02 01:05:34,22200,0,22200,0,21.3,26.1,-4.8,0,4.07,5.0
0010661,0005355,0000020,2026-06-02 07:02:07,21300,0,21300,0,36.0,33.3,2.7,1,0.67,5.0
0010662,0005256,0000066,2026-06-05 09:48:20,17700,0,17700,0,28.5,32.6,-4.1,0,14.41,1.0
0010663,0005241,0000061,2026-06-09 11:00:37,42400,0,42400,0,37.0,41.6,-4.6,0,7.48,5.0
0010664,0005352,0000016,2026-06-05 22:05:53,61800,5000,56800,1,43.8,29.1,14.7,1,4.69,5.0
0010665,0005330,0000068,2026-06-01 20:42:41,56600,0,56600,0,27.5,24.7,2.8,1,14.37,5.0
0010666,0005282,0000026,2026-06-06 15:25:54,67400,5000,62400,1,25.4,25.5,-0.1,0,4.14,4.0
0010667,0005211,0000081,2026-06-02 01:55:47,11600,0,11600,0,27.8,31.7,-3.9,0,7.69,5.0
0010668,0005306,0000019,2026-06-01 08:39:24,70600,5000,65600,1,24.8,26.4,-1.6,0,12.86,5.0
0010669,0005258,0000096,2026-06-10 00:15:31,66700,0,66700,0,39.2,39.8,-0.6,0,3.4,5.0
0010670,0005214,0000052,2026-06-01 12:42:31,35200,0,35200,0,20.9,24.1,-3.2,0,6.91,5.0
0010671,0005369,0000090,2026-06-06 08:45:56,98100,0,98100,0,38.7,34.900000000000006,3.8,1,13.01,5.0
0010672,0005315,0000085,2026-06-02 15:21:45,91900,0,91900,0,37.5,39.9,-2.4,0,3.52,5.0
0010673,0005210,0000071,2026-06-10 06:47:13,16000,500,15500,1,38.4,47.1,-8.7,0,14.25,5.0
0010674,0005326,0000079,2026-06-05 12:28:50,13900,0,13900,0,49.4,51.9,-2.5,0,10.2,5.0
0010675,0005388,0000034,2026-06-06 00:48:16,35000,0,35000,0,31.0,32.3,-1.3,0,13.22,5.0
0010676,0005314,0000099,2026-06-02 18:21:13,49500,0,49500,0,47.7,43.1,4.6,1,3.76,5.0
0010677,0005247,0000031,2026-06-07 05:55:06,31400,0,31400,0,21.1,18.0,3.1,1,9.77,5.0
0010678,0005356,0000063,2026-06-05 03:44:01,32300,0,32300,0,22.6,22.700000000000003,-0.1,0,4.83,5.0
0010679,0005239,0000039,2026-06-08 16:31:22,61100,0,61100,0,48.6,49.8,-1.2,0,13.6,5.0
0010680,0005209,0000038,2026-06-08 03:55:24,17100,500,16600,1,39.7,45.3,-5.6,0,8.15,5.0
0010681,0005327,0000094,2026-06-03 03:21:10,33700,0,33700,0,48.7,51.900000000000006,-3.2,0,3.57,3.0
0010682,0005287,0000085,2026-06-01 17:02:54,54500,0,54500,0,26.4,30.9,-4.5,0,2.43,5.0
0010683,0005394,0000081,2026-06-10 09:29:41,15900,0,15900,0,46.8,49.7,-2.9,0,10.33,5.0
0010684,0005253,0000034,2026-06-09 18:32:40,17900,0,17900,0,46.1,42.5,3.6,1,6.03,5.0
0010685,0005289,0000001,2026-06-10 12:09:10,63400,5000,58400,1,39.8,47.7,-7.9,0,2.29,5.0
0010686,0005389,0000063,2026-06-07 22:59:35,22200,0,22200,0,48.5,45.0,3.5,1,10.81,5.0
0010687,0005308,0000030,2026-06-06 16:12:08,96500,0,96500,0,49.3,49.2,0.1,1,6.11,5.0
0010688,0005321,0000016,2026-06-06 12:06:30,65100,0,65100,0,41.6,38.0,3.6,1,13.41,5.0
0010689,0005320,0000017,2026-06-04 11:48:42,33900,0,33900,0,23.4,23.1,0.3,1,14.69,3.0
0010690,0005357,0000015,2026-06-10 02:04:57,92900,0,92900,0,49.5,50.7,-1.2,0,10.93,3.0
0010691,0005242,0000080,2026-06-06 14:10:25,57400,0,57400,0,45.7,50.1,-4.4,0,2.98,5.0
0010692,0005351,0000033,2026-06-04 15:14:30,91900,0,91900,0,25.6,24.9,0.7,1,11.57,5.0
0010693,0005252,0000084,2026-06-09 15:52:53,93400,5000,88400,1,33.8,37.8,-4.0,0,14.51,5.0
0010694,0005335,0000051,2026-06-01 13:07:41,19400,0,19400,0,42.5,42.8,-0.3,0,8.79,5.0
0010695,0005378,0000053,2026-06-09 12:23:33,81300,0,81300,0,38.2,33.900000000000006,4.3,1,0.89,5.0
0010696,0005349,0000024,2026-06-04 03:48:08,98400,0,98400,0,42.1,44.1,-2.0,0,2.62,5.0
0010697,0005386,0000018,2026-06-06 10:17:05,17900,0,17900,0,42.4,43.9,-1.5,0,0.5,5.0
0010698,0005223,0000045,2026-06-01 00:15:36,75700,5000,70700,1,25.7,17.9,7.8,1,6.5,5.0
0010699,0005244,0000086,2026-06-10 15:41:11,73000,0,73000,0,37.1,40.4,-3.3,0,13.34,5.0
0010700,0005334,0000042,2026-06-08 17:45:05,60000,0,60000,0,29.2,34.1,-4.9,0,12.98,5.0
0010701,0005222,0000001,2026-06-10 06:39:24,54700,0,54700,0,49.8,47.8,2.0,1,4.37,5.0
0010702,0005268,0000018,2026-06-04 00:46:21,40700,0,40700,0,26.8,31.0,-4.2,0,6.53,5.0
0010703,0005363,0000090,2026-06-07 05:27:29,92200,5000,87200,1,35.4,44.9,-9.5,0,12.19,5.0
0010704,0005212,0000091,2026-06-10 14:26:29,47500,0,47500,0,40.7,41.900000000000006,-1.2,0,10.76,5.0
0010705,0005310,0000064,2026-06-02 19:31:15,11900,0,11900,0,38.3,36.4,1.9,1,9.07,5.0
0010706,0005392,0000016,2026-06-01 10:04:44,82000,0,82000,0,31.1,32.800000000000004,-1.7,0,7.57,3.0
0010707,0005218,0000021,2026-06-08 18:08:01,88200,0,88200,0,43.6,47.7,-4.1,0,7.66,5.0
0010708,0005281,0000013,2026-06-04 07:27:45,75100,5000,70100,1,29.2,33.1,-3.9,0,0.67,5.0
0010709,0005367,0000071,2026-06-10 05:00:42,75000,0,75000,0,43.7,47.400000000000006,-3.7,0,8.73,5.0
0010710,0005274,0000086,2026-06-02 15:20:41,94100,0,94100,0,34.5,31.5,3.0,1,4.87,5.0
0010711,0005264,0000080,2026-06-05 11:13:45,40800,0,40800,0,49.8,47.6,2.2,1,2.4,4.0
0010712,0005273,0000064,2026-06-09 11:49:51,97900,0,97900,0,32.3,31.7,0.6,1,9.13,5.0
0010713,0005267,0000022,2026-06-02 20:43:41,76700,0,76700,0,27.3,29.6,-2.3,0,8.87,5.0
0010714,0005380,0000041,2026-06-06 14:53:48,97000,0,97000,0,29.0,24.2,4.8,1,10.08,5.0
0010715,0005235,0000080,2026-06-06 13:51:38,58000,2000,56000,1,27.0,32.4,-5.4,0,8.01,5.0
0010716,0005371,0000083,2026-06-09 05:41:10,91300,0,91300,0,42.1,39.5,2.6,1,7.04,5.0
0010717,0005220,0000098,2026-06-04 09:13:06,49600,0,49600,0,20.2,24.8,-4.6,0,14.91,5.0
0010718,0005271,0000066,2026-06-03 03:40:39,49100,0,49100,0,30.5,30.6,-0.1,0,9.94,5.0
0010719,0005270,0000047,2026-06-04 01:04:40,74800,5000,69800,1,35.7,44.7,-9.0,0,5.99,5.0
0010720,0005298,0000065,2026-06-02 12:30:40,99600,0,99600,0,35.4,40.3,-4.9,0,4.97,5.0
0010721,0005260,0000080,2026-06-06 23:46:29,35600,0,35600,0,40.5,42.5,-2.0,0,2.42,3.0
0010722,0005348,0000055,2026-06-05 08:33:39,56900,2000,54900,1,48.5,52.4,-3.9,0,4.19,5.0
0010723,0005291,0000057,2026-06-06 10:59:04,86600,0,86600,0,45.3,42.2,3.1,1,3.62,5.0
0010724,0005377,0000027,2026-06-06 02:46:45,71200,5000,66200,1,44.9,51.7,-6.8,0,9.62,5.0
0010725,0005362,0000021,2026-06-02 21:13:07,59700,0,59700,0,24.7,24.5,0.2,1,10.01,1.0
0010726,0005346,0000059,2026-06-08 17:40:19,98500,0,98500,0,43.1,47.1,-4.0,0,9.77,5.0
0010727,0005286,0000010,2026-06-04 06:50:55,67900,0,67900,0,48.8,46.7,2.1,1,14.2,5.0
0010728,0005364,0000088,2026-06-08 02:52:49,77700,0,77700,0,23.5,23.2,0.3,1,7.86,5.0
0010729,0005403,0000003,2026-06-05 02:36:40,18700,500,18200,1,28.9,20.7,8.2,1,7.6,1.0
0010730,0005397,0000017,2026-06-07 12:04:49,19600,500,19100,1,29.3,24.1,5.2,1,12.77,5.0
0010731,0005446,0000058,2026-06-09 11:15:40,58800,2000,56800,1,35.3,25.1,10.2,1,9.25,5.0
0010732,0005418,0000059,2026-06-08 21:00:08,29900,1000,28900,1,42.9,39.3,3.6,1,5.26,5.0
0010733,0005402,0000077,2026-06-03 12:38:15,32900,1000,31900,1,41.8,43.5,-1.7,0,6.73,4.0
0010734,0005405,0000005,2026-06-07 08:35:04,29400,1000,28400,1,22.9,11.2,11.7,1,6.35,5.0
0010735,0005452,0000020,2026-06-10 15:03:28,74800,5000,69800,1,46.6,40.7,5.9,1,8.11,5.0
0010736,0005408,0000095,2026-06-07 18:43:11,93300,5000,88300,1,35.7,21.8,13.9,1,5.02,5.0
0010737,0005436,0000081,2026-06-07 19:36:54,99900,5000,94900,1,36.7,23.9,12.8,1,3.65,5.0
0010738,0005413,0000091,2026-06-09 00:27:22,60300,5000,55300,1,38.6,24.2,14.4,1,12.35,5.0
0010739,0005444,0000027,2026-06-09 02:12:47,93600,5000,88600,1,31.5,21.8,9.7,1,5.12,4.0
0010740,0005399,0000094,2026-06-03 12:45:16,25500,1000,24500,1,44.6,48.0,-3.4,0,2.75,5.0
0010741,0005450,0000098,2026-06-10 09:30:36,57200,2000,55200,1,24.0,30.9,-6.9,0,7.63,5.0
0010742,0005419,0000056,2026-06-09 11:02:34,44500,2000,42500,1,27.8,14.8,13.0,1,9.28,5.0
0010743,0005425,0000011,2026-06-09 17:23:53,23700,1000,22700,1,27.6,13.0,14.6,1,12.04,5.0
0010744,0005429,0000025,2026-06-09 18:00:36,25500,1000,24500,1,38.7,25.4,13.3,1,13.02,5.0
0010745,0005448,0000066,2026-06-09 03:11:02,84300,5000,79300,1,46.4,42.5,3.9,1,13.4,5.0
0010746,0005447,0000057,2026-06-10 11:12:35,15400,500,14900,1,31.5,26.3,5.2,1,8.22,5.0
0010747,0005409,0000002,2026-06-08 18:18:32,9100,500,8600,1,27.8,24.3,3.5,1,12.97,5.0
0010748,0005426,0000023,2026-06-08 02:52:36,99900,5000,94900,1,43.2,51.4,-8.2,0,13.99,5.0
0010749,0005428,0000084,2026-06-10 08:17:29,47300,2000,45300,1,43.8,34.8,9.0,1,4.8,5.0
0010750,0005449,0000008,2026-06-10 03:30:01,75800,5000,70800,1,43.5,41.1,2.4,1,3.44,5.0
0010751,0005445,0000094,2026-06-10 05:16:10,50500,2000,48500,1,26.7,21.2,5.5,1,3.29,5.0
0010752,0005424,0000017,2026-06-07 02:06:20,69800,5000,64800,1,45.7,47.9,-2.2,0,11.59,5.0
0010753,0005423,0000099,2026-06-09 21:10:06,38300,1000,37300,1,40.8,26.4,14.4,1,12.26,5.0
0010754,0005421,0000019,2026-06-06 07:54:38,68200,5000,63200,1,44.3,41.3,3.0,1,4.85,5.0
0010755,0005411,0000096,2026-06-10 03:49:36,29700,1000,28700,1,47.0,39.5,7.5,1,12.12,5.0
0010756,0005414,0000046,2026-06-08 17:26:10,19700,500,19200,1,28.1,25.4,2.7,1,9.56,5.0
0010757,0005422,0000002,2026-06-10 03:30:18,97500,5000,92500,1,26.4,20.7,5.7,1,11.8,5.0
0010758,0005453,0000003,2026-06-10 12:01:58,34900,1000,33900,1,35.4,29.2,6.2,1,2.03,5.0
0010759,0005410,0000014,2026-06-05 18:37:33,95600,5000,90600,1,23.6,14.7,8.9,1,9.16,3.0
0010760,0005441,0000031,2026-06-08 15:09:23,66800,5000,61800,1,23.0,13.0,10.0,1,5.43,5.0
0010761,0005434,0000069,2026-06-08 00:37:14,10100,500,9600,1,35.4,22.9,12.5,1,5.52,5.0
0010762,0005442,0000010,2026-06-08 07:15:22,10000,500,9500,1,43.3,31.0,12.3,1,10.28,5.0
0010763,0005400,0000068,2026-06-05 11:36:29,49000,2000,47000,1,36.6,40.5,-3.9,0,14.81,5.0
0010764,0005431,0000072,2026-06-07 22:43:26,40100,2000,38100,1,48.1,42.6,5.5,1,14.38,5.0
0010765,0005430,0000043,2026-06-08 05:58:01,62400,5000,57400,1,25.8,13.9,11.9,1,11.64,5.0
0010766,0005401,0000069,2026-06-09 23:12:40,28200,1000,27200,1,26.3,20.2,6.1,1,7.65,5.0
0010767,0005439,0000051,2026-06-07 14:54:54,9900,500,9400,1,28.3,20.5,7.8,1,6.19,3.0
0010768,0005412,0000083,2026-06-10 04:31:11,81500,5000,76500,1,34.4,24.1,10.3,1,10.13,5.0
0010769,0005406,0000022,2026-06-08 18:01:26,64800,5000,59800,1,38.2,33.2,5.0,1,3.8,5.0
0010770,0005435,0000094,2026-06-08 21:04:25,50800,2000,48800,1,30.5,18.2,12.3,1,4.63,5.0
0010771,0005417,0000042,2026-06-05 04:28:41,86200,5000,81200,1,33.7,21.9,11.8,1,6.53,5.0
0010772,0005438,0000078,2026-06-09 06:02:53,66100,5000,61100,1,33.5,29.7,3.8,1,9.73,5.0
0010773,0005404,0000073,2026-06-06 02:02:26,12500,500,12000,1,33.0,41.8,-8.8,0,6.63,5.0
0010774,0005420,0000071,2026-06-07 09:39:31,77300,5000,72300,1,30.7,28.4,2.3,1,2.16,5.0
0010775,0005451,0000043,2026-06-10 14:11:36,48900,2000,46900,1,43.6,40.8,2.8,1,5.78,5.0
0010776,0005443,0000024,2026-06-09 21:08:27,9600,500,9100,1,28.3,36.5,-8.2,0,1.03,5.0
